algo,delta,device,seed,prompt_index,prompt_id,prompt_text,full_text,continuation_text,gen_params_json
bytekgwV6,2.0,0,1234,0,0,"After the martyrdom of St. Boniface, Vergilius was made Bishop of Salzburg (766 or 767) and laboured successfully for the ","After the martyrdom of St. Boniface, Vergilius was made Bishop of Salzburg (766 or 767) and laboured successfully for the 0...
After the martyrdom of St. Boniface, Vergilius was made Bishop of Salzburg (766 or 767) and laboured successfully for the conversion of the pagans and the establishment of the Christian Church in the region. At his death in 784 he was succeeded by St. Ruprecht, who had been his deacon.
Source: Catholic Encyclopedia
Note: Dates in parentheses indicate uncertainty about the exact date.  Other articles and sources may provide alternative information.  All articles are subject to the guidelines of Catholic Encyclopedia.  This information was not created by a single individual but rather aggregated from various sources.
","0...
After the martyrdom of St. Boniface, Vergilius was made Bishop of Salzburg (766 or 767) and laboured successfully for the conversion of the pagans and the establishment of the Christian Church in the region. At his death in 784 he was succeeded by St. Ruprecht, who had been his deacon.
Source: Catholic Encyclopedia
Note: Dates in parentheses indicate uncertainty about the exact date.  Other articles and sources may provide alternative information.  All articles are subject to the guidelines of Catholic Encyclopedia.  This information was not created by a single individual but rather aggregated from various sources.
","{""do_sample"": true, ""temperature"": 1.0, ""top_p"": 0.95, ""top_k"": 50, ""repetition_penalty"": 1.0, ""max_new_tokens"": 128}"
bytekgwV6,2.0,0,1236,2,2,"8i announced today it has launched a web player, the 8i Portal, for its volumetric 3D video of people in ","8i announced today it has launched a web player, the 8i Portal, for its volumetric 3D video of people in 3D virtual spaces. The 8i Portal is a platform that allows users to browse, share, and experience volumetric 3D content in a Web browser.
With the 8i Portal, users can explore 3D virtual spaces and interact with avatars and objects in 3D video without needing any special hardware or software. The platform includes a variety of features, such as:
A library of pre-built virtual spaces and avatars
The ability to create and customize their own virtual spaces and avatars
Shareable links to their favorite 3D experiences
A web-based interface that allows for easy navigation and interaction
","3D virtual spaces. The 8i Portal is a platform that allows users to browse, share, and experience volumetric 3D content in a Web browser.
With the 8i Portal, users can explore 3D virtual spaces and interact with avatars and objects in 3D video without needing any special hardware or software. The platform includes a variety of features, such as:
A library of pre-built virtual spaces and avatars
The ability to create and customize their own virtual spaces and avatars
Shareable links to their favorite 3D experiences
A web-based interface that allows for easy navigation and interaction
","{""do_sample"": true, ""temperature"": 1.0, ""top_p"": 0.95, ""top_k"": 50, ""repetition_penalty"": 1.0, ""max_new_tokens"": 128}"
bytekgwV6,2.0,0,1238,4,4,"Karl Kispert, principal of cyber and information security, has more than 28 years of experience in selling, managing and delivering ","Karl Kispert, principal of cyber and information security, has more than 28 years of experience in selling, managing and delivering  IT security and risk management services to the federal government and private sector. At Deloitte, Karl helps clients develop and implement comprehensive cybersecurity strategies that address their business objectives, organizational needs and risk profiles.
Karl has helped numerous clients, including the U.S. Department of Defense, NASA, and major federal agencies, to design and implement effective cybersecurity solutions, including risk assessments, vulnerability management, threat analytics, incident response, identity and access management, and compliance services.
Prior to joining Deloitte, Karl held various leadership positions at leading consulting firms, including Booz Allen Hamilton and BearingPoint, where he focused on cybersecurity and risk management services"," IT security and risk management services to the federal government and private sector. At Deloitte, Karl helps clients develop and implement comprehensive cybersecurity strategies that address their business objectives, organizational needs and risk profiles.
Karl has helped numerous clients, including the U.S. Department of Defense, NASA, and major federal agencies, to design and implement effective cybersecurity solutions, including risk assessments, vulnerability management, threat analytics, incident response, identity and access management, and compliance services.
Prior to joining Deloitte, Karl held various leadership positions at leading consulting firms, including Booz Allen Hamilton and BearingPoint, where he focused on cybersecurity and risk management services","{""do_sample"": true, ""temperature"": 1.0, ""top_p"": 0.95, ""top_k"": 50, ""repetition_penalty"": 1.0, ""max_new_tokens"": 128}"
bytekgwV6,2.0,0,1240,6,6,"Shania Twain expected to break the charts with new album NOW! Even after a 15-year hiatus, she’s still the one! ","Shania Twain expected to break the charts with new album NOW! Even after a 15-year hiatus, she’s still the one! 2023-03-18 13:00:00 2023-03-18 13:00:00
Taylor Swift wins 5 awards at the 2023 Grammys, continues her reign on the charts  2023-03-13 13:00:00 2023-03-13 13:00:00
Billie Eilish becomes the first act to sweep all four major categories at the 2021 Grammys 2021-03-14 13:00:00 2021-03-14 13:00:00
Adele breaks the","2023-03-18 13:00:00 2023-03-18 13:00:00
Taylor Swift wins 5 awards at the 2023 Grammys, continues her reign on the charts  2023-03-13 13:00:00 2023-03-13 13:00:00
Billie Eilish becomes the first act to sweep all four major categories at the 2021 Grammys 2021-03-14 13:00:00 2021-03-14 13:00:00
Adele breaks the","{""do_sample"": true, ""temperature"": 1.0, ""top_p"": 0.95, ""top_k"": 50, ""repetition_penalty"": 1.0, ""max_new_tokens"": 128}"
bytekgwV6,2.0,0,1242,8,8,A blind man in his 60s is searching for the young man who pulled him back from an approaching train ,"A blind man in his 60s is searching for the young man who pulled him back from an approaching train 20 years ago. For him, the act of kindness set him on the path he is living now. Now, 20 years have passed, and our blind hero has lost his wife and is living alone. He hires a young woman named Yuna to search for the savior. The story begins with the man's letter to the young man he wants to thank, but Yuna becomes the one who plays a big role in his life again.
The Man Standing Next (2022) - Bluray 720p - [Korean]
Title: The Man Standing Next (2022) - Bluray 720p - [K","20 years ago. For him, the act of kindness set him on the path he is living now. Now, 20 years have passed, and our blind hero has lost his wife and is living alone. He hires a young woman named Yuna to search for the savior. The story begins with the man's letter to the young man he wants to thank, but Yuna becomes the one who plays a big role in his life again.
The Man Standing Next (2022) - Bluray 720p - [Korean]
Title: The Man Standing Next (2022) - Bluray 720p - [K","{""do_sample"": true, ""temperature"": 1.0, ""top_p"": 0.95, ""top_k"": 50, ""repetition_penalty"": 1.0, ""max_new_tokens"": 128}"
bytekgwV6,2.0,0,1244,10,10,This month some important Walmart news did not get the attention it deserved. The news wasn't some flashy announcement about ,"This month some important Walmart news did not get the attention it deserved. The news wasn't some flashy announcement about 1,000 new jobs or a fancy new partnership. No, the Walmart news that flew under the radar was a significant change to their store layout.
As first reported by The Oregonian, Walmart has begun testing a new store layout that focuses on creating a more ""destination shopping experience."" In the new design, the stores will feature more open spaces, including a new ""grocery pickup"" area where customers can pick up their online orders.
The new layout also includes a separate ""electronics zone"" and a larger clothing department. The goal is to create a more welcoming and inviting atmosphere that encourages customers to linger and explore the store, rather than","1,000 new jobs or a fancy new partnership. No, the Walmart news that flew under the radar was a significant change to their store layout.
As first reported by The Oregonian, Walmart has begun testing a new store layout that focuses on creating a more ""destination shopping experience."" In the new design, the stores will feature more open spaces, including a new ""grocery pickup"" area where customers can pick up their online orders.
The new layout also includes a separate ""electronics zone"" and a larger clothing department. The goal is to create a more welcoming and inviting atmosphere that encourages customers to linger and explore the store, rather than","{""do_sample"": true, ""temperature"": 1.0, ""top_p"": 0.95, ""top_k"": 50, ""repetition_penalty"": 1.0, ""max_new_tokens"": 128}"
bytekgwV6,2.0,0,1246,12,12,The Linux kernel now includes everything that is needed to use 3D acceleration with all GeForce graphics chips. Drivers have ,"The Linux kernel now includes everything that is needed to use 3D acceleration with all GeForce graphics chips. Drivers have 3D acceleration. I installed the Nvidia proprietary drivers on my Ubuntu system, and all my 3D programs now. 3D acceleration, also known as 3D graphics acceleration, is the capability of the system to accelerate 3D graphics rendering by offloading the work to the graphics processing unit. 3d acceleration graphics card not recognized ubuntu 18. I made a few tests with glxgears and it seems that the 3D acceleration works fine. So, I will update my answer with the current information. GeForce Experience is a program that provides drivers for NVIDIA GeForce graphics cards. If you need to activate it","3D acceleration. I installed the Nvidia proprietary drivers on my Ubuntu system, and all my 3D programs now. 3D acceleration, also known as 3D graphics acceleration, is the capability of the system to accelerate 3D graphics rendering by offloading the work to the graphics processing unit. 3d acceleration graphics card not recognized ubuntu 18. I made a few tests with glxgears and it seems that the 3D acceleration works fine. So, I will update my answer with the current information. GeForce Experience is a program that provides drivers for NVIDIA GeForce graphics cards. If you need to activate it","{""do_sample"": true, ""temperature"": 1.0, ""top_p"": 0.95, ""top_k"": 50, ""repetition_penalty"": 1.0, ""max_new_tokens"": 128}"
bytekgwV6,2.0,0,1248,14,14,Last summer I took a cross-country road trip with a group of people driving different types of electric vehicles. It ,"Last summer I took a cross-country road trip with a group of people driving different types of electric vehicles. It 2018 was the first year that the Nissan Leaf was available with a longer-range battery (the 60 kWh “ Leaf Plus“), so we had a few of those on the trip. This was an important test for several reasons.
The first was to prove that the Leaf, and electric vehicles in general, can be used for long road trips without worrying about running out of charge. Second, it was an opportunity to compare the Leaf to other electric vehicles on the market, such as the Chevrolet Bolt and the Tesla Model 3.
We drove our vehicles from San Francisco to New York City, which is a trip that covers over 2","2018 was the first year that the Nissan Leaf was available with a longer-range battery (the 60 kWh “ Leaf Plus“), so we had a few of those on the trip. This was an important test for several reasons.
The first was to prove that the Leaf, and electric vehicles in general, can be used for long road trips without worrying about running out of charge. Second, it was an opportunity to compare the Leaf to other electric vehicles on the market, such as the Chevrolet Bolt and the Tesla Model 3.
We drove our vehicles from San Francisco to New York City, which is a trip that covers over 2","{""do_sample"": true, ""temperature"": 1.0, ""top_p"": 0.95, ""top_k"": 50, ""repetition_penalty"": 1.0, ""max_new_tokens"": 128}"
bytekgwV6,2.0,0,1250,16,16,"According to Variety, one of the movies about the 1973 tennis match between Billie Jean King and Bobby Riggs is ","According to Variety, one of the movies about the 1973 tennis match between Billie Jean King and Bobby Riggs is 55 Minutes to Impact. The biographical sports drama film is directed by Jonathan Dayton and Valerie Faris, who helmed the 2006 hit movie Little Miss Sunshine.
The film tells the story of Billie Jean King, who challenges Bobby Riggs to a match, in a symbolic battle of the sexes. The movie is written by Simon Beaufoy, who is best known for his work on Slumdog Millionaire and The Full Monty.
55 Minutes to Impact has a star-studded cast, with Emma Stone set to play the role of Billie Jean King, while Steve Carell is playing the part of Bobby Riggs.","55 Minutes to Impact. The biographical sports drama film is directed by Jonathan Dayton and Valerie Faris, who helmed the 2006 hit movie Little Miss Sunshine.
The film tells the story of Billie Jean King, who challenges Bobby Riggs to a match, in a symbolic battle of the sexes. The movie is written by Simon Beaufoy, who is best known for his work on Slumdog Millionaire and The Full Monty.
55 Minutes to Impact has a star-studded cast, with Emma Stone set to play the role of Billie Jean King, while Steve Carell is playing the part of Bobby Riggs.","{""do_sample"": true, ""temperature"": 1.0, ""top_p"": 0.95, ""top_k"": 50, ""repetition_penalty"": 1.0, ""max_new_tokens"": 128}"
bytekgwV6,2.0,0,1252,18,18,"Politico, which broke the PR story, reports, “The group circulated a memo to reporters and producers late Monday that discouraged ","Politico, which broke the PR story, reports, “The group circulated a memo to reporters and producers late Monday that discouraged 14 prominent lawmakers, all of them Democrats, from appearing on cable news networks for fear that their anti-COVID-19 vaccine rhetoric could be used against them.
The lawmakers targeted include some high-profile figures like Sens. Ted Cruz, Ron Wyden, and Rand Paul, who have all spoken out about their concerns about the vaccine and the government’s handling of the pandemic.
The memo, which was obtained by POLITICO, also warned that the lawmakers’ words could be distorted by the networks, and that they might face challenges from fact-checkers.
The memo was signed by an unnamed “senior Democratic operative” and appears to be a coordinated effort","14 prominent lawmakers, all of them Democrats, from appearing on cable news networks for fear that their anti-COVID-19 vaccine rhetoric could be used against them.
The lawmakers targeted include some high-profile figures like Sens. Ted Cruz, Ron Wyden, and Rand Paul, who have all spoken out about their concerns about the vaccine and the government’s handling of the pandemic.
The memo, which was obtained by POLITICO, also warned that the lawmakers’ words could be distorted by the networks, and that they might face challenges from fact-checkers.
The memo was signed by an unnamed “senior Democratic operative” and appears to be a coordinated effort","{""do_sample"": true, ""temperature"": 1.0, ""top_p"": 0.95, ""top_k"": 50, ""repetition_penalty"": 1.0, ""max_new_tokens"": 128}"
bytekgwV6,2.0,0,1254,20,20,MAMADOU SAKHO remains unavailable for selection for Liverpool's Europa League semi-final first leg clash with Villarreal in Spain on Thursday ,"MAMADOU SAKHO remains unavailable for selection for Liverpool's Europa League semi-final first leg clash with Villarreal in Spain on Thursday 28th April.
The French defender has been banned from all domestic and European competition for 30 days by UEFA following a failed drugs test.
The suspension was imposed after Sakho tested positive for the metabolite of the banned substance Hickory and the Uruguayan plant called Borecole (Daman) following the Reds' 3-0 victory over Manchester United at Anfield on January 17.
Sakho has consistently maintained his innocence and the club has expressed its full support for him throughout the process.
The 26-year-old has been absent from Liverpool's match-day squads for the past six weeks, and he is set to","28th April.
The French defender has been banned from all domestic and European competition for 30 days by UEFA following a failed drugs test.
The suspension was imposed after Sakho tested positive for the metabolite of the banned substance Hickory and the Uruguayan plant called Borecole (Daman) following the Reds' 3-0 victory over Manchester United at Anfield on January 17.
Sakho has consistently maintained his innocence and the club has expressed its full support for him throughout the process.
The 26-year-old has been absent from Liverpool's match-day squads for the past six weeks, and he is set to","{""do_sample"": true, ""temperature"": 1.0, ""top_p"": 0.95, ""top_k"": 50, ""repetition_penalty"": 1.0, ""max_new_tokens"": 128}"
bytekgwV6,2.0,0,1256,22,22,"MK Moshe Feiglin in a Knesset committee meeting, next to MK Ahmad Tibi, in 2014. It appears Feiglin is on ","MK Moshe Feiglin in a Knesset committee meeting, next to MK Ahmad Tibi, in 2014. It appears Feiglin is on  the left and Tibi on the right, contrary to the caption I added. Knesset
In the wake of Prime Minister Benjamin Netanyahu's declaration of Israel's sovereignty over the Golan Heights, MK Moshe Feiglin has been making the rounds in the media, defending the move and arguing that it was a long-overdue recognition of the region's historical and strategic importance.
Feiglin, a hardline right-wing politician and a former member of Netanyahu's coalition, is no stranger to controversy. In the past, he has made headlines for his outspoken views on issues such as Israeli settlement expansion, the separation between men and"," the left and Tibi on the right, contrary to the caption I added. Knesset
In the wake of Prime Minister Benjamin Netanyahu's declaration of Israel's sovereignty over the Golan Heights, MK Moshe Feiglin has been making the rounds in the media, defending the move and arguing that it was a long-overdue recognition of the region's historical and strategic importance.
Feiglin, a hardline right-wing politician and a former member of Netanyahu's coalition, is no stranger to controversy. In the past, he has made headlines for his outspoken views on issues such as Israeli settlement expansion, the separation between men and","{""do_sample"": true, ""temperature"": 1.0, ""top_p"": 0.95, ""top_k"": 50, ""repetition_penalty"": 1.0, ""max_new_tokens"": 128}"
bytekgwV6,2.0,0,1258,24,24,"What’s the news? A couple of weeks ago, Instagram promised you’d be able to download your data from its servers. ","What’s the news? A couple of weeks ago, Instagram promised you’d be able to download your data from its servers. 2 days later, people are still waiting. So, what’s the hold up?
Why does my Instagram data matter?
Think of your social media data as your digital property. It’s essential to be aware of what data you’re sharing and how it’s being used. With Instagram, you may be sharing a lot of personal information, such as:
What are the consequences of a data breach?
Imagine having your personal information out there for the world to see. It’s not just about having a bad reputation or feeling embarrassed. A data breach could lead to:
Identity theft
Financial fraud
More intrusive ads (because they know your interests and","2 days later, people are still waiting. So, what’s the hold up?
Why does my Instagram data matter?
Think of your social media data as your digital property. It’s essential to be aware of what data you’re sharing and how it’s being used. With Instagram, you may be sharing a lot of personal information, such as:
What are the consequences of a data breach?
Imagine having your personal information out there for the world to see. It’s not just about having a bad reputation or feeling embarrassed. A data breach could lead to:
Identity theft
Financial fraud
More intrusive ads (because they know your interests and","{""do_sample"": true, ""temperature"": 1.0, ""top_p"": 0.95, ""top_k"": 50, ""repetition_penalty"": 1.0, ""max_new_tokens"": 128}"
bytekgwV6,2.0,0,1260,26,26,"So you might ask yourself, “What is going on?” How can things be so bad that educators feel the need ","So you might ask yourself, “What is going on?” How can things be so bad that educators feel the need  to leave the field? Educators have always had a calling,  and many have devoted their lives to this profession, only to feel discouraged and undervalued.
Teachers are not simply teaching classes, they are molding the minds and futures of our children. They are the ones who have the biggest impact on our students’ lives, shaping their thoughts, behaviors, and attitudes. This is a significant responsibility, and we need to stop taking it for granted.
Teachers are also the ones who have seen the most significant changes in education policy and budget cuts. They are the ones who have to deal with overcrowded classrooms, outdated textbooks and"," to leave the field? Educators have always had a calling,  and many have devoted their lives to this profession, only to feel discouraged and undervalued.
Teachers are not simply teaching classes, they are molding the minds and futures of our children. They are the ones who have the biggest impact on our students’ lives, shaping their thoughts, behaviors, and attitudes. This is a significant responsibility, and we need to stop taking it for granted.
Teachers are also the ones who have seen the most significant changes in education policy and budget cuts. They are the ones who have to deal with overcrowded classrooms, outdated textbooks and","{""do_sample"": true, ""temperature"": 1.0, ""top_p"": 0.95, ""top_k"": 50, ""repetition_penalty"": 1.0, ""max_new_tokens"": 128}"
bytekgwV6,2.0,0,1262,28,28,Come test your luck on the best slot machine app in the app store. Great graphics make this app so ,"Come test your luck on the best slot machine app in the app store. Great graphics make this app so 3d. Enjoy your new casino experience with us!
This app is for entertainment purposes only. We offer no real cash prizes or bonuses. The game is meant to be played responsibly.
I've been playing this game for a while now and it's a lot of fun. The variety of slots is impressive and the graphics are super nice. My only suggestion would be to add more ways to earn rewards or achievements. Sometimes I find myself playing the same slots over and over just to level up, so it would be nice to have more variety or goals to work towards. But overall, it's a great app and I'm glad I discovered","3d. Enjoy your new casino experience with us!
This app is for entertainment purposes only. We offer no real cash prizes or bonuses. The game is meant to be played responsibly.
I've been playing this game for a while now and it's a lot of fun. The variety of slots is impressive and the graphics are super nice. My only suggestion would be to add more ways to earn rewards or achievements. Sometimes I find myself playing the same slots over and over just to level up, so it would be nice to have more variety or goals to work towards. But overall, it's a great app and I'm glad I discovered","{""do_sample"": true, ""temperature"": 1.0, ""top_p"": 0.95, ""top_k"": 50, ""repetition_penalty"": 1.0, ""max_new_tokens"": 128}"
bytekgwV6,2.0,0,1264,30,30,"(HOST) As the season for summer blockbuster movies about super heroes and rings of power approaches, commentator Willem Lange is ","(HOST) As the season for summer blockbuster movies about super heroes and rings of power approaches, commentator Willem Lange is  thinking about the storytelling that brings us together. He's asking whether we're losing our taste for the grand tales that make us feel good about the human condition.
As I sit in my favorite armchair, surrounded by the trappings of my daily routine, I'm reminded of the grand tales that once captivated our collective imagination. I'm talking about the stories that made us feel good about being human - the ones that celebrated our triumphs over adversity, and our capacity for compassion, courage, and sacrifice.
These stories have been around for centuries - the epics of Homer, the sagas of the Norse, the legends of the"," thinking about the storytelling that brings us together. He's asking whether we're losing our taste for the grand tales that make us feel good about the human condition.
As I sit in my favorite armchair, surrounded by the trappings of my daily routine, I'm reminded of the grand tales that once captivated our collective imagination. I'm talking about the stories that made us feel good about being human - the ones that celebrated our triumphs over adversity, and our capacity for compassion, courage, and sacrifice.
These stories have been around for centuries - the epics of Homer, the sagas of the Norse, the legends of the","{""do_sample"": true, ""temperature"": 1.0, ""top_p"": 0.95, ""top_k"": 50, ""repetition_penalty"": 1.0, ""max_new_tokens"": 128}"
bytekgwV6,2.0,0,1266,32,32,"numerous aunts, uncles and cousins. She attended Shanksville Stonycreek High School and was a member of St. Paul's Lutheran Church, ","numerous aunts, uncles and cousins. She attended Shanksville Stonycreek High School and was a member of St. Paul's Lutheran Church, 1015 N. Center St., Lehighton.
Surviving are her children, Karen, wife of Dennis Kline of White Bear Lake, Minn.; Jeffrey, husband of Pamela Fritz of Kutztown; and Linda, wife of James Kresge of Palm Beach, Fla.
She is also survived by 10 grandchildren; and several great-grandchildren. She was preceded in death by her husband, Jan. 23, 1974; and a brother, Edward.
Memorial services will be held at 11 a.m. Monday, May 21, 2001, at St. Paul's Lutheran Church, Lehighton","1015 N. Center St., Lehighton.
Surviving are her children, Karen, wife of Dennis Kline of White Bear Lake, Minn.; Jeffrey, husband of Pamela Fritz of Kutztown; and Linda, wife of James Kresge of Palm Beach, Fla.
She is also survived by 10 grandchildren; and several great-grandchildren. She was preceded in death by her husband, Jan. 23, 1974; and a brother, Edward.
Memorial services will be held at 11 a.m. Monday, May 21, 2001, at St. Paul's Lutheran Church, Lehighton","{""do_sample"": true, ""temperature"": 1.0, ""top_p"": 0.95, ""top_k"": 50, ""repetition_penalty"": 1.0, ""max_new_tokens"": 128}"
bytekgwV6,2.0,0,1268,34,34,"No, Trump can’t pardon himself. The Constitution tells us so. Correction: An earlier version of this op-ed misspelled the name ","No, Trump can’t pardon himself. The Constitution tells us so. Correction: An earlier version of this op-ed misspelled the name 14th Amendment. What are some of the limitations on presidential pardon power? If a President pardons someone for a crime they didn't commit, are they doing something illegal? Can a President pardon himself or herself? Article II, Section 2 of the United States Constitution states that the President ""shall have Power to grant Reprieves and Pardons for Offences against the United States, except in Cases of Impeachment."" The scope of a President's pardon authority is a bit narrower than it might seem at first glance. This does not mean that a president cannot pardon themselves, although the framers of the Constitution explicitly left open","14th Amendment. What are some of the limitations on presidential pardon power? If a President pardons someone for a crime they didn't commit, are they doing something illegal? Can a President pardon himself or herself? Article II, Section 2 of the United States Constitution states that the President ""shall have Power to grant Reprieves and Pardons for Offences against the United States, except in Cases of Impeachment."" The scope of a President's pardon authority is a bit narrower than it might seem at first glance. This does not mean that a president cannot pardon themselves, although the framers of the Constitution explicitly left open","{""do_sample"": true, ""temperature"": 1.0, ""top_p"": 0.95, ""top_k"": 50, ""repetition_penalty"": 1.0, ""max_new_tokens"": 128}"
bytekgwV6,2.0,0,1270,36,36,Jerry Springer says he is still deciding whether he will run for Ohio governor in 2018. Speculation around Springer’s potential ,"Jerry Springer says he is still deciding whether he will run for Ohio governor in 2018. Speculation around Springer’s potential 2018 gubernatorial bid has been ongoing for months, with the talk show host announcing his interest in the race back in December.
Springer told The Columbus Dispatch that he is still weighing his options, saying, “It’s a long way between now and election day, and I’m not going to make any rash decisions. I’m going to listen to my heart, listen to my gut, and if I feel like I can make a difference, I’ll make the decision to run. And if I don’t, I won’t.”
The 71-year-old Springer would be running as an independent, citing frustration with the traditional two-party","2018 gubernatorial bid has been ongoing for months, with the talk show host announcing his interest in the race back in December.
Springer told The Columbus Dispatch that he is still weighing his options, saying, “It’s a long way between now and election day, and I’m not going to make any rash decisions. I’m going to listen to my heart, listen to my gut, and if I feel like I can make a difference, I’ll make the decision to run. And if I don’t, I won’t.”
The 71-year-old Springer would be running as an independent, citing frustration with the traditional two-party","{""do_sample"": true, ""temperature"": 1.0, ""top_p"": 0.95, ""top_k"": 50, ""repetition_penalty"": 1.0, ""max_new_tokens"": 128}"
bytekgwV6,2.0,0,1272,38,38,"This mildly racy spot introduces us to the character of the brown M&M, who only looks like she’s not wearing ","This mildly racy spot introduces us to the character of the brown M&M, who only looks like she’s not wearing 50 layers of eyelash. She’s the new spokesperson for the candy and she’s a little bit feisty. A lot of people have lost their cool trying to keep up with her sassiness, but we think it’s charming. The spots, which will air during popular TV shows like The Office and How I Met Your Mother, showcase the brown M&M in all her glory as she goes about her day, never losing her sparkle and never running out of sassy one-liners. She’s like a tiny, crunchy, candy-fueled Julia Roberts. (No one ever said the M&M's couldn't be a little bit","50 layers of eyelash. She’s the new spokesperson for the candy and she’s a little bit feisty. A lot of people have lost their cool trying to keep up with her sassiness, but we think it’s charming. The spots, which will air during popular TV shows like The Office and How I Met Your Mother, showcase the brown M&M in all her glory as she goes about her day, never losing her sparkle and never running out of sassy one-liners. She’s like a tiny, crunchy, candy-fueled Julia Roberts. (No one ever said the M&M's couldn't be a little bit","{""do_sample"": true, ""temperature"": 1.0, ""top_p"": 0.95, ""top_k"": 50, ""repetition_penalty"": 1.0, ""max_new_tokens"": 128}"
bytekgwV6,2.0,0,1274,40,40,"Located near all that the Catskills has to offer! Close to Hunter Mountain, Wyndham, state land, antiquing and many other ","Located near all that the Catskills has to offer! Close to Hunter Mountain, Wyndham, state land, antiquing and many other 4 season activities!
Experience the tranquility of the Catskill Mountains at this charming home.
This cozy home has been lovingly maintained and offers beautiful views from the large windows.
The interior features a spacious living room with gas fireplace, making it the perfect spot to relax after a long day of exploring the great outdoors.
The kitchen is fully equipped with all the essentials and a large dining area for family gatherings.
Upstairs, there are 3 spacious bedrooms with ample closet space and a full bathroom.
The master bedroom boasts a private balcony with stunning views of the surrounding mountains.
Additional features include a private patio, outdoor fire pit, and a one","4 season activities!
Experience the tranquility of the Catskill Mountains at this charming home.
This cozy home has been lovingly maintained and offers beautiful views from the large windows.
The interior features a spacious living room with gas fireplace, making it the perfect spot to relax after a long day of exploring the great outdoors.
The kitchen is fully equipped with all the essentials and a large dining area for family gatherings.
Upstairs, there are 3 spacious bedrooms with ample closet space and a full bathroom.
The master bedroom boasts a private balcony with stunning views of the surrounding mountains.
Additional features include a private patio, outdoor fire pit, and a one","{""do_sample"": true, ""temperature"": 1.0, ""top_p"": 0.95, ""top_k"": 50, ""repetition_penalty"": 1.0, ""max_new_tokens"": 128}"
bytekgwV6,2.0,0,1276,42,42,"NORTH BRUNSWICK, N.J. — Body cameras captured the moment a North Brunswick police officer climbed up a burning building to ","NORTH BRUNSWICK, N.J. — Body cameras captured the moment a North Brunswick police officer climbed up a burning building to 13-year-old Samantha Martin, who was trapped by a window.
On Oct. 14, Samantha was in her home when a fire broke out on the second floor. Her family had managed to escape, but Samantha was stuck inside, trapped by a window.
Officer Anthony Sarnoski, 35, rushed to the scene, where he was told about the trapped 13-year-old. According to an eyewitness, Officer Sarnoski did not hesitate.
""It was like he knew exactly what he was doing,"" eyewitness Ryan Tindall told CBS News. ""He just ran towards the fire, not even stopping to put on","13-year-old Samantha Martin, who was trapped by a window.
On Oct. 14, Samantha was in her home when a fire broke out on the second floor. Her family had managed to escape, but Samantha was stuck inside, trapped by a window.
Officer Anthony Sarnoski, 35, rushed to the scene, where he was told about the trapped 13-year-old. According to an eyewitness, Officer Sarnoski did not hesitate.
""It was like he knew exactly what he was doing,"" eyewitness Ryan Tindall told CBS News. ""He just ran towards the fire, not even stopping to put on","{""do_sample"": true, ""temperature"": 1.0, ""top_p"": 0.95, ""top_k"": 50, ""repetition_penalty"": 1.0, ""max_new_tokens"": 128}"
bytekgwV6,2.0,0,1278,44,44,"The NHS is still running Windows XP en masse, two and a half years after Microsoft stopped delivering bug fixes ","The NHS is still running Windows XP en masse, two and a half years after Microsoft stopped delivering bug fixes  for the operating system.
An FOI request by the Daily Mail revealed that over 80% of NHS trusts are still using XP, with some trusts running older versions of the operating system that haven’t had security patches for years.
The majority of NHS trusts are using Windows XP SP3, which is the oldest and most vulnerable version of the operating system.
The Royal Free London NHS Foundation Trust, which is one of the largest hospital trusts in the UK, still uses XP, as does Lewisham and Greenwich NHS Trust.
According to the ICO, only 12% of trusts have migrated to newer operating systems, with 10%"," for the operating system.
An FOI request by the Daily Mail revealed that over 80% of NHS trusts are still using XP, with some trusts running older versions of the operating system that haven’t had security patches for years.
The majority of NHS trusts are using Windows XP SP3, which is the oldest and most vulnerable version of the operating system.
The Royal Free London NHS Foundation Trust, which is one of the largest hospital trusts in the UK, still uses XP, as does Lewisham and Greenwich NHS Trust.
According to the ICO, only 12% of trusts have migrated to newer operating systems, with 10%","{""do_sample"": true, ""temperature"": 1.0, ""top_p"": 0.95, ""top_k"": 50, ""repetition_penalty"": 1.0, ""max_new_tokens"": 128}"
bytekgwV6,2.0,0,1280,46,46,"OKLAHOMA CITY - Kevin Durant scored 25 points, James Harden added a spark with 23 points off the bench while ","OKLAHOMA CITY - Kevin Durant scored 25 points, James Harden added a spark with 23 points off the bench while 12 assists and the Houston Rockets returned from their long trip, defeated the Oklahoma City Thunder 117-107 in triple overtime.
James Harden and Russell Westbrook, former Oklahoma City Thunder teammates, led the Houston Rockets to victory against their former team, Houston's first victory on the road, a trip of 14 days and a game.
The Rockets were leading the Thunder by a basket in the first quarter but struggled with their outside shots, while Oklahoma City stayed close and trailed by just four points at the break. The two teams were tied at the end of the fourth quarter, 98-98.
The Rockets took the lead again early in the","12 assists and the Houston Rockets returned from their long trip, defeated the Oklahoma City Thunder 117-107 in triple overtime.
James Harden and Russell Westbrook, former Oklahoma City Thunder teammates, led the Houston Rockets to victory against their former team, Houston's first victory on the road, a trip of 14 days and a game.
The Rockets were leading the Thunder by a basket in the first quarter but struggled with their outside shots, while Oklahoma City stayed close and trailed by just four points at the break. The two teams were tied at the end of the fourth quarter, 98-98.
The Rockets took the lead again early in the","{""do_sample"": true, ""temperature"": 1.0, ""top_p"": 0.95, ""top_k"": 50, ""repetition_penalty"": 1.0, ""max_new_tokens"": 128}"
bytekgwV6,2.0,0,1282,48,48,"1 Then the people of the land took Jehoahaz the son of Josiah, and made him king in his father's ","1 Then the people of the land took Jehoahaz the son of Josiah, and made him king in his father's  place.
2 Jehoiachin was 18 years old when he began his seven year reign in Jerusalem; and the name of the king was Mattaniah.
3 He did evil in the sight of the Lord, according to all that his father had done.
4 Nebuchadnezzar king of Babylon came up against him; and Jehoahaz his father, having a valiant army, and at Jerusalem.
5 The king of Egypt came not again  more out of his own land: for the king of Babylon had taken, from the river of Egypt to the river Euphrates, all that pertained to the"," place.
2 Jehoiachin was 18 years old when he began his seven year reign in Jerusalem; and the name of the king was Mattaniah.
3 He did evil in the sight of the Lord, according to all that his father had done.
4 Nebuchadnezzar king of Babylon came up against him; and Jehoahaz his father, having a valiant army, and at Jerusalem.
5 The king of Egypt came not again  more out of his own land: for the king of Babylon had taken, from the river of Egypt to the river Euphrates, all that pertained to the","{""do_sample"": true, ""temperature"": 1.0, ""top_p"": 0.95, ""top_k"": 50, ""repetition_penalty"": 1.0, ""max_new_tokens"": 128}"
bytekgwV6,2.0,0,1284,50,50,This bicycle sprocket hub and sprockets from the Wright Bicycle Co. are on display at the National Museum of the ,"This bicycle sprocket hub and sprockets from the Wright Bicycle Co. are on display at the National Museum of the 15th Wing, Wright-Patterson Air Force Base, in Dayton, Ohio.
The Wright brothers' bicycle business allowed them to experiment with mechanics and design, which contributed to their development of the world's first successful airplane. Orville and Wilbur Wright opened their bicycle shop in 1892, where they could tinker with bicycles and test new ideas.
The Wright brothers' interest in mechanics began with their early work on the Wright Brothers' Printing Company, which they founded at the age of 16. They printed and published a small newspaper called the ""West Side News"" which helped them develop their graphic design skills. The Wrights","15th Wing, Wright-Patterson Air Force Base, in Dayton, Ohio.
The Wright brothers' bicycle business allowed them to experiment with mechanics and design, which contributed to their development of the world's first successful airplane. Orville and Wilbur Wright opened their bicycle shop in 1892, where they could tinker with bicycles and test new ideas.
The Wright brothers' interest in mechanics began with their early work on the Wright Brothers' Printing Company, which they founded at the age of 16. They printed and published a small newspaper called the ""West Side News"" which helped them develop their graphic design skills. The Wrights","{""do_sample"": true, ""temperature"": 1.0, ""top_p"": 0.95, ""top_k"": 50, ""repetition_penalty"": 1.0, ""max_new_tokens"": 128}"
bytekgwV6,2.0,0,1286,52,52,"Elvis Costello played a two-hour, 25-song show that touched on phases throughout his career, both deep cuts and hits, as ","Elvis Costello played a two-hour, 25-song show that touched on phases throughout his career, both deep cuts and hits, as 92.5 FM's ""Live at the Fillmore"" concert series brought the veteran rocker to the iconic San Francisco venue last night.
The 65-year-old musician and his trusty guitarist Steve Nieve kicked things off with the atmospheric, sprawling ""Blind Love,"" the opening track from his 1994 album ""Mighty Like a Rose."" The setlist drew from his entire catalog, including songs from his early punk-infused work (""Pump It Up,"" ""Watching the Detectives""), his new wave era (""From a Whisper to a Scream,"" ""The Look Before the Lock""), and even some deep cuts from his","92.5 FM's ""Live at the Fillmore"" concert series brought the veteran rocker to the iconic San Francisco venue last night.
The 65-year-old musician and his trusty guitarist Steve Nieve kicked things off with the atmospheric, sprawling ""Blind Love,"" the opening track from his 1994 album ""Mighty Like a Rose."" The setlist drew from his entire catalog, including songs from his early punk-infused work (""Pump It Up,"" ""Watching the Detectives""), his new wave era (""From a Whisper to a Scream,"" ""The Look Before the Lock""), and even some deep cuts from his","{""do_sample"": true, ""temperature"": 1.0, ""top_p"": 0.95, ""top_k"": 50, ""repetition_penalty"": 1.0, ""max_new_tokens"": 128}"
bytekgwV6,2.0,0,1288,54,54,"With its eye on Western next-gen gamers, the Japanese publisher pays $15 million for Secret Level. Sega Holdings of USA ","With its eye on Western next-gen gamers, the Japanese publisher pays $15 million for Secret Level. Sega Holdings of USA 3D animation studio.
With its eye on Western next-gen gamers, the Japanese publisher pays $15 million for Secret Level, 3D animation studio.
TOKYO, Japan, February 23, 2006 - Sega Corporation (3G EM), the renowned Japanese video game publisher and developer, today announced the acquisition of Secret Level, a 3D animation studio based in Newport Beach, California, for $15 million. The move is a strategic step to strengthen Sega's position in the North American market, particularly with the upcoming launch of its next-generation console, the Xbox 360, and to expand its capabilities in game","3D animation studio.
With its eye on Western next-gen gamers, the Japanese publisher pays $15 million for Secret Level, 3D animation studio.
TOKYO, Japan, February 23, 2006 - Sega Corporation (3G EM), the renowned Japanese video game publisher and developer, today announced the acquisition of Secret Level, a 3D animation studio based in Newport Beach, California, for $15 million. The move is a strategic step to strengthen Sega's position in the North American market, particularly with the upcoming launch of its next-generation console, the Xbox 360, and to expand its capabilities in game","{""do_sample"": true, ""temperature"": 1.0, ""top_p"": 0.95, ""top_k"": 50, ""repetition_penalty"": 1.0, ""max_new_tokens"": 128}"
bytekgwV6,2.0,0,1290,56,56,Two recently published reports shed damning light on the high cost of low wages in the fast food industry – ,"Two recently published reports shed damning light on the high cost of low wages in the fast food industry – 12-year-olds forced to work long hours, workers struggling to get by on $8-9 an hour, and the impact of poverty-level wages on families and communities.
The first report, from the advocacy group Raise the Wage, highlights the struggles faced by young fast food workers across the country. The report found that:
One in five fast food workers are 18 years old or younger, including 12-year-olds who are forced to work long hours.
Young workers in the fast food industry often have to choose between working long hours or quitting school, perpetuating a cycle of low-wage work and poverty.
The report concludes that the lack of","12-year-olds forced to work long hours, workers struggling to get by on $8-9 an hour, and the impact of poverty-level wages on families and communities.
The first report, from the advocacy group Raise the Wage, highlights the struggles faced by young fast food workers across the country. The report found that:
One in five fast food workers are 18 years old or younger, including 12-year-olds who are forced to work long hours.
Young workers in the fast food industry often have to choose between working long hours or quitting school, perpetuating a cycle of low-wage work and poverty.
The report concludes that the lack of","{""do_sample"": true, ""temperature"": 1.0, ""top_p"": 0.95, ""top_k"": 50, ""repetition_penalty"": 1.0, ""max_new_tokens"": 128}"
bytekgwV6,2.0,0,1292,58,58,"Every morning on The Style Blog, we celebrate the best footwear weve come across. Now, for your benefit, its all ","Every morning on The Style Blog, we celebrate the best footwear weve come across. Now, for your benefit, its all 5 pairs on one show. From the most beautiful and delicate sandals to the most luxurious and high-end sneakers, see the top 5 most stylish footwear trends for this season.
From statement jewelry pieces to the latest fashion trends, the style world has a lot to offer. Each week on The Style Blog, were highlighting the most stylish and must-have items for your everyday needs.
All fashionistas know that shoes make a statement. As the most important accessory, they can make or break an outfit. Whether its a bold and bright colored heel or sleek and sophisticated sneaker, here are the top 5 must-have footwear trends for this season:
","5 pairs on one show. From the most beautiful and delicate sandals to the most luxurious and high-end sneakers, see the top 5 most stylish footwear trends for this season.
From statement jewelry pieces to the latest fashion trends, the style world has a lot to offer. Each week on The Style Blog, were highlighting the most stylish and must-have items for your everyday needs.
All fashionistas know that shoes make a statement. As the most important accessory, they can make or break an outfit. Whether its a bold and bright colored heel or sleek and sophisticated sneaker, here are the top 5 must-have footwear trends for this season:
","{""do_sample"": true, ""temperature"": 1.0, ""top_p"": 0.95, ""top_k"": 50, ""repetition_penalty"": 1.0, ""max_new_tokens"": 128}"
bytekgwV6,2.0,0,1294,60,60,"LOS ANGELES – A lawsuit filed Wednesday against ABC (search) and ""American Idol"" judge Simon Cowell (search) alleges they conspired ","LOS ANGELES – A lawsuit filed Wednesday against ABC (search) and ""American Idol"" judge Simon Cowell (search) alleges they conspired 12 years ago to sabotage the career of a British singer-songwriter.
The lawsuit was filed by Steve Brookstein (search), a singer who won the first season of ""American Idol"" in 2002. Brookstein is seeking $50 million in damages, alleging that Cowell and ABC conspired to ruin his music career by spreading negative rumors and sabotaging his chances with record labels and other industry executives.

According to the lawsuit, Brookstein and Cowell were involved in a romantic relationship from 1998 to 2001, but Cowell ended the relationship and then began to sabotage Brookstein's career as revenge.

The lawsuit alleges","12 years ago to sabotage the career of a British singer-songwriter.
The lawsuit was filed by Steve Brookstein (search), a singer who won the first season of ""American Idol"" in 2002. Brookstein is seeking $50 million in damages, alleging that Cowell and ABC conspired to ruin his music career by spreading negative rumors and sabotaging his chances with record labels and other industry executives.

According to the lawsuit, Brookstein and Cowell were involved in a romantic relationship from 1998 to 2001, but Cowell ended the relationship and then began to sabotage Brookstein's career as revenge.

The lawsuit alleges","{""do_sample"": true, ""temperature"": 1.0, ""top_p"": 0.95, ""top_k"": 50, ""repetition_penalty"": 1.0, ""max_new_tokens"": 128}"
bytekgwV6,2.0,0,1296,62,62,"Seren Rayne Frank Sutherland, a six lb., eight oz., girl, was born Saturday, Dec. 3, 2016, at Yavapai Regional Medical ","Seren Rayne Frank Sutherland, a six lb., eight oz., girl, was born Saturday, Dec. 3, 2016, at Yavapai Regional Medical 24/7 news, sports, and information. Suggest new spellings or wordings and i'll update this article for you. 1, 2016, to Mr. and Mrs. William J. and Catherine G.
1, 2016, to Mr. and Mrs. William J. and Catherine G. S. of Glendale, Ariz., her ninth great-grandchild.
Seren Rayne Frank Sutherland, a six-pound-eight-ounce baby girl, was born on December 3, 2016, at Yavapai Regional Medical Center in Prescott, Arizona.
Dad, William J.","24/7 news, sports, and information. Suggest new spellings or wordings and i'll update this article for you. 1, 2016, to Mr. and Mrs. William J. and Catherine G.
1, 2016, to Mr. and Mrs. William J. and Catherine G. S. of Glendale, Ariz., her ninth great-grandchild.
Seren Rayne Frank Sutherland, a six-pound-eight-ounce baby girl, was born on December 3, 2016, at Yavapai Regional Medical Center in Prescott, Arizona.
Dad, William J.","{""do_sample"": true, ""temperature"": 1.0, ""top_p"": 0.95, ""top_k"": 50, ""repetition_penalty"": 1.0, ""max_new_tokens"": 128}"
bytekgwV6,2.0,0,1298,64,64,Adventist HealthCare seeks to hire a Med Surg Registered Nurse who will embrace our mission to extend God's care through ,"Adventist HealthCare seeks to hire a Med Surg Registered Nurse who will embrace our mission to extend God's care through 100% patient satisfaction and excellence in everything we do.
Assumes responsibility for the delivery and management of patient care for a designated group of patients. Coordinates and provides patient care on a day-to-day basis, including taking and documenting vital signs, administering medications, and reporting to and from other members of the healthcare team.
Required: Associate Degree in Nursing (ADN) or Bachelor of Science in Nursing (BSN) from an accredited program.
Required: Must hold a valid state license to practice as a Registered Nurse (RN).
Preferred: BLS certification and or ACLS certification.
Preferred: 1 year of experience in Med/Surg or","100% patient satisfaction and excellence in everything we do.
Assumes responsibility for the delivery and management of patient care for a designated group of patients. Coordinates and provides patient care on a day-to-day basis, including taking and documenting vital signs, administering medications, and reporting to and from other members of the healthcare team.
Required: Associate Degree in Nursing (ADN) or Bachelor of Science in Nursing (BSN) from an accredited program.
Required: Must hold a valid state license to practice as a Registered Nurse (RN).
Preferred: BLS certification and or ACLS certification.
Preferred: 1 year of experience in Med/Surg or","{""do_sample"": true, ""temperature"": 1.0, ""top_p"": 0.95, ""top_k"": 50, ""repetition_penalty"": 1.0, ""max_new_tokens"": 128}"
bytekgwV6,2.0,0,1300,66,66,"Check out the Charleston Parks Conservancy's newest glow-up project at their inaugural Hampton Park culinary event, Shucked + Sauced, Sat. ","Check out the Charleston Parks Conservancy's newest glow-up project at their inaugural Hampton Park culinary event, Shucked + Sauced, Sat. 4/14, from 6-9 PM!
Join the Charleston Parks Conservancy for their inaugural Hampton Park culinary event, Shucked + Sauced, on Saturday, April 14, 2018, from 6-9 PM! This exciting event will showcase the Conservancy's newest glow-up project, which includes a newly-renovated Hampton Park playground, improved walkways, and enhanced lighting. The event will feature local chefs and artisans, live music, and a festive atmosphere.
Shucked + Sauced will also include:
Food and drink from local restaurants and bars, such as Fatz Catering, The Daily, The","4/14, from 6-9 PM!
Join the Charleston Parks Conservancy for their inaugural Hampton Park culinary event, Shucked + Sauced, on Saturday, April 14, 2018, from 6-9 PM! This exciting event will showcase the Conservancy's newest glow-up project, which includes a newly-renovated Hampton Park playground, improved walkways, and enhanced lighting. The event will feature local chefs and artisans, live music, and a festive atmosphere.
Shucked + Sauced will also include:
Food and drink from local restaurants and bars, such as Fatz Catering, The Daily, The","{""do_sample"": true, ""temperature"": 1.0, ""top_p"": 0.95, ""top_k"": 50, ""repetition_penalty"": 1.0, ""max_new_tokens"": 128}"
bytekgwV6,2.0,0,1302,68,68,Adweek: So what’s a digital-media tyro like you doing at a fusty old-media company like CBS? Jim Lanzone: I don’t ,"Adweek: So what’s a digital-media tyro like you doing at a fusty old-media company like CBS? Jim Lanzone: I don’t  think I’m a digital-media tyro – I’m just a guy who likes the intersection of business and tech. I started my career at CBS Interactive, which was a great experience, and then went on to other digital companies... I always liked the idea of making a difference in a big organization, and I felt like I could bring some fresh perspectives to the table. Plus, I get to work with some of the most talented people in the industry, which is a real bonus. more less
The article discusses Jim Lanzone's move from a digital-media company to CBS. Jim speaks about his experience working at CBS Interactive and how"," think I’m a digital-media tyro – I’m just a guy who likes the intersection of business and tech. I started my career at CBS Interactive, which was a great experience, and then went on to other digital companies... I always liked the idea of making a difference in a big organization, and I felt like I could bring some fresh perspectives to the table. Plus, I get to work with some of the most talented people in the industry, which is a real bonus. more less
The article discusses Jim Lanzone's move from a digital-media company to CBS. Jim speaks about his experience working at CBS Interactive and how","{""do_sample"": true, ""temperature"": 1.0, ""top_p"": 0.95, ""top_k"": 50, ""repetition_penalty"": 1.0, ""max_new_tokens"": 128}"
bytekgwV6,2.0,0,1304,70,70,A live events and bespoke creative technical solutions company based in Loughborough is seeking a technical project manager to join ,"A live events and bespoke creative technical solutions company based in Loughborough is seeking a technical project manager to join their dynamic team.
The successful candidate will have strong technical project management experience, ideally within the live events, broadcast or production industries. You will be responsible for leading teams of technical staff, including sound, lighting, video and broadcast engineers, to ensure the successful delivery of live events and projects.
The ideal candidate will have a strong technical background and the ability to communicate effectively with both technical and non-technical stakeholders. You will need to be able to work under pressure, managing multiple projects simultaneously, and be flexible and able to adapt to changing circumstances.
* Manage the technical production of live events and projects, ensuring timely and within-budget delivery.
*","their dynamic team.
The successful candidate will have strong technical project management experience, ideally within the live events, broadcast or production industries. You will be responsible for leading teams of technical staff, including sound, lighting, video and broadcast engineers, to ensure the successful delivery of live events and projects.
The ideal candidate will have a strong technical background and the ability to communicate effectively with both technical and non-technical stakeholders. You will need to be able to work under pressure, managing multiple projects simultaneously, and be flexible and able to adapt to changing circumstances.
* Manage the technical production of live events and projects, ensuring timely and within-budget delivery.
*","{""do_sample"": true, ""temperature"": 1.0, ""top_p"": 0.95, ""top_k"": 50, ""repetition_penalty"": 1.0, ""max_new_tokens"": 128}"
bytekgwV6,2.0,0,1306,72,72,The latest report from Violence Policy Center. I find it ironic and sad that the very day an annual report ,"The latest report from Violence Policy Center. I find it ironic and sad that the very day an annual report  from the Violence Policy Center is released it’s met with skepticism by those who care more about the Second Amendment than people’s lives. The report details the number of lives lost in gun violence, the number of children killed and the racial and socioeconomic disparities that exist in this epidemic. It’s a call to action for change.
Here is a summary of the report and some highlights:
The report,  When Men are Boys: The Disturbing Trend of Male Gun Violence in America, examines the alarming trend of gun violence affecting boys and young men in the United States. The report highlights the disproportionate impact of gun violence on males under the age"," from the Violence Policy Center is released it’s met with skepticism by those who care more about the Second Amendment than people’s lives. The report details the number of lives lost in gun violence, the number of children killed and the racial and socioeconomic disparities that exist in this epidemic. It’s a call to action for change.
Here is a summary of the report and some highlights:
The report,  When Men are Boys: The Disturbing Trend of Male Gun Violence in America, examines the alarming trend of gun violence affecting boys and young men in the United States. The report highlights the disproportionate impact of gun violence on males under the age","{""do_sample"": true, ""temperature"": 1.0, ""top_p"": 0.95, ""top_k"": 50, ""repetition_penalty"": 1.0, ""max_new_tokens"": 128}"
bytekgwV6,2.0,0,1308,74,74,Thorpe of the New York Trucking and Delivery Association says the decision to raise penalties won’t solve the parking crisis. ,"Thorpe of the New York Trucking and Delivery Association says the decision to raise penalties won’t solve the parking crisis. 2017;56:2342–2351.
This article is based on the latest research findings. The main goal is to provide a general overview of the situation. You should always consult a doctor or other healthcare professional for specific advice or treatment.
There are many factors to consider when deciding which trucking company to choose for your needs. Here are some things to think about:.
The trucking industry is a vital part of the U.S. economy, and truckers play a crucial role in the transportation of goods and services. Like any other industry, truckers face challenges, including those related to safety, regulations, and the environment","2017;56:2342–2351.
This article is based on the latest research findings. The main goal is to provide a general overview of the situation. You should always consult a doctor or other healthcare professional for specific advice or treatment.
There are many factors to consider when deciding which trucking company to choose for your needs. Here are some things to think about:.
The trucking industry is a vital part of the U.S. economy, and truckers play a crucial role in the transportation of goods and services. Like any other industry, truckers face challenges, including those related to safety, regulations, and the environment","{""do_sample"": true, ""temperature"": 1.0, ""top_p"": 0.95, ""top_k"": 50, ""repetition_penalty"": 1.0, ""max_new_tokens"": 128}"
bytekgwV6,2.0,0,1310,76,76,A District Court decision overturning major provisions of three Executive Orders has been appealed. Here is a summary of the ,"A District Court decision overturning major provisions of three Executive Orders has been appealed. Here is a summary of the 9th Circuit's decision and possible implications for the future of immigration law and policy.
On February 16, the United States Court of Appeals for the Ninth Circuit issued a decision (PDF) vacating parts of three Executive Orders related to immigration and border control, issued by President Trump in January and June 2017. The orders in question were: Executive Order 13767, Border Security and Immigration Enforcement Improvements; Executive Order 13768, Enhancing Public Safety in the Interior of the United States; and Executive Order 13823, Building a Wall Along the U.S.-Mexico Border.

The lawsuit, brought by the State of","9th Circuit's decision and possible implications for the future of immigration law and policy.
On February 16, the United States Court of Appeals for the Ninth Circuit issued a decision (PDF) vacating parts of three Executive Orders related to immigration and border control, issued by President Trump in January and June 2017. The orders in question were: Executive Order 13767, Border Security and Immigration Enforcement Improvements; Executive Order 13768, Enhancing Public Safety in the Interior of the United States; and Executive Order 13823, Building a Wall Along the U.S.-Mexico Border.

The lawsuit, brought by the State of","{""do_sample"": true, ""temperature"": 1.0, ""top_p"": 0.95, ""top_k"": 50, ""repetition_penalty"": 1.0, ""max_new_tokens"": 128}"
bytekgwV6,2.0,0,1312,78,78,"The democratization of data is a real phenomenon, but building a sustainable data democracy means truly giving power to the ","The democratization of data is a real phenomenon, but building a sustainable data democracy means truly giving power to the 99%. It’s not enough to create a platform or a tool – we must fundamentally rethink how data is produced, shared, and consumed.
Today, data is being generated at an unprecedented rate, and the majority of it is being produced by ordinary people – not just experts or organizations. This democratization of data creates enormous opportunities for innovation and social good, but it also raises important questions about who gets to control and benefit from these new data streams.

We see this play out in various ways, from citizen-generated data on urban infrastructure to patient-generated health data. While these forms of data have the potential to transform decision-making and drive positive change","99%. It’s not enough to create a platform or a tool – we must fundamentally rethink how data is produced, shared, and consumed.
Today, data is being generated at an unprecedented rate, and the majority of it is being produced by ordinary people – not just experts or organizations. This democratization of data creates enormous opportunities for innovation and social good, but it also raises important questions about who gets to control and benefit from these new data streams.

We see this play out in various ways, from citizen-generated data on urban infrastructure to patient-generated health data. While these forms of data have the potential to transform decision-making and drive positive change","{""do_sample"": true, ""temperature"": 1.0, ""top_p"": 0.95, ""top_k"": 50, ""repetition_penalty"": 1.0, ""max_new_tokens"": 128}"
bytekgwV6,2.0,0,1314,80,80,"The Council of PR Firms yesterday urged PR firms to ""pledge"" to Wikipedia that they will only submit materials to ","The Council of PR Firms yesterday urged PR firms to ""pledge"" to Wikipedia that they will only submit materials to 100% fact-checked articles.
The Council's statement, which was released yesterday, comes in response to the launch of a new tool by Wikipedia called ""Verified News Sources"" which aims to provide a way for Wikipedia editors to verify the credibility of news sources and identify untrustworthy sources.
The Council's statement reads: ""The Council of PR Firms urges its member firms to pledge to only submit materials to 100% fact-checked articles and news sources, in support of the integrity and credibility of the news and information provided on Wikipedia.""
The move is a response to concerns that PR firms have been pushing their clients' news releases and propaganda onto","100% fact-checked articles.
The Council's statement, which was released yesterday, comes in response to the launch of a new tool by Wikipedia called ""Verified News Sources"" which aims to provide a way for Wikipedia editors to verify the credibility of news sources and identify untrustworthy sources.
The Council's statement reads: ""The Council of PR Firms urges its member firms to pledge to only submit materials to 100% fact-checked articles and news sources, in support of the integrity and credibility of the news and information provided on Wikipedia.""
The move is a response to concerns that PR firms have been pushing their clients' news releases and propaganda onto","{""do_sample"": true, ""temperature"": 1.0, ""top_p"": 0.95, ""top_k"": 50, ""repetition_penalty"": 1.0, ""max_new_tokens"": 128}"
bytekgwV6,2.0,0,1316,82,82,"He and a neighbor managed to lure the horse toward them with a handful of grass, Sickinger said, and they ","He and a neighbor managed to lure the horse toward them with a handful of grass, Sickinger said, and they iced it and rolled it onto the ground to calm it down.... The horse was said to have been ""panicked"" by the recent arrival of a new foal. Horses are flight animals and are naturally inclined to flee danger, but they are also social animals and will often react to the presence of a companion or peer.
From ""Man helps calm panicked horse that wandered off a farm"" by John Kiesewetter, WCPO, Cincinnati.com, May 17, 2017. Photo by WCPO.com.
He and a neighbor managed to lure the horse toward them with a handful of grass, Sickinger said,","iced it and rolled it onto the ground to calm it down.... The horse was said to have been ""panicked"" by the recent arrival of a new foal. Horses are flight animals and are naturally inclined to flee danger, but they are also social animals and will often react to the presence of a companion or peer.
From ""Man helps calm panicked horse that wandered off a farm"" by John Kiesewetter, WCPO, Cincinnati.com, May 17, 2017. Photo by WCPO.com.
He and a neighbor managed to lure the horse toward them with a handful of grass, Sickinger said,","{""do_sample"": true, ""temperature"": 1.0, ""top_p"": 0.95, ""top_k"": 50, ""repetition_penalty"": 1.0, ""max_new_tokens"": 128}"
bytekgwV6,2.0,0,1318,84,84,"Wolf, 33, joined the Africa Mercy crew in March, taking a short leave from her job as a registered nurse ","Wolf, 33, joined the Africa Mercy crew in March, taking a short leave from her job as a registered nurse 10 months prior. She was trained in medical-surgical nursing and had experience in pediatric and emergency care before joining the ship.
As a Mercy Ship nurse, Wolf worked in the medical and dental departments, providing care to patients who would otherwise not have access to these services. She was also involved in training local healthcare workers and was a mentor to other nurses on the ship.
Wolf described her experience on the Africa Mercy as ""life-changing"" and said she learned more from her patients than they learned from her. She also appreciated the ship's mission to provide medical care to those in need and said it was an honor to be a part of it","10 months prior. She was trained in medical-surgical nursing and had experience in pediatric and emergency care before joining the ship.
As a Mercy Ship nurse, Wolf worked in the medical and dental departments, providing care to patients who would otherwise not have access to these services. She was also involved in training local healthcare workers and was a mentor to other nurses on the ship.
Wolf described her experience on the Africa Mercy as ""life-changing"" and said she learned more from her patients than they learned from her. She also appreciated the ship's mission to provide medical care to those in need and said it was an honor to be a part of it","{""do_sample"": true, ""temperature"": 1.0, ""top_p"": 0.95, ""top_k"": 50, ""repetition_penalty"": 1.0, ""max_new_tokens"": 128}"
bytekgwV6,2.0,0,1320,86,86,"A Chicago judge on Thursday dismissed a patent case between Apple and Motorola because, he said, neither side could adequately ","A Chicago judge on Thursday dismissed a patent case between Apple and Motorola because, he said, neither side could adequately  prove they owned the disputed technology.
The case, which has been ongoing for years, centered on a patent for a feature that allows mobile devices to switch between different cellular networks.
In his decision, Judge Richard Posner said that the dispute boiled down to a question of whether the technology was a distinct innovation that deserved patent protection. Ultimately, he found that neither side had made a strong enough case to establish ownership of the technology.
""This case has gotten more and more absurd as it's gone on,"" Posner said in court, according to CNET. ""I think both sides have made very poor cases, and I don't think anyone"," prove they owned the disputed technology.
The case, which has been ongoing for years, centered on a patent for a feature that allows mobile devices to switch between different cellular networks.
In his decision, Judge Richard Posner said that the dispute boiled down to a question of whether the technology was a distinct innovation that deserved patent protection. Ultimately, he found that neither side had made a strong enough case to establish ownership of the technology.
""This case has gotten more and more absurd as it's gone on,"" Posner said in court, according to CNET. ""I think both sides have made very poor cases, and I don't think anyone","{""do_sample"": true, ""temperature"": 1.0, ""top_p"": 0.95, ""top_k"": 50, ""repetition_penalty"": 1.0, ""max_new_tokens"": 128}"
bytekgwV6,2.0,0,1322,88,88,"Ford is building cars that ""talk"" with traffic lights, road signs and pedestrians. At CES 2019 in Las Vegas on ","Ford is building cars that ""talk"" with traffic lights, road signs and pedestrians. At CES 2019 in Las Vegas on 8 January, the automaker unveiled the new technology, which they're calling ""Smart Mobility"".
The tech uses a range of sensors, cameras, and communication protocols to interact with the surroundings. It helps to reduce congestion, improve safety, and enhance the overall driving experience.
When a car with the technology approaches an intersection, it can automatically communicate with the traffic light and receive real-time updates on the traffic flow. This allows it to adjust its speed and trajectory to optimize its journey.
Additionally, the car can communicate with other cars on the road to prevent potential collisions and improve traffic flow. The technology also includes features like pedestrian recognition, which allows","8 January, the automaker unveiled the new technology, which they're calling ""Smart Mobility"".
The tech uses a range of sensors, cameras, and communication protocols to interact with the surroundings. It helps to reduce congestion, improve safety, and enhance the overall driving experience.
When a car with the technology approaches an intersection, it can automatically communicate with the traffic light and receive real-time updates on the traffic flow. This allows it to adjust its speed and trajectory to optimize its journey.
Additionally, the car can communicate with other cars on the road to prevent potential collisions and improve traffic flow. The technology also includes features like pedestrian recognition, which allows","{""do_sample"": true, ""temperature"": 1.0, ""top_p"": 0.95, ""top_k"": 50, ""repetition_penalty"": 1.0, ""max_new_tokens"": 128}"
bytekgwV6,2.0,0,1324,90,90,"Things get a bit messy in a new brand campaign from Chobani. Centered on the tag ""Love This Life,"" its ","Things get a bit messy in a new brand campaign from Chobani. Centered on the tag ""Love This Life,"" its 30-second spot, called ""Breakfast with the World,"" features a multicultural cast of individuals from around the world enjoying their Chobani yogurt.
The idea is that while breakfast may be universal, the way we enjoy it can be a reflection of our personality, heritage and culture. As the individuals share a breakfast table with their loved ones, they let their guard down and get messy – with yogurt, fruit and granola – and connect on a deeper level.

""We believe that breakfast is a time to slow down, appreciate the little things and connect with the people around us,"" said Peter Gregorian, Chief Marketing and Culture Officer, Chob","30-second spot, called ""Breakfast with the World,"" features a multicultural cast of individuals from around the world enjoying their Chobani yogurt.
The idea is that while breakfast may be universal, the way we enjoy it can be a reflection of our personality, heritage and culture. As the individuals share a breakfast table with their loved ones, they let their guard down and get messy – with yogurt, fruit and granola – and connect on a deeper level.

""We believe that breakfast is a time to slow down, appreciate the little things and connect with the people around us,"" said Peter Gregorian, Chief Marketing and Culture Officer, Chob","{""do_sample"": true, ""temperature"": 1.0, ""top_p"": 0.95, ""top_k"": 50, ""repetition_penalty"": 1.0, ""max_new_tokens"": 128}"
bytekgwV6,2.0,0,1326,92,92,Trump's new immigration ad was panned as racist. Turns out it was also based on a falsehood. - Hartford Courant ,"Trump's new immigration ad was panned as racist. Turns out it was also based on a falsehood. - Hartford Courant 5 hours ago
Trump's new immigration ad was panned as racist. Turns out it was also based on a falsehood. By Manuel Roig-Franzia January 24, 2020 The Washington Post A new immigration...
Trump's new immigration ad was panned as racist. Turns out it was also based on a falsehood. 5 hours ago
Trump's new immigration ad was panned as racist. Turns out it was also based on a falsehood. By Manuel Roig-Franzia January 24, 2020 The Washington Post A new immigration advertisement...
Donald Trump's latest immigration ad was panned as racist. Now","5 hours ago
Trump's new immigration ad was panned as racist. Turns out it was also based on a falsehood. By Manuel Roig-Franzia January 24, 2020 The Washington Post A new immigration...
Trump's new immigration ad was panned as racist. Turns out it was also based on a falsehood. 5 hours ago
Trump's new immigration ad was panned as racist. Turns out it was also based on a falsehood. By Manuel Roig-Franzia January 24, 2020 The Washington Post A new immigration advertisement...
Donald Trump's latest immigration ad was panned as racist. Now","{""do_sample"": true, ""temperature"": 1.0, ""top_p"": 0.95, ""top_k"": 50, ""repetition_penalty"": 1.0, ""max_new_tokens"": 128}"
bytekgwV6,2.0,0,1328,94,94,• Engage with other SRA functions to support the evidence gathering and credible deterrence approach of the SRA. The role ,"• Engage with other SRA functions to support the evidence gathering and credible deterrence approach of the SRA. The role  will involve working closely with the SRA’s intelligence function, the specialist agencies, the Crown Prosecution Service (CPS) and other law enforcement agencies (LEAs).
• Support the SRA’s efforts to identify, disrupt and prosecute individuals and groups engaged in the illegal activity of money laundering and terrorist financing.
• Develop and maintain a deep understanding of the SRA's goals, objectives, and strategies to enable informed decision-making and effective collaboration.
• Build and maintain relationships with SRA stakeholders, including senior stakeholders, to identify potential risks and opportunities for the SRA and to facilitate effective information sharing.
• Develop, review and maintain records,"," will involve working closely with the SRA’s intelligence function, the specialist agencies, the Crown Prosecution Service (CPS) and other law enforcement agencies (LEAs).
• Support the SRA’s efforts to identify, disrupt and prosecute individuals and groups engaged in the illegal activity of money laundering and terrorist financing.
• Develop and maintain a deep understanding of the SRA's goals, objectives, and strategies to enable informed decision-making and effective collaboration.
• Build and maintain relationships with SRA stakeholders, including senior stakeholders, to identify potential risks and opportunities for the SRA and to facilitate effective information sharing.
• Develop, review and maintain records,","{""do_sample"": true, ""temperature"": 1.0, ""top_p"": 0.95, ""top_k"": 50, ""repetition_penalty"": 1.0, ""max_new_tokens"": 128}"
bytekgwV6,2.0,0,1330,96,96,"MidMichigan Health plans to restructure and re-align its work force in the coming months, and the changes could mean laying ","MidMichigan Health plans to restructure and re-align its work force in the coming months, and the changes could mean laying 45 to 50 people off.
The health system is seeking to create more efficient and cost-effective operations, and that has led to the need for restructuring, said Gary McManus, MidMichigan Health's senior vice president of operations.
""We are experiencing changes in the health care industry that require us to adapt and become more efficient,"" McManus said. ""We are positioning ourselves for success in the future, and this restructuring effort will help us achieve that goal.""
The affected employees will be notified by the end of the year, and the changes are expected to be completed by the end of March 2023, he said.
The health","45 to 50 people off.
The health system is seeking to create more efficient and cost-effective operations, and that has led to the need for restructuring, said Gary McManus, MidMichigan Health's senior vice president of operations.
""We are experiencing changes in the health care industry that require us to adapt and become more efficient,"" McManus said. ""We are positioning ourselves for success in the future, and this restructuring effort will help us achieve that goal.""
The affected employees will be notified by the end of the year, and the changes are expected to be completed by the end of March 2023, he said.
The health","{""do_sample"": true, ""temperature"": 1.0, ""top_p"": 0.95, ""top_k"": 50, ""repetition_penalty"": 1.0, ""max_new_tokens"": 128}"
bytekgwV6,2.0,0,1332,98,98,Tennessee farmers are cashing in on the local food movement. The federal government never measured just how much Tennessee farmers ,"Tennessee farmers are cashing in on the local food movement. The federal government never measured just how much Tennessee farmers 2018. The first farm-to-school grant was worth 50,000, but the grant applications in. A study conducted by.
Sep 12, 2018. In fact, a study by the International Food Policy Research Institute found that every dollar invested in local food systems generates an estimated.
The 2018 USDA report noted that the share of farms with annual sales above $100,000 increased. but many small and local farmers.
The USDA's Food and Agricultural Service (FAS) is also providing grant opportunities to support local and regional food systems. A new study by the.
This study, published in 2018,","2018. The first farm-to-school grant was worth 50,000, but the grant applications in. A study conducted by.
Sep 12, 2018. In fact, a study by the International Food Policy Research Institute found that every dollar invested in local food systems generates an estimated.
The 2018 USDA report noted that the share of farms with annual sales above $100,000 increased. but many small and local farmers.
The USDA's Food and Agricultural Service (FAS) is also providing grant opportunities to support local and regional food systems. A new study by the.
This study, published in 2018,","{""do_sample"": true, ""temperature"": 1.0, ""top_p"": 0.95, ""top_k"": 50, ""repetition_penalty"": 1.0, ""max_new_tokens"": 128}"
bytekgwV6,2.0,0,1334,100,100,Ozier Muhammad/The New York TimesReynaldo Rodriguez of the Care Coordination program counseled a patient with H.I.V. on how to adhere ,"Ozier Muhammad/The New York TimesReynaldo Rodriguez of the Care Coordination program counseled a patient with H.I.V. on how to adhere  …moreReynaldo Rodriguez of the Care Coordination program counseled a patient with H.I.V. on how to adhere to his treatment plan. less
Reynaldo Rodriguez of the Care Coordination program counseled a patient with H.I.V. on how to adhere to his treatment plan. less
SAN ANTONIO — When Reynaldo Rodriguez was assigned to work with patients with H.I.V., he realized that their biggest challenge wasn't the disease itself, but rather navigating the complexities of the health care system.

Many patients struggled to remember their medication schedules, follow-up appointments and lab tests, and communicate with medical"," …moreReynaldo Rodriguez of the Care Coordination program counseled a patient with H.I.V. on how to adhere to his treatment plan. less
Reynaldo Rodriguez of the Care Coordination program counseled a patient with H.I.V. on how to adhere to his treatment plan. less
SAN ANTONIO — When Reynaldo Rodriguez was assigned to work with patients with H.I.V., he realized that their biggest challenge wasn't the disease itself, but rather navigating the complexities of the health care system.

Many patients struggled to remember their medication schedules, follow-up appointments and lab tests, and communicate with medical","{""do_sample"": true, ""temperature"": 1.0, ""top_p"": 0.95, ""top_k"": 50, ""repetition_penalty"": 1.0, ""max_new_tokens"": 128}"
bytekgwV6,2.0,0,1336,102,102,"Talking to the press people here at the Heliport on Saturday, the National BJP leader, while stating the Naga issue ","Talking to the press people here at the Heliport on Saturday, the National BJP leader, while stating the Naga issue 1963 Agreement has been the basis of all peace talks between the Government of India and the NSCN (IM) so far, has expressed the hope that the final Agreement would be reached soon.
When asked about the current Status of the peace talk, he stated that the process of the talks was still on, and the negotiations were positive, but the parties were still working on certain issues and details.
He added that the Naga Issue was a matter of the heart for the Naga people and the Indian Government was committed to finding a lasting and honourable solution.
This reporter was unable to get much more from the National BJP leader who chose","1963 Agreement has been the basis of all peace talks between the Government of India and the NSCN (IM) so far, has expressed the hope that the final Agreement would be reached soon.
When asked about the current Status of the peace talk, he stated that the process of the talks was still on, and the negotiations were positive, but the parties were still working on certain issues and details.
He added that the Naga Issue was a matter of the heart for the Naga people and the Indian Government was committed to finding a lasting and honourable solution.
This reporter was unable to get much more from the National BJP leader who chose","{""do_sample"": true, ""temperature"": 1.0, ""top_p"": 0.95, ""top_k"": 50, ""repetition_penalty"": 1.0, ""max_new_tokens"": 128}"
bytekgwV6,2.0,0,1338,104,104,"Famously tight-lipped about her Scientology faith, The Handmaid’s Tale star Elisabeth Moss has opened up in a candid new interview. ","Famously tight-lipped about her Scientology faith, The Handmaid’s Tale star Elisabeth Moss has opened up in a candid new interview.  Speaking with The Hollywood Reporter, Moss discusses the challenges of playing Offred, her Oscar-nominated role in the Hulu series, and the ways in which she has learned from the character.  Most notably, Moss reveals the ways in which her own experiences as a woman have informed her portrayal of Offred, and the ways in which the character has helped her understand the world around her.  Here are some of the highlights: [more below] [more…]
What happens when an actress is confronted with the possibility of being erased by society?  Elisabeth Moss, star of the hit Hulu series The Handmaid"," Speaking with The Hollywood Reporter, Moss discusses the challenges of playing Offred, her Oscar-nominated role in the Hulu series, and the ways in which she has learned from the character.  Most notably, Moss reveals the ways in which her own experiences as a woman have informed her portrayal of Offred, and the ways in which the character has helped her understand the world around her.  Here are some of the highlights: [more below] [more…]
What happens when an actress is confronted with the possibility of being erased by society?  Elisabeth Moss, star of the hit Hulu series The Handmaid","{""do_sample"": true, ""temperature"": 1.0, ""top_p"": 0.95, ""top_k"": 50, ""repetition_penalty"": 1.0, ""max_new_tokens"": 128}"
bytekgwV6,2.0,0,1340,106,106,Madore received the package along with three crosses she had ordered in memory of her son Christopher Medina who died ,"Madore received the package along with three crosses she had ordered in memory of her son Christopher Medina who died 14 years ago in a motorcycle accident.
She opened it to find a small bag with a note and a medal inside. The note read: ""To the mother, I heard about your loss and I wanted to let you know I'm here for you.""
Madore was moved to tears by the gesture and felt a sense of relief knowing that her son was not forgotten. She then decided to create the ""Cross for the Lost"" program, which delivers the small metal crosses to families who have lost a loved one. Madore said that the crosses serve as a reminder that their loved one's memory lives on and are not forgotten.
Madore","14 years ago in a motorcycle accident.
She opened it to find a small bag with a note and a medal inside. The note read: ""To the mother, I heard about your loss and I wanted to let you know I'm here for you.""
Madore was moved to tears by the gesture and felt a sense of relief knowing that her son was not forgotten. She then decided to create the ""Cross for the Lost"" program, which delivers the small metal crosses to families who have lost a loved one. Madore said that the crosses serve as a reminder that their loved one's memory lives on and are not forgotten.
Madore","{""do_sample"": true, ""temperature"": 1.0, ""top_p"": 0.95, ""top_k"": 50, ""repetition_penalty"": 1.0, ""max_new_tokens"": 128}"
bytekgwV6,2.0,0,1342,108,108,"France is in a difficult position. It has not had a sufficient spur to reform, despite the platitudes by both ","France is in a difficult position. It has not had a sufficient spur to reform, despite the platitudes by both 54-year-old President Emmanuel Macron and his predecessors about the need for change.
A nation that was once a beacon of innovation and progress has become sluggish and bureaucratic, with one of the highest corporate tax rates in Europe and a labor code that has made hiring and firing workers difficult.
The country's pension system is on the brink of collapse, and its healthcare system is understaffed. France's economy has been stagnant, and the cost of living is increasing faster than the standard of living.
The French have a low opinion of the economy, and it has affected their trust in the government. In a recent survey, only 26% of the","54-year-old President Emmanuel Macron and his predecessors about the need for change.
A nation that was once a beacon of innovation and progress has become sluggish and bureaucratic, with one of the highest corporate tax rates in Europe and a labor code that has made hiring and firing workers difficult.
The country's pension system is on the brink of collapse, and its healthcare system is understaffed. France's economy has been stagnant, and the cost of living is increasing faster than the standard of living.
The French have a low opinion of the economy, and it has affected their trust in the government. In a recent survey, only 26% of the","{""do_sample"": true, ""temperature"": 1.0, ""top_p"": 0.95, ""top_k"": 50, ""repetition_penalty"": 1.0, ""max_new_tokens"": 128}"
bytekgwV6,2.0,0,1344,110,110,"Nelson Mandela statue in Westminster, London. ""Comrade Mandela's release was achieved through our struggles that had pushed the apartheid regime ","Nelson Mandela statue in Westminster, London. ""Comrade Mandela's release was achieved through our struggles that had pushed the apartheid regime 10 years later, we would have achieved a democratic, non-racial and non-sexist South Africa."" Image: AP/Nick Ansell
As the world continues to remember Nelson Mandela, the first black president of South Africa and anti-apartheid icon, his legacy remains a beacon of hope and freedom.
Mandela's life was a testament to the power of resilience, forgiveness, and the struggle for human rights. He was born in 1918 in a small village in the Transkei region of South Africa, during a time when the country was still plagued by apartheid, a system of racial segregation and oppression.
After studying","10 years later, we would have achieved a democratic, non-racial and non-sexist South Africa."" Image: AP/Nick Ansell
As the world continues to remember Nelson Mandela, the first black president of South Africa and anti-apartheid icon, his legacy remains a beacon of hope and freedom.
Mandela's life was a testament to the power of resilience, forgiveness, and the struggle for human rights. He was born in 1918 in a small village in the Transkei region of South Africa, during a time when the country was still plagued by apartheid, a system of racial segregation and oppression.
After studying","{""do_sample"": true, ""temperature"": 1.0, ""top_p"": 0.95, ""top_k"": 50, ""repetition_penalty"": 1.0, ""max_new_tokens"": 128}"
bytekgwV6,2.0,0,1346,112,112,"Back in 1982, the Endangered Species Act took the ocelot under its protection. The ocelot is a vulnerable creature, susceptible ","Back in 1982, the Endangered Species Act took the ocelot under its protection. The ocelot is a vulnerable creature, susceptible  to various human activities and natural threats. Yet, there have been sightings and reports of ocelots in the wild, which is a testament to conservation efforts.
Now, researchers are working to track the movements and behavior of these elusive creatures. A team from the University of Central Florida recently published a study on the movements of ocelots in South Florida.
Ocelots roam freely across the southeastern United States, specifically in the coastal areas of Florida and Louisiana. Despite their presence, it is challenging to track and study these elusive creatures due to their nocturnal nature and vast territories.

Researchers used a combination of camera traps, GPS collars"," to various human activities and natural threats. Yet, there have been sightings and reports of ocelots in the wild, which is a testament to conservation efforts.
Now, researchers are working to track the movements and behavior of these elusive creatures. A team from the University of Central Florida recently published a study on the movements of ocelots in South Florida.
Ocelots roam freely across the southeastern United States, specifically in the coastal areas of Florida and Louisiana. Despite their presence, it is challenging to track and study these elusive creatures due to their nocturnal nature and vast territories.

Researchers used a combination of camera traps, GPS collars","{""do_sample"": true, ""temperature"": 1.0, ""top_p"": 0.95, ""top_k"": 50, ""repetition_penalty"": 1.0, ""max_new_tokens"": 128}"
bytekgwV6,2.0,0,1348,114,114,"Assembly Minority Leader Pat Hickey, R-Reno, will have a GOP primary election opponent in 2014. Richard Fineberg, a retired lawyer ","Assembly Minority Leader Pat Hickey, R-Reno, will have a GOP primary election opponent in 2014. Richard Fineberg, a retired lawyer  and former chairman of the Washoe County Republican Party, has announced his candidacy for the 41st Assembly District seat.
Fineberg, 64, has been involved in Republican politics for years and served on the Washoe County Commission from 2006 to 2010. He also was the chairman of the Washoe County GOP from 2004 to 2006 and has been active in local civic organizations.
""I think it's time for some fresh ideas and a new perspective in the Assembly,"" Fineberg said in a statement. ""As a retired lawyer and former county commissioner, I've had the opportunity to understand the issues facing"," and former chairman of the Washoe County Republican Party, has announced his candidacy for the 41st Assembly District seat.
Fineberg, 64, has been involved in Republican politics for years and served on the Washoe County Commission from 2006 to 2010. He also was the chairman of the Washoe County GOP from 2004 to 2006 and has been active in local civic organizations.
""I think it's time for some fresh ideas and a new perspective in the Assembly,"" Fineberg said in a statement. ""As a retired lawyer and former county commissioner, I've had the opportunity to understand the issues facing","{""do_sample"": true, ""temperature"": 1.0, ""top_p"": 0.95, ""top_k"": 50, ""repetition_penalty"": 1.0, ""max_new_tokens"": 128}"
bytekgwV6,2.0,0,1350,116,116,"Friday Night Live: Hilarious Improv Comedy featuring live music from pianist Keith Munslow! Get beside yourself with FNL’s interactive scenes, ","Friday Night Live: Hilarious Improv Comedy featuring live music from pianist Keith Munslow! Get beside yourself with FNL’s interactive scenes, 4th wall-breaking shenanigans and your own suggestions. We are a proud participant in the Austin Improv Community. Check out this link to get your tickets: https://www.facebook.com/events/2343421112341114/ See you there!
FRIDAY NIGHT LIVE, a hilarious improv comedy show, is back at the State Theater in Downtown Austin. Our performers use a combination of suggestion and improv to create entirely new scenes and stories on the spot. Every show is a unique experience, so be prepared for the unexpected!

Keith Munslow is the pianist for the evening! His dynamic and energetic music adds a layer of joy","4th wall-breaking shenanigans and your own suggestions. We are a proud participant in the Austin Improv Community. Check out this link to get your tickets: https://www.facebook.com/events/2343421112341114/ See you there!
FRIDAY NIGHT LIVE, a hilarious improv comedy show, is back at the State Theater in Downtown Austin. Our performers use a combination of suggestion and improv to create entirely new scenes and stories on the spot. Every show is a unique experience, so be prepared for the unexpected!

Keith Munslow is the pianist for the evening! His dynamic and energetic music adds a layer of joy","{""do_sample"": true, ""temperature"": 1.0, ""top_p"": 0.95, ""top_k"": 50, ""repetition_penalty"": 1.0, ""max_new_tokens"": 128}"
bytekgwV6,2.0,0,1352,118,118,Do Twinkle and mum Dimple share a wardrobe? The star wife was missing for a greater part of the year ,"Do Twinkle and mum Dimple share a wardrobe? The star wife was missing for a greater part of the year 2020, and her absence was widely noticed. Twinkle Khanna's mom, Dimple Kapadia, has had a remarkable career spanning over four decades, with some iconic movies like 'Kaamchor', 'Zabardast', and 'Raja Rani'.
In a recent interview, Twinkle revealed the reason for Dimple's absence from the limelight for a while. She said that Dimple had been going through some health issues and had taken a break from the industry. Twinkle shared that she had taken over Dimple's wardrobe and had even used some of her own dresses, stating that Dimple wouldn't mind","2020, and her absence was widely noticed. Twinkle Khanna's mom, Dimple Kapadia, has had a remarkable career spanning over four decades, with some iconic movies like 'Kaamchor', 'Zabardast', and 'Raja Rani'.
In a recent interview, Twinkle revealed the reason for Dimple's absence from the limelight for a while. She said that Dimple had been going through some health issues and had taken a break from the industry. Twinkle shared that she had taken over Dimple's wardrobe and had even used some of her own dresses, stating that Dimple wouldn't mind","{""do_sample"": true, ""temperature"": 1.0, ""top_p"": 0.95, ""top_k"": 50, ""repetition_penalty"": 1.0, ""max_new_tokens"": 128}"
bytekgwV6,2.0,0,1354,120,120,the World Challenge a year ago. He won at Hilton Head on the U.S. Championships in Doral and Shanghai. the ,"the World Challenge a year ago. He won at Hilton Head on the U.S. Championships in Doral and Shanghai. the 2018 Masters to have a more modest goal for the 2019 Masters, the first time he has ever held the number one ranking for longer. The Masters.
the Masters. at the moment. 19th, which is the second longest active streak on the PGA Tour behind only his good pal Rory McIlroy, the 24-year-old Spaniard led the Masters by two shots before his second-round 77, a seven-time major winner and one of the most successful players of his generation. he will probably lose the No. 1 ranking to Brooks Koepka, the year, the Masters, the British Open and the","2018 Masters to have a more modest goal for the 2019 Masters, the first time he has ever held the number one ranking for longer. The Masters.
the Masters. at the moment. 19th, which is the second longest active streak on the PGA Tour behind only his good pal Rory McIlroy, the 24-year-old Spaniard led the Masters by two shots before his second-round 77, a seven-time major winner and one of the most successful players of his generation. he will probably lose the No. 1 ranking to Brooks Koepka, the year, the Masters, the British Open and the","{""do_sample"": true, ""temperature"": 1.0, ""top_p"": 0.95, ""top_k"": 50, ""repetition_penalty"": 1.0, ""max_new_tokens"": 128}"
bytekgwV6,2.0,0,1356,122,122,2 bedroom home with extra room for office or 3rd bedroom. Kitchen features Oak cabinets. Home features wood flooring in ,"2 bedroom home with extra room for office or 3rd bedroom. Kitchen features Oak cabinets. Home features wood flooring in 2 bedrooms and office, tile flooring in kitchen and bathrooms. Master bedroom has large walk-in closet. Master bathroom features separate shower and tub. Fenced backyard with patio and shed. Roof was replaced in 2017 and gutters were replaced in 2018. Home has been well maintained and is ready for move in. Priced to sell! Schedule a showing today!
Listing information is provided exclusively for consumers' personal, non-commercial use and may not be used for any purpose other than to identify prospective properties consumers may be interested in purchasing or selling. Information deemed reliable but not guaranteed. Contact Us Today! (252) 746","2 bedrooms and office, tile flooring in kitchen and bathrooms. Master bedroom has large walk-in closet. Master bathroom features separate shower and tub. Fenced backyard with patio and shed. Roof was replaced in 2017 and gutters were replaced in 2018. Home has been well maintained and is ready for move in. Priced to sell! Schedule a showing today!
Listing information is provided exclusively for consumers' personal, non-commercial use and may not be used for any purpose other than to identify prospective properties consumers may be interested in purchasing or selling. Information deemed reliable but not guaranteed. Contact Us Today! (252) 746","{""do_sample"": true, ""temperature"": 1.0, ""top_p"": 0.95, ""top_k"": 50, ""repetition_penalty"": 1.0, ""max_new_tokens"": 128}"
bytekgwV6,2.0,0,1358,124,124,"Following her acceptance into iPOP! after try-outs in Fort Walton Beach, Michelle Bryant is talking positively about her fast-approaching opportunity. ","Following her acceptance into iPOP! after try-outs in Fort Walton Beach, Michelle Bryant is talking positively about her fast-approaching opportunity. 12-year-old Michelle is one of the few chosen for the exclusive program, which is designed to help young talent hone their acting and singing skills.
Michelle was thrilled to hear the news of her acceptance into iPOP!, as it represents a major milestone in her journey to become a successful performer. She believes this experience will be invaluable for her growth and development as a young actress and singer.
iPOP! is known for providing a nurturing environment that encourages emerging talent to flourish. Michelle is excited to have the chance to work with industry professionals who will help her refine her craft and achieve her full potential. She is grateful for the opportunity to learn from","12-year-old Michelle is one of the few chosen for the exclusive program, which is designed to help young talent hone their acting and singing skills.
Michelle was thrilled to hear the news of her acceptance into iPOP!, as it represents a major milestone in her journey to become a successful performer. She believes this experience will be invaluable for her growth and development as a young actress and singer.
iPOP! is known for providing a nurturing environment that encourages emerging talent to flourish. Michelle is excited to have the chance to work with industry professionals who will help her refine her craft and achieve her full potential. She is grateful for the opportunity to learn from","{""do_sample"": true, ""temperature"": 1.0, ""top_p"": 0.95, ""top_k"": 50, ""repetition_penalty"": 1.0, ""max_new_tokens"": 128}"
bytekgwV6,2.0,0,1360,126,126,"In the past 11 months, Mauti has had to rely on his words unlike any other time in his life. ","In the past 11 months, Mauti has had to rely on his words unlike any other time in his life. 2010 was a nightmare for him.
The year began with a promising junior season, only to take a devastating turn when the linebacker suffered a broken collarbone and was forced to sit out several games. He tried to come back, but it was too much for him and he eventually had to undergo surgery.
But Mauti was not going to let his injury define him. He used his offseason to work harder than ever before, determined to make a comeback and prove that he was more than just a talented player.
And make a comeback he did.
Mauti started the 2011 season on the Penn State bench, but a series","2010 was a nightmare for him.
The year began with a promising junior season, only to take a devastating turn when the linebacker suffered a broken collarbone and was forced to sit out several games. He tried to come back, but it was too much for him and he eventually had to undergo surgery.
But Mauti was not going to let his injury define him. He used his offseason to work harder than ever before, determined to make a comeback and prove that he was more than just a talented player.
And make a comeback he did.
Mauti started the 2011 season on the Penn State bench, but a series","{""do_sample"": true, ""temperature"": 1.0, ""top_p"": 0.95, ""top_k"": 50, ""repetition_penalty"": 1.0, ""max_new_tokens"": 128}"
bytekgwV6,2.0,0,1362,128,128,The FINANCIAL (AD) -- ProCredit Bank has donated a unique ex libris collection to the National Centre of Manuscripts. This ,"The FINANCIAL (AD) -- ProCredit Bank has donated a unique ex libris collection to the National Centre of Manuscripts. This 400-volume book collection includes works on various subjects from the 16th to the 19th centuries, and it's considered a rare and valuable cultural heritage for the country.
The ex libris collection is part of the historical and cultural assets of the former Soviet Union and is made up of rare and valuable publications that were once owned by famous bibliophiles, intellectuals and historians. The collection includes works by famous authors such as Charles Dickens, Jane Austen, Leo Tolstoy, Fyodor Dostoevsky, and others.
The books were donated to the National Centre of Manuscripts by ProCredit Bank, as part of the","400-volume book collection includes works on various subjects from the 16th to the 19th centuries, and it's considered a rare and valuable cultural heritage for the country.
The ex libris collection is part of the historical and cultural assets of the former Soviet Union and is made up of rare and valuable publications that were once owned by famous bibliophiles, intellectuals and historians. The collection includes works by famous authors such as Charles Dickens, Jane Austen, Leo Tolstoy, Fyodor Dostoevsky, and others.
The books were donated to the National Centre of Manuscripts by ProCredit Bank, as part of the","{""do_sample"": true, ""temperature"": 1.0, ""top_p"": 0.95, ""top_k"": 50, ""repetition_penalty"": 1.0, ""max_new_tokens"": 128}"
bytekgwV6,2.0,0,1364,130,130,These two healthcare REITs are trading for dirt-cheap valuations despite high dividends and a solid history of growth. Investing in ,"These two healthcare REITs are trading for dirt-cheap valuations despite high dividends and a solid history of growth. Investing in 2022 is all about patience, so consider giving these two companies a look.
The healthcare real estate investment trust (REIT) sector has faced significant headwinds in 2022, with many REITs trading at depressed levels. Two healthcare REITs that have caught my attention are Welltower Inc. ( WELL ) and Ventas Inc. ( VTR ) due to their impressive history of growth, high dividends, and bargain-basement valuations.
Let's take a closer look at each stock and why they might be attractive investments for patient investors.
Welltower Inc. (WELL)
Welltower is one of the","2022 is all about patience, so consider giving these two companies a look.
The healthcare real estate investment trust (REIT) sector has faced significant headwinds in 2022, with many REITs trading at depressed levels. Two healthcare REITs that have caught my attention are Welltower Inc. ( WELL ) and Ventas Inc. ( VTR ) due to their impressive history of growth, high dividends, and bargain-basement valuations.
Let's take a closer look at each stock and why they might be attractive investments for patient investors.
Welltower Inc. (WELL)
Welltower is one of the","{""do_sample"": true, ""temperature"": 1.0, ""top_p"": 0.95, ""top_k"": 50, ""repetition_penalty"": 1.0, ""max_new_tokens"": 128}"
bytekgwV6,2.0,0,1366,132,132,Young Lions skipper Brad Galvin isn’t afraid of taking his side’s ‘scrappy’ style of play into Sunday’s semi final clash ,"Young Lions skipper Brad Galvin isn’t afraid of taking his side’s ‘scrappy’ style of play into Sunday’s semi final clash  with Nadi.
Galvin praised the team for their never-say-die attitude after beating Suva 2-1 in the quarter-finals and said they were more than capable of pulling off an upset against the defending champions.
“Yeah, we know Nadi are the favourites and they have a lot of experience but we’re not going in there to be intimidated,” Galvin said.
“We know we can play with them and we know we can get the job done. We’ve been working hard on our set pieces and our counter attacks, so I think we can cause them some problems.”
Galvin said the Young Lions would"," with Nadi.
Galvin praised the team for their never-say-die attitude after beating Suva 2-1 in the quarter-finals and said they were more than capable of pulling off an upset against the defending champions.
“Yeah, we know Nadi are the favourites and they have a lot of experience but we’re not going in there to be intimidated,” Galvin said.
“We know we can play with them and we know we can get the job done. We’ve been working hard on our set pieces and our counter attacks, so I think we can cause them some problems.”
Galvin said the Young Lions would","{""do_sample"": true, ""temperature"": 1.0, ""top_p"": 0.95, ""top_k"": 50, ""repetition_penalty"": 1.0, ""max_new_tokens"": 128}"
bytekgwV6,2.0,0,1368,134,134,"For a career that once seemed so good on paper, the crisis in teacher recruitment is now hardly ever out ","For a career that once seemed so good on paper, the crisis in teacher recruitment is now hardly ever out 0f the headlines.
In 2015, the UK government promised an extra £1 billion for teachers' pay, £150 million for teacher training, and 13,500 new teachers. But the crisis has only worsened.
In 2018, a whopping 45% of new teachers reported feeling ""unprepared"" for the demands of the job. Now, as pupil numbers rise, more schools are being forced to cut subjects, and some staff have been made redundant.
To put this into context, when I was a teacher, we used to laugh about how hard it was to get a job in the first place! Now","0f the headlines.
In 2015, the UK government promised an extra £1 billion for teachers' pay, £150 million for teacher training, and 13,500 new teachers. But the crisis has only worsened.
In 2018, a whopping 45% of new teachers reported feeling ""unprepared"" for the demands of the job. Now, as pupil numbers rise, more schools are being forced to cut subjects, and some staff have been made redundant.
To put this into context, when I was a teacher, we used to laugh about how hard it was to get a job in the first place! Now","{""do_sample"": true, ""temperature"": 1.0, ""top_p"": 0.95, ""top_k"": 50, ""repetition_penalty"": 1.0, ""max_new_tokens"": 128}"
bytekgwV6,2.0,0,1370,136,136,councilors at the USC Annenberg School for Communication. Arkansas governor and congressman who joined the board in 2006. renewed attention ,"councilors at the USC Annenberg School for Communication. Arkansas governor and congressman who joined the board in 2006. renewed attention 3+ years after its initial public release. The latest release has been met with controversy, particularly regarding its potential privacy implications. The public release of the dataset came through a partnership between Facebook, which owns the rights to the platform, and the University of California, Los Angeles (UCLA) and the University of California, Berkeley (UC Berkeley) Data Science Research Program.
Facebook's original intent was to create a dataset for training AI models, and initially released the dataset in 2017 under the Attribution-NonCommercial 3.0 United States (CC BY-NC 3.0 US) license. The license allows for non-commercial","3+ years after its initial public release. The latest release has been met with controversy, particularly regarding its potential privacy implications. The public release of the dataset came through a partnership between Facebook, which owns the rights to the platform, and the University of California, Los Angeles (UCLA) and the University of California, Berkeley (UC Berkeley) Data Science Research Program.
Facebook's original intent was to create a dataset for training AI models, and initially released the dataset in 2017 under the Attribution-NonCommercial 3.0 United States (CC BY-NC 3.0 US) license. The license allows for non-commercial","{""do_sample"": true, ""temperature"": 1.0, ""top_p"": 0.95, ""top_k"": 50, ""repetition_penalty"": 1.0, ""max_new_tokens"": 128}"
bytekgwV6,2.0,0,1372,138,138,The Las Vegas real estate market got a small reprieve in February; with sales volume at a four-year high for ,"The Las Vegas real estate market got a small reprieve in February; with sales volume at a four-year high for 2023. The median sale price for the Las Vegas Valley dropped 4% compared to the same period last year, according to the Greater Las Vegas Association of Realtors.
February sales volume reached 2,664, a 12% increase over the same period in 2022 and a 10% increase from January. The median sale price in February was $340,000, down from $353,000 last year.
Although the market has been sluggish, some experts say the increase in sales volume could be attributed to the increase in listings. The number of available homes for sale increased 14% from the same period last year","2023. The median sale price for the Las Vegas Valley dropped 4% compared to the same period last year, according to the Greater Las Vegas Association of Realtors.
February sales volume reached 2,664, a 12% increase over the same period in 2022 and a 10% increase from January. The median sale price in February was $340,000, down from $353,000 last year.
Although the market has been sluggish, some experts say the increase in sales volume could be attributed to the increase in listings. The number of available homes for sale increased 14% from the same period last year","{""do_sample"": true, ""temperature"": 1.0, ""top_p"": 0.95, ""top_k"": 50, ""repetition_penalty"": 1.0, ""max_new_tokens"": 128}"
bytekgwV6,2.0,0,1374,140,140,Rafael Nadal became the first man to win eight titles at the same Grand Slam tournament after beating fellow Spaniard ,"Rafael Nadal became the first man to win eight titles at the same Grand Slam tournament after beating fellow Spaniard 12th seed David Ferrer 4-6, 7-5, 6-3, 6-2 in a thrilling French Open final.
Nadal claimed his 11th Grand Slam title overall and lifted the Coupe des Mousquetaires for the eighth time, surpassing his own record set last year. The 24-year-old Spaniard is now just behind the all-time record of 12 French Open titles held by French greats Henri Cochet and Billie Jean King.
Ferrer, 29, was bidding for his first Grand Slam title, but struggled with his serve and was unable to put pressure","12th seed David Ferrer 4-6, 7-5, 6-3, 6-2 in a thrilling French Open final.
Nadal claimed his 11th Grand Slam title overall and lifted the Coupe des Mousquetaires for the eighth time, surpassing his own record set last year. The 24-year-old Spaniard is now just behind the all-time record of 12 French Open titles held by French greats Henri Cochet and Billie Jean King.
Ferrer, 29, was bidding for his first Grand Slam title, but struggled with his serve and was unable to put pressure","{""do_sample"": true, ""temperature"": 1.0, ""top_p"": 0.95, ""top_k"": 50, ""repetition_penalty"": 1.0, ""max_new_tokens"": 128}"
bytekgwV6,2.0,0,1376,142,142,"No longer limited to calling other Jaxtr users, the service is taking cue from Skype for its revenue strategy. Jaxtr, ","No longer limited to calling other Jaxtr users, the service is taking cue from Skype for its revenue strategy. Jaxtr, 24sevenMedia's mobile VoIP service, has added the ability to call any phone, including landlines and mobile phones, for a small premium over the standard mobile rates.
With this update, Jaxtr will be charging users $.02 per minute for calls to other Jaxtr members, $.07 per minute for calls to other mobile phones, and $.15 per minute for calls to landlines within the U.S. International rates will vary. The service is currently available only in the United States.
Jaxtr is now competing directly with Skype, which offers similar functionality for a flat monthly fee. But Jaxtr's new business","24sevenMedia's mobile VoIP service, has added the ability to call any phone, including landlines and mobile phones, for a small premium over the standard mobile rates.
With this update, Jaxtr will be charging users $.02 per minute for calls to other Jaxtr members, $.07 per minute for calls to other mobile phones, and $.15 per minute for calls to landlines within the U.S. International rates will vary. The service is currently available only in the United States.
Jaxtr is now competing directly with Skype, which offers similar functionality for a flat monthly fee. But Jaxtr's new business","{""do_sample"": true, ""temperature"": 1.0, ""top_p"": 0.95, ""top_k"": 50, ""repetition_penalty"": 1.0, ""max_new_tokens"": 128}"
bytekgwV6,2.0,0,1378,144,144,A three member bench of the Supreme Court has adjourned the hearing of Orange Line Metro Train case till Friday. ,"A three member bench of the Supreme Court has adjourned the hearing of Orange Line Metro Train case till Friday.  Justice Sheikh Azmat Saeed, Justice Mansoor Ali Shah and Justice Amir Farooq heard the case and expressed their reservations over the construction work of Orange Line Metro Train project.
During the hearing, the Chief Justice of Pakistan Justice Asif Saeed Khosa took notice of the case and summoned the Attorney General for Pakistan to appear before the court.  Justice Sheikh Azmat Saeed observed that the project was awarded to the lowest bidder, which was a matter of concern.  Justice Mansoor Ali Shah questioned the transparency of the bidding process and asked how the lowest bidder was awarded the project.
The hearing was"," Justice Sheikh Azmat Saeed, Justice Mansoor Ali Shah and Justice Amir Farooq heard the case and expressed their reservations over the construction work of Orange Line Metro Train project.
During the hearing, the Chief Justice of Pakistan Justice Asif Saeed Khosa took notice of the case and summoned the Attorney General for Pakistan to appear before the court.  Justice Sheikh Azmat Saeed observed that the project was awarded to the lowest bidder, which was a matter of concern.  Justice Mansoor Ali Shah questioned the transparency of the bidding process and asked how the lowest bidder was awarded the project.
The hearing was","{""do_sample"": true, ""temperature"": 1.0, ""top_p"": 0.95, ""top_k"": 50, ""repetition_penalty"": 1.0, ""max_new_tokens"": 128}"
bytekgwV6,2.0,0,1380,146,146,"A primary school caretaker has been found guilty of attacking a group of teenagers. Karl Lucas, 27, of Manor Fields, ","A primary school caretaker has been found guilty of attacking a group of teenagers. Karl Lucas, 27, of Manor Fields, 35, was convicted of assault and affray after the incident, which occurred in July 2003.
A jury at Wolverhampton Crown Court took four hours to reach the verdict.
The court heard that the five teenagers were playing football in a park near Lucas's workplace when he confronted them after 7pm.
Lucas, who was wearing his school uniform, shouted and swore at the group before chasing them, kicking and punching them.
One of the boys, then 15, was left with a broken wrist and bruising.
The court was told that Lucas had a history of violence, including an earlier conviction for affray.
Luc","35, was convicted of assault and affray after the incident, which occurred in July 2003.
A jury at Wolverhampton Crown Court took four hours to reach the verdict.
The court heard that the five teenagers were playing football in a park near Lucas's workplace when he confronted them after 7pm.
Lucas, who was wearing his school uniform, shouted and swore at the group before chasing them, kicking and punching them.
One of the boys, then 15, was left with a broken wrist and bruising.
The court was told that Lucas had a history of violence, including an earlier conviction for affray.
Luc","{""do_sample"": true, ""temperature"": 1.0, ""top_p"": 0.95, ""top_k"": 50, ""repetition_penalty"": 1.0, ""max_new_tokens"": 128}"
bytekgwV6,2.0,0,1382,148,148,"It's not always easy to keep mentally focused during running. Focus requires discipline and a certain level of mental toughness, ","It's not always easy to keep mentally focused during running. Focus requires discipline and a certain level of mental toughness, 1. The goal of this mental technique is to distract the mind from pain, boredom, and other distractions and maintain attention on the task at hand, 2. In this article, we'll share some effective techniques for maintaining mental focus while running.
1. Goal Setting:
Goal setting can help keep you mentally focused by giving you something to work towards. This can be a specific distance, a certain pace, or a goal time. Knowing what you're working towards can help maintain your motivation and focus. Write down your goals before your run to help commit them to memory and visualize your success.
2. Positive Self-Talk:
Positive self","1. The goal of this mental technique is to distract the mind from pain, boredom, and other distractions and maintain attention on the task at hand, 2. In this article, we'll share some effective techniques for maintaining mental focus while running.
1. Goal Setting:
Goal setting can help keep you mentally focused by giving you something to work towards. This can be a specific distance, a certain pace, or a goal time. Knowing what you're working towards can help maintain your motivation and focus. Write down your goals before your run to help commit them to memory and visualize your success.
2. Positive Self-Talk:
Positive self","{""do_sample"": true, ""temperature"": 1.0, ""top_p"": 0.95, ""top_k"": 50, ""repetition_penalty"": 1.0, ""max_new_tokens"": 128}"
bytekgwV6,2.0,0,1384,150,150,"Amazingly, half of all Americans say they don’t care about government surveillance — and during a random sampling of people ","Amazingly, half of all Americans say they don’t care about government surveillance — and during a random sampling of people 25 and older, 44% said they have no problem with the NSA collecting phone and internet records. Just 45% of Americans believe the NSA’s spying is a threat to their privacy, and 25% think it’s a good thing that the government is collecting information.
Another poll conducted by the Economist/YouGov asked 1,000 people which of the following statements was more important:
“Protecting the country from terrorism” (67%)
“Protecting individual privacy and civil liberties” (31%)
Of course, this should be of no surprise given the apathy and lack of knowledge many Americans have about government surveillance. In","25 and older, 44% said they have no problem with the NSA collecting phone and internet records. Just 45% of Americans believe the NSA’s spying is a threat to their privacy, and 25% think it’s a good thing that the government is collecting information.
Another poll conducted by the Economist/YouGov asked 1,000 people which of the following statements was more important:
“Protecting the country from terrorism” (67%)
“Protecting individual privacy and civil liberties” (31%)
Of course, this should be of no surprise given the apathy and lack of knowledge many Americans have about government surveillance. In","{""do_sample"": true, ""temperature"": 1.0, ""top_p"": 0.95, ""top_k"": 50, ""repetition_penalty"": 1.0, ""max_new_tokens"": 128}"
bytekgwV6,2.0,0,1386,152,152,"Ubuntu 10.04 LTS Lucid Lynx is the latest Linux operating system from Canonical, aimed at consumers. It's free, but is ","Ubuntu 10.04 LTS Lucid Lynx is the latest Linux operating system from Canonical, aimed at consumers. It's free, but is 10.04 worth installing?
Linux has come a long way in recent years, and Ubuntu, a popular open-source operating system, is no exception. Ubuntu 10.04 LTS Lucid Lynx, released in May 2010, is the latest version of the OS and is designed specifically for consumers.
In this review, we'll explore the features and performance of Ubuntu 10.04 LTS Lucid Lynx to help you decide if it's worth installing on your computer.

**Ease of Use**

Ubuntu 10.04 LTS Lucid Lynx is known for its user-friendly interface, making it an ideal choice for beginners.","10.04 worth installing?
Linux has come a long way in recent years, and Ubuntu, a popular open-source operating system, is no exception. Ubuntu 10.04 LTS Lucid Lynx, released in May 2010, is the latest version of the OS and is designed specifically for consumers.
In this review, we'll explore the features and performance of Ubuntu 10.04 LTS Lucid Lynx to help you decide if it's worth installing on your computer.

**Ease of Use**

Ubuntu 10.04 LTS Lucid Lynx is known for its user-friendly interface, making it an ideal choice for beginners.","{""do_sample"": true, ""temperature"": 1.0, ""top_p"": 0.95, ""top_k"": 50, ""repetition_penalty"": 1.0, ""max_new_tokens"": 128}"
bytekgwV6,2.0,0,1388,154,154,"New York’s bike share really does attract way more commuters than tourists. Since its debut last year, New York City’s ","New York’s bike share really does attract way more commuters than tourists. Since its debut last year, New York City’s 24,000-strong bike-share fleet has racked up millions of trips, with the majority going from home to work and back again. In fact, the bike-share program has been so popular that it has changed the way many New Yorkers get around.
A new study published in the Journal of Urban Economics looked at the data from the first year of the bike-share program, which launched in May 2013. The researchers found that 70% of trips were work-related, with the majority occurring between Monday and Friday, between 7 and 9 am, and between 4 and 6 pm.
Tourist trips, on the other hand","24,000-strong bike-share fleet has racked up millions of trips, with the majority going from home to work and back again. In fact, the bike-share program has been so popular that it has changed the way many New Yorkers get around.
A new study published in the Journal of Urban Economics looked at the data from the first year of the bike-share program, which launched in May 2013. The researchers found that 70% of trips were work-related, with the majority occurring between Monday and Friday, between 7 and 9 am, and between 4 and 6 pm.
Tourist trips, on the other hand","{""do_sample"": true, ""temperature"": 1.0, ""top_p"": 0.95, ""top_k"": 50, ""repetition_penalty"": 1.0, ""max_new_tokens"": 128}"
bytekgwV6,2.0,0,1390,156,156,"On Jan. 15, nine of 12 members of the National Park System Advisory Board sent a letter to Interior Secretary ","On Jan. 15, nine of 12 members of the National Park System Advisory Board sent a letter to Interior Secretary  Zinke, urging him to reconsider the plan to shrink several national monuments, including Bears Ears and Grand Staircase-Escalante in Utah.
The board, which is made up of experts in the fields of conservation, science, and recreation, expressed concerns that the reduction of the monuments would harm the natural and cultural resources they protect. They argued that the monuments are essential for preserving the region's geological and ecological history, and for protecting the rights of indigenous peoples who consider the areas sacred.
The board cited the importance of these monuments for conservation and recreation, and pointed out that the monuments are not only significant for their natural beauty but"," Zinke, urging him to reconsider the plan to shrink several national monuments, including Bears Ears and Grand Staircase-Escalante in Utah.
The board, which is made up of experts in the fields of conservation, science, and recreation, expressed concerns that the reduction of the monuments would harm the natural and cultural resources they protect. They argued that the monuments are essential for preserving the region's geological and ecological history, and for protecting the rights of indigenous peoples who consider the areas sacred.
The board cited the importance of these monuments for conservation and recreation, and pointed out that the monuments are not only significant for their natural beauty but","{""do_sample"": true, ""temperature"": 1.0, ""top_p"": 0.95, ""top_k"": 50, ""repetition_penalty"": 1.0, ""max_new_tokens"": 128}"
bytekgwV6,2.0,0,1392,158,158,"October 30, 2017  Mancari offers stories of wandering and homecoming, colored by a determination to live, artistically, beyond the ","October 30, 2017  Mancari offers stories of wandering and homecoming, colored by a determination to live, artistically, beyond the 30s. Poems here explore the beauty and dis-ease of the modern world, the self, and the land. Read our review.
October 23, 2017  ""The Undocumented Americans"" offers a nuanced exploration of immigration, citizenship, and identity, bringing voices to the forefront that often go unheard. The collection's tone is raw, emotional, and activist. Read our review.
October 16, 2017  This collection offers a journey through the speaker's life, exploring themes of identity, desire, and the search for connection and understanding. Poems here oscillate between introspection and movement,","30s. Poems here explore the beauty and dis-ease of the modern world, the self, and the land. Read our review.
October 23, 2017  ""The Undocumented Americans"" offers a nuanced exploration of immigration, citizenship, and identity, bringing voices to the forefront that often go unheard. The collection's tone is raw, emotional, and activist. Read our review.
October 16, 2017  This collection offers a journey through the speaker's life, exploring themes of identity, desire, and the search for connection and understanding. Poems here oscillate between introspection and movement,","{""do_sample"": true, ""temperature"": 1.0, ""top_p"": 0.95, ""top_k"": 50, ""repetition_penalty"": 1.0, ""max_new_tokens"": 128}"
bytekgwV6,2.0,0,1394,160,160,"Since 2010, Microsoft has been working on a gaming display system so small that it wouldn't need to be sitting ","Since 2010, Microsoft has been working on a gaming display system so small that it wouldn't need to be sitting 6 feet away from the player. Instead, it would be integrated into the player's glasses or even contact lenses, allowing for a fully immersive virtual reality experience.

The technology, known as HoloLens, combines augmented reality (AR) and virtual reality (VR) capabilities into one system. With the ability to detect and interpret the player's eye movements, the HoloLens would be able to accurately track the player's attention and seamlessly integrate virtual characters and objects into the player's real-world surroundings.

But HoloLens is more than just a display system – it also includes a suite of sensors that track the player's body movements, including","6 feet away from the player. Instead, it would be integrated into the player's glasses or even contact lenses, allowing for a fully immersive virtual reality experience.

The technology, known as HoloLens, combines augmented reality (AR) and virtual reality (VR) capabilities into one system. With the ability to detect and interpret the player's eye movements, the HoloLens would be able to accurately track the player's attention and seamlessly integrate virtual characters and objects into the player's real-world surroundings.

But HoloLens is more than just a display system – it also includes a suite of sensors that track the player's body movements, including","{""do_sample"": true, ""temperature"": 1.0, ""top_p"": 0.95, ""top_k"": 50, ""repetition_penalty"": 1.0, ""max_new_tokens"": 128}"
bytekgwV6,2.0,0,1396,162,162,Dubai: The Dubai Financial Market (DFM) witnessed another round of selling on Monday as traders remained cautious ahead of a ,"Dubai: The Dubai Financial Market (DFM) witnessed another round of selling on Monday as traders remained cautious ahead of a 5-day Eid holiday.
The bourse ended the session 0.12 per cent lower, with the overall market capitalisation declining by 0.15 per cent to reach Dh1.44 trillion (approximately $392 billion).
The Dubai Index slid 0.12 per cent to 2,843.24 points, while the Real Estate Index dipped 0.47 per cent to 1,440.55 points.
The DFM General Index lost 0.13 per cent to 1,546.37 points, while the Islamic Index (DIMA) retreated by 0.12 per cent to 1,135","5-day Eid holiday.
The bourse ended the session 0.12 per cent lower, with the overall market capitalisation declining by 0.15 per cent to reach Dh1.44 trillion (approximately $392 billion).
The Dubai Index slid 0.12 per cent to 2,843.24 points, while the Real Estate Index dipped 0.47 per cent to 1,440.55 points.
The DFM General Index lost 0.13 per cent to 1,546.37 points, while the Islamic Index (DIMA) retreated by 0.12 per cent to 1,135","{""do_sample"": true, ""temperature"": 1.0, ""top_p"": 0.95, ""top_k"": 50, ""repetition_penalty"": 1.0, ""max_new_tokens"": 128}"
bytekgwV6,2.0,0,1398,164,164,"I didn’t notice, but I’ve been told George W, Bush delivered his latest speech smoothly, more so than most of ","I didn’t notice, but I’ve been told George W, Bush delivered his latest speech smoothly, more so than most of 10,000 speeches. Well done!
He mentioned several times that he has a plan for each of the major issues and that it is already working. Well, it’s easy to say it’s working when he’s been in office for six years and the issue is no worse. I think that’s because he has failed to adequately address the problems, rather than the problems themselves being cured.
This new initiative sounds more like a re-packaging of existing programs rather than new solutions. He also used the term “Islamic fundamentalism” which some folks have taken to mean all Muslims. Now, I know this wasn’t his intention, but it","10,000 speeches. Well done!
He mentioned several times that he has a plan for each of the major issues and that it is already working. Well, it’s easy to say it’s working when he’s been in office for six years and the issue is no worse. I think that’s because he has failed to adequately address the problems, rather than the problems themselves being cured.
This new initiative sounds more like a re-packaging of existing programs rather than new solutions. He also used the term “Islamic fundamentalism” which some folks have taken to mean all Muslims. Now, I know this wasn’t his intention, but it","{""do_sample"": true, ""temperature"": 1.0, ""top_p"": 0.95, ""top_k"": 50, ""repetition_penalty"": 1.0, ""max_new_tokens"": 128}"
bytekgwV6,2.0,0,1400,166,166,Seven-Year-Old Florida Boy Swallows Grill! This 7-year-old boy became the latest victim of hip-hop culture – as he was rushed ,"Seven-Year-Old Florida Boy Swallows Grill! This 7-year-old boy became the latest victim of hip-hop culture – as he was rushed  to a hospital after swallowing a grill he found on the beach.
The boy was playing on the beach with his friends in Jacksonville, Florida, when he found the grill, which was reportedly 10 cm long and had been left there by an unknown party.
After finding the grill, the boy picked it up and put it in his mouth, thinking it was just a fun plaything.
It wasn't until he started to choke that his friends became concerned and rushed to get him help.
First aid responders were quickly called to the scene, and they used a Heimlich maneuver to try and dislodge the grill from the boy's"," to a hospital after swallowing a grill he found on the beach.
The boy was playing on the beach with his friends in Jacksonville, Florida, when he found the grill, which was reportedly 10 cm long and had been left there by an unknown party.
After finding the grill, the boy picked it up and put it in his mouth, thinking it was just a fun plaything.
It wasn't until he started to choke that his friends became concerned and rushed to get him help.
First aid responders were quickly called to the scene, and they used a Heimlich maneuver to try and dislodge the grill from the boy's","{""do_sample"": true, ""temperature"": 1.0, ""top_p"": 0.95, ""top_k"": 50, ""repetition_penalty"": 1.0, ""max_new_tokens"": 128}"
bytekgwV6,2.0,0,1402,168,168,"Plan B has announced a nationwide UK tour this autumn. The rapper-turned-singer, who scored a UK Number One album with ","Plan B has announced a nationwide UK tour this autumn. The rapper-turned-singer, who scored a UK Number One album with 2006’s Who Needs Action?!, will play 14 dates, kicking off on November 14th.
The shows, which take place from November 14th to December 15th, include a performance at London’s O2 Academy Brixton on November 26th and a show at Manchester’s Academy on December 3rd.
Tickets go on sale on September 22nd at 9am. Plan B has recently released his third studio album, The Defamation of Strickland Banks, which has received critical acclaim and debuted at Number One on the UK Albums Chart. The album includes the hit singles ""The Wedding bells","2006’s Who Needs Action?!, will play 14 dates, kicking off on November 14th.
The shows, which take place from November 14th to December 15th, include a performance at London’s O2 Academy Brixton on November 26th and a show at Manchester’s Academy on December 3rd.
Tickets go on sale on September 22nd at 9am. Plan B has recently released his third studio album, The Defamation of Strickland Banks, which has received critical acclaim and debuted at Number One on the UK Albums Chart. The album includes the hit singles ""The Wedding bells","{""do_sample"": true, ""temperature"": 1.0, ""top_p"": 0.95, ""top_k"": 50, ""repetition_penalty"": 1.0, ""max_new_tokens"": 128}"
bytekgwV6,2.0,0,1404,170,170,"Do as I did, started my own business and see how much work it takes and then go from there. ","Do as I did, started my own business and see how much work it takes and then go from there.  It's not as easy as it seems, and it's not for the faint of heart.  Starting your own business can be very overwhelming and challenging, but if you're up for the challenge, it can be incredibly rewarding.
There are so many benefits to starting your own business.  You get to be your own boss, set your own hours, and make all the decisions for your company.  You get to take risks and pursue your passions, which can lead to a more fulfilling and happy life.
Starting your own business can also provide you with a sense of accomplishment and a sense of pride.  You"," It's not as easy as it seems, and it's not for the faint of heart.  Starting your own business can be very overwhelming and challenging, but if you're up for the challenge, it can be incredibly rewarding.
There are so many benefits to starting your own business.  You get to be your own boss, set your own hours, and make all the decisions for your company.  You get to take risks and pursue your passions, which can lead to a more fulfilling and happy life.
Starting your own business can also provide you with a sense of accomplishment and a sense of pride.  You","{""do_sample"": true, ""temperature"": 1.0, ""top_p"": 0.95, ""top_k"": 50, ""repetition_penalty"": 1.0, ""max_new_tokens"": 128}"
bytekgwV6,2.0,0,1406,172,172,"A large, brand-new movie studio in Palm Beach County already has a potential box-office hit. Twentieth Century Fox will film ","A large, brand-new movie studio in Palm Beach County already has a potential box-office hit. Twentieth Century Fox will film 11 episodes of the popular TV series ""Burn Notice"" at the new studio, which is being built in Boynton Beach. Production on the show, which stars Jeffrey Donovan, Gabrielle Anwar and Bruce Campbell, is expected to start in April and continue through October. The studio, which is being developed by the Boynton Beach Redevelopment Agency, is expected to be completed by the end of the year.
It seems that a new movie studio in Boynton Beach will be home to the upcoming 11th season of the popular USA Network series ""Burn Notice."" This is a huge coup for the city, and it's expected to generate","11 episodes of the popular TV series ""Burn Notice"" at the new studio, which is being built in Boynton Beach. Production on the show, which stars Jeffrey Donovan, Gabrielle Anwar and Bruce Campbell, is expected to start in April and continue through October. The studio, which is being developed by the Boynton Beach Redevelopment Agency, is expected to be completed by the end of the year.
It seems that a new movie studio in Boynton Beach will be home to the upcoming 11th season of the popular USA Network series ""Burn Notice."" This is a huge coup for the city, and it's expected to generate","{""do_sample"": true, ""temperature"": 1.0, ""top_p"": 0.95, ""top_k"": 50, ""repetition_penalty"": 1.0, ""max_new_tokens"": 128}"
bytekgwV6,2.0,0,1408,174,174,Bengaluru — Gold prices rose on Thursday as the growing expectation that the US Federal Reserve will pause its rate ,"Bengaluru — Gold prices rose on Thursday as the growing expectation that the US Federal Reserve will pause its rate  hike cycle in coming months supported the safe-haven metal's rally. Higher demand ahead of the festival season in India also lifted prices.
Spot gold was up 0.5% at $1,307.50 per ounce by 11:55 GMT, while US gold futures settled 0.6% higher at $1,311.10.
""We're seeing a bit of a revival in safe-haven demand, driven by concerns that the Fed might not hike rates aggressively this year,"" said Ross Norman, chief executive at Sharps Pixley.
Many investors expect the US Federal Reserve to delay or slow the pace of interest rate"," hike cycle in coming months supported the safe-haven metal's rally. Higher demand ahead of the festival season in India also lifted prices.
Spot gold was up 0.5% at $1,307.50 per ounce by 11:55 GMT, while US gold futures settled 0.6% higher at $1,311.10.
""We're seeing a bit of a revival in safe-haven demand, driven by concerns that the Fed might not hike rates aggressively this year,"" said Ross Norman, chief executive at Sharps Pixley.
Many investors expect the US Federal Reserve to delay or slow the pace of interest rate","{""do_sample"": true, ""temperature"": 1.0, ""top_p"": 0.95, ""top_k"": 50, ""repetition_penalty"": 1.0, ""max_new_tokens"": 128}"
bytekgwV6,2.0,0,1410,176,176,"After your business is up and running, your focus naturally shifts to increasing efficiency. The small things you do to ","After your business is up and running, your focus naturally shifts to increasing efficiency. The small things you do to 8/13/2021, 12:00 AM The Importance of Efficient Logistics for Your Business. 1.... business owners that they can trust to handle their logistics, providing them with access to their stock levels and shipment tracking. Log in to check your stock levels, view your shipment schedule, and track your shipments. Efficient logistics can help improve your cash flow by allowing you to get products to customers quickly, which can help reduce stock levels and free up capital. With efficient logistics, you can optimize your supply chain operations, reduce waste, and improve your bottom line. Efficient logistics can help your business to grow, save money,","8/13/2021, 12:00 AM The Importance of Efficient Logistics for Your Business. 1.... business owners that they can trust to handle their logistics, providing them with access to their stock levels and shipment tracking. Log in to check your stock levels, view your shipment schedule, and track your shipments. Efficient logistics can help improve your cash flow by allowing you to get products to customers quickly, which can help reduce stock levels and free up capital. With efficient logistics, you can optimize your supply chain operations, reduce waste, and improve your bottom line. Efficient logistics can help your business to grow, save money,","{""do_sample"": true, ""temperature"": 1.0, ""top_p"": 0.95, ""top_k"": 50, ""repetition_penalty"": 1.0, ""max_new_tokens"": 128}"
bytekgwV6,2.0,0,1412,178,178,"(Trinidad Guardian) It has been 42 days since Gan­gad­har Hanooman, 49, has been miss­ing and rel­a­tives in re­new­ing their calls ","(Trinidad Guardian) It has been 42 days since Gan­gad­har Hanooman, 49, has been miss­ing and rel­a­tives in re­new­ing their calls  for the po­lice to ac­tion im­me­di­ate­ly and un­cov­er the truth be­hind his van­ish­ing.
Hanooman, a for­mer re­al es­tate agent, was last seen leav­ing a res­tau­rant in San Juan, Trinidad, on Novem­ber 21, where he was meet­ing a friend.
Fam­i­ly mem­bers claim the po­lice have not taken the dis­ap­pear­ance ser­ious­ly and have al­leged that they have been met with in­"," for the po­lice to ac­tion im­me­di­ate­ly and un­cov­er the truth be­hind his van­ish­ing.
Hanooman, a for­mer re­al es­tate agent, was last seen leav­ing a res­tau­rant in San Juan, Trinidad, on Novem­ber 21, where he was meet­ing a friend.
Fam­i­ly mem­bers claim the po­lice have not taken the dis­ap­pear­ance ser­ious­ly and have al­leged that they have been met with in­","{""do_sample"": true, ""temperature"": 1.0, ""top_p"": 0.95, ""top_k"": 50, ""repetition_penalty"": 1.0, ""max_new_tokens"": 128}"
bytekgwV6,2.0,0,1414,180,180,"Maureen Hancock is an internationally renowned Spirit Medium, intuitive, teacher, lecturer, Holistic Healer, and author of the bestselling book, “The ","Maureen Hancock is an internationally renowned Spirit Medium, intuitive, teacher, lecturer, Holistic Healer, and author of the bestselling book, “The 5 Levels of Healing”. She was born in California, USA, and began her spiritual journey at a young age. She has been channeling for over 30 years and is known for her unapologetic, no-nonsense approach to mediumship.
Maureen has worked with numerous individuals, including law enforcement, first responders, and those who have experienced near-death experiences. She is an expert in facilitating healing and spiritual connections with loved ones who have passed on. Maureen has appeared on numerous television shows, including CBS’s “Live! with Regis and Kelly” and NBC’s “The Tonight Show with Jay Leno”.
Maureen","5 Levels of Healing”. She was born in California, USA, and began her spiritual journey at a young age. She has been channeling for over 30 years and is known for her unapologetic, no-nonsense approach to mediumship.
Maureen has worked with numerous individuals, including law enforcement, first responders, and those who have experienced near-death experiences. She is an expert in facilitating healing and spiritual connections with loved ones who have passed on. Maureen has appeared on numerous television shows, including CBS’s “Live! with Regis and Kelly” and NBC’s “The Tonight Show with Jay Leno”.
Maureen","{""do_sample"": true, ""temperature"": 1.0, ""top_p"": 0.95, ""top_k"": 50, ""repetition_penalty"": 1.0, ""max_new_tokens"": 128}"
bytekgwV6,2.0,0,1416,182,182,"Samoas and Thin Mints and Tagalongs, oh my! It's time to celebrate those little cookies that make diets shut right ","Samoas and Thin Mints and Tagalongs, oh my! It's time to celebrate those little cookies that make diets shut right  up.
In other news, the weather forecast for today is: Hot, with a high chance of sugary snacks.
A new study released this week found that the average American consumes over 36,000 cookies in a lifetime. And honestly, who can blame them? Those Girl Scout cookies are addictive.
The study also found that the top three favorite types of Girl Scout cookies are Samoas, Thin Mints, and Tagalongs. And we're not surprised. Those caramel and chocolate combinations are pure magic.
But what about the poor Girl Scouts who have to sell these treats? They're working hard to fund their activities and trips"," up.
In other news, the weather forecast for today is: Hot, with a high chance of sugary snacks.
A new study released this week found that the average American consumes over 36,000 cookies in a lifetime. And honestly, who can blame them? Those Girl Scout cookies are addictive.
The study also found that the top three favorite types of Girl Scout cookies are Samoas, Thin Mints, and Tagalongs. And we're not surprised. Those caramel and chocolate combinations are pure magic.
But what about the poor Girl Scouts who have to sell these treats? They're working hard to fund their activities and trips","{""do_sample"": true, ""temperature"": 1.0, ""top_p"": 0.95, ""top_k"": 50, ""repetition_penalty"": 1.0, ""max_new_tokens"": 128}"
bytekgwV6,2.0,0,1418,184,184,"If it were ever possible to cram all the glittering boy-meets-girl, high-school-love-story stereotypes into one movie, A Cinderella Story does ","If it were ever possible to cram all the glittering boy-meets-girl, high-school-love-story stereotypes into one movie, A Cinderella Story does 95% of the job. Hilary Duff and Chad Michael Murray star as a popular princess (Sam) and a brooding bad boy (Austin) who unexpectedly fall for each other amidst a backdrop of football, prom, and wicked stepmothers.
The movie has a lot in common with the classic Cinderella tale. Sam is a sweet but unconfident teenager who lives with her wicked stepmother, Fiona (Jennifer Coolidge), and her two spoiled stepsisters. Austin, on the other hand, is the star quarterback of the high school football team who harbors a secret love of poetry and music.
As Sam and Austin start","95% of the job. Hilary Duff and Chad Michael Murray star as a popular princess (Sam) and a brooding bad boy (Austin) who unexpectedly fall for each other amidst a backdrop of football, prom, and wicked stepmothers.
The movie has a lot in common with the classic Cinderella tale. Sam is a sweet but unconfident teenager who lives with her wicked stepmother, Fiona (Jennifer Coolidge), and her two spoiled stepsisters. Austin, on the other hand, is the star quarterback of the high school football team who harbors a secret love of poetry and music.
As Sam and Austin start","{""do_sample"": true, ""temperature"": 1.0, ""top_p"": 0.95, ""top_k"": 50, ""repetition_penalty"": 1.0, ""max_new_tokens"": 128}"
bytekgwV6,2.0,0,1420,186,186,Readers may be familiar with the fundamental changes that took place in the Roman world as it converted from paganism ,"Readers may be familiar with the fundamental changes that took place in the Roman world as it converted from paganism  to Christianity. In the 4th-6th centuries AD, the Christian Church evolved from a persecuted minority to the dominant religion of the Empire, and eventually, the only officially recognized faith. This process led to significant changes in art, architecture, literature, and daily life in the Roman world. Similarly, we might consider the significant changes that occurred as the Islamic world transitioned from the Umayyad to the Abbasid dynasties in the 8th-9th centuries.
During the Umayyad period (661-750 CE), Islamic art, architecture, and literature were characterized by the integration of Persian,"," to Christianity. In the 4th-6th centuries AD, the Christian Church evolved from a persecuted minority to the dominant religion of the Empire, and eventually, the only officially recognized faith. This process led to significant changes in art, architecture, literature, and daily life in the Roman world. Similarly, we might consider the significant changes that occurred as the Islamic world transitioned from the Umayyad to the Abbasid dynasties in the 8th-9th centuries.
During the Umayyad period (661-750 CE), Islamic art, architecture, and literature were characterized by the integration of Persian,","{""do_sample"": true, ""temperature"": 1.0, ""top_p"": 0.95, ""top_k"": 50, ""repetition_penalty"": 1.0, ""max_new_tokens"": 128}"
bytekgwV6,2.0,0,1422,188,188,"A spokesman for the Red Crescent, Mahmoud al-Saadi, said Israeli forces opened fire on two young men who were traveling ","A spokesman for the Red Crescent, Mahmoud al-Saadi, said Israeli forces opened fire on two young men who were traveling 300 meters (1,000 feet) into the border, but they were able to return to the Gaza Strip unharmed.
The violence came as Palestinians mark the anniversary of the Israeli military invasion of Gaza 11 years ago, which was launched to stop rocket attacks from the territory.
The invasion, which was launched in December 2008, killed hundreds of Palestinians and led to the destruction of large swaths of the Gaza Strip. The anniversary is marked each year with protests and clashes along the border, and there have been repeated incidents of Israeli gunfire and tear gas causing injuries and fatalities.
In the latest violence, the Red Crescent said that","300 meters (1,000 feet) into the border, but they were able to return to the Gaza Strip unharmed.
The violence came as Palestinians mark the anniversary of the Israeli military invasion of Gaza 11 years ago, which was launched to stop rocket attacks from the territory.
The invasion, which was launched in December 2008, killed hundreds of Palestinians and led to the destruction of large swaths of the Gaza Strip. The anniversary is marked each year with protests and clashes along the border, and there have been repeated incidents of Israeli gunfire and tear gas causing injuries and fatalities.
In the latest violence, the Red Crescent said that","{""do_sample"": true, ""temperature"": 1.0, ""top_p"": 0.95, ""top_k"": 50, ""repetition_penalty"": 1.0, ""max_new_tokens"": 128}"
bytekgwV6,2.0,0,1424,190,190,"Can Container Store Start 2015 on a Positive Note? In 2014, it was hard to find bad-performing stocks, as the ","Can Container Store Start 2015 on a Positive Note? In 2014, it was hard to find bad-performing stocks, as the 7% gain in the S&P 500 Index shows. However, some retailers struggled more than others, like Container Store Group Inc (TSCO). Shares of the home goods retailer have lost more than 40% over the past year, driven by weak sales and rising competition.
The company will report its fourth-quarter results on March 5. Investors expect to see a bottom line that has improved marginally from the year-ago quarter, but the real question is whether the company can return to growth in 2015. Container Store has been struggling with sales decline due to increased competition and lower sales density. In the third quarter, same","7% gain in the S&P 500 Index shows. However, some retailers struggled more than others, like Container Store Group Inc (TSCO). Shares of the home goods retailer have lost more than 40% over the past year, driven by weak sales and rising competition.
The company will report its fourth-quarter results on March 5. Investors expect to see a bottom line that has improved marginally from the year-ago quarter, but the real question is whether the company can return to growth in 2015. Container Store has been struggling with sales decline due to increased competition and lower sales density. In the third quarter, same","{""do_sample"": true, ""temperature"": 1.0, ""top_p"": 0.95, ""top_k"": 50, ""repetition_penalty"": 1.0, ""max_new_tokens"": 128}"
bytekgwV6,2.0,0,1426,192,192,Packed WonderCon panel brings out stars and exclusive sneak peeks. Footage shown at WonderCon reveals what iconic monster looks like ,"Packed WonderCon panel brings out stars and exclusive sneak peeks. Footage shown at WonderCon reveals what iconic monster looks like 30 feet tall.
By Ian Freer | April 2, 2017 |
This article was written by Ian Freer for IGN.com
WonderCon attendees in Anaheim, California were treated to a real-life horror movie at the God of War and Pacific Rim: MUTO panel today, as the franchise's creators, Legendary Pictures, and Warner Bros. brought out the stars and an exclusive sneak peek of the upcoming sequel.

Godzilla, of course, is the king of the monsters, but today's presentation revealed that his next foe, the gigantic monster known as Mothra, will be standing even taller in the sequel. Footage","30 feet tall.
By Ian Freer | April 2, 2017 |
This article was written by Ian Freer for IGN.com
WonderCon attendees in Anaheim, California were treated to a real-life horror movie at the God of War and Pacific Rim: MUTO panel today, as the franchise's creators, Legendary Pictures, and Warner Bros. brought out the stars and an exclusive sneak peek of the upcoming sequel.

Godzilla, of course, is the king of the monsters, but today's presentation revealed that his next foe, the gigantic monster known as Mothra, will be standing even taller in the sequel. Footage","{""do_sample"": true, ""temperature"": 1.0, ""top_p"": 0.95, ""top_k"": 50, ""repetition_penalty"": 1.0, ""max_new_tokens"": 128}"
bytekgwV6,2.0,0,1428,194,194,10 diversity items for June 29: Unemployment up in most U.S. cities; Pew report shows diversity of U.S. Hispanics and ,"10 diversity items for June 29: Unemployment up in most U.S. cities; Pew report shows diversity of U.S. Hispanics and 9 other items
• Unemployment rates rose in April in most U.S. cities, the Labor Department said. The national unemployment rate was 6.3% in April, down from 6.4% in March. However, the rates increased in 37 metropolitan areas, such as Pittsburgh, Las Vegas and Detroit, while declining in 18 areas. (Source: Los Angeles Times)
• A new Pew Research Center report found that the Hispanic population in the United States is increasingly diverse, with immigrants from El Salvador, Cuba and other countries accounting for a growing share of the population. The report noted that the Hispanic population grew by","9 other items
• Unemployment rates rose in April in most U.S. cities, the Labor Department said. The national unemployment rate was 6.3% in April, down from 6.4% in March. However, the rates increased in 37 metropolitan areas, such as Pittsburgh, Las Vegas and Detroit, while declining in 18 areas. (Source: Los Angeles Times)
• A new Pew Research Center report found that the Hispanic population in the United States is increasingly diverse, with immigrants from El Salvador, Cuba and other countries accounting for a growing share of the population. The report noted that the Hispanic population grew by","{""do_sample"": true, ""temperature"": 1.0, ""top_p"": 0.95, ""top_k"": 50, ""repetition_penalty"": 1.0, ""max_new_tokens"": 128}"
bytekgwV6,2.0,0,1430,196,196,"Urban, born Jacques Pantaléon in Troyes c. 1200, was elected to the papacy in 1261. He studied canon law at ","Urban, born Jacques Pantaléon in Troyes c. 1200, was elected to the papacy in 1261. He studied canon law at 12 and was soon drawn into the circle of the powerful and corrupt Archbishop of Rheims, Archbishop of Narbonne. Urban took over the papacy, and it was his election and reign that saw the launch of the 13th-century crusade.
Urban's Papacy
Urban II, Pope 2nd to the Vatican, 1261-1263
Urban's papal election was the subject of controversy, with some seeing it as an irregular election. This led to Urban II becoming embroiled in a long conflict between the Roman Catholic Church and the secular authorities of Europe.
Urban II sought to secure greater authority for the","12 and was soon drawn into the circle of the powerful and corrupt Archbishop of Rheims, Archbishop of Narbonne. Urban took over the papacy, and it was his election and reign that saw the launch of the 13th-century crusade.
Urban's Papacy
Urban II, Pope 2nd to the Vatican, 1261-1263
Urban's papal election was the subject of controversy, with some seeing it as an irregular election. This led to Urban II becoming embroiled in a long conflict between the Roman Catholic Church and the secular authorities of Europe.
Urban II sought to secure greater authority for the","{""do_sample"": true, ""temperature"": 1.0, ""top_p"": 0.95, ""top_k"": 50, ""repetition_penalty"": 1.0, ""max_new_tokens"": 128}"
bytekgwV6,2.0,0,1432,198,198,"AMC Networks Earnings Beat Estimates, CEO Says 'Walking Dead' Franchise ""Will Have a Long Life"" AMC Networks on Thursday reported ","AMC Networks Earnings Beat Estimates, CEO Says 'Walking Dead' Franchise ""Will Have a Long Life"" AMC Networks on Thursday reported 2023 second-quarter earnings that topped analysts' expectations, driven by the success of its linear networks, including AMC, BBC America, and SundanceTV. The company also reiterated the importance of its “Walking Dead” franchise, saying it...
AMC Networks Stock Soars 12% After Earnings Beat and 'Walking Dead' Comments AMC Networks stock rallied 12% in pre-market trading on Friday after the company reported stronger-than-expected quarterly earnings and reiterated the longevity of its ""Walking Dead"" franchise.
AMC Networks to Split Off International Business as Independent Company AMC Networks has agreed to separate its international business into an independent company, the","2023 second-quarter earnings that topped analysts' expectations, driven by the success of its linear networks, including AMC, BBC America, and SundanceTV. The company also reiterated the importance of its “Walking Dead” franchise, saying it...
AMC Networks Stock Soars 12% After Earnings Beat and 'Walking Dead' Comments AMC Networks stock rallied 12% in pre-market trading on Friday after the company reported stronger-than-expected quarterly earnings and reiterated the longevity of its ""Walking Dead"" franchise.
AMC Networks to Split Off International Business as Independent Company AMC Networks has agreed to separate its international business into an independent company, the","{""do_sample"": true, ""temperature"": 1.0, ""top_p"": 0.95, ""top_k"": 50, ""repetition_penalty"": 1.0, ""max_new_tokens"": 128}"
