algo,delta,device,seed,prompt_index,prompt_id,prompt_text,full_text,continuation_text,gen_params_json
bytekgwV6,3.0,0,1234,0,0,"After the martyrdom of St. Boniface, Vergilius was made Bishop of Salzburg (766 or 767) and laboured successfully for the ","After the martyrdom of St. Boniface, Vergilius was made Bishop of Salzburg (766 or 767) and laboured successfully for the 0...
After the martyrdom of St. Boniface, Vergilius was made Bishop of Salzburg (766 or 767) and laboured successfully for the 0... (Diary) Book, 2019, 1 page(s), by Robert Riemann, €12,99
This historic book covers the life and work of Vergilius, Bishop of Salzburg, in the 8th century. The book includes...
This historic book covers the life and work of Vergilius, Bishop of Salzburg, in the 8th century. The book includes historical information and biographical details about the life","0...
After the martyrdom of St. Boniface, Vergilius was made Bishop of Salzburg (766 or 767) and laboured successfully for the 0... (Diary) Book, 2019, 1 page(s), by Robert Riemann, €12,99
This historic book covers the life and work of Vergilius, Bishop of Salzburg, in the 8th century. The book includes...
This historic book covers the life and work of Vergilius, Bishop of Salzburg, in the 8th century. The book includes historical information and biographical details about the life","{""do_sample"": true, ""temperature"": 1.0, ""top_p"": 0.95, ""top_k"": 50, ""repetition_penalty"": 1.0, ""max_new_tokens"": 128}"
bytekgwV6,3.0,0,1236,2,2,"8i announced today it has launched a web player, the 8i Portal, for its volumetric 3D video of people in ","8i announced today it has launched a web player, the 8i Portal, for its volumetric 3D video of people in 3D virtual spaces.
The 8i Portal is a browser-based web player that allows viewers to interact with the volumetric 3D video in real-time, moving their camera around the 3D virtual space and changing their viewing angle.
This capability was previously available through a smartphone app, but the 8i Portal allows for a wider range of platforms and devices to be supported. The web player is optimized for Chrome, Firefox, and Safari browsers on Windows, Mac and Linux operating systems.

""We're thrilled to launch the 8i Portal, which marks a major milestone in the development of immersive experiences using 8i's ","3D virtual spaces.
The 8i Portal is a browser-based web player that allows viewers to interact with the volumetric 3D video in real-time, moving their camera around the 3D virtual space and changing their viewing angle.
This capability was previously available through a smartphone app, but the 8i Portal allows for a wider range of platforms and devices to be supported. The web player is optimized for Chrome, Firefox, and Safari browsers on Windows, Mac and Linux operating systems.

""We're thrilled to launch the 8i Portal, which marks a major milestone in the development of immersive experiences using 8i's ","{""do_sample"": true, ""temperature"": 1.0, ""top_p"": 0.95, ""top_k"": 50, ""repetition_penalty"": 1.0, ""max_new_tokens"": 128}"
bytekgwV6,3.0,0,1238,4,4,"Karl Kispert, principal of cyber and information security, has more than 28 years of experience in selling, managing and delivering ","Karl Kispert, principal of cyber and information security, has more than 28 years of experience in selling, managing and delivering  IT security and risk management services.
Prior to joining Verizon, Kispert was principal and national security officer for KPMG, where he helped organizations protect their business operations from IT security threats and regulatory compliance issues.
Kispert, a 10-year veteran of the military, served as an officer in the United States Marine Corps, specializing in cryptology and information security. During his time in the Marine Corps, he held various positions, including command of a signals company and a cryptographic modernization effort for the Marine Corps.
Kispert has held numerous positions within KPMG, including principal and national security officer, and led several initiatives"," IT security and risk management services.
Prior to joining Verizon, Kispert was principal and national security officer for KPMG, where he helped organizations protect their business operations from IT security threats and regulatory compliance issues.
Kispert, a 10-year veteran of the military, served as an officer in the United States Marine Corps, specializing in cryptology and information security. During his time in the Marine Corps, he held various positions, including command of a signals company and a cryptographic modernization effort for the Marine Corps.
Kispert has held numerous positions within KPMG, including principal and national security officer, and led several initiatives","{""do_sample"": true, ""temperature"": 1.0, ""top_p"": 0.95, ""top_k"": 50, ""repetition_penalty"": 1.0, ""max_new_tokens"": 128}"
bytekgwV6,3.0,0,1240,6,6,"Shania Twain expected to break the charts with new album NOW! Even after a 15-year hiatus, she’s still the one! ","Shania Twain expected to break the charts with new album NOW! Even after a 15-year hiatus, she’s still the one! 2023-03-18 13:30
Even at the age of 57, Shania Twain is no less energetic and charming than ever. The Canadian singer-songwriter is back with her new album, titled NOW! This long-awaited new material will be out on February 3, and fans can't wait to hear it! According to various reports, the album debuted at number one on the Canadian Albums Chart, and the same thing happened on the UK Albums Chart. Now it's expected to break the charts worldwide!
To make the wait even more exciting, Shania Twain released the first single off the album, the","2023-03-18 13:30
Even at the age of 57, Shania Twain is no less energetic and charming than ever. The Canadian singer-songwriter is back with her new album, titled NOW! This long-awaited new material will be out on February 3, and fans can't wait to hear it! According to various reports, the album debuted at number one on the Canadian Albums Chart, and the same thing happened on the UK Albums Chart. Now it's expected to break the charts worldwide!
To make the wait even more exciting, Shania Twain released the first single off the album, the","{""do_sample"": true, ""temperature"": 1.0, ""top_p"": 0.95, ""top_k"": 50, ""repetition_penalty"": 1.0, ""max_new_tokens"": 128}"
bytekgwV6,3.0,0,1242,8,8,A blind man in his 60s is searching for the young man who pulled him back from an approaching train ,"A blind man in his 60s is searching for the young man who pulled him back from an approaching train 20 years ago. For him, the act of kindness set him on the path he is living now - and a better one. How can we all be kind to each other today?
The Blind Side (2009) is a biographical sports drama film that tells the story of Michael Oher, an African American football player who went on to play for the Baltimore Ravens. It is based on the true story of Michael Oher's adoption by the Tuohy family, who saw his potential and took him in despite having no prior connection to football. The movie shows us that kindness can cross social and economic boundaries and change lives.
To","20 years ago. For him, the act of kindness set him on the path he is living now - and a better one. How can we all be kind to each other today?
The Blind Side (2009) is a biographical sports drama film that tells the story of Michael Oher, an African American football player who went on to play for the Baltimore Ravens. It is based on the true story of Michael Oher's adoption by the Tuohy family, who saw his potential and took him in despite having no prior connection to football. The movie shows us that kindness can cross social and economic boundaries and change lives.
To","{""do_sample"": true, ""temperature"": 1.0, ""top_p"": 0.95, ""top_k"": 50, ""repetition_penalty"": 1.0, ""max_new_tokens"": 128}"
bytekgwV6,3.0,0,1244,10,10,This month some important Walmart news did not get the attention it deserved. The news wasn't some flashy announcement about ,"This month some important Walmart news did not get the attention it deserved. The news wasn't some flashy announcement about  ...
This month some important Walmart news did not get the attention it deserved. The news wasn't some flashy announcement about  ...
Walmart announced changes to its e-commerce strategy that signal a shift towards a digital-first approach for the retailer. Here's what that  ...
Walmart announced changes to its e-commerce strategy that signal a shift towards a digital-first approach for the retailer. Here's what that  ...
In a major shift for the retail industry, Walmart announced plans to invest heavily in digital retail, including artificial intelligence and  ...
In a major shift for the retail industry, Walmart announced plans to invest heavily in digital"," ...
This month some important Walmart news did not get the attention it deserved. The news wasn't some flashy announcement about  ...
Walmart announced changes to its e-commerce strategy that signal a shift towards a digital-first approach for the retailer. Here's what that  ...
Walmart announced changes to its e-commerce strategy that signal a shift towards a digital-first approach for the retailer. Here's what that  ...
In a major shift for the retail industry, Walmart announced plans to invest heavily in digital retail, including artificial intelligence and  ...
In a major shift for the retail industry, Walmart announced plans to invest heavily in digital","{""do_sample"": true, ""temperature"": 1.0, ""top_p"": 0.95, ""top_k"": 50, ""repetition_penalty"": 1.0, ""max_new_tokens"": 128}"
bytekgwV6,3.0,0,1246,12,12,The Linux kernel now includes everything that is needed to use 3D acceleration with all GeForce graphics chips. Drivers have ,"The Linux kernel now includes everything that is needed to use 3D acceleration with all GeForce graphics chips. Drivers have 3D video cards to accelerate the movement and rotation the 3D models, as well as support for 2D rendering.
2D acceleration, which is used for most applications that draw the desktop, menus, and text, is supported for GeForce 6 and later cards. In the first generation and second generation Intel Core processors support for 2D acceleration. In the case of 3D video cards, acceleration is supported for GeForce 6 and later cards. It should work seamlessly on 3D desktop applications.
It is supported for 2D and 3D graphics cards and should provide a significant improvement in speed for applications","3D video cards to accelerate the movement and rotation the 3D models, as well as support for 2D rendering.
2D acceleration, which is used for most applications that draw the desktop, menus, and text, is supported for GeForce 6 and later cards. In the first generation and second generation Intel Core processors support for 2D acceleration. In the case of 3D video cards, acceleration is supported for GeForce 6 and later cards. It should work seamlessly on 3D desktop applications.
It is supported for 2D and 3D graphics cards and should provide a significant improvement in speed for applications","{""do_sample"": true, ""temperature"": 1.0, ""top_p"": 0.95, ""top_k"": 50, ""repetition_penalty"": 1.0, ""max_new_tokens"": 128}"
bytekgwV6,3.0,0,1248,14,14,Last summer I took a cross-country road trip with a group of people driving different types of electric vehicles. It ,"Last summer I took a cross-country road trip with a group of people driving different types of electric vehicles. It  was an amazing experience that challenged my perceptions of long-distance EV travel. Here are some of the things we learned and encountered:

**Range anxiety:** While we did encounter some concern about range anxiety, modern electric vehicles with larger batteries and more advanced charging systems are making long-distance travel more practical. We used a combination of Level 2 and DC Fast Charging stations, and the fastest charging times were around 30-45 minutes for an 80% charge.

**Charging infrastructure:** While there may be some gaps in charging infrastructure, particularly in remote areas, many charging networks (like ChargePoint and EVgo) offer access to a large network"," was an amazing experience that challenged my perceptions of long-distance EV travel. Here are some of the things we learned and encountered:

**Range anxiety:** While we did encounter some concern about range anxiety, modern electric vehicles with larger batteries and more advanced charging systems are making long-distance travel more practical. We used a combination of Level 2 and DC Fast Charging stations, and the fastest charging times were around 30-45 minutes for an 80% charge.

**Charging infrastructure:** While there may be some gaps in charging infrastructure, particularly in remote areas, many charging networks (like ChargePoint and EVgo) offer access to a large network","{""do_sample"": true, ""temperature"": 1.0, ""top_p"": 0.95, ""top_k"": 50, ""repetition_penalty"": 1.0, ""max_new_tokens"": 128}"
bytekgwV6,3.0,0,1250,16,16,"According to Variety, one of the movies about the 1973 tennis match between Billie Jean King and Bobby Riggs is ","According to Variety, one of the movies about the 1973 tennis match between Billie Jean King and Bobby Riggs is 55 Minutes to Impact, starring Emma Stone and Steve Carell. The movie focuses on the rivalry and the social and cultural context of the match.
In this match, tennis star Bobby Riggs challenged 12-time Grand Slam singles champion Billie Jean King, claiming that women's tennis couldn't match the speed and agility of men's tennis. The match was a major cultural event and was played at the Houston Astrodome, where over 10,000 people attended.
King won the match, but Riggs and her team of male tennis players had to face a lot of challenges, including public scrutiny, media attention, and even some anim","55 Minutes to Impact, starring Emma Stone and Steve Carell. The movie focuses on the rivalry and the social and cultural context of the match.
In this match, tennis star Bobby Riggs challenged 12-time Grand Slam singles champion Billie Jean King, claiming that women's tennis couldn't match the speed and agility of men's tennis. The match was a major cultural event and was played at the Houston Astrodome, where over 10,000 people attended.
King won the match, but Riggs and her team of male tennis players had to face a lot of challenges, including public scrutiny, media attention, and even some anim","{""do_sample"": true, ""temperature"": 1.0, ""top_p"": 0.95, ""top_k"": 50, ""repetition_penalty"": 1.0, ""max_new_tokens"": 128}"
bytekgwV6,3.0,0,1252,18,18,"Politico, which broke the PR story, reports, “The group circulated a memo to reporters and producers late Monday that discouraged ","Politico, which broke the PR story, reports, “The group circulated a memo to reporters and producers late Monday that discouraged 14-minute segments, citing concerns that the format would cut into ad revenue.” Politico also obtained an email from an NBC News spokesperson that appeared to confirm the memo.
NBC News has been under fire in recent weeks over its decision to eliminate Ronan Farrow from its reporting team, amidst reports that Farrow was close to breaking a major story about the Harvey Weinstein sexual harassment allegations.
NBC News’ actions have sparked accusations that the network was trying to protect its own interests, including avoiding the potential for a big ratings boost from a bombshell story. Farrow eventually published his piece about the allegations against Weinstein on the New Yorker website, rather than with","14-minute segments, citing concerns that the format would cut into ad revenue.” Politico also obtained an email from an NBC News spokesperson that appeared to confirm the memo.
NBC News has been under fire in recent weeks over its decision to eliminate Ronan Farrow from its reporting team, amidst reports that Farrow was close to breaking a major story about the Harvey Weinstein sexual harassment allegations.
NBC News’ actions have sparked accusations that the network was trying to protect its own interests, including avoiding the potential for a big ratings boost from a bombshell story. Farrow eventually published his piece about the allegations against Weinstein on the New Yorker website, rather than with","{""do_sample"": true, ""temperature"": 1.0, ""top_p"": 0.95, ""top_k"": 50, ""repetition_penalty"": 1.0, ""max_new_tokens"": 128}"
bytekgwV6,3.0,0,1254,20,20,MAMADOU SAKHO remains unavailable for selection for Liverpool's Europa League semi-final first leg clash with Villarreal in Spain on Thursday ,"MAMADOU SAKHO remains unavailable for selection for Liverpool's Europa League semi-final first leg clash with Villarreal in Spain on Thursday 7pm kick-off.
The French defender has been banned by UEFA following his failed doping test after the Europa League quarter-final second leg defeat at FC Basel last season.
Sakho will serve the remaining three-match ban, which will also rule him out for the second leg against Villarreal and the possible semi-final second leg and final.
The 27-year-old was initially given a one-year ban by UEFA, but the FA and UEFA subsequently reduced the term to six months, although Sakho has insisted he took the stimulant through a dietary supplement.
In Sakho's absence, Dejan Lovren, Kolo Toure and Martin","7pm kick-off.
The French defender has been banned by UEFA following his failed doping test after the Europa League quarter-final second leg defeat at FC Basel last season.
Sakho will serve the remaining three-match ban, which will also rule him out for the second leg against Villarreal and the possible semi-final second leg and final.
The 27-year-old was initially given a one-year ban by UEFA, but the FA and UEFA subsequently reduced the term to six months, although Sakho has insisted he took the stimulant through a dietary supplement.
In Sakho's absence, Dejan Lovren, Kolo Toure and Martin","{""do_sample"": true, ""temperature"": 1.0, ""top_p"": 0.95, ""top_k"": 50, ""repetition_penalty"": 1.0, ""max_new_tokens"": 128}"
bytekgwV6,3.0,0,1256,22,22,"MK Moshe Feiglin in a Knesset committee meeting, next to MK Ahmad Tibi, in 2014. It appears Feiglin is on ","MK Moshe Feiglin in a Knesset committee meeting, next to MK Ahmad Tibi, in 2014. It appears Feiglin is on  the left and Tibi on the right, contrary to the caption I added. Knesset
In the wake of Prime Minister Benjamin Netanyahu's declaration that Israel will not be ""judged"" by the world, Likud MK Moshe Feiglin wrote an op-ed arguing that the Jewish state should not apologize for its actions and should unilaterally declare its borders.
In an op-ed published by the Makor Rishon newspaper, Feiglin wrote that Israel ""should not apologize for our existence, for our right to exist, or for the defensive measures we take to protect our citizens."" The MK also advocated for the"," the left and Tibi on the right, contrary to the caption I added. Knesset
In the wake of Prime Minister Benjamin Netanyahu's declaration that Israel will not be ""judged"" by the world, Likud MK Moshe Feiglin wrote an op-ed arguing that the Jewish state should not apologize for its actions and should unilaterally declare its borders.
In an op-ed published by the Makor Rishon newspaper, Feiglin wrote that Israel ""should not apologize for our existence, for our right to exist, or for the defensive measures we take to protect our citizens."" The MK also advocated for the","{""do_sample"": true, ""temperature"": 1.0, ""top_p"": 0.95, ""top_k"": 50, ""repetition_penalty"": 1.0, ""max_new_tokens"": 128}"
bytekgwV6,3.0,0,1258,24,24,"What’s the news? A couple of weeks ago, Instagram promised you’d be able to download your data from its servers. ","What’s the news? A couple of weeks ago, Instagram promised you’d be able to download your data from its servers. 2 days later, people are still waiting. So, what’s the hold up?
Why does my Instagram data need downloading?
Instagram wants to meet the European Union’s (EU) new General Data Protection Regulation (GDPR) guidelines. This new regulation allows individuals to have their personal data downloaded, or extracted, from online services and stored on their devices. It’s like getting a backup of all your photos, messages, and more.
What does Instagram promise to provide in my downloaded data?
Your full feed history (posts and stories)
Your account activity and login history
Your messaging history (direct messages and chat logs)
Your friend requests
","2 days later, people are still waiting. So, what’s the hold up?
Why does my Instagram data need downloading?
Instagram wants to meet the European Union’s (EU) new General Data Protection Regulation (GDPR) guidelines. This new regulation allows individuals to have their personal data downloaded, or extracted, from online services and stored on their devices. It’s like getting a backup of all your photos, messages, and more.
What does Instagram promise to provide in my downloaded data?
Your full feed history (posts and stories)
Your account activity and login history
Your messaging history (direct messages and chat logs)
Your friend requests
","{""do_sample"": true, ""temperature"": 1.0, ""top_p"": 0.95, ""top_k"": 50, ""repetition_penalty"": 1.0, ""max_new_tokens"": 128}"
bytekgwV6,3.0,0,1260,26,26,"So you might ask yourself, “What is going on?” How can things be so bad that educators feel the need ","So you might ask yourself, “What is going on?” How can things be so bad that educators feel the need  to leave the field they love? What is causing them so much frustration, anxiety and despair? As I explore the current situation, I want you to imagine yourself in their shoes.
To begin with, there are so many issues and factors that contribute to an educator feeling overwhelmed, frustrated, or even forced to abandon their profession.
Class sizes continue to increase while resources decrease. Teachers are expected to have small, interactive classes with limited materials, all while dealing with the chaos that comes with overcrowding. On top of that, they struggle to provide individualized attention to students who often have diverse learning needs, such as special needs, English language"," to leave the field they love? What is causing them so much frustration, anxiety and despair? As I explore the current situation, I want you to imagine yourself in their shoes.
To begin with, there are so many issues and factors that contribute to an educator feeling overwhelmed, frustrated, or even forced to abandon their profession.
Class sizes continue to increase while resources decrease. Teachers are expected to have small, interactive classes with limited materials, all while dealing with the chaos that comes with overcrowding. On top of that, they struggle to provide individualized attention to students who often have diverse learning needs, such as special needs, English language","{""do_sample"": true, ""temperature"": 1.0, ""top_p"": 0.95, ""top_k"": 50, ""repetition_penalty"": 1.0, ""max_new_tokens"": 128}"
bytekgwV6,3.0,0,1262,28,28,Come test your luck on the best slot machine app in the app store. Great graphics make this app so ,"Come test your luck on the best slot machine app in the app store. Great graphics make this app so 3d. Enjoy your online casino experience with a variety of slots, poker, and more. Get your 10, welcome bonus and start playing for real money! Don't forget to check out our new games! Our app is completely free to download, and we offer real rewards and tournaments for the most active players. For more information about the app and the promotions offered, you can contact our customer support team. In the game, there are various bonuses and tournaments that players can participate in. For a better user experience, the app developers may update it and bring some improvements. Our goal is to provide a safe and entertaining gaming experience for","3d. Enjoy your online casino experience with a variety of slots, poker, and more. Get your 10, welcome bonus and start playing for real money! Don't forget to check out our new games! Our app is completely free to download, and we offer real rewards and tournaments for the most active players. For more information about the app and the promotions offered, you can contact our customer support team. In the game, there are various bonuses and tournaments that players can participate in. For a better user experience, the app developers may update it and bring some improvements. Our goal is to provide a safe and entertaining gaming experience for","{""do_sample"": true, ""temperature"": 1.0, ""top_p"": 0.95, ""top_k"": 50, ""repetition_penalty"": 1.0, ""max_new_tokens"": 128}"
bytekgwV6,3.0,0,1264,30,30,"(HOST) As the season for summer blockbuster movies about super heroes and rings of power approaches, commentator Willem Lange is ","(HOST) As the season for summer blockbuster movies about super heroes and rings of power approaches, commentator Willem Lange is  thinking back on some of his favorite movies from the past.
(LANGE) You know, I've always loved a good movie, and over the years I've seen a lot of 'em. Some stand out, of course. There was ""Lawrence of Arabia,"" for example, with Peter O'Toole's unforgettable performance as the eccentric and brave T.E. Lawrence. Or ""The Bridge on the River Kwai,"" with Alec Guinness and William Holden, which still sends shivers down my spine.

And then there were the epics, like ""Ben Hur"" and ""Giant"" and ""How the West Was Won"," thinking back on some of his favorite movies from the past.
(LANGE) You know, I've always loved a good movie, and over the years I've seen a lot of 'em. Some stand out, of course. There was ""Lawrence of Arabia,"" for example, with Peter O'Toole's unforgettable performance as the eccentric and brave T.E. Lawrence. Or ""The Bridge on the River Kwai,"" with Alec Guinness and William Holden, which still sends shivers down my spine.

And then there were the epics, like ""Ben Hur"" and ""Giant"" and ""How the West Was Won","{""do_sample"": true, ""temperature"": 1.0, ""top_p"": 0.95, ""top_k"": 50, ""repetition_penalty"": 1.0, ""max_new_tokens"": 128}"
bytekgwV6,3.0,0,1266,32,32,"numerous aunts, uncles and cousins. She attended Shanksville Stonycreek High School and was a member of St. Paul's Lutheran Church, ","numerous aunts, uncles and cousins. She attended Shanksville Stonycreek High School and was a member of St. Paul's Lutheran Church, 1015 N. Center St., Lehighton.
Surviving are her mother, Karen; father, Dennis, and his wife, Lois; two brothers, Chad and his wife, Sarah, and Jarrod; a niece, Addison; and several aunts, uncles, cousins and extended family.
She is preceded in death by her paternal grandparents, Harold and Margaret Reed.
Services were held at St. Paul's Lutheran Church, Lehighton, with the Rev. Douglas C. Berman, officiating. Burial was in the Lehighton Memorial Park Cemetery.
Arrangements were made by the William H. Kling Homans-Funk","1015 N. Center St., Lehighton.
Surviving are her mother, Karen; father, Dennis, and his wife, Lois; two brothers, Chad and his wife, Sarah, and Jarrod; a niece, Addison; and several aunts, uncles, cousins and extended family.
She is preceded in death by her paternal grandparents, Harold and Margaret Reed.
Services were held at St. Paul's Lutheran Church, Lehighton, with the Rev. Douglas C. Berman, officiating. Burial was in the Lehighton Memorial Park Cemetery.
Arrangements were made by the William H. Kling Homans-Funk","{""do_sample"": true, ""temperature"": 1.0, ""top_p"": 0.95, ""top_k"": 50, ""repetition_penalty"": 1.0, ""max_new_tokens"": 128}"
bytekgwV6,3.0,0,1268,34,34,"No, Trump can’t pardon himself. The Constitution tells us so. Correction: An earlier version of this op-ed misspelled the name ","No, Trump can’t pardon himself. The Constitution tells us so. Correction: An earlier version of this op-ed misspelled the name 14th Amendment. What are some real-world examples of how the President gets a pardon, and who gets them? A president can pardon someone for a federal crime or grant clemency to someone who is serving a federal sentence. In the United States, the power to grant pardons is established by Article II, Section 2 of the United States Constitution. The 14th Amendment says that a person who was involved in the rebellion against the United States can be pardoned by the President, but it cannot pardon himself or herself because the act of self-pardon would be considered a constitutional conflict of interest. President Donald Trump, left,","14th Amendment. What are some real-world examples of how the President gets a pardon, and who gets them? A president can pardon someone for a federal crime or grant clemency to someone who is serving a federal sentence. In the United States, the power to grant pardons is established by Article II, Section 2 of the United States Constitution. The 14th Amendment says that a person who was involved in the rebellion against the United States can be pardoned by the President, but it cannot pardon himself or herself because the act of self-pardon would be considered a constitutional conflict of interest. President Donald Trump, left,","{""do_sample"": true, ""temperature"": 1.0, ""top_p"": 0.95, ""top_k"": 50, ""repetition_penalty"": 1.0, ""max_new_tokens"": 128}"
bytekgwV6,3.0,0,1270,36,36,Jerry Springer says he is still deciding whether he will run for Ohio governor in 2018. Speculation around Springer’s potential ,"Jerry Springer says he is still deciding whether he will run for Ohio governor in 2018. Speculation around Springer’s potential 2018 gubernatorial bid has increased in recent weeks, with some Democrats expressing interest in having him run.
Springer, the former mayor of Cincinnati and a current member of the Ohio House of Representatives, has been exploring a gubernatorial bid and has reportedly been weighing his options. He has not publicly stated whether he will run for the office, but sources indicate that he has been actively exploring the possibility.
If Springer were to run, he would be the first Democrat to challenge Republican incumbent John Kasich for the seat in 2020. Kasich has not publicly stated whether he will run for re-election, and some speculate that he could seek the presidency","2018 gubernatorial bid has increased in recent weeks, with some Democrats expressing interest in having him run.
Springer, the former mayor of Cincinnati and a current member of the Ohio House of Representatives, has been exploring a gubernatorial bid and has reportedly been weighing his options. He has not publicly stated whether he will run for the office, but sources indicate that he has been actively exploring the possibility.
If Springer were to run, he would be the first Democrat to challenge Republican incumbent John Kasich for the seat in 2020. Kasich has not publicly stated whether he will run for re-election, and some speculate that he could seek the presidency","{""do_sample"": true, ""temperature"": 1.0, ""top_p"": 0.95, ""top_k"": 50, ""repetition_penalty"": 1.0, ""max_new_tokens"": 128}"
bytekgwV6,3.0,0,1272,38,38,"This mildly racy spot introduces us to the character of the brown M&M, who only looks like she’s not wearing ","This mildly racy spot introduces us to the character of the brown M&M, who only looks like she’s not wearing 50 layers of eyelash. She’s seen as quite popular by the other M&M’s, who consider her a trendsetter and love to emulate her quirky style.
But beneath her carefree exterior, the brown M&M harbors a secret fear of running out of brown paint, which she fears could happen to her the moment she relaxes her vigilance.
And what about the other flavors, the red, yellow, blue and so on? Their feelings about this? No one wants to be seen around a bunch of other colors that can go out at any moment. Each one was a little nervous and so each had to choose for itself","50 layers of eyelash. She’s seen as quite popular by the other M&M’s, who consider her a trendsetter and love to emulate her quirky style.
But beneath her carefree exterior, the brown M&M harbors a secret fear of running out of brown paint, which she fears could happen to her the moment she relaxes her vigilance.
And what about the other flavors, the red, yellow, blue and so on? Their feelings about this? No one wants to be seen around a bunch of other colors that can go out at any moment. Each one was a little nervous and so each had to choose for itself","{""do_sample"": true, ""temperature"": 1.0, ""top_p"": 0.95, ""top_k"": 50, ""repetition_penalty"": 1.0, ""max_new_tokens"": 128}"
bytekgwV6,3.0,0,1274,40,40,"Located near all that the Catskills has to offer! Close to Hunter Mountain, Wyndham, state land, antiquing and many other ","Located near all that the Catskills has to offer! Close to Hunter Mountain, Wyndham, state land, antiquing and many other 4 season activities.
The Catskill Mountains offer a relaxed and serene atmosphere, perfect for a peaceful retreat from the hustle and bustle of city life. From skiing and snowboarding in the winter, to hiking and fishing in the summer, this region is full of outdoor activities for every season. Enjoy nature at its finest, with scenic views, beautiful forests, and rolling hills. This home offers tranquility and relaxation, with all the amenities you'll need for a peaceful getaway.
Property Type: Single Family Home Property Size: sqft Lot Size:.75 acre Lot Type: Corner lot Year Built: 1970s Renovations/","4 season activities.
The Catskill Mountains offer a relaxed and serene atmosphere, perfect for a peaceful retreat from the hustle and bustle of city life. From skiing and snowboarding in the winter, to hiking and fishing in the summer, this region is full of outdoor activities for every season. Enjoy nature at its finest, with scenic views, beautiful forests, and rolling hills. This home offers tranquility and relaxation, with all the amenities you'll need for a peaceful getaway.
Property Type: Single Family Home Property Size: sqft Lot Size:.75 acre Lot Type: Corner lot Year Built: 1970s Renovations/","{""do_sample"": true, ""temperature"": 1.0, ""top_p"": 0.95, ""top_k"": 50, ""repetition_penalty"": 1.0, ""max_new_tokens"": 128}"
bytekgwV6,3.0,0,1276,42,42,"NORTH BRUNSWICK, N.J. — Body cameras captured the moment a North Brunswick police officer climbed up a burning building to ","NORTH BRUNSWICK, N.J. — Body cameras captured the moment a North Brunswick police officer climbed up a burning building to 13-year-old Samantha Martin, who was trapped by a window.
On Oct. 14, Samantha was asleep inside her family’s home on Ridgeview Drive when a fire broke out. The flames spread quickly, and Samantha became trapped by a window on the first floor.
Body camera footage captured the moment Officer David Cariello, with the North Brunswick Police Department, arrived on the scene. Cariello can be heard shouting for Samantha to stay calm and that he was there to help her.
As the flames continue to rise, Officer Cariello makes his way towards the window. He removes his shirt, and then, making his way","13-year-old Samantha Martin, who was trapped by a window.
On Oct. 14, Samantha was asleep inside her family’s home on Ridgeview Drive when a fire broke out. The flames spread quickly, and Samantha became trapped by a window on the first floor.
Body camera footage captured the moment Officer David Cariello, with the North Brunswick Police Department, arrived on the scene. Cariello can be heard shouting for Samantha to stay calm and that he was there to help her.
As the flames continue to rise, Officer Cariello makes his way towards the window. He removes his shirt, and then, making his way","{""do_sample"": true, ""temperature"": 1.0, ""top_p"": 0.95, ""top_k"": 50, ""repetition_penalty"": 1.0, ""max_new_tokens"": 128}"
bytekgwV6,3.0,0,1278,44,44,"The NHS is still running Windows XP en masse, two and a half years after Microsoft stopped delivering bug fixes ","The NHS is still running Windows XP en masse, two and a half years after Microsoft stopped delivering bug fixes  for the operating system.
An FOI request by the Daily Mail revealed that over a thousand NHS trusts in the UK are still using Windows XP on their systems.
It seems that despite repeated warnings, many trusts have failed to upgrade to a supported OS. This is not just a minor issue, it's a significant cybersecurity risk, as Windows XP is no longer secure and vulnerable to attacks.
""We understand that the move to a more secure operating system may cause short-term disruption and cost, but the risks associated with running Windows XP are significant. A cyber attack could not only compromise sensitive patient data but also impact patient care. We urge NHS trusts"," for the operating system.
An FOI request by the Daily Mail revealed that over a thousand NHS trusts in the UK are still using Windows XP on their systems.
It seems that despite repeated warnings, many trusts have failed to upgrade to a supported OS. This is not just a minor issue, it's a significant cybersecurity risk, as Windows XP is no longer secure and vulnerable to attacks.
""We understand that the move to a more secure operating system may cause short-term disruption and cost, but the risks associated with running Windows XP are significant. A cyber attack could not only compromise sensitive patient data but also impact patient care. We urge NHS trusts","{""do_sample"": true, ""temperature"": 1.0, ""top_p"": 0.95, ""top_k"": 50, ""repetition_penalty"": 1.0, ""max_new_tokens"": 128}"
bytekgwV6,3.0,0,1280,46,46,"OKLAHOMA CITY - Kevin Durant scored 25 points, James Harden added a spark with 23 points off the bench while ","OKLAHOMA CITY - Kevin Durant scored 25 points, James Harden added a spark with 23 points off the bench while 12, and the Golden State Warriors defeated the OKC Thunder 108-91 in Game 7 to claim the Western Conference Finals Sunday evening.
Oklahoma City Thunder players, including Russell Westbrook, sat motionless and silent on the bench as time ran out, while their fans at the Chesapeake Energy Arena were forced to bid farewell to their season, again.
The Warriors won their franchise-record 13th road playoff game of the season and will face the Cleveland Cavaliers in the NBA Finals. Game 1 of the best-of-seven series is set for Thursday at the Oracle Arena.
The Warriors dominated from the opening tip, building a ","12, and the Golden State Warriors defeated the OKC Thunder 108-91 in Game 7 to claim the Western Conference Finals Sunday evening.
Oklahoma City Thunder players, including Russell Westbrook, sat motionless and silent on the bench as time ran out, while their fans at the Chesapeake Energy Arena were forced to bid farewell to their season, again.
The Warriors won their franchise-record 13th road playoff game of the season and will face the Cleveland Cavaliers in the NBA Finals. Game 1 of the best-of-seven series is set for Thursday at the Oracle Arena.
The Warriors dominated from the opening tip, building a ","{""do_sample"": true, ""temperature"": 1.0, ""top_p"": 0.95, ""top_k"": 50, ""repetition_penalty"": 1.0, ""max_new_tokens"": 128}"
bytekgwV6,3.0,0,1282,48,48,"1 Then the people of the land took Jehoahaz the son of Josiah, and made him king in his father's ","1 Then the people of the land took Jehoahaz the son of Josiah, and made him king in his father's  place.
1 Then the people of the land took Jehoahaz the son of Josiah and made him king in the place of his father, Josiah.
2 Jehoahaz was twenty-three years old when he began his seven-year reign in Jerusalem; his mother's name was Hamutal, daughter  of Jeremiah of Libnah.
3 He did evil in the eyes of the Lord, just as his predecessors had done.
4 Pharaoh Necho II king of Egypt came  up to the Euphrates River to help the king of Assyria.  King Jehoahaz of Judah marched out to meet him but was"," place.
1 Then the people of the land took Jehoahaz the son of Josiah and made him king in the place of his father, Josiah.
2 Jehoahaz was twenty-three years old when he began his seven-year reign in Jerusalem; his mother's name was Hamutal, daughter  of Jeremiah of Libnah.
3 He did evil in the eyes of the Lord, just as his predecessors had done.
4 Pharaoh Necho II king of Egypt came  up to the Euphrates River to help the king of Assyria.  King Jehoahaz of Judah marched out to meet him but was","{""do_sample"": true, ""temperature"": 1.0, ""top_p"": 0.95, ""top_k"": 50, ""repetition_penalty"": 1.0, ""max_new_tokens"": 128}"
bytekgwV6,3.0,0,1284,50,50,This bicycle sprocket hub and sprockets from the Wright Bicycle Co. are on display at the National Museum of the ,"This bicycle sprocket hub and sprockets from the Wright Bicycle Co. are on display at the National Museum of the 15th Wing, Wright-Patterson Air Force Base, in Dayton, Ohio.
The Wright brothers' iconic Wright Flyer aircraft took its first flight on December 17, 1903, from the beaches of Kitty Hawk, North Carolina. The innovative aircraft's propellers were powered by a 12-horsepower gasoline engine and were connected to a system of sprockets and chains. This bicycle sprocket hub and sprockets from the Wright Bicycle Co. were likely used as a testing prototype for the Flyer's innovative propulsion system.
In 1896, Orville and Wilbur Wright opened the Wright Bicycle","15th Wing, Wright-Patterson Air Force Base, in Dayton, Ohio.
The Wright brothers' iconic Wright Flyer aircraft took its first flight on December 17, 1903, from the beaches of Kitty Hawk, North Carolina. The innovative aircraft's propellers were powered by a 12-horsepower gasoline engine and were connected to a system of sprockets and chains. This bicycle sprocket hub and sprockets from the Wright Bicycle Co. were likely used as a testing prototype for the Flyer's innovative propulsion system.
In 1896, Orville and Wilbur Wright opened the Wright Bicycle","{""do_sample"": true, ""temperature"": 1.0, ""top_p"": 0.95, ""top_k"": 50, ""repetition_penalty"": 1.0, ""max_new_tokens"": 128}"
bytekgwV6,3.0,0,1286,52,52,"Elvis Costello played a two-hour, 25-song show that touched on phases throughout his career, both deep cuts and hits, as ","Elvis Costello played a two-hour, 25-song show that touched on phases throughout his career, both deep cuts and hits, as 92.5 FM's ""Live at the Fillmore"" concert series brought the veteran rocker to the iconic San Francisco venue last night.
Opening with the atmospheric, jazz-infused ""Allison,"" the concert flowed seamlessly, jumping from the pub rock of ""Lipstick Vogue"" to the new wave of ""Accidents Will Happen."" The show also featured a selection from the 1989 album 'Spike', which received some new life with the addition of the atmospheric guitar work and lush harmonies.
Elvis Costello and the Imposters have a knack for executing their eclectic repertoire with precision and passion. The group's current","92.5 FM's ""Live at the Fillmore"" concert series brought the veteran rocker to the iconic San Francisco venue last night.
Opening with the atmospheric, jazz-infused ""Allison,"" the concert flowed seamlessly, jumping from the pub rock of ""Lipstick Vogue"" to the new wave of ""Accidents Will Happen."" The show also featured a selection from the 1989 album 'Spike', which received some new life with the addition of the atmospheric guitar work and lush harmonies.
Elvis Costello and the Imposters have a knack for executing their eclectic repertoire with precision and passion. The group's current","{""do_sample"": true, ""temperature"": 1.0, ""top_p"": 0.95, ""top_k"": 50, ""repetition_penalty"": 1.0, ""max_new_tokens"": 128}"
bytekgwV6,3.0,0,1288,54,54,"With its eye on Western next-gen gamers, the Japanese publisher pays $15 million for Secret Level. Sega Holdings of USA ","With its eye on Western next-gen gamers, the Japanese publisher pays $15 million for Secret Level. Sega Holdings of USA 3D animation studio assets, talent for Virtua Tennis, Jet Set Radio and other Western projects.
Sega of Japan, the publisher behind some of the world's most iconic franchises, has made a significant play for the Western gaming market with the acquisition of 3D animation studio Secret Level for $15 million.
Secret Level is a US-based studio with 65 employees, known for their work on titles such as Star Wars: Force Unleashed and Prince of Persia. The studio is particularly skilled in 3D character modeling and animation.
The acquisition looks set to give Sega a major boost in the Western market, as the company","3D animation studio assets, talent for Virtua Tennis, Jet Set Radio and other Western projects.
Sega of Japan, the publisher behind some of the world's most iconic franchises, has made a significant play for the Western gaming market with the acquisition of 3D animation studio Secret Level for $15 million.
Secret Level is a US-based studio with 65 employees, known for their work on titles such as Star Wars: Force Unleashed and Prince of Persia. The studio is particularly skilled in 3D character modeling and animation.
The acquisition looks set to give Sega a major boost in the Western market, as the company","{""do_sample"": true, ""temperature"": 1.0, ""top_p"": 0.95, ""top_k"": 50, ""repetition_penalty"": 1.0, ""max_new_tokens"": 128}"
bytekgwV6,3.0,0,1290,56,56,Two recently published reports shed damning light on the high cost of low wages in the fast food industry – ,"Two recently published reports shed damning light on the high cost of low wages in the fast food industry – 12-year-olds forced to work long hours, crippling debt for workers, and a system designed to keep profits high while workers’ pay and benefits remain rock-bottom.
Here are the highlights from the reports:
Fast Food Forward: What's Behind the Low-Wage Crisis in the Fast Food Industry?
The study by Demos, released in February 2014, reveals that:
* Fast food workers earn an average of $8.40 an hour, which is 26% below the typical wage for all workers.
* A significant portion (44%) of fast food workers have incomes that are below the poverty level.
* Many fast food workers are","12-year-olds forced to work long hours, crippling debt for workers, and a system designed to keep profits high while workers’ pay and benefits remain rock-bottom.
Here are the highlights from the reports:
Fast Food Forward: What's Behind the Low-Wage Crisis in the Fast Food Industry?
The study by Demos, released in February 2014, reveals that:
* Fast food workers earn an average of $8.40 an hour, which is 26% below the typical wage for all workers.
* A significant portion (44%) of fast food workers have incomes that are below the poverty level.
* Many fast food workers are","{""do_sample"": true, ""temperature"": 1.0, ""top_p"": 0.95, ""top_k"": 50, ""repetition_penalty"": 1.0, ""max_new_tokens"": 128}"
bytekgwV6,3.0,0,1292,58,58,"Every morning on The Style Blog, we celebrate the best footwear weve come across. Now, for your benefit, its all ","Every morning on The Style Blog, we celebrate the best footwear weve come across. Now, for your benefit, its all 5th on the best shoes of the style Blog, that you can buy today. And today we have a selection of the latest sneakers that will make a great addition to your wardrobe. From sleek and futuristic to classic and iconic, we've got it all. So, check out the top 5 sneakers below and treat yourself to a fresh new style.
1. Nike Air Jordan 4 “Black Cat” : The new Air Jordan 4 is a hit this season. The Black Cat edition pays homage to the classic 1992 model and features a black and white colorway. A must-have for sneakerheads and Jordan fans.
","5th on the best shoes of the style Blog, that you can buy today. And today we have a selection of the latest sneakers that will make a great addition to your wardrobe. From sleek and futuristic to classic and iconic, we've got it all. So, check out the top 5 sneakers below and treat yourself to a fresh new style.
1. Nike Air Jordan 4 “Black Cat” : The new Air Jordan 4 is a hit this season. The Black Cat edition pays homage to the classic 1992 model and features a black and white colorway. A must-have for sneakerheads and Jordan fans.
","{""do_sample"": true, ""temperature"": 1.0, ""top_p"": 0.95, ""top_k"": 50, ""repetition_penalty"": 1.0, ""max_new_tokens"": 128}"
bytekgwV6,3.0,0,1294,60,60,"LOS ANGELES – A lawsuit filed Wednesday against ABC (search) and ""American Idol"" judge Simon Cowell (search) alleges they conspired ","LOS ANGELES – A lawsuit filed Wednesday against ABC (search) and ""American Idol"" judge Simon Cowell (search) alleges they conspired 12 years ago to sabotage the career of a British singer-songwriter.
The lawsuit was filed by Steve Brookstein (search), a singer-songwriter who appeared on the UK's ""Pop Idol"" (search) in 2001, and won the competition. Brookstein alleges that Cowell, who was also a judge on the show, and ABC conspired to undermine his success by releasing his debut single too quickly and without proper preparation, causing it to fail commercially.
The lawsuit, filed in Los Angeles Superior Court, seeks damages for intentional interference with business advantage and emotional distress.
Brookstein alleges that after he was crowned the winner of","12 years ago to sabotage the career of a British singer-songwriter.
The lawsuit was filed by Steve Brookstein (search), a singer-songwriter who appeared on the UK's ""Pop Idol"" (search) in 2001, and won the competition. Brookstein alleges that Cowell, who was also a judge on the show, and ABC conspired to undermine his success by releasing his debut single too quickly and without proper preparation, causing it to fail commercially.
The lawsuit, filed in Los Angeles Superior Court, seeks damages for intentional interference with business advantage and emotional distress.
Brookstein alleges that after he was crowned the winner of","{""do_sample"": true, ""temperature"": 1.0, ""top_p"": 0.95, ""top_k"": 50, ""repetition_penalty"": 1.0, ""max_new_tokens"": 128}"
bytekgwV6,3.0,0,1296,62,62,"Seren Rayne Frank Sutherland, a six lb., eight oz., girl, was born Saturday, Dec. 3, 2016, at Yavapai Regional Medical ","Seren Rayne Frank Sutherland, a six lb., eight oz., girl, was born Saturday, Dec. 3, 2016, at Yavapai Regional Medical 24/7 news
Weissinger, Cpl. J., 24th Inf. Regt.
Transcript of the diary of Cpl. J. Weissinger, 24th Inf. Regt. Transcribed and edited by Linda L.
A New York Times
By SARAH ROGERS APRIL 18, 2018, 12:37 PM EDT After years of controversy and delays, the New York Times best-seller
By Emily Chiu
The 25 Best Movies
By ALEX CHADWICK March 22, 2017, at 12:31 a.m. EDT","24/7 news
Weissinger, Cpl. J., 24th Inf. Regt.
Transcript of the diary of Cpl. J. Weissinger, 24th Inf. Regt. Transcribed and edited by Linda L.
A New York Times
By SARAH ROGERS APRIL 18, 2018, 12:37 PM EDT After years of controversy and delays, the New York Times best-seller
By Emily Chiu
The 25 Best Movies
By ALEX CHADWICK March 22, 2017, at 12:31 a.m. EDT","{""do_sample"": true, ""temperature"": 1.0, ""top_p"": 0.95, ""top_k"": 50, ""repetition_penalty"": 1.0, ""max_new_tokens"": 128}"
bytekgwV6,3.0,0,1298,64,64,Adventist HealthCare seeks to hire a Med Surg Registered Nurse who will embrace our mission to extend God's care through ,"Adventist HealthCare seeks to hire a Med Surg Registered Nurse who will embrace our mission to extend God's care through 100% patient satisfaction and excellence in everything we do.
Assumes responsibility for providing high-quality, patient-centered care to a designated patient population in a variety of settings.
Demonstrates proficiency in the care and management of patients across the lifespan.
Functions within the Nursing Process framework and provides safe and effective care in collaboration with other healthcare members and in accordance with established policies and procedures.
Maintains current knowledge and skills in patient care, nursing techniques and interventions, and industry best practices.
Assumes additional responsibilities and is a contributing team member that enhances the overall operation and effectiveness of the department.
Graduate of an approved nursing program required; BSN preferred","100% patient satisfaction and excellence in everything we do.
Assumes responsibility for providing high-quality, patient-centered care to a designated patient population in a variety of settings.
Demonstrates proficiency in the care and management of patients across the lifespan.
Functions within the Nursing Process framework and provides safe and effective care in collaboration with other healthcare members and in accordance with established policies and procedures.
Maintains current knowledge and skills in patient care, nursing techniques and interventions, and industry best practices.
Assumes additional responsibilities and is a contributing team member that enhances the overall operation and effectiveness of the department.
Graduate of an approved nursing program required; BSN preferred","{""do_sample"": true, ""temperature"": 1.0, ""top_p"": 0.95, ""top_k"": 50, ""repetition_penalty"": 1.0, ""max_new_tokens"": 128}"
bytekgwV6,3.0,0,1300,66,66,"Check out the Charleston Parks Conservancy's newest glow-up project at their inaugural Hampton Park culinary event, Shucked + Sauced, Sat. ","Check out the Charleston Parks Conservancy's newest glow-up project at their inaugural Hampton Park culinary event, Shucked + Sauced, Sat. 4/14, from 6-9 PM!
Join the Charleston Parks Conservancy for their inaugural Hampton Park culinary event, Shucked + Sauced, on Saturday, April 14, 2018, from 6-9 PM! This exciting event will showcase the Conservancy's newest glow-up project, which has transformed the South Lawn of Hampton Park into an interactive and immersive art installation featuring large-scale lanterns and light installations.
The event will take place on the South Lawn of Hampton Park (located at the intersection of US-17 and Hampton Avenue) and will feature a variety of local chefs, food trucks, and libations","4/14, from 6-9 PM!
Join the Charleston Parks Conservancy for their inaugural Hampton Park culinary event, Shucked + Sauced, on Saturday, April 14, 2018, from 6-9 PM! This exciting event will showcase the Conservancy's newest glow-up project, which has transformed the South Lawn of Hampton Park into an interactive and immersive art installation featuring large-scale lanterns and light installations.
The event will take place on the South Lawn of Hampton Park (located at the intersection of US-17 and Hampton Avenue) and will feature a variety of local chefs, food trucks, and libations","{""do_sample"": true, ""temperature"": 1.0, ""top_p"": 0.95, ""top_k"": 50, ""repetition_penalty"": 1.0, ""max_new_tokens"": 128}"
bytekgwV6,3.0,0,1302,68,68,Adweek: So what’s a digital-media tyro like you doing at a fusty old-media company like CBS? Jim Lanzone: I don’t ,"Adweek: So what’s a digital-media tyro like you doing at a fusty old-media company like CBS? Jim Lanzone: I don’t........................ that I should just be focusing on new media. CBS has a lot of traditional assets, but it also has a lot of new, forward-thinking initiatives going on. And that’s really what drew me to this role: the chance to leverage both the heritage of the company and the innovation that it's embracing. Adweek: That’s an interesting approach. So what do you see as your role in shaping the company’s digital strategy? Lanzone:......................... I think there are a lot of untapped opportunities for us to create new products and content that speak to a younger audience. And I hope to be able to help bring","....................... that I should just be focusing on new media. CBS has a lot of traditional assets, but it also has a lot of new, forward-thinking initiatives going on. And that’s really what drew me to this role: the chance to leverage both the heritage of the company and the innovation that it's embracing. Adweek: That’s an interesting approach. So what do you see as your role in shaping the company’s digital strategy? Lanzone:......................... I think there are a lot of untapped opportunities for us to create new products and content that speak to a younger audience. And I hope to be able to help bring","{""do_sample"": true, ""temperature"": 1.0, ""top_p"": 0.95, ""top_k"": 50, ""repetition_penalty"": 1.0, ""max_new_tokens"": 128}"
bytekgwV6,3.0,0,1304,70,70,A live events and bespoke creative technical solutions company based in Loughborough is seeking a technical project manager to join ,"A live events and bespoke creative technical solutions company based in Loughborough is seeking a technical project manager to join their dynamic team.
The successful candidate will have strong technical project management experience, ideally within the live events, broadcast or production industries. You will be responsible for leading teams of technical staff, including AV engineers, riggers, and electricians to ensure successful delivery of projects.
This is a fantastic opportunity to join a forward-thinking company that provides bespoke technical solutions for a variety of events and productions.
To be considered for this role, candidates must have strong technical project management experience, ideally within the live events, broadcast or production industries. Proven experience of working in a fast-paced, dynamic environment and ability to work effectively with multiple stakeholders would be an","their dynamic team.
The successful candidate will have strong technical project management experience, ideally within the live events, broadcast or production industries. You will be responsible for leading teams of technical staff, including AV engineers, riggers, and electricians to ensure successful delivery of projects.
This is a fantastic opportunity to join a forward-thinking company that provides bespoke technical solutions for a variety of events and productions.
To be considered for this role, candidates must have strong technical project management experience, ideally within the live events, broadcast or production industries. Proven experience of working in a fast-paced, dynamic environment and ability to work effectively with multiple stakeholders would be an","{""do_sample"": true, ""temperature"": 1.0, ""top_p"": 0.95, ""top_k"": 50, ""repetition_penalty"": 1.0, ""max_new_tokens"": 128}"
bytekgwV6,3.0,0,1306,72,72,The latest report from Violence Policy Center. I find it ironic and sad that the very day an annual report ,"The latest report from Violence Policy Center. I find it ironic and sad that the very day an annual report  from the Violence Policy Center is released it’s met with skepticism by those who care more about the Second Amendment than people’s lives. The report’s message: the easiest way to commit mass public shootings is with a semi-automatic handgun.
Here are some key findings from the VPC’s annual Mass Shootings in the United States report:
* 546 mass shootings in the United States in 2020.
*  537 victims of mass shootings died in 2020.
* 58.3% of mass shootings occurred with a semi-automatic handgun.
* 67.3% of mass shootings resulted in the death of at least one"," from the Violence Policy Center is released it’s met with skepticism by those who care more about the Second Amendment than people’s lives. The report’s message: the easiest way to commit mass public shootings is with a semi-automatic handgun.
Here are some key findings from the VPC’s annual Mass Shootings in the United States report:
* 546 mass shootings in the United States in 2020.
*  537 victims of mass shootings died in 2020.
* 58.3% of mass shootings occurred with a semi-automatic handgun.
* 67.3% of mass shootings resulted in the death of at least one","{""do_sample"": true, ""temperature"": 1.0, ""top_p"": 0.95, ""top_k"": 50, ""repetition_penalty"": 1.0, ""max_new_tokens"": 128}"
bytekgwV6,3.0,0,1308,74,74,Thorpe of the New York Trucking and Delivery Association says the decision to raise penalties won’t solve the parking crisis. ,"Thorpe of the New York Trucking and Delivery Association says the decision to raise penalties won’t solve the parking crisis. 2017: NYC Mayor Bill de Blasio Announces NYC Will Implement Congestion Pricing. 1.1.3. 6 - New York City's Taxi and Limousine Commission (TLC) will create an emergency permit for livery and for-hire vehicles to operate in the city. 2 - NYC's DOT will implement additional parking restrictions on side streets and residential areas. 1.1.2. The city can take steps to improve safety, accessibility, and efficiency while rethinking parking requirements. 2 - NYC's Department of Transportation (DOT) will establish a task force to develop a citywide plan for addressing","2017: NYC Mayor Bill de Blasio Announces NYC Will Implement Congestion Pricing. 1.1.3. 6 - New York City's Taxi and Limousine Commission (TLC) will create an emergency permit for livery and for-hire vehicles to operate in the city. 2 - NYC's DOT will implement additional parking restrictions on side streets and residential areas. 1.1.2. The city can take steps to improve safety, accessibility, and efficiency while rethinking parking requirements. 2 - NYC's Department of Transportation (DOT) will establish a task force to develop a citywide plan for addressing","{""do_sample"": true, ""temperature"": 1.0, ""top_p"": 0.95, ""top_k"": 50, ""repetition_penalty"": 1.0, ""max_new_tokens"": 128}"
bytekgwV6,3.0,0,1310,76,76,A District Court decision overturning major provisions of three Executive Orders has been appealed. Here is a summary of the ,"A District Court decision overturning major provisions of three Executive Orders has been appealed. Here is a summary of the 9th Circuit's decision and possible next steps.
A District Court decision overturning major provisions of three Executive Orders has been appealed. Here is a summary of the 9th Circuit's decision and possible next steps.
On February 16, 2017, President Trump issued Executive Orders (EOs) regarding immigration and border control. The EOs ordered, among other things, the suspension of entry of nationals of seven majority-Muslim countries, a freeze on refugee admissions, and the construction of a physical barrier along the U.S.-Mexico border.
The EOs were quickly challenged in court. On February 3, 2017, a","9th Circuit's decision and possible next steps.
A District Court decision overturning major provisions of three Executive Orders has been appealed. Here is a summary of the 9th Circuit's decision and possible next steps.
On February 16, 2017, President Trump issued Executive Orders (EOs) regarding immigration and border control. The EOs ordered, among other things, the suspension of entry of nationals of seven majority-Muslim countries, a freeze on refugee admissions, and the construction of a physical barrier along the U.S.-Mexico border.
The EOs were quickly challenged in court. On February 3, 2017, a","{""do_sample"": true, ""temperature"": 1.0, ""top_p"": 0.95, ""top_k"": 50, ""repetition_penalty"": 1.0, ""max_new_tokens"": 128}"
bytekgwV6,3.0,0,1312,78,78,"The democratization of data is a real phenomenon, but building a sustainable data democracy means truly giving power to the ","The democratization of data is a real phenomenon, but building a sustainable data democracy means truly giving power to the 99%. It means ensuring that the benefits of data-driven innovation, transparency, and accountability are felt by everyone - not just the elite few who have the means and resources to wield data effectively.
From The Data-Driven Future of Government - Towards a More Transparent and Inclusive Public Service, by the Bertelsmann Stiftung (2017)
A data democracy is a form of governance where the power to make decisions about data and the benefits they can bring are shared equally by all citizens. In such a society, there is equal access to information and resources, and the tools and technologies needed to understand, process and act on the insights provided","99%. It means ensuring that the benefits of data-driven innovation, transparency, and accountability are felt by everyone - not just the elite few who have the means and resources to wield data effectively.
From The Data-Driven Future of Government - Towards a More Transparent and Inclusive Public Service, by the Bertelsmann Stiftung (2017)
A data democracy is a form of governance where the power to make decisions about data and the benefits they can bring are shared equally by all citizens. In such a society, there is equal access to information and resources, and the tools and technologies needed to understand, process and act on the insights provided","{""do_sample"": true, ""temperature"": 1.0, ""top_p"": 0.95, ""top_k"": 50, ""repetition_penalty"": 1.0, ""max_new_tokens"": 128}"
bytekgwV6,3.0,0,1314,80,80,"The Council of PR Firms yesterday urged PR firms to ""pledge"" to Wikipedia that they will only submit materials to ","The Council of PR Firms yesterday urged PR firms to ""pledge"" to Wikipedia that they will only submit materials to 100% fact-checked articles.
The Council's statement, which is open for endorsement, reads: ""The Council of PR Firms believes that the integrity and credibility of Wikipedia rely heavily on the efforts of PR professionals. As such, we urge our member agencies to pledge to only submit materials to 100% fact-checked articles. By making this pledge, we demonstrate our commitment to the values of accuracy, fairness and transparency that are fundamental to the principles of public relations and our own profession.""
The move comes after a series of high-profile controversies, including the infamous case of SEO expert Danny Sloane, who was accused of creating fake articles for clients","100% fact-checked articles.
The Council's statement, which is open for endorsement, reads: ""The Council of PR Firms believes that the integrity and credibility of Wikipedia rely heavily on the efforts of PR professionals. As such, we urge our member agencies to pledge to only submit materials to 100% fact-checked articles. By making this pledge, we demonstrate our commitment to the values of accuracy, fairness and transparency that are fundamental to the principles of public relations and our own profession.""
The move comes after a series of high-profile controversies, including the infamous case of SEO expert Danny Sloane, who was accused of creating fake articles for clients","{""do_sample"": true, ""temperature"": 1.0, ""top_p"": 0.95, ""top_k"": 50, ""repetition_penalty"": 1.0, ""max_new_tokens"": 128}"
bytekgwV6,3.0,0,1316,82,82,"He and a neighbor managed to lure the horse toward them with a handful of grass, Sickinger said, and they ","He and a neighbor managed to lure the horse toward them with a handful of grass, Sickinger said, and they iced it and rolled it onto the nearby trolley tracks. ""We basically had a mini-hospital there,"" she laughed, adding that they kept the horse there overnight until help arrived the next morning. It turned out that the horse had a cut on its leg and needed some stitches, and it was eventually taken to a local veterinary clinic for treatment.
Sickinger was amazed by how calm and gentle the horse was, given the circumstances, and she credited the efforts of the neighbors for helping to save its life. ""It was a very exciting night, but we're very glad everything turned out okay,"" she said.
Meanwhile, the t","iced it and rolled it onto the nearby trolley tracks. ""We basically had a mini-hospital there,"" she laughed, adding that they kept the horse there overnight until help arrived the next morning. It turned out that the horse had a cut on its leg and needed some stitches, and it was eventually taken to a local veterinary clinic for treatment.
Sickinger was amazed by how calm and gentle the horse was, given the circumstances, and she credited the efforts of the neighbors for helping to save its life. ""It was a very exciting night, but we're very glad everything turned out okay,"" she said.
Meanwhile, the t","{""do_sample"": true, ""temperature"": 1.0, ""top_p"": 0.95, ""top_k"": 50, ""repetition_penalty"": 1.0, ""max_new_tokens"": 128}"
bytekgwV6,3.0,0,1318,84,84,"Wolf, 33, joined the Africa Mercy crew in March, taking a short leave from her job as a registered nurse ","Wolf, 33, joined the Africa Mercy crew in March, taking a short leave from her job as a registered nurse 10 months prior. She volunteered for a 2-year contract to work with patients at the ship's hospital, providing care and support to those suffering from disabilities and illnesses. Wolf, who was born and raised in Michigan and studied nursing in Wisconsin, describes her experience thus far on the Africa Mercy as ""amazing."" She notes that the opportunity has been both challenging and rewarding, as she's been able to use her skills to help patients who may not have access to healthcare otherwise. (AP) (AP) - Read more here:
https://www.yahoo.com/news/michigan-native-finding-purpose-africa-medicine-volunteer-","10 months prior. She volunteered for a 2-year contract to work with patients at the ship's hospital, providing care and support to those suffering from disabilities and illnesses. Wolf, who was born and raised in Michigan and studied nursing in Wisconsin, describes her experience thus far on the Africa Mercy as ""amazing."" She notes that the opportunity has been both challenging and rewarding, as she's been able to use her skills to help patients who may not have access to healthcare otherwise. (AP) (AP) - Read more here:
https://www.yahoo.com/news/michigan-native-finding-purpose-africa-medicine-volunteer-","{""do_sample"": true, ""temperature"": 1.0, ""top_p"": 0.95, ""top_k"": 50, ""repetition_penalty"": 1.0, ""max_new_tokens"": 128}"
bytekgwV6,3.0,0,1320,86,86,"A Chicago judge on Thursday dismissed a patent case between Apple and Motorola because, he said, neither side could adequately ","A Chicago judge on Thursday dismissed a patent case between Apple and Motorola because, he said, neither side could adequately  prove they owned the technology at issue.
U.S. District Judge Richard Posner said the patent dispute was more theoretical than real because the technologies at the heart of the lawsuit were not innovative or unique to either party, reports Bloomberg.
The lawsuit, filed in 2010, related to patents related to the iPhone and Motorola Droid smartphones. Apple claimed that Motorola's phones infringed on its patents, while Motorola claimed that the same technologies were industry standards and not owned by either party.
Posner, who is often referred to as the ""foremost trial lawyer of our era"" by his fellow lawyers, has been involved in the case"," prove they owned the technology at issue.
U.S. District Judge Richard Posner said the patent dispute was more theoretical than real because the technologies at the heart of the lawsuit were not innovative or unique to either party, reports Bloomberg.
The lawsuit, filed in 2010, related to patents related to the iPhone and Motorola Droid smartphones. Apple claimed that Motorola's phones infringed on its patents, while Motorola claimed that the same technologies were industry standards and not owned by either party.
Posner, who is often referred to as the ""foremost trial lawyer of our era"" by his fellow lawyers, has been involved in the case","{""do_sample"": true, ""temperature"": 1.0, ""top_p"": 0.95, ""top_k"": 50, ""repetition_penalty"": 1.0, ""max_new_tokens"": 128}"
bytekgwV6,3.0,0,1322,88,88,"Ford is building cars that ""talk"" with traffic lights, road signs and pedestrians. At CES 2019 in Las Vegas on ","Ford is building cars that ""talk"" with traffic lights, road signs and pedestrians. At CES 2019 in Las Vegas on 8 January, the automaker unveiled the next generation of its SYNC 3 infotainment system, which includes a new feature called ""Smart Infotainment."" This technology integrates with other systems to create a more sophisticated driving environment.
Ford claims that SYNC 3 will use a variety of sensors and cameras to track and respond to the driver, pedestrians and the road. For example, the system can recognize when a traffic light is approaching and communicate with it through a wireless network. It can also detect and respond to pedestrian movement, warning the driver of potential hazards.
But that's not all. Ford SYNC 3 will also integrate with popular mobile","8 January, the automaker unveiled the next generation of its SYNC 3 infotainment system, which includes a new feature called ""Smart Infotainment."" This technology integrates with other systems to create a more sophisticated driving environment.
Ford claims that SYNC 3 will use a variety of sensors and cameras to track and respond to the driver, pedestrians and the road. For example, the system can recognize when a traffic light is approaching and communicate with it through a wireless network. It can also detect and respond to pedestrian movement, warning the driver of potential hazards.
But that's not all. Ford SYNC 3 will also integrate with popular mobile","{""do_sample"": true, ""temperature"": 1.0, ""top_p"": 0.95, ""top_k"": 50, ""repetition_penalty"": 1.0, ""max_new_tokens"": 128}"
bytekgwV6,3.0,0,1324,90,90,"Things get a bit messy in a new brand campaign from Chobani. Centered on the tag ""Love This Life,"" its ","Things get a bit messy in a new brand campaign from Chobani. Centered on the tag ""Love This Life,"" its 30-second advertisement features a diverse cast of characters enjoying the brand's yogurt products while participating in everyday activities like playing sports, riding bikes, and making art.
The spot highlights the idea that everyone has their own version of ""love"" and ""this life"" as they pursue their passions and connect with the world around them. From a group of skateboarding kids having fun on the streets to a group of friends playing music together, the ad celebrates the beauty of everyday moments.
While the brand may be using the tagline to make its message more relatable, the execution might not quite fit the bill. For one, some of the scenes feel","30-second advertisement features a diverse cast of characters enjoying the brand's yogurt products while participating in everyday activities like playing sports, riding bikes, and making art.
The spot highlights the idea that everyone has their own version of ""love"" and ""this life"" as they pursue their passions and connect with the world around them. From a group of skateboarding kids having fun on the streets to a group of friends playing music together, the ad celebrates the beauty of everyday moments.
While the brand may be using the tagline to make its message more relatable, the execution might not quite fit the bill. For one, some of the scenes feel","{""do_sample"": true, ""temperature"": 1.0, ""top_p"": 0.95, ""top_k"": 50, ""repetition_penalty"": 1.0, ""max_new_tokens"": 128}"
bytekgwV6,3.0,0,1326,92,92,Trump's new immigration ad was panned as racist. Turns out it was also based on a falsehood. - Hartford Courant ,"Trump's new immigration ad was panned as racist. Turns out it was also based on a falsehood. - Hartford Courant 5 hours ago
Trump's new immigration ad was panned as racist. Turns out it was also based on a falsehood. By Manuel Roig-Franzia January 24, 2022 The new 30-second commercial, released by the White House, features an anonymous Hispanic woman named Angela Merkel... Read More
Latest Hartford Courant Stories
Windsor Locks Public Library expands services to include tax help and job resume assistance - Hartford Courant 5 hours ago
Windsor Locks Public Library expands services to include tax help and job resume assistance
The Windsor Locks Public Library has expanded its services to offer free tax","5 hours ago
Trump's new immigration ad was panned as racist. Turns out it was also based on a falsehood. By Manuel Roig-Franzia January 24, 2022 The new 30-second commercial, released by the White House, features an anonymous Hispanic woman named Angela Merkel... Read More
Latest Hartford Courant Stories
Windsor Locks Public Library expands services to include tax help and job resume assistance - Hartford Courant 5 hours ago
Windsor Locks Public Library expands services to include tax help and job resume assistance
The Windsor Locks Public Library has expanded its services to offer free tax","{""do_sample"": true, ""temperature"": 1.0, ""top_p"": 0.95, ""top_k"": 50, ""repetition_penalty"": 1.0, ""max_new_tokens"": 128}"
bytekgwV6,3.0,0,1328,94,94,• Engage with other SRA functions to support the evidence gathering and credible deterrence approach of the SRA. The role ,"• Engage with other SRA functions to support the evidence gathering and credible deterrence approach of the SRA. The role  will involve working closely with the Investigations and Compliance teams, as well as other functional teams.
• Manage the review and analysis process of data and evidence to identify potential breaches and develop recommendations for further action.
• Develop and implement procedures and tools for effective monitoring, tracking and reporting on breaches and near-breaches.
• Conduct root cause analysis and identify trends and patterns to inform the development of targeted deterrence strategies.
• Collaborate with other teams to design and implement effective corrective actions and risk reduction strategies.
• Support the development of business intelligence capabilities and reporting requirements to inform SRA decision making.
• Provide analytical support and expertise to the SRA team"," will involve working closely with the Investigations and Compliance teams, as well as other functional teams.
• Manage the review and analysis process of data and evidence to identify potential breaches and develop recommendations for further action.
• Develop and implement procedures and tools for effective monitoring, tracking and reporting on breaches and near-breaches.
• Conduct root cause analysis and identify trends and patterns to inform the development of targeted deterrence strategies.
• Collaborate with other teams to design and implement effective corrective actions and risk reduction strategies.
• Support the development of business intelligence capabilities and reporting requirements to inform SRA decision making.
• Provide analytical support and expertise to the SRA team","{""do_sample"": true, ""temperature"": 1.0, ""top_p"": 0.95, ""top_k"": 50, ""repetition_penalty"": 1.0, ""max_new_tokens"": 128}"
bytekgwV6,3.0,0,1330,96,96,"MidMichigan Health plans to restructure and re-align its work force in the coming months, and the changes could mean laying ","MidMichigan Health plans to restructure and re-align its work force in the coming months, and the changes could mean laying 45 to 50 people off.
The health system announced the plans Thursday, citing declining patient volumes and decreased revenue due to the ongoing COVID-19 pandemic. MidMichigan Health said it's taking the action to ensure it stays competitive and financially stable.
""MidMichigan Health is facing significant challenges due to the ongoing pandemic,"" said Diane Postler-Slater, president and CEO of MidMichigan Health. ""We are taking these actions to respond to the decline in patient volume and revenue, while also positioning ourselves for long-term sustainability and success.""
The changes will focus on realigning the health system's workforce to better meet changing patient needs and to","45 to 50 people off.
The health system announced the plans Thursday, citing declining patient volumes and decreased revenue due to the ongoing COVID-19 pandemic. MidMichigan Health said it's taking the action to ensure it stays competitive and financially stable.
""MidMichigan Health is facing significant challenges due to the ongoing pandemic,"" said Diane Postler-Slater, president and CEO of MidMichigan Health. ""We are taking these actions to respond to the decline in patient volume and revenue, while also positioning ourselves for long-term sustainability and success.""
The changes will focus on realigning the health system's workforce to better meet changing patient needs and to","{""do_sample"": true, ""temperature"": 1.0, ""top_p"": 0.95, ""top_k"": 50, ""repetition_penalty"": 1.0, ""max_new_tokens"": 128}"
bytekgwV6,3.0,0,1332,98,98,Tennessee farmers are cashing in on the local food movement. The federal government never measured just how much Tennessee farmers ,"Tennessee farmers are cashing in on the local food movement. The federal government never measured just how much Tennessee farmers 2018. The first farm-to-school grant was worth 50,000, but the grant applications in 2010.
Tennessee farmers are cashing in on the local food movement, and the federal government's incentives are helping them tap into the growing market. In 2018, Tennessee farmers harvested $4.7 billion worth of products, and the state's agricultural industry is worth more than $47 billion annually.
The local food movement, also known as the ""farm-to-table"" movement, emphasizes buying and eating locally grown and produced food. The trend has been gaining popularity in recent years, and it's creating new opportunities for","2018. The first farm-to-school grant was worth 50,000, but the grant applications in 2010.
Tennessee farmers are cashing in on the local food movement, and the federal government's incentives are helping them tap into the growing market. In 2018, Tennessee farmers harvested $4.7 billion worth of products, and the state's agricultural industry is worth more than $47 billion annually.
The local food movement, also known as the ""farm-to-table"" movement, emphasizes buying and eating locally grown and produced food. The trend has been gaining popularity in recent years, and it's creating new opportunities for","{""do_sample"": true, ""temperature"": 1.0, ""top_p"": 0.95, ""top_k"": 50, ""repetition_penalty"": 1.0, ""max_new_tokens"": 128}"
bytekgwV6,3.0,0,1334,100,100,Ozier Muhammad/The New York TimesReynaldo Rodriguez of the Care Coordination program counseled a patient with H.I.V. on how to adhere ,"Ozier Muhammad/The New York TimesReynaldo Rodriguez of the Care Coordination program counseled a patient with H.I.V. on how to adhere  … to her treatment plan.
Ozier Muhammad/The New York Times
Reynaldo Rodriguez of the Care Coordination program counseled a patient with H.I.V. on how to adhere to her treatment plan.
By ANEMONIEE SLOBODNIK
NEW YORK — As the Affordable Care Act’s Covered California health insurance marketplace prepares for its next open enrollment, Medi-Cal, California’s Medicaid program, has been busy expanding access to health coverage for low-income Californians. While this is a major achievement for health care reform, the program still faces challenges in providing timely and effective care for these patients.
According to a"," … to her treatment plan.
Ozier Muhammad/The New York Times
Reynaldo Rodriguez of the Care Coordination program counseled a patient with H.I.V. on how to adhere to her treatment plan.
By ANEMONIEE SLOBODNIK
NEW YORK — As the Affordable Care Act’s Covered California health insurance marketplace prepares for its next open enrollment, Medi-Cal, California’s Medicaid program, has been busy expanding access to health coverage for low-income Californians. While this is a major achievement for health care reform, the program still faces challenges in providing timely and effective care for these patients.
According to a","{""do_sample"": true, ""temperature"": 1.0, ""top_p"": 0.95, ""top_k"": 50, ""repetition_penalty"": 1.0, ""max_new_tokens"": 128}"
bytekgwV6,3.0,0,1336,102,102,"Talking to the press people here at the Heliport on Saturday, the National BJP leader, while stating the Naga issue ","Talking to the press people here at the Heliport on Saturday, the National BJP leader, while stating the Naga issue 1963 agreement has been the basis of all peace talks between the government of India, Naga Peoples Consultative Conference (NPC) and other underground groups, observed that, the peace talk process must move forward, addressing the unresolved issues and it must also address the legitimate aspirations of Naga people.
Speaking to the Nagaland Post, the senior leader said, “In the past, the peace talk process was hampered by many factors, including the fragmentation of the Naga movement, the lack of credible and representative negotiators, and the absence of a national framework for the talks.
He further emphasized that, it is high time that all concerned","1963 agreement has been the basis of all peace talks between the government of India, Naga Peoples Consultative Conference (NPC) and other underground groups, observed that, the peace talk process must move forward, addressing the unresolved issues and it must also address the legitimate aspirations of Naga people.
Speaking to the Nagaland Post, the senior leader said, “In the past, the peace talk process was hampered by many factors, including the fragmentation of the Naga movement, the lack of credible and representative negotiators, and the absence of a national framework for the talks.
He further emphasized that, it is high time that all concerned","{""do_sample"": true, ""temperature"": 1.0, ""top_p"": 0.95, ""top_k"": 50, ""repetition_penalty"": 1.0, ""max_new_tokens"": 128}"
bytekgwV6,3.0,0,1338,104,104,"Famously tight-lipped about her Scientology faith, The Handmaid’s Tale star Elisabeth Moss has opened up in a candid new interview. ","Famously tight-lipped about her Scientology faith, The Handmaid’s Tale star Elisabeth Moss has opened up in a candid new interview.  Speaking with Elle UK, Moss, 37, discussed how her experiences on the set of her hit Hulu show have affected her, including the intense emotional demands of playing Offred and the #MeToo movement’s impact on her and others. But when the conversation shifted to Scientology – an organization founded by science fiction author L. Ron Hubbard in 1954 – Moss initially seemed hesitant to delve into the topic.
Elisabeth Moss: Scientology is a fascinating subject, and it has played a big role in my life and the lives of those around me.
When asked if she identified as a Scientologist, Moss coyly replied:
El"," Speaking with Elle UK, Moss, 37, discussed how her experiences on the set of her hit Hulu show have affected her, including the intense emotional demands of playing Offred and the #MeToo movement’s impact on her and others. But when the conversation shifted to Scientology – an organization founded by science fiction author L. Ron Hubbard in 1954 – Moss initially seemed hesitant to delve into the topic.
Elisabeth Moss: Scientology is a fascinating subject, and it has played a big role in my life and the lives of those around me.
When asked if she identified as a Scientologist, Moss coyly replied:
El","{""do_sample"": true, ""temperature"": 1.0, ""top_p"": 0.95, ""top_k"": 50, ""repetition_penalty"": 1.0, ""max_new_tokens"": 128}"
bytekgwV6,3.0,0,1340,106,106,Madore received the package along with three crosses she had ordered in memory of her son Christopher Medina who died ,"Madore received the package along with three crosses she had ordered in memory of her son Christopher Medina who died 14 years ago in a motorcycle accident. (Source: Madison.com)
A Wisconsin woman received a mixed bag of items, including three crosses and a mysterious package, when she ordered three customized picture frames from a online marketplace.
Tanya Madore said the package contained not only the picture frames, but also three crosses, a small bottle of wine, and a note with a cryptic message. (Source: CNN)
Madore was supposed to order the customized picture frames online but received the mixed bag of items along with them. The package did not contain an invoice or a shipping label.
The note found with the items read: ""Remember the","14 years ago in a motorcycle accident. (Source: Madison.com)
A Wisconsin woman received a mixed bag of items, including three crosses and a mysterious package, when she ordered three customized picture frames from a online marketplace.
Tanya Madore said the package contained not only the picture frames, but also three crosses, a small bottle of wine, and a note with a cryptic message. (Source: CNN)
Madore was supposed to order the customized picture frames online but received the mixed bag of items along with them. The package did not contain an invoice or a shipping label.
The note found with the items read: ""Remember the","{""do_sample"": true, ""temperature"": 1.0, ""top_p"": 0.95, ""top_k"": 50, ""repetition_penalty"": 1.0, ""max_new_tokens"": 128}"
bytekgwV6,3.0,0,1342,108,108,"France is in a difficult position. It has not had a sufficient spur to reform, despite the platitudes by both ","France is in a difficult position. It has not had a sufficient spur to reform, despite the platitudes by both 54 years and the present, this is not an adequate reason for not having the courage to carry out the reforms, the. In a bid to reduce the risk of the pension system, President Emmanuel Macron has announced a reform plan to increase the retirement age from 62 to.
French government proposes raising retirement age to. The French government on Thursday unveiled a plan to increase the retirement age in the country by five years, to 64 years old, as part of a broader effort to pension system.
French pension reform the current. The French pension system is a social insurance system with three main pillars. The first pillar is the social security system,","54 years and the present, this is not an adequate reason for not having the courage to carry out the reforms, the. In a bid to reduce the risk of the pension system, President Emmanuel Macron has announced a reform plan to increase the retirement age from 62 to.
French government proposes raising retirement age to. The French government on Thursday unveiled a plan to increase the retirement age in the country by five years, to 64 years old, as part of a broader effort to pension system.
French pension reform the current. The French pension system is a social insurance system with three main pillars. The first pillar is the social security system,","{""do_sample"": true, ""temperature"": 1.0, ""top_p"": 0.95, ""top_k"": 50, ""repetition_penalty"": 1.0, ""max_new_tokens"": 128}"
bytekgwV6,3.0,0,1344,110,110,"Nelson Mandela statue in Westminster, London. ""Comrade Mandela's release was achieved through our struggles that had pushed the apartheid regime ","Nelson Mandela statue in Westminster, London. ""Comrade Mandela's release was achieved through our struggles that had pushed the apartheid regime 10 years later, but a new era had begun. The spirit of struggle and the determination to fight for freedom had united the people and the fight for human rights had continued,"" said his wife Graça Machel at the inauguration ceremony. (Photo credit: PA Images via PA Wire)
The life and legacy of Nelson Mandela
By Sarah Kuresan, Assistant Editor
The life and legacy of Nelson Mandela was celebrated recently on December 10, the anniversary of his release from prison on December 10, 1988, marking the end of his 27 years of imprisonment and the dawn of a new era in South Africa.
Nelson","10 years later, but a new era had begun. The spirit of struggle and the determination to fight for freedom had united the people and the fight for human rights had continued,"" said his wife Graça Machel at the inauguration ceremony. (Photo credit: PA Images via PA Wire)
The life and legacy of Nelson Mandela
By Sarah Kuresan, Assistant Editor
The life and legacy of Nelson Mandela was celebrated recently on December 10, the anniversary of his release from prison on December 10, 1988, marking the end of his 27 years of imprisonment and the dawn of a new era in South Africa.
Nelson","{""do_sample"": true, ""temperature"": 1.0, ""top_p"": 0.95, ""top_k"": 50, ""repetition_penalty"": 1.0, ""max_new_tokens"": 128}"
bytekgwV6,3.0,0,1346,112,112,"Back in 1982, the Endangered Species Act took the ocelot under its protection. The ocelot is a vulnerable creature, susceptible ","Back in 1982, the Endangered Species Act took the ocelot under its protection. The ocelot is a vulnerable creature, susceptible  to various human activities and natural threats. Yet, there have been sightings and reports of ocelots in the wild, which is a testament to conservation efforts.
Now, the United States Fish and Wildlife Service and other agencies are working together to determine the overall health and well-being of the ocelot species. A new program  launched by the FWS will focus on monitoring and studying ocelot populations, as well as identifying potential threats. Research will be conducted on their behavior, habitat, and diet to better understand the species' needs.
The ocelot is an apex predator  in the wild, and their decline"," to various human activities and natural threats. Yet, there have been sightings and reports of ocelots in the wild, which is a testament to conservation efforts.
Now, the United States Fish and Wildlife Service and other agencies are working together to determine the overall health and well-being of the ocelot species. A new program  launched by the FWS will focus on monitoring and studying ocelot populations, as well as identifying potential threats. Research will be conducted on their behavior, habitat, and diet to better understand the species' needs.
The ocelot is an apex predator  in the wild, and their decline","{""do_sample"": true, ""temperature"": 1.0, ""top_p"": 0.95, ""top_k"": 50, ""repetition_penalty"": 1.0, ""max_new_tokens"": 128}"
bytekgwV6,3.0,0,1348,114,114,"Assembly Minority Leader Pat Hickey, R-Reno, will have a GOP primary election opponent in 2014. Richard Fineberg, a retired lawyer ","Assembly Minority Leader Pat Hickey, R-Reno, will have a GOP primary election opponent in 2014. Richard Fineberg, a retired lawyer  and former Assembly candidate, says he'll run for the seat.
Fineberg made the announcement Tuesday in Reno.
In 2010, Fineberg lost the Republican primary for the same seat to Hickey, who won the election and took office in November 2010.
Fineberg said Tuesday that he's running again because he believes Hickey has been too focused on party politics and not enough on issues affecting the district.
""We need someone who is independent, who is committed to serving the district and the state, not just their own party,"" Fineberg said.
Fineberg said he plans to run a grassroots campaign, focusing on door-to"," and former Assembly candidate, says he'll run for the seat.
Fineberg made the announcement Tuesday in Reno.
In 2010, Fineberg lost the Republican primary for the same seat to Hickey, who won the election and took office in November 2010.
Fineberg said Tuesday that he's running again because he believes Hickey has been too focused on party politics and not enough on issues affecting the district.
""We need someone who is independent, who is committed to serving the district and the state, not just their own party,"" Fineberg said.
Fineberg said he plans to run a grassroots campaign, focusing on door-to","{""do_sample"": true, ""temperature"": 1.0, ""top_p"": 0.95, ""top_k"": 50, ""repetition_penalty"": 1.0, ""max_new_tokens"": 128}"
bytekgwV6,3.0,0,1350,116,116,"Friday Night Live: Hilarious Improv Comedy featuring live music from pianist Keith Munslow! Get beside yourself with FNL’s interactive scenes, ","Friday Night Live: Hilarious Improv Comedy featuring live music from pianist Keith Munslow! Get beside yourself with FNL’s interactive scenes, 4th wall-breaking shenanigans and your own improv abilities (yes, they might make fun of you, but it’s all in the name of FUN)! FNL promises you an unforgettable night of laughter, creativity and audience participation. See you there! (All Ages) Doors at 7, show at 7:30, and only $10. What are you waiting for? Get your tickets now! Contact: [BoxOffice@FnlMaine.com](mailto:BoxOffice@FnlMaine.com) or 207-775-BLUE (2583) or at [FnlMaine.com](http","4th wall-breaking shenanigans and your own improv abilities (yes, they might make fun of you, but it’s all in the name of FUN)! FNL promises you an unforgettable night of laughter, creativity and audience participation. See you there! (All Ages) Doors at 7, show at 7:30, and only $10. What are you waiting for? Get your tickets now! Contact: [BoxOffice@FnlMaine.com](mailto:BoxOffice@FnlMaine.com) or 207-775-BLUE (2583) or at [FnlMaine.com](http","{""do_sample"": true, ""temperature"": 1.0, ""top_p"": 0.95, ""top_k"": 50, ""repetition_penalty"": 1.0, ""max_new_tokens"": 128}"
bytekgwV6,3.0,0,1352,118,118,Do Twinkle and mum Dimple share a wardrobe? The star wife was missing for a greater part of the year ,"Do Twinkle and mum Dimple share a wardrobe? The star wife was missing for a greater part of the year 2020, and her absence was definitely noticed by the fans of the star. And after this long hiatus, she made a stunning comeback with a new look that left many talking.
Twinkle Khanna, who is the wife of Bollywood star Akshay Kumar and daughter-in-law of the late legendary actor Rishi Kapoor, was back on the social media scene recently. And what caught the attention of everyone was not just her return but her new look and her incredible fashion sense.
Twinkle and Dimple, who is the actress wife of the late actor Rajesh Khanna's son, are long-time friends and have been spotted together at","2020, and her absence was definitely noticed by the fans of the star. And after this long hiatus, she made a stunning comeback with a new look that left many talking.
Twinkle Khanna, who is the wife of Bollywood star Akshay Kumar and daughter-in-law of the late legendary actor Rishi Kapoor, was back on the social media scene recently. And what caught the attention of everyone was not just her return but her new look and her incredible fashion sense.
Twinkle and Dimple, who is the actress wife of the late actor Rajesh Khanna's son, are long-time friends and have been spotted together at","{""do_sample"": true, ""temperature"": 1.0, ""top_p"": 0.95, ""top_k"": 50, ""repetition_penalty"": 1.0, ""max_new_tokens"": 128}"
bytekgwV6,3.0,0,1354,120,120,the World Challenge a year ago. He won at Hilton Head on the U.S. Championships in Doral and Shanghai. the ,"the World Challenge a year ago. He won at Hilton Head on the U.S. Championships in Doral and Shanghai. the 2018 Masters to have a more modest goal for the 2018 Masters. the Masters the first of four PGA Tour events for which he received sponsors' exemptions.
the first major championship tournament that year. the World Ranking and the FedEx Cup, but he won the last 2018 Masters tournament. the World Challenge, a charity golf outing that he organized, before the Masters.
and he won his second event, the 2022 Shriners Children's Open. His win at the 2022 Wyndham Championship gave him a spot on the 2023 PGA Tour, but it took him three years to achieve his next victory","2018 Masters to have a more modest goal for the 2018 Masters. the Masters the first of four PGA Tour events for which he received sponsors' exemptions.
the first major championship tournament that year. the World Ranking and the FedEx Cup, but he won the last 2018 Masters tournament. the World Challenge, a charity golf outing that he organized, before the Masters.
and he won his second event, the 2022 Shriners Children's Open. His win at the 2022 Wyndham Championship gave him a spot on the 2023 PGA Tour, but it took him three years to achieve his next victory","{""do_sample"": true, ""temperature"": 1.0, ""top_p"": 0.95, ""top_k"": 50, ""repetition_penalty"": 1.0, ""max_new_tokens"": 128}"
bytekgwV6,3.0,0,1356,122,122,2 bedroom home with extra room for office or 3rd bedroom. Kitchen features Oak cabinets. Home features wood flooring in ,"2 bedroom home with extra room for office or 3rd bedroom. Kitchen features Oak cabinets. Home features wood flooring in 2 rooms and carpeted floors in the 2 bedrooms. Master bedroom has large walk-in closet. Master bathroom features walk-in shower and separate tub. Rear yard has patio and fenced area. Located near shopping and restaurants. Only 20 miles from downtown Detroit. Don't miss out on this affordable priced home! Seller will credit buyer $2000 for closing costs with offer.
Directions From Ford Rd, East on Van Buren to property on North side.
I'd like some more information about 24435 North Van Buren Street, Dearborn Heights MI 48125. Thank you!
I'd like to request a showing for 244","2 rooms and carpeted floors in the 2 bedrooms. Master bedroom has large walk-in closet. Master bathroom features walk-in shower and separate tub. Rear yard has patio and fenced area. Located near shopping and restaurants. Only 20 miles from downtown Detroit. Don't miss out on this affordable priced home! Seller will credit buyer $2000 for closing costs with offer.
Directions From Ford Rd, East on Van Buren to property on North side.
I'd like some more information about 24435 North Van Buren Street, Dearborn Heights MI 48125. Thank you!
I'd like to request a showing for 244","{""do_sample"": true, ""temperature"": 1.0, ""top_p"": 0.95, ""top_k"": 50, ""repetition_penalty"": 1.0, ""max_new_tokens"": 128}"
bytekgwV6,3.0,0,1358,124,124,"Following her acceptance into iPOP! after try-outs in Fort Walton Beach, Michelle Bryant is talking positively about her fast-approaching opportunity. ","Following her acceptance into iPOP! after try-outs in Fort Walton Beach, Michelle Bryant is talking positively about her fast-approaching opportunity. 12-year-old Michelle is one of the few chosen for the exclusive program, which is designed for talented young performers.
Michelle, a talented young artist, was chosen for her captivating dance moves, captivating stage presence, and amazing vocal talents. This 12-year-old has been fascinated by acting and dancing since she was a small child. She's a natural-born performer who loves the thrill of being on stage.
iPOP! is an unparalleled opportunity for emerging talent, offering a unique chance to learn the ropes and be seen by top industry professionals. The program will help Michelle develop her skills, build her network, and gain invaluable knowledge of the entertainment","12-year-old Michelle is one of the few chosen for the exclusive program, which is designed for talented young performers.
Michelle, a talented young artist, was chosen for her captivating dance moves, captivating stage presence, and amazing vocal talents. This 12-year-old has been fascinated by acting and dancing since she was a small child. She's a natural-born performer who loves the thrill of being on stage.
iPOP! is an unparalleled opportunity for emerging talent, offering a unique chance to learn the ropes and be seen by top industry professionals. The program will help Michelle develop her skills, build her network, and gain invaluable knowledge of the entertainment","{""do_sample"": true, ""temperature"": 1.0, ""top_p"": 0.95, ""top_k"": 50, ""repetition_penalty"": 1.0, ""max_new_tokens"": 128}"
bytekgwV6,3.0,0,1360,126,126,"In the past 11 months, Mauti has had to rely on his words unlike any other time in his life. ","In the past 11 months, Mauti has had to rely on his words unlike any other time in his life. 2010 was a nightmare for him.
The year began with a promising junior season, only to take a devastating turn when the linebacker suffered a broken collarbone and was forced to sit out several games. He tried to rush back, only for the injury to heal too slowly, forcing him to play through pain.
And then, on Dec. 18, came the worst news of all. A blood disorder was discovered, and it forced Mauti to take a medical retirement from football, ending his college career.
So when he reflects on the past year, it's hard to find anything positive to say. But that's not all there","2010 was a nightmare for him.
The year began with a promising junior season, only to take a devastating turn when the linebacker suffered a broken collarbone and was forced to sit out several games. He tried to rush back, only for the injury to heal too slowly, forcing him to play through pain.
And then, on Dec. 18, came the worst news of all. A blood disorder was discovered, and it forced Mauti to take a medical retirement from football, ending his college career.
So when he reflects on the past year, it's hard to find anything positive to say. But that's not all there","{""do_sample"": true, ""temperature"": 1.0, ""top_p"": 0.95, ""top_k"": 50, ""repetition_penalty"": 1.0, ""max_new_tokens"": 128}"
bytekgwV6,3.0,0,1362,128,128,The FINANCIAL (AD) -- ProCredit Bank has donated a unique ex libris collection to the National Centre of Manuscripts. This ,"The FINANCIAL (AD) -- ProCredit Bank has donated a unique ex libris collection to the National Centre of Manuscripts. This 400-volume book collection includes works on various subjects from the 16th to the 19th centuries, and it's considered a rare example of the intellectual heritage of the past, Trend reports citing the bank's press service.
The collection includes rare and first-edition books, some of which are not only valuable due to their historical significance, but also for their aesthetic value. The books were donated to the National Centre of Manuscripts on the occasion of the bank's 15th anniversary.
The collection will be kept at the National Centre of Manuscripts and made available for researchers, students and the public. The donation reflects the bank's commitment","400-volume book collection includes works on various subjects from the 16th to the 19th centuries, and it's considered a rare example of the intellectual heritage of the past, Trend reports citing the bank's press service.
The collection includes rare and first-edition books, some of which are not only valuable due to their historical significance, but also for their aesthetic value. The books were donated to the National Centre of Manuscripts on the occasion of the bank's 15th anniversary.
The collection will be kept at the National Centre of Manuscripts and made available for researchers, students and the public. The donation reflects the bank's commitment","{""do_sample"": true, ""temperature"": 1.0, ""top_p"": 0.95, ""top_k"": 50, ""repetition_penalty"": 1.0, ""max_new_tokens"": 128}"
bytekgwV6,3.0,0,1364,130,130,These two healthcare REITs are trading for dirt-cheap valuations despite high dividends and a solid history of growth. Investing in ,"These two healthcare REITs are trading for dirt-cheap valuations despite high dividends and a solid history of growth. Investing in 2022 is all about patience, so consider giving these two companies a look.
While healthcare REITs like Welltower (WELL) and Healthcare Trust of America (HTA) often get overlooked, these two companies offer fantastic opportunities for income-seeking investors. Not only do they offer high dividend yields, but they also have a long history of steady growth. Here's a closer look at why they're trading for such cheap valuations and why I think they're worth a closer look.

Welltower

Welltower is one of the largest healthcare REITs in the industry, with a portfolio of over 1,400 properties globally.","2022 is all about patience, so consider giving these two companies a look.
While healthcare REITs like Welltower (WELL) and Healthcare Trust of America (HTA) often get overlooked, these two companies offer fantastic opportunities for income-seeking investors. Not only do they offer high dividend yields, but they also have a long history of steady growth. Here's a closer look at why they're trading for such cheap valuations and why I think they're worth a closer look.

Welltower

Welltower is one of the largest healthcare REITs in the industry, with a portfolio of over 1,400 properties globally.","{""do_sample"": true, ""temperature"": 1.0, ""top_p"": 0.95, ""top_k"": 50, ""repetition_penalty"": 1.0, ""max_new_tokens"": 128}"
bytekgwV6,3.0,0,1366,132,132,Young Lions skipper Brad Galvin isn’t afraid of taking his side’s ‘scrappy’ style of play into Sunday’s semi final clash ,"Young Lions skipper Brad Galvin isn’t afraid of taking his side’s ‘scrappy’ style of play into Sunday’s semi final clash  with Nadi.
Galvin praised the team for their never-say-die attitude after beating Suva FC 2-1 in the quarter-finals and said they were ready for another tough encounter.
Nadi FC, the defending champions, defeated Ba 2-0 in their quarter-final match and are considered one of the top favourites for the title.
Galvin believes the side’s underdog mentality would work in their favour.
“Nadi are a strong team and they have a lot of experience, but I believe we can give them a run for their money,” Galvin said.
“We may not have the flair and the"," with Nadi.
Galvin praised the team for their never-say-die attitude after beating Suva FC 2-1 in the quarter-finals and said they were ready for another tough encounter.
Nadi FC, the defending champions, defeated Ba 2-0 in their quarter-final match and are considered one of the top favourites for the title.
Galvin believes the side’s underdog mentality would work in their favour.
“Nadi are a strong team and they have a lot of experience, but I believe we can give them a run for their money,” Galvin said.
“We may not have the flair and the","{""do_sample"": true, ""temperature"": 1.0, ""top_p"": 0.95, ""top_k"": 50, ""repetition_penalty"": 1.0, ""max_new_tokens"": 128}"
bytekgwV6,3.0,0,1368,134,134,"For a career that once seemed so good on paper, the crisis in teacher recruitment is now hardly ever out ","For a career that once seemed so good on paper, the crisis in teacher recruitment is now hardly ever out 0f the headlines.
In 2015, the government predicted that there would be a shortage of teachers, particularly in maths and science, by 2020. The number of students going on to study these subjects has since plummeted and the lack of new recruits is now starting to bite.
So what’s going wrong? And what can we do to stem the tide of this crisis?
One of the main issues is the rise of alternative career paths. Gone are the days where becoming a teacher was the only option for those who wanted to inspire and educate the next generation.
Technology and digital skills have created new industries and job opportunities that were","0f the headlines.
In 2015, the government predicted that there would be a shortage of teachers, particularly in maths and science, by 2020. The number of students going on to study these subjects has since plummeted and the lack of new recruits is now starting to bite.
So what’s going wrong? And what can we do to stem the tide of this crisis?
One of the main issues is the rise of alternative career paths. Gone are the days where becoming a teacher was the only option for those who wanted to inspire and educate the next generation.
Technology and digital skills have created new industries and job opportunities that were","{""do_sample"": true, ""temperature"": 1.0, ""top_p"": 0.95, ""top_k"": 50, ""repetition_penalty"": 1.0, ""max_new_tokens"": 128}"
bytekgwV6,3.0,0,1370,136,136,councilors at the USC Annenberg School for Communication. Arkansas governor and congressman who joined the board in 2006. renewed attention ,"councilors at the USC Annenberg School for Communication. Arkansas governor and congressman who joined the board in 2006. renewed attention 3+ years after its initial public release. The latest release has been met with controversy, particularly regarding its potential privacy implications and concerns about the impact of the app on mental health.
The controversy stems from the app's ability to gather data on its users' emotions, thoughts, and behaviors. This data is intended to be used to develop personalized interventions and recommendations for users, but some have raised concerns that the app may be too intrusive and potentially violate users' privacy.
Other criticisms include the app's potential to exacerbate existing mental health issues or even contribute to the spread of misinformation. Some experts argue that the app may lack the necessary expertise and","3+ years after its initial public release. The latest release has been met with controversy, particularly regarding its potential privacy implications and concerns about the impact of the app on mental health.
The controversy stems from the app's ability to gather data on its users' emotions, thoughts, and behaviors. This data is intended to be used to develop personalized interventions and recommendations for users, but some have raised concerns that the app may be too intrusive and potentially violate users' privacy.
Other criticisms include the app's potential to exacerbate existing mental health issues or even contribute to the spread of misinformation. Some experts argue that the app may lack the necessary expertise and","{""do_sample"": true, ""temperature"": 1.0, ""top_p"": 0.95, ""top_k"": 50, ""repetition_penalty"": 1.0, ""max_new_tokens"": 128}"
bytekgwV6,3.0,0,1372,138,138,The Las Vegas real estate market got a small reprieve in February; with sales volume at a four-year high for ,"The Las Vegas real estate market got a small reprieve in February; with sales volume at a four-year high for 2023. The median sale price for the Las Vegas Valley also inched higher by 7.4%, to $340,000, according to the Greater Vegas Association of Realtors (GVAR).
The GVAR reported the number of existing single-family home sales in Southern Nevada increased by 14% to 3,844, and condominium and townhome sales rose by 10% to 1,342, compared to the same period in January. 
“February sales were ahead of expectations, and the market has started the year with some much-needed momentum,” said Justin Alexander, Senior Vice President of Operations at Desert Star Holding Company","2023. The median sale price for the Las Vegas Valley also inched higher by 7.4%, to $340,000, according to the Greater Vegas Association of Realtors (GVAR).
The GVAR reported the number of existing single-family home sales in Southern Nevada increased by 14% to 3,844, and condominium and townhome sales rose by 10% to 1,342, compared to the same period in January. 
“February sales were ahead of expectations, and the market has started the year with some much-needed momentum,” said Justin Alexander, Senior Vice President of Operations at Desert Star Holding Company","{""do_sample"": true, ""temperature"": 1.0, ""top_p"": 0.95, ""top_k"": 50, ""repetition_penalty"": 1.0, ""max_new_tokens"": 128}"
bytekgwV6,3.0,0,1374,140,140,Rafael Nadal became the first man to win eight titles at the same Grand Slam tournament after beating fellow Spaniard ,"Rafael Nadal became the first man to win eight titles at the same Grand Slam tournament after beating fellow Spaniard 12th seed Roberto Bautista Agut, 6-3, 3-6, 6-3, in a thrilling men's singles final on Sunday evening at the Australian Open.
Rafael Nadal overcame a mid-match scare to become the Australian Open men's champion for a second time and claim the 18th major title of his illustrious career.
The number one seed, who also lifted the trophy back in 2009, made his victory more special by also becoming the first player to claim eight titles at the Australian Open and 12th overall to achieve 18 or more Slam crowns. He","12th seed Roberto Bautista Agut, 6-3, 3-6, 6-3, in a thrilling men's singles final on Sunday evening at the Australian Open.
Rafael Nadal overcame a mid-match scare to become the Australian Open men's champion for a second time and claim the 18th major title of his illustrious career.
The number one seed, who also lifted the trophy back in 2009, made his victory more special by also becoming the first player to claim eight titles at the Australian Open and 12th overall to achieve 18 or more Slam crowns. He","{""do_sample"": true, ""temperature"": 1.0, ""top_p"": 0.95, ""top_k"": 50, ""repetition_penalty"": 1.0, ""max_new_tokens"": 128}"
bytekgwV6,3.0,0,1376,142,142,"No longer limited to calling other Jaxtr users, the service is taking cue from Skype for its revenue strategy. Jaxtr, ","No longer limited to calling other Jaxtr users, the service is taking cue from Skype for its revenue strategy. Jaxtr, 24sevenMedia's mobile VoIP service, has added the ability to call any phone, including landlines and mobile phones, allowing subscribers to reach anyone, anywhere.
The service now offers four different plans, ranging from 25 minutes for $4.95 up to 100 minutes for $19.95. Each minute used will be charged at a rate depending on the subscriber's plan.
Jaxtr plans to offer competitive pricing and affordable calling rates by leveraging the flat rate model, eliminating the complexity and cost associated with pay-as-you-go minutes. Jaxtr will also offer discounts for long-term subscribers and a ""Jaxtr Friends","24sevenMedia's mobile VoIP service, has added the ability to call any phone, including landlines and mobile phones, allowing subscribers to reach anyone, anywhere.
The service now offers four different plans, ranging from 25 minutes for $4.95 up to 100 minutes for $19.95. Each minute used will be charged at a rate depending on the subscriber's plan.
Jaxtr plans to offer competitive pricing and affordable calling rates by leveraging the flat rate model, eliminating the complexity and cost associated with pay-as-you-go minutes. Jaxtr will also offer discounts for long-term subscribers and a ""Jaxtr Friends","{""do_sample"": true, ""temperature"": 1.0, ""top_p"": 0.95, ""top_k"": 50, ""repetition_penalty"": 1.0, ""max_new_tokens"": 128}"
bytekgwV6,3.0,0,1378,144,144,A three member bench of the Supreme Court has adjourned the hearing of Orange Line Metro Train case till Friday. ,"A three member bench of the Supreme Court has adjourned the hearing of Orange Line Metro Train case till Friday.  Justice Sheikh Azmat Saeed, Justice Mansoor Ali Shah and Justice Amir Farooq heard the case and expressed their reservations over the construction work on the Orange Line Metro Train project.
The lawyers of the affected parties argued that the construction work on the project was not carried out in a fair and transparent manner and the contractors had been handed over the project at the cost of the citizens of Lahore. They also claimed that the project had been launched without the required legal formalities and the affected parties had not been heard properly.
On the other hand, the government’s lawyer argued that the project was a national priority and the construction work was"," Justice Sheikh Azmat Saeed, Justice Mansoor Ali Shah and Justice Amir Farooq heard the case and expressed their reservations over the construction work on the Orange Line Metro Train project.
The lawyers of the affected parties argued that the construction work on the project was not carried out in a fair and transparent manner and the contractors had been handed over the project at the cost of the citizens of Lahore. They also claimed that the project had been launched without the required legal formalities and the affected parties had not been heard properly.
On the other hand, the government’s lawyer argued that the project was a national priority and the construction work was","{""do_sample"": true, ""temperature"": 1.0, ""top_p"": 0.95, ""top_k"": 50, ""repetition_penalty"": 1.0, ""max_new_tokens"": 128}"
bytekgwV6,3.0,0,1380,146,146,"A primary school caretaker has been found guilty of attacking a group of teenagers. Karl Lucas, 27, of Manor Fields, ","A primary school caretaker has been found guilty of attacking a group of teenagers. Karl Lucas, 27, of Manor Fields, 35, was convicted of two counts of actual bodily harm and three counts of Common Assault following an attack at around 11:45 on October 2, 2020, at a park near to the school where he was employed. A jury at Hove Crown Court heard how an argument had developed between Lucas and a group of 15-year-old teenagers before the attack. Lucas had been known to be aggressive and had a history of violence, and the jury was told he had a 'history of violence towards students'. Lucas was arrested and charged after an investigation was launched. Following his conviction, Lucas was remanded in custody to await sentence","35, was convicted of two counts of actual bodily harm and three counts of Common Assault following an attack at around 11:45 on October 2, 2020, at a park near to the school where he was employed. A jury at Hove Crown Court heard how an argument had developed between Lucas and a group of 15-year-old teenagers before the attack. Lucas had been known to be aggressive and had a history of violence, and the jury was told he had a 'history of violence towards students'. Lucas was arrested and charged after an investigation was launched. Following his conviction, Lucas was remanded in custody to await sentence","{""do_sample"": true, ""temperature"": 1.0, ""top_p"": 0.95, ""top_k"": 50, ""repetition_penalty"": 1.0, ""max_new_tokens"": 128}"
bytekgwV6,3.0,0,1382,148,148,"It's not always easy to keep mentally focused during running. Focus requires discipline and a certain level of mental toughness, ","It's not always easy to keep mentally focused during running. Focus requires discipline and a certain level of mental toughness, 1. The goal of this mental technique is to distract the runner's brain from the feeling of fatigue and focus their attention on the task ahead. The most effective way to train for running long distances and marathon running, therefore, is to develop mental strength. The primary goal of this mental technique is to distract the runner's brain from the feeling of fatigue and focus their attention on the task ahead.
Mental training for running requires concentration, self-discipline, and mental toughness. The goal is to teach the mind to focus and not to be affected by the body's physical sensations. Mental toughness is the ability to push through the obstacles and the","1. The goal of this mental technique is to distract the runner's brain from the feeling of fatigue and focus their attention on the task ahead. The most effective way to train for running long distances and marathon running, therefore, is to develop mental strength. The primary goal of this mental technique is to distract the runner's brain from the feeling of fatigue and focus their attention on the task ahead.
Mental training for running requires concentration, self-discipline, and mental toughness. The goal is to teach the mind to focus and not to be affected by the body's physical sensations. Mental toughness is the ability to push through the obstacles and the","{""do_sample"": true, ""temperature"": 1.0, ""top_p"": 0.95, ""top_k"": 50, ""repetition_penalty"": 1.0, ""max_new_tokens"": 128}"
bytekgwV6,3.0,0,1384,150,150,"Amazingly, half of all Americans say they don’t care about government surveillance — and during a random sampling of people ","Amazingly, half of all Americans say they don’t care about government surveillance — and during a random sampling of people 25 and older, 44% said they have no problem with the NSA monitoring their phone and online activity.
Those are some of the results from a new survey by the Pew Research Center. The study was conducted online between Nov. 30 and Dec. 4, 2013, and involved a sample of 1,500 adults.
On the issue of NSA data collection, Americans are sharply divided. While a majority (57%) opposes the government’s secret data collection programs, 26% support them, and 17% remain unsure.
But that doesn’t stop some from having no qualms about it at all. For instance","25 and older, 44% said they have no problem with the NSA monitoring their phone and online activity.
Those are some of the results from a new survey by the Pew Research Center. The study was conducted online between Nov. 30 and Dec. 4, 2013, and involved a sample of 1,500 adults.
On the issue of NSA data collection, Americans are sharply divided. While a majority (57%) opposes the government’s secret data collection programs, 26% support them, and 17% remain unsure.
But that doesn’t stop some from having no qualms about it at all. For instance","{""do_sample"": true, ""temperature"": 1.0, ""top_p"": 0.95, ""top_k"": 50, ""repetition_penalty"": 1.0, ""max_new_tokens"": 128}"
bytekgwV6,3.0,0,1386,152,152,"Ubuntu 10.04 LTS Lucid Lynx is the latest Linux operating system from Canonical, aimed at consumers. It's free, but is ","Ubuntu 10.04 LTS Lucid Lynx is the latest Linux operating system from Canonical, aimed at consumers. It's free, but is 10.04 worth considering for beginners?
The beauty of Linux lies in its ability to adapt and accommodate different user needs. While Ubuntu is often recommended for beginners, I'll dissect the pros and cons of Ubuntu 10.04 LTS Lucid Lynx, assessing its suitability for new users.
Ubuntu's Strengths:

1. Easy Installation: Ubuntu's installer, USC (Ubiquity), is relatively intuitive, and the automated installation process makes it simple for new users to quickly set up their system.
2. User-Friendly Interface: Gnome 2.30, which comes bundled with Lucid Lynx, offers a clean and aest","10.04 worth considering for beginners?
The beauty of Linux lies in its ability to adapt and accommodate different user needs. While Ubuntu is often recommended for beginners, I'll dissect the pros and cons of Ubuntu 10.04 LTS Lucid Lynx, assessing its suitability for new users.
Ubuntu's Strengths:

1. Easy Installation: Ubuntu's installer, USC (Ubiquity), is relatively intuitive, and the automated installation process makes it simple for new users to quickly set up their system.
2. User-Friendly Interface: Gnome 2.30, which comes bundled with Lucid Lynx, offers a clean and aest","{""do_sample"": true, ""temperature"": 1.0, ""top_p"": 0.95, ""top_k"": 50, ""repetition_penalty"": 1.0, ""max_new_tokens"": 128}"
bytekgwV6,3.0,0,1388,154,154,"New York’s bike share really does attract way more commuters than tourists. Since its debut last year, New York City’s ","New York’s bike share really does attract way more commuters than tourists. Since its debut last year, New York City’s 24,000-bike system has been marketed heavily toward residents and employees who live and work within a five-mile radius of the city’s 330 stations.
But on some days, that marketing seems to work too well. While tourists do use the service – particularly visitors who want to ride across the city or visit specific attractions – they make up a relatively small proportion of overall riders.
According to data provided by NYC Department of Transportation Commissioner Polly Trottenberg, about 65% of bike-share riders are residents who live and work within the service zone. Another 15% are tourists who use the service for only a day or less. That","24,000-bike system has been marketed heavily toward residents and employees who live and work within a five-mile radius of the city’s 330 stations.
But on some days, that marketing seems to work too well. While tourists do use the service – particularly visitors who want to ride across the city or visit specific attractions – they make up a relatively small proportion of overall riders.
According to data provided by NYC Department of Transportation Commissioner Polly Trottenberg, about 65% of bike-share riders are residents who live and work within the service zone. Another 15% are tourists who use the service for only a day or less. That","{""do_sample"": true, ""temperature"": 1.0, ""top_p"": 0.95, ""top_k"": 50, ""repetition_penalty"": 1.0, ""max_new_tokens"": 128}"
bytekgwV6,3.0,0,1390,156,156,"On Jan. 15, nine of 12 members of the National Park System Advisory Board sent a letter to Interior Secretary ","On Jan. 15, nine of 12 members of the National Park System Advisory Board sent a letter to Interior Secretary  Zinke, urging him to reconsider the plan to shrink several national monuments, citing concerns about the lack of public input and potential environmental impacts.
Those national monuments include:
Bears Ears National Monument, Utah, which was designated in 2016 and protects nearly 1.4 million acres of land considered sacred to Native American tribes.
Grand Staircase-Escalante National Monument, Utah, which was designated in 1996 and protects over 1.7 million acres of land with significant scientific and cultural values.
Gold Butte National Monument, Nevada, which was designated in 2015 and protects 300,000 acres of"," Zinke, urging him to reconsider the plan to shrink several national monuments, citing concerns about the lack of public input and potential environmental impacts.
Those national monuments include:
Bears Ears National Monument, Utah, which was designated in 2016 and protects nearly 1.4 million acres of land considered sacred to Native American tribes.
Grand Staircase-Escalante National Monument, Utah, which was designated in 1996 and protects over 1.7 million acres of land with significant scientific and cultural values.
Gold Butte National Monument, Nevada, which was designated in 2015 and protects 300,000 acres of","{""do_sample"": true, ""temperature"": 1.0, ""top_p"": 0.95, ""top_k"": 50, ""repetition_penalty"": 1.0, ""max_new_tokens"": 128}"
bytekgwV6,3.0,0,1392,158,158,"October 30, 2017  Mancari offers stories of wandering and homecoming, colored by a determination to live, artistically, beyond the ","October 30, 2017  Mancari offers stories of wandering and homecoming, colored by a determination to live, artistically, beyond the 30s. Poems here explore the beauty and dis-ease of the modern world, the self, and the land. Read our review.
October 23, 2017  ""The Undocumented Americans"" offers a nuanced exploration of immigration, citizenship, and identity, bringing voices to the forefront that often go unheard. The collection's tone is raw, emotional, and activist-driven. Read our review.
October 16, 2017  In ""The Other Side of Freedom,"" Stokely Carmichael, a leading figure in the Civil Rights Movement, offers thoughts and reflections on the fight for racial justice. This anthology","30s. Poems here explore the beauty and dis-ease of the modern world, the self, and the land. Read our review.
October 23, 2017  ""The Undocumented Americans"" offers a nuanced exploration of immigration, citizenship, and identity, bringing voices to the forefront that often go unheard. The collection's tone is raw, emotional, and activist-driven. Read our review.
October 16, 2017  In ""The Other Side of Freedom,"" Stokely Carmichael, a leading figure in the Civil Rights Movement, offers thoughts and reflections on the fight for racial justice. This anthology","{""do_sample"": true, ""temperature"": 1.0, ""top_p"": 0.95, ""top_k"": 50, ""repetition_penalty"": 1.0, ""max_new_tokens"": 128}"
bytekgwV6,3.0,0,1394,160,160,"Since 2010, Microsoft has been working on a gaming display system so small that it wouldn't need to be sitting ","Since 2010, Microsoft has been working on a gaming display system so small that it wouldn't need to be sitting 8-10 feet away to see the images clearly. While we've heard rumors and speculation about this technology, Microsoft is now revealing the details of the project, which is known as HoloLens.

HoloLens is a wearable device that looks like a head-mounted...more

The new tablet from Samsung is an all-new device that runs on the Android 4.0 operating system. The new tablet comes with a 10.1-inch display that features a resolution of 1280x800 pixels. It also comes with a dual-core processor and 16 gigabytes of internal memory.

The new tablet from Samsung is an all-new","8-10 feet away to see the images clearly. While we've heard rumors and speculation about this technology, Microsoft is now revealing the details of the project, which is known as HoloLens.

HoloLens is a wearable device that looks like a head-mounted...more

The new tablet from Samsung is an all-new device that runs on the Android 4.0 operating system. The new tablet comes with a 10.1-inch display that features a resolution of 1280x800 pixels. It also comes with a dual-core processor and 16 gigabytes of internal memory.

The new tablet from Samsung is an all-new","{""do_sample"": true, ""temperature"": 1.0, ""top_p"": 0.95, ""top_k"": 50, ""repetition_penalty"": 1.0, ""max_new_tokens"": 128}"
bytekgwV6,3.0,0,1396,162,162,Dubai: The Dubai Financial Market (DFM) witnessed another round of selling on Monday as traders remained cautious ahead of a ,"Dubai: The Dubai Financial Market (DFM) witnessed another round of selling on Monday as traders remained cautious ahead of a 5-day Eid holiday.
The bourse ended flat at 1,844 points, 0.1% lower than the previous session.
Trading volume reached 107 million shares, with foreign investors dominating the activity, buying 37.4 million shares worth Dh123 million ($33.5 million), while local investors bought 23.8 million shares worth Dh83.5 million.
The DFM General Index was supported by gains from some real estate and banking stocks, such as Dubai Islamic Bank (3.1%), Emaar Properties (2.4%) and Dubai Islamic (2.2%).
However, the index was dragged","5-day Eid holiday.
The bourse ended flat at 1,844 points, 0.1% lower than the previous session.
Trading volume reached 107 million shares, with foreign investors dominating the activity, buying 37.4 million shares worth Dh123 million ($33.5 million), while local investors bought 23.8 million shares worth Dh83.5 million.
The DFM General Index was supported by gains from some real estate and banking stocks, such as Dubai Islamic Bank (3.1%), Emaar Properties (2.4%) and Dubai Islamic (2.2%).
However, the index was dragged","{""do_sample"": true, ""temperature"": 1.0, ""top_p"": 0.95, ""top_k"": 50, ""repetition_penalty"": 1.0, ""max_new_tokens"": 128}"
bytekgwV6,3.0,0,1398,164,164,"I didn’t notice, but I’ve been told George W, Bush delivered his latest speech smoothly, more so than most of ","I didn’t notice, but I’ve been told George W, Bush delivered his latest speech smoothly, more so than most of 10, 12, 15 years ago. He’s still speaking smoothly for a 75 years old man, I suppose. And that is good news, a big plus for him.
I know you're referring to the latest State of the Union address, in which he spoke for nearly 30 minutes without any major stutters or fumbles, which has led to speculation that he's actually getting better at public speaking. Well, that's certainly something he can be proud of, and I'm glad to see him doing so well at such an advanced age.
For a politician, a clear and smooth speech can make all the difference,","10, 12, 15 years ago. He’s still speaking smoothly for a 75 years old man, I suppose. And that is good news, a big plus for him.
I know you're referring to the latest State of the Union address, in which he spoke for nearly 30 minutes without any major stutters or fumbles, which has led to speculation that he's actually getting better at public speaking. Well, that's certainly something he can be proud of, and I'm glad to see him doing so well at such an advanced age.
For a politician, a clear and smooth speech can make all the difference,","{""do_sample"": true, ""temperature"": 1.0, ""top_p"": 0.95, ""top_k"": 50, ""repetition_penalty"": 1.0, ""max_new_tokens"": 128}"
bytekgwV6,3.0,0,1400,166,166,Seven-Year-Old Florida Boy Swallows Grill! This 7-year-old boy became the latest victim of hip-hop culture – as he was rushed ,"Seven-Year-Old Florida Boy Swallows Grill! This 7-year-old boy became the latest victim of hip-hop culture – as he was rushed  to a local hospital after swallowing a grill he found on his birthday.
According to eyewitnesses, the boy, who was celebrating his 7th birthday with his family, had gone to play outside with his friends. While exploring the backyard, he found an abandoned grill and decided to pick it up, thinking it was just a toy.
After swallowing it, the boy began to panic and started vomiting, which alarmed his parents who quickly rushed him to the hospital.
Doctors and medical professionals who received the child said that it was one of the most bizarre cases they had ever seen. “We had to use specialized equipment and medical techniques to remove"," to a local hospital after swallowing a grill he found on his birthday.
According to eyewitnesses, the boy, who was celebrating his 7th birthday with his family, had gone to play outside with his friends. While exploring the backyard, he found an abandoned grill and decided to pick it up, thinking it was just a toy.
After swallowing it, the boy began to panic and started vomiting, which alarmed his parents who quickly rushed him to the hospital.
Doctors and medical professionals who received the child said that it was one of the most bizarre cases they had ever seen. “We had to use specialized equipment and medical techniques to remove","{""do_sample"": true, ""temperature"": 1.0, ""top_p"": 0.95, ""top_k"": 50, ""repetition_penalty"": 1.0, ""max_new_tokens"": 128}"
bytekgwV6,3.0,0,1402,168,168,"Plan B has announced a nationwide UK tour this autumn. The rapper-turned-singer, who scored a UK Number One album with ","Plan B has announced a nationwide UK tour this autumn. The rapper-turned-singer, who scored a UK Number One album with 2006’s Who Needs Action?!, will play 14 dates, kicking off on November 8 at Bristol Academy and ending on December 2 at Liverpool University. Ticket prices range from £18 to £22 and are on sale now.
The tour will be supporting the release of Plan B’s third studio album, The Defamation Of Strickland Banks, which will come out on May 24.
Plan B has previously spoken about the album, saying it’s a departure from his previous hip-hop influenced sound and instead features soul and R&B influences. “I was trying to strip it back, get rid of all the unnecessary elements and","2006’s Who Needs Action?!, will play 14 dates, kicking off on November 8 at Bristol Academy and ending on December 2 at Liverpool University. Ticket prices range from £18 to £22 and are on sale now.
The tour will be supporting the release of Plan B’s third studio album, The Defamation Of Strickland Banks, which will come out on May 24.
Plan B has previously spoken about the album, saying it’s a departure from his previous hip-hop influenced sound and instead features soul and R&B influences. “I was trying to strip it back, get rid of all the unnecessary elements and","{""do_sample"": true, ""temperature"": 1.0, ""top_p"": 0.95, ""top_k"": 50, ""repetition_penalty"": 1.0, ""max_new_tokens"": 128}"
bytekgwV6,3.0,0,1404,170,170,"Do as I did, started my own business and see how much work it takes and then go from there. ","Do as I did, started my own business and see how much work it takes and then go from there.  It's not an easy task, it takes a lot of effort, patience, and dedication.  But if you want a taste of what business ownership is like and if you're not ready to fully commit, then I would suggest starting a small venture, such as offering freelance work or starting a blog or something.
My advice is the following: Start small and test your idea, see how it goes and then decide if it's something you really want to do.  Also, do your research, read books and articles about business ownership and learn from other successful entrepreneurs.  Lastly, be prepared to take calculated risks and"," It's not an easy task, it takes a lot of effort, patience, and dedication.  But if you want a taste of what business ownership is like and if you're not ready to fully commit, then I would suggest starting a small venture, such as offering freelance work or starting a blog or something.
My advice is the following: Start small and test your idea, see how it goes and then decide if it's something you really want to do.  Also, do your research, read books and articles about business ownership and learn from other successful entrepreneurs.  Lastly, be prepared to take calculated risks and","{""do_sample"": true, ""temperature"": 1.0, ""top_p"": 0.95, ""top_k"": 50, ""repetition_penalty"": 1.0, ""max_new_tokens"": 128}"
bytekgwV6,3.0,0,1406,172,172,"A large, brand-new movie studio in Palm Beach County already has a potential box-office hit. Twentieth Century Fox will film ","A large, brand-new movie studio in Palm Beach County already has a potential box-office hit. Twentieth Century Fox will film 11 episodes of the popular TV series ""Burn Notice"" at the new studio, which is currently under construction in Jupiter, near the Turnpike and Indiantown Road.
The studio, which is being built by Panavision Studios Florida LLC, will offer production space of more than 40,000 square feet, with offices, soundstages and support facilities. It is expected to be ready for use by the summer. The facility will be capable of accommodating large-scale film and TV productions, as well as smaller, independent projects.
Twentieth Century Fox chose the Jupiter studio for the production of ""Burn Notice"" because of its location and","11 episodes of the popular TV series ""Burn Notice"" at the new studio, which is currently under construction in Jupiter, near the Turnpike and Indiantown Road.
The studio, which is being built by Panavision Studios Florida LLC, will offer production space of more than 40,000 square feet, with offices, soundstages and support facilities. It is expected to be ready for use by the summer. The facility will be capable of accommodating large-scale film and TV productions, as well as smaller, independent projects.
Twentieth Century Fox chose the Jupiter studio for the production of ""Burn Notice"" because of its location and","{""do_sample"": true, ""temperature"": 1.0, ""top_p"": 0.95, ""top_k"": 50, ""repetition_penalty"": 1.0, ""max_new_tokens"": 128}"
bytekgwV6,3.0,0,1408,174,174,Bengaluru — Gold prices rose on Thursday as the growing expectation that the US Federal Reserve will pause its rate ,"Bengaluru — Gold prices rose on Thursday as the growing expectation that the US Federal Reserve will pause its rate 0.50%, but above the 2.50%, indicating that the Fed may not raise interest rates again this year.
At the MCX, gold futures were up 0.44% to ₹48,410 per 10 grams, while silver futures rose 0.55% to ₹68,400 per kilogram, according to the trading data.
The dollar index fell 0.25% to 96.80, supporting gold prices, which are often inversely linked to the greenback.
The Indian rupee, which is expected to strengthen, may also support gold prices, making the metal cheaper for foreign investors.
","0.50%, but above the 2.50%, indicating that the Fed may not raise interest rates again this year.
At the MCX, gold futures were up 0.44% to ₹48,410 per 10 grams, while silver futures rose 0.55% to ₹68,400 per kilogram, according to the trading data.
The dollar index fell 0.25% to 96.80, supporting gold prices, which are often inversely linked to the greenback.
The Indian rupee, which is expected to strengthen, may also support gold prices, making the metal cheaper for foreign investors.
","{""do_sample"": true, ""temperature"": 1.0, ""top_p"": 0.95, ""top_k"": 50, ""repetition_penalty"": 1.0, ""max_new_tokens"": 128}"
bytekgwV6,3.0,0,1410,176,176,"After your business is up and running, your focus naturally shifts to increasing efficiency. The small things you do to ","After your business is up and running, your focus naturally shifts to increasing efficiency. The small things you do to 8/13/16 10:30 am the big things about this. Well you know that the big things are important and have some big impact. But at the very least the big things depend on the small things. So how you handle the big things how well they execute how and how and how they move forward to depends on a bunch of small things. And some things are. 8/13/16 10:37 am 8/15/16 12:24 am. These are the kind of things that might be. 8/13/16 10:41 am are the things that matter.",8/13/16 10:30 am the big things about this. Well you know that the big things are important and have some big impact. But at the very least the big things depend on the small things. So how you handle the big things how well they execute how and how and how they move forward to depends on a bunch of small things. And some things are. 8/13/16 10:37 am 8/15/16 12:24 am. These are the kind of things that might be. 8/13/16 10:41 am are the things that matter.,"{""do_sample"": true, ""temperature"": 1.0, ""top_p"": 0.95, ""top_k"": 50, ""repetition_penalty"": 1.0, ""max_new_tokens"": 128}"
bytekgwV6,3.0,0,1412,178,178,"(Trinidad Guardian) It has been 42 days since Gan­gad­har Hanooman, 49, has been miss­ing and rel­a­tives in re­new­ing their calls ","(Trinidad Guardian) It has been 42 days since Gan­gad­har Hanooman, 49, has been miss­ing and rel­a­tives in re­new­ing their calls  for the po­lice to ac­tion his dis­ap­pear­ance.
Since then, there has been scant ev­i­dence of Hanooman's where­abouts, leav­ing his wife, Chandra­ika Hanooman, in a state of des­per­ate worry­ing and an­xiety.
Chandra­ika, 47, has had no com­mu­ni­ca­tion with her hus­band, not even a phone call or a mes­sage, since the day he dis­ap­peared. It was the week­end of June 7, when"," for the po­lice to ac­tion his dis­ap­pear­ance.
Since then, there has been scant ev­i­dence of Hanooman's where­abouts, leav­ing his wife, Chandra­ika Hanooman, in a state of des­per­ate worry­ing and an­xiety.
Chandra­ika, 47, has had no com­mu­ni­ca­tion with her hus­band, not even a phone call or a mes­sage, since the day he dis­ap­peared. It was the week­end of June 7, when","{""do_sample"": true, ""temperature"": 1.0, ""top_p"": 0.95, ""top_k"": 50, ""repetition_penalty"": 1.0, ""max_new_tokens"": 128}"
bytekgwV6,3.0,0,1414,180,180,"Maureen Hancock is an internationally renowned Spirit Medium, intuitive, teacher, lecturer, Holistic Healer, and author of the bestselling book, “The ","Maureen Hancock is an internationally renowned Spirit Medium, intuitive, teacher, lecturer, Holistic Healer, and author of the bestselling book, “The 10 Laws of Intuition: Practical Wisdom from the Heart.""
Maureen's incredible abilities have been showcased on several TV shows, including CBS's ""Ghost Hunters,"" TLC's ""Long Island Medium,"" and the History Channel's ""Ghost Adventures."" She is known for her genuine, relatable, and compassionate approach, making her one of the most sought-after Mediums in the world.
Maureen's private readings and mediumship classes are highly acclaimed for their humor, insight, and empowering connection. She is dedicated to helping others cultivate their own intuition, trust their inner wisdom, and live their most authentic lives. Maureen's message is one of","10 Laws of Intuition: Practical Wisdom from the Heart.""
Maureen's incredible abilities have been showcased on several TV shows, including CBS's ""Ghost Hunters,"" TLC's ""Long Island Medium,"" and the History Channel's ""Ghost Adventures."" She is known for her genuine, relatable, and compassionate approach, making her one of the most sought-after Mediums in the world.
Maureen's private readings and mediumship classes are highly acclaimed for their humor, insight, and empowering connection. She is dedicated to helping others cultivate their own intuition, trust their inner wisdom, and live their most authentic lives. Maureen's message is one of","{""do_sample"": true, ""temperature"": 1.0, ""top_p"": 0.95, ""top_k"": 50, ""repetition_penalty"": 1.0, ""max_new_tokens"": 128}"
bytekgwV6,3.0,0,1416,182,182,"Samoas and Thin Mints and Tagalongs, oh my! It's time to celebrate those little cookies that make diets shut right ","Samoas and Thin Mints and Tagalongs, oh my! It's time to celebrate those little cookies that make diets shut right  up.
In other news, the weather forecast for today is mostly chocolatey, with a 99.9% chance of sprinkles.
On that note, have a Girl Scout Cookie-loving day, and may your day be filled with the perfect balance of crunch and chew. Your cookie fate is sealed – go grab those cookies and indulge in the sweet, sweet taste of guilt! Enjoy! <3. Enjoy your sweet, sweet indulgence! <3.
For those who aren't in the know, Girl Scout Cookies typically come in a variety of flavors, which vary by region and year (for instance, the 2022 lineup includes"," up.
In other news, the weather forecast for today is mostly chocolatey, with a 99.9% chance of sprinkles.
On that note, have a Girl Scout Cookie-loving day, and may your day be filled with the perfect balance of crunch and chew. Your cookie fate is sealed – go grab those cookies and indulge in the sweet, sweet taste of guilt! Enjoy! <3. Enjoy your sweet, sweet indulgence! <3.
For those who aren't in the know, Girl Scout Cookies typically come in a variety of flavors, which vary by region and year (for instance, the 2022 lineup includes","{""do_sample"": true, ""temperature"": 1.0, ""top_p"": 0.95, ""top_k"": 50, ""repetition_penalty"": 1.0, ""max_new_tokens"": 128}"
bytekgwV6,3.0,0,1418,184,184,"If it were ever possible to cram all the glittering boy-meets-girl, high-school-love-story stereotypes into one movie, A Cinderella Story does ","If it were ever possible to cram all the glittering boy-meets-girl, high-school-love-story stereotypes into one movie, A Cinderella Story does 95% of the job. This 2004 Disney Channel original film checks off all the usual rom-com boxes: Meet-Cute, Instant Crush, First Date, Second Date, Secret Crush, Forbidden Love, Rivalry, and ultimately, Happy Ending.
But within that familiar framework, Ashley Benson and Hilary Duff shine as their respective characters, Samantha (Sam) Montgomery, a kind-hearted and fashion-forward Cinderella stand-in, and Gabriella (Rielle) Glennington, her sweet yet somewhat vapid prince charming.
Sam lives under the overbearing thumb of her wicked stepmother, Fiona (Jennifer Coolidge,","95% of the job. This 2004 Disney Channel original film checks off all the usual rom-com boxes: Meet-Cute, Instant Crush, First Date, Second Date, Secret Crush, Forbidden Love, Rivalry, and ultimately, Happy Ending.
But within that familiar framework, Ashley Benson and Hilary Duff shine as their respective characters, Samantha (Sam) Montgomery, a kind-hearted and fashion-forward Cinderella stand-in, and Gabriella (Rielle) Glennington, her sweet yet somewhat vapid prince charming.
Sam lives under the overbearing thumb of her wicked stepmother, Fiona (Jennifer Coolidge,","{""do_sample"": true, ""temperature"": 1.0, ""top_p"": 0.95, ""top_k"": 50, ""repetition_penalty"": 1.0, ""max_new_tokens"": 128}"
bytekgwV6,3.0,0,1420,186,186,Readers may be familiar with the fundamental changes that took place in the Roman world as it converted from paganism ,"Readers may be familiar with the fundamental changes that took place in the Roman world as it converted from paganism  to Christianity. In the 4th-8th centuries, the Roman Empire underwent significant transformations, which had a lasting impact on Western civilization. In this article, we'll explore the three most significant changes brought about by the rise of Christianity.
Transition from Imperial Power to Ecclesiastical Authority (330-400 AD)
In 330 AD, Emperor Constantine moved the capital from Rome to Constantinople (modern-day Istanbul), marking the beginning of the end of the Roman Empire's dominance. Constantine's own conversion to Christianity led to the rise of the Church as a dominant force. As the Roman Empire weakened, Christian churches and"," to Christianity. In the 4th-8th centuries, the Roman Empire underwent significant transformations, which had a lasting impact on Western civilization. In this article, we'll explore the three most significant changes brought about by the rise of Christianity.
Transition from Imperial Power to Ecclesiastical Authority (330-400 AD)
In 330 AD, Emperor Constantine moved the capital from Rome to Constantinople (modern-day Istanbul), marking the beginning of the end of the Roman Empire's dominance. Constantine's own conversion to Christianity led to the rise of the Church as a dominant force. As the Roman Empire weakened, Christian churches and","{""do_sample"": true, ""temperature"": 1.0, ""top_p"": 0.95, ""top_k"": 50, ""repetition_penalty"": 1.0, ""max_new_tokens"": 128}"
bytekgwV6,3.0,0,1422,188,188,"A spokesman for the Red Crescent, Mahmoud al-Saadi, said Israeli forces opened fire on two young men who were traveling ","A spokesman for the Red Crescent, Mahmoud al-Saadi, said Israeli forces opened fire on two young men who were traveling 300 meters (1,000 feet) into the border, but they were able to return to the Palestinian territory.
Al-Saadi said the Red Crescent was able to evacuate the two men from the border, and they were taken to a hospital for treatment.
A video released by the Red Crescent appears to show the two young men, whose identities have not been released, fleeing from the Israeli forces and then being stopped by Red Crescent workers.
The Israeli military has not commented on the incident. Gaza has been under an Egyptian-Israeli blockade for over a decade, and the border crossing is a frequent scene of violence and tension.
Gaza has","300 meters (1,000 feet) into the border, but they were able to return to the Palestinian territory.
Al-Saadi said the Red Crescent was able to evacuate the two men from the border, and they were taken to a hospital for treatment.
A video released by the Red Crescent appears to show the two young men, whose identities have not been released, fleeing from the Israeli forces and then being stopped by Red Crescent workers.
The Israeli military has not commented on the incident. Gaza has been under an Egyptian-Israeli blockade for over a decade, and the border crossing is a frequent scene of violence and tension.
Gaza has","{""do_sample"": true, ""temperature"": 1.0, ""top_p"": 0.95, ""top_k"": 50, ""repetition_penalty"": 1.0, ""max_new_tokens"": 128}"
bytekgwV6,3.0,0,1424,190,190,"Can Container Store Start 2015 on a Positive Note? In 2014, it was hard to find bad-performing stocks, as the ","Can Container Store Start 2015 on a Positive Note? In 2014, it was hard to find bad-performing stocks, as the 7% gain in the S&P 500 Index shows. However, some retailers struggled more than others, like Container Store Group Inc (TSCO). Shares of the home goods retailer have lost more than 40% over the past Read More...
How JCPenney Can Recover From Its Recent Selloff Last quarter, J.C. Penney Company, Inc. (JCP) reported a 4.8% decline in same-store sales, citing weak sales of private-label brands and a decline in department store sales. The company’s shares have been under pressure, Read More...
Will Starbucks’ 2015 be a Coffee-","7% gain in the S&P 500 Index shows. However, some retailers struggled more than others, like Container Store Group Inc (TSCO). Shares of the home goods retailer have lost more than 40% over the past Read More...
How JCPenney Can Recover From Its Recent Selloff Last quarter, J.C. Penney Company, Inc. (JCP) reported a 4.8% decline in same-store sales, citing weak sales of private-label brands and a decline in department store sales. The company’s shares have been under pressure, Read More...
Will Starbucks’ 2015 be a Coffee-","{""do_sample"": true, ""temperature"": 1.0, ""top_p"": 0.95, ""top_k"": 50, ""repetition_penalty"": 1.0, ""max_new_tokens"": 128}"
bytekgwV6,3.0,0,1426,192,192,Packed WonderCon panel brings out stars and exclusive sneak peeks. Footage shown at WonderCon reveals what iconic monster looks like ,"Packed WonderCon panel brings out stars and exclusive sneak peeks. Footage shown at WonderCon reveals what iconic monster looks like 30+ years later.
Fans gathered in the packed Hall H at the Anaheim Convention Center for the eagerly anticipated Godzilla vs. Kong panel. The event, hosted by Legendary Entertainment, revealed the first footage of the highly anticipated MonsterVerse crossover movie, Godzilla vs. Kong. Director Adam Wingard and producers were in attendance to share insights, behind-the-scenes secrets, and an action-packed trailer.
The panel kicked off with a series of never-before-seen photos showcasing the massive Titans from the Godzilla and King Kong franchises. Showcasing both the iconic ape and the king of the monsters, the images hinted at the epic battles fans can expect from the","30+ years later.
Fans gathered in the packed Hall H at the Anaheim Convention Center for the eagerly anticipated Godzilla vs. Kong panel. The event, hosted by Legendary Entertainment, revealed the first footage of the highly anticipated MonsterVerse crossover movie, Godzilla vs. Kong. Director Adam Wingard and producers were in attendance to share insights, behind-the-scenes secrets, and an action-packed trailer.
The panel kicked off with a series of never-before-seen photos showcasing the massive Titans from the Godzilla and King Kong franchises. Showcasing both the iconic ape and the king of the monsters, the images hinted at the epic battles fans can expect from the","{""do_sample"": true, ""temperature"": 1.0, ""top_p"": 0.95, ""top_k"": 50, ""repetition_penalty"": 1.0, ""max_new_tokens"": 128}"
bytekgwV6,3.0,0,1428,194,194,10 diversity items for June 29: Unemployment up in most U.S. cities; Pew report shows diversity of U.S. Hispanics and ,"10 diversity items for June 29: Unemployment up in most U.S. cities; Pew report shows diversity of U.S. Hispanics and 9 other top stories for the day
Here are the top 10 diversity news stories for the day, highlighting stories on diversity, inclusion, and equity. June 29, 2022:
1. **Unemployment up in most U.S. cities**: A recent survey by the Bureau of Labor Statistics reported that the unemployment rate rose in most major U.S. cities in May 2022. In some cities, particularly those with larger Black populations, unemployment rates rose higher than the national average.
Source: Bureau of Labor Statistics, The Conversation
2. **Pew report: U.S. Hispanics increasingly diverse**: A new Pew Research","9 other top stories for the day
Here are the top 10 diversity news stories for the day, highlighting stories on diversity, inclusion, and equity. June 29, 2022:
1. **Unemployment up in most U.S. cities**: A recent survey by the Bureau of Labor Statistics reported that the unemployment rate rose in most major U.S. cities in May 2022. In some cities, particularly those with larger Black populations, unemployment rates rose higher than the national average.
Source: Bureau of Labor Statistics, The Conversation
2. **Pew report: U.S. Hispanics increasingly diverse**: A new Pew Research","{""do_sample"": true, ""temperature"": 1.0, ""top_p"": 0.95, ""top_k"": 50, ""repetition_penalty"": 1.0, ""max_new_tokens"": 128}"
bytekgwV6,3.0,0,1430,196,196,"Urban, born Jacques Pantaléon in Troyes c. 1200, was elected to the papacy in 1261. He studied canon law at ","Urban, born Jacques Pantaléon in Troyes c. 1200, was elected to the papacy in 1261. He studied canon law at 12 and later became the master general of the Dominican Order.
As papal legate in Germany, Urban V convened the Council of Trier, which sought to reform the Catholic Church. He was known for his emphasis on the authority of the Bible and the importance of the mendicant orders.
Urban's papacy was marked by his efforts to assert the rights of the papacy, including the authority to appoint bishops and the control of the church's wealth.... read more
Catholics and non-Catholics alike consider Urban to be a significant figure in the history of the papacy and the Catholic Church. Urban IV was a","12 and later became the master general of the Dominican Order.
As papal legate in Germany, Urban V convened the Council of Trier, which sought to reform the Catholic Church. He was known for his emphasis on the authority of the Bible and the importance of the mendicant orders.
Urban's papacy was marked by his efforts to assert the rights of the papacy, including the authority to appoint bishops and the control of the church's wealth.... read more
Catholics and non-Catholics alike consider Urban to be a significant figure in the history of the papacy and the Catholic Church. Urban IV was a","{""do_sample"": true, ""temperature"": 1.0, ""top_p"": 0.95, ""top_k"": 50, ""repetition_penalty"": 1.0, ""max_new_tokens"": 128}"
bytekgwV6,3.0,0,1432,198,198,"AMC Networks Earnings Beat Estimates, CEO Says 'Walking Dead' Franchise ""Will Have a Long Life"" AMC Networks on Thursday reported ","AMC Networks Earnings Beat Estimates, CEO Says 'Walking Dead' Franchise ""Will Have a Long Life"" AMC Networks on Thursday reported 2023 second-quarter earnings that topped analysts’ expectations, driven by the success of its linear networks and the performance of its digital platforms. The company, which is the parent of networks like AMC, IFC and SundanceTV, reported net income of $143.9 million, or 94 cents per share, in the second quarter, compared to net income of $137.3 million, or 91 cents per share, in the prior-year period. Adjusted for one-time items, the company’s net income totaled 96 cents per share. Analysts had expected earnings of 92 cents per share, according to Refinitiv","2023 second-quarter earnings that topped analysts’ expectations, driven by the success of its linear networks and the performance of its digital platforms. The company, which is the parent of networks like AMC, IFC and SundanceTV, reported net income of $143.9 million, or 94 cents per share, in the second quarter, compared to net income of $137.3 million, or 91 cents per share, in the prior-year period. Adjusted for one-time items, the company’s net income totaled 96 cents per share. Analysts had expected earnings of 92 cents per share, according to Refinitiv","{""do_sample"": true, ""temperature"": 1.0, ""top_p"": 0.95, ""top_k"": 50, ""repetition_penalty"": 1.0, ""max_new_tokens"": 128}"
