algo,delta,device,seed,prompt_index,prompt_id,prompt_text,full_text,continuation_text,gen_params_json
bytekgwV6,5.0,0,1234,0,0,"After the martyrdom of St. Boniface, Vergilius was made Bishop of Salzburg (766 or 767) and laboured successfully for the ","After the martyrdom of St. Boniface, Vergilius was made Bishop of Salzburg (766 or 767) and laboured successfully for the 0...
After the martyrdom of St. Boniface, Vergilius was made Bishop of Salzburg (766 or 767) and laboured successfully for the 0... (Diary) Book, 2019, 1 page(s) English
Vergilius of Salzburg, often considered a saint, succeeded St. Boniface as the first Bishop of...
After the martyrdom of St. Boniface, Vergilius was made Bishop of Salzburg (766 or 767) and laboured successfully for the 0... (Diary) Book, 2019, 1 page(s) English
","0...
After the martyrdom of St. Boniface, Vergilius was made Bishop of Salzburg (766 or 767) and laboured successfully for the 0... (Diary) Book, 2019, 1 page(s) English
Vergilius of Salzburg, often considered a saint, succeeded St. Boniface as the first Bishop of...
After the martyrdom of St. Boniface, Vergilius was made Bishop of Salzburg (766 or 767) and laboured successfully for the 0... (Diary) Book, 2019, 1 page(s) English
","{""do_sample"": true, ""temperature"": 1.0, ""top_p"": 0.95, ""top_k"": 50, ""repetition_penalty"": 1.0, ""max_new_tokens"": 128}"
bytekgwV6,5.0,0,1236,2,2,"8i announced today it has launched a web player, the 8i Portal, for its volumetric 3D video of people in ","8i announced today it has launched a web player, the 8i Portal, for its volumetric 3D video of people in 30 seconds or less.
The 8i Portal is a platform for publishing, sharing, embedding and consuming 3D volumetric video, which can capture people from every angle and allow others to see them from every angle at the same time.
The 8i Portal enables the sharing of these interactive 360-degree videos online, on social media, and on websites, with no additional hardware or special glasses required. This technology has applications across industries such as, VR, AR, Live events, Gaming and e-Learning.
""We believe that 8i's 30 second or less volumetric 3D video capture technology has huge potential","30 seconds or less.
The 8i Portal is a platform for publishing, sharing, embedding and consuming 3D volumetric video, which can capture people from every angle and allow others to see them from every angle at the same time.
The 8i Portal enables the sharing of these interactive 360-degree videos online, on social media, and on websites, with no additional hardware or special glasses required. This technology has applications across industries such as, VR, AR, Live events, Gaming and e-Learning.
""We believe that 8i's 30 second or less volumetric 3D video capture technology has huge potential","{""do_sample"": true, ""temperature"": 1.0, ""top_p"": 0.95, ""top_k"": 50, ""repetition_penalty"": 1.0, ""max_new_tokens"": 128}"
bytekgwV6,5.0,0,1238,4,4,"Karl Kispert, principal of cyber and information security, has more than 28 years of experience in selling, managing and delivering ","Karl Kispert, principal of cyber and information security, has more than 28 years of experience in selling, managing and delivering  IT security and risk management services.
Prior to joining Verizon, Mr. Kispert held several executive roles in the security and IT consulting sector, including Principal, North America Cyber Security and Risk Management practice for Deloitte Consulting; Managing Partner of the Security and Compliance Group at IT consulting firm, Cerved; and Partner in the Cyber Security and Risk Management practice for Arthur Andersen. He also held several technical and sales positions at leading security companies including Symantec and Check Point. Throughout his career, Mr. Kispert has helped numerous Fortune 100 and Fortune 500 companies in creating and implementing effective cybersecurity strategies and solutions.
Karl"," IT security and risk management services.
Prior to joining Verizon, Mr. Kispert held several executive roles in the security and IT consulting sector, including Principal, North America Cyber Security and Risk Management practice for Deloitte Consulting; Managing Partner of the Security and Compliance Group at IT consulting firm, Cerved; and Partner in the Cyber Security and Risk Management practice for Arthur Andersen. He also held several technical and sales positions at leading security companies including Symantec and Check Point. Throughout his career, Mr. Kispert has helped numerous Fortune 100 and Fortune 500 companies in creating and implementing effective cybersecurity strategies and solutions.
Karl","{""do_sample"": true, ""temperature"": 1.0, ""top_p"": 0.95, ""top_k"": 50, ""repetition_penalty"": 1.0, ""max_new_tokens"": 128}"
bytekgwV6,5.0,0,1240,6,6,"Shania Twain expected to break the charts with new album NOW! Even after a 15-year hiatus, she’s still the one! ","Shania Twain expected to break the charts with new album NOW! Even after a 15-year hiatus, she’s still the one! 2023 saw the release of Shania Twain’s highly anticipated album Now, the seventh studio effort by the Canadian pop icon. After a 12-year hiatus in her professional music career, she’s back with new music, and we can bet it won’t disappoint fans who have been eagerly anticipating new material.

The news of the new album’s release was initially confirmed by Twain herself on Good Morning America, along with the announcement she had completed a 72-city tour for the album, which included stops at some significant festivals like the iconic Austin City Limits. After years in the waiting room, her fans can now rest assured their patience has","2023 saw the release of Shania Twain’s highly anticipated album Now, the seventh studio effort by the Canadian pop icon. After a 12-year hiatus in her professional music career, she’s back with new music, and we can bet it won’t disappoint fans who have been eagerly anticipating new material.

The news of the new album’s release was initially confirmed by Twain herself on Good Morning America, along with the announcement she had completed a 72-city tour for the album, which included stops at some significant festivals like the iconic Austin City Limits. After years in the waiting room, her fans can now rest assured their patience has","{""do_sample"": true, ""temperature"": 1.0, ""top_p"": 0.95, ""top_k"": 50, ""repetition_penalty"": 1.0, ""max_new_tokens"": 128}"
bytekgwV6,5.0,0,1242,8,8,A blind man in his 60s is searching for the young man who pulled him back from an approaching train ,"A blind man in his 60s is searching for the young man who pulled him back from an approaching train 16 years ago, which changed his life. A story about life's regrets, missed chances, the importance of human relationships and the transformative power of gratitude...
Actors: Brad Pitt,
Directors: Angeliki Anthousi,

A blind man in his 60s is searching for the young man who pulled him back from an approaching train 16 years ago, which changed his life. A story about life's regrets, missed chances, the importance of human relationships and the transformative power of gratitude... Actors Brad Pitt Directors Angeliki Anthousi Release Oct 22 2020
Keywords: #A River Called Tennessee - A River Called","16 years ago, which changed his life. A story about life's regrets, missed chances, the importance of human relationships and the transformative power of gratitude...
Actors: Brad Pitt,
Directors: Angeliki Anthousi,

A blind man in his 60s is searching for the young man who pulled him back from an approaching train 16 years ago, which changed his life. A story about life's regrets, missed chances, the importance of human relationships and the transformative power of gratitude... Actors Brad Pitt Directors Angeliki Anthousi Release Oct 22 2020
Keywords: #A River Called Tennessee - A River Called","{""do_sample"": true, ""temperature"": 1.0, ""top_p"": 0.95, ""top_k"": 50, ""repetition_penalty"": 1.0, ""max_new_tokens"": 128}"
bytekgwV6,5.0,0,1244,10,10,This month some important Walmart news did not get the attention it deserved. The news wasn't some flashy announcement about ,"This month some important Walmart news did not get the attention it deserved. The news wasn't some flashy announcement about  ...
As the largest retailer of groceries and consumables, Walmart has an enormous impact on our global food system, which  ...
The struggle for worker's rights and fair labor practices continues. In recent years, the retail giant Walmart faced scrutiny for its labor  ...
This week, Walmart announced its plans to invest heavily in the United States to create jobs, especially in the digital  ... Published September 14, 2020 Walmart announced plans to invest heavily in the United States to create jobs, especially in  ... Published July 16, 2020 As the global supply chain faces unprecedented pressure due to the ongoing COVID"," ...
As the largest retailer of groceries and consumables, Walmart has an enormous impact on our global food system, which  ...
The struggle for worker's rights and fair labor practices continues. In recent years, the retail giant Walmart faced scrutiny for its labor  ...
This week, Walmart announced its plans to invest heavily in the United States to create jobs, especially in the digital  ... Published September 14, 2020 Walmart announced plans to invest heavily in the United States to create jobs, especially in  ... Published July 16, 2020 As the global supply chain faces unprecedented pressure due to the ongoing COVID","{""do_sample"": true, ""temperature"": 1.0, ""top_p"": 0.95, ""top_k"": 50, ""repetition_penalty"": 1.0, ""max_new_tokens"": 128}"
bytekgwV6,5.0,0,1246,12,12,The Linux kernel now includes everything that is needed to use 3D acceleration with all GeForce graphics chips. Drivers have ,"The Linux kernel now includes everything that is needed to use 3D acceleration with all GeForce graphics chips. Drivers have 3D video cards to accelerate the movement, rotation and projection of 3D graphics, thus freeing the CPU from these tasks.
GeForce 8M (Mobile) and GeForce 9M (Mobile) are supported.
GeForce 6 and GeForce 7 ( desktop and mobile).
The driver is not yet fully tested and may not have the best performance. Also some features may not work.
This wiki page contains general instructions on installing the proprietary NVIDIA graphics card driver.
This driver does not include the X11DRI2 and GLX 1.x extensions, only the X11DRI and GL 1.3.
To","3D video cards to accelerate the movement, rotation and projection of 3D graphics, thus freeing the CPU from these tasks.
GeForce 8M (Mobile) and GeForce 9M (Mobile) are supported.
GeForce 6 and GeForce 7 ( desktop and mobile).
The driver is not yet fully tested and may not have the best performance. Also some features may not work.
This wiki page contains general instructions on installing the proprietary NVIDIA graphics card driver.
This driver does not include the X11DRI2 and GLX 1.x extensions, only the X11DRI and GL 1.3.
To","{""do_sample"": true, ""temperature"": 1.0, ""top_p"": 0.95, ""top_k"": 50, ""repetition_penalty"": 1.0, ""max_new_tokens"": 128}"
bytekgwV6,5.0,0,1248,14,14,Last summer I took a cross-country road trip with a group of people driving different types of electric vehicles. It ,"Last summer I took a cross-country road trip with a group of people driving different types of electric vehicles. It  was an amazing experience that challenged my perceptions about EVs and their capabilities on the road. With the technology improving and incentives for EV owners growing stronger, I thought I would summarize my experience in the hope that it might inspire others to switch to electric vehicles too! This blog shares my thoughts about what to look out for, how EVs have transformed the driving landscape and the surprising advantages that made my cross-country trip a memorable one.

Before the trip, I was hesitant about the long drives and the reliability  of electric vehicles on the highway. I'd heard horror stories  about running out of charge or struggling with charging infrastructure. But the reality"," was an amazing experience that challenged my perceptions about EVs and their capabilities on the road. With the technology improving and incentives for EV owners growing stronger, I thought I would summarize my experience in the hope that it might inspire others to switch to electric vehicles too! This blog shares my thoughts about what to look out for, how EVs have transformed the driving landscape and the surprising advantages that made my cross-country trip a memorable one.

Before the trip, I was hesitant about the long drives and the reliability  of electric vehicles on the highway. I'd heard horror stories  about running out of charge or struggling with charging infrastructure. But the reality","{""do_sample"": true, ""temperature"": 1.0, ""top_p"": 0.95, ""top_k"": 50, ""repetition_penalty"": 1.0, ""max_new_tokens"": 128}"
bytekgwV6,5.0,0,1250,16,16,"According to Variety, one of the movies about the 1973 tennis match between Billie Jean King and Bobby Riggs is ","According to Variety, one of the movies about the 1973 tennis match between Billie Jean King and Bobby Riggs is 90s and 2000s pop star Justin Timberlake.
The movie, titled ""Battle of the Sexes"" is based on the true story and is set for release on September 22, 2017. According to Variety, the plot will be told through the eyes of Billie Jean King, who will be played by actress Emma Stone.
For those who may not be familiar, Billie Jean King and Bobby Riggs, both professional tennis players at the time, played an exhibition tennis match at The Houston Astrodome on September 20, 1973. The match, which was often referred to as the ""Battle","90s and 2000s pop star Justin Timberlake.
The movie, titled ""Battle of the Sexes"" is based on the true story and is set for release on September 22, 2017. According to Variety, the plot will be told through the eyes of Billie Jean King, who will be played by actress Emma Stone.
For those who may not be familiar, Billie Jean King and Bobby Riggs, both professional tennis players at the time, played an exhibition tennis match at The Houston Astrodome on September 20, 1973. The match, which was often referred to as the ""Battle","{""do_sample"": true, ""temperature"": 1.0, ""top_p"": 0.95, ""top_k"": 50, ""repetition_penalty"": 1.0, ""max_new_tokens"": 128}"
bytekgwV6,5.0,0,1252,18,18,"Politico, which broke the PR story, reports, “The group circulated a memo to reporters and producers late Monday that discouraged ","Politico, which broke the PR story, reports, “The group circulated a memo to reporters and producers late Monday that discouraged 14-minute segments, citing concerns that the format would cut into ad revenue, and also expressed reservations about using certain words or phrases, including those related to race and gender.
CNN's Chris Cillizza said he was told by multiple people in the media that the request was made.
Multiple sources told CNN Tuesday that the request was made, adding the memo from the PR firm, Mercury Public Affairs, was sent to major networks, including CNN, NBC, ABC and FOX.... The sources told [Chris Cillizza that they were] told the request was made not by the networks themselves, but rather a outside firm hired by the party.
","14-minute segments, citing concerns that the format would cut into ad revenue, and also expressed reservations about using certain words or phrases, including those related to race and gender.
CNN's Chris Cillizza said he was told by multiple people in the media that the request was made.
Multiple sources told CNN Tuesday that the request was made, adding the memo from the PR firm, Mercury Public Affairs, was sent to major networks, including CNN, NBC, ABC and FOX.... The sources told [Chris Cillizza that they were] told the request was made not by the networks themselves, but rather a outside firm hired by the party.
","{""do_sample"": true, ""temperature"": 1.0, ""top_p"": 0.95, ""top_k"": 50, ""repetition_penalty"": 1.0, ""max_new_tokens"": 128}"
bytekgwV6,5.0,0,1254,20,20,MAMADOU SAKHO remains unavailable for selection for Liverpool's Europa League semi-final first leg clash with Villarreal in Spain on Thursday ,"MAMADOU SAKHO remains unavailable for selection for Liverpool's Europa League semi-final first leg clash with Villarreal in Spain on Thursday 7pm kick-off BST due to a long-standing knee injury.
The French defender, a former Olympiakos and Metz star, has not appeared for the Reds in the 2014-2015 campaign and continues to nurse an ongoing knee problem that has restricted his availability for Liverpool.

KLOPP: Sakho remains unavailable for the Europa League tie with Villarreal on April 23, as reported here.

""We hope in the near future, we can maybe have more news about Mamadou Sakho, but for the moment, it's not possible for him to be available for the Villarreal game,"" said the","7pm kick-off BST due to a long-standing knee injury.
The French defender, a former Olympiakos and Metz star, has not appeared for the Reds in the 2014-2015 campaign and continues to nurse an ongoing knee problem that has restricted his availability for Liverpool.

KLOPP: Sakho remains unavailable for the Europa League tie with Villarreal on April 23, as reported here.

""We hope in the near future, we can maybe have more news about Mamadou Sakho, but for the moment, it's not possible for him to be available for the Villarreal game,"" said the","{""do_sample"": true, ""temperature"": 1.0, ""top_p"": 0.95, ""top_k"": 50, ""repetition_penalty"": 1.0, ""max_new_tokens"": 128}"
bytekgwV6,5.0,0,1256,22,22,"MK Moshe Feiglin in a Knesset committee meeting, next to MK Ahmad Tibi, in 2014. It appears Feiglin is on ","MK Moshe Feiglin in a Knesset committee meeting, next to MK Ahmad Tibi, in 2014. It appears Feiglin is on  the left and Tibi on the right, contrary to the caption I added. Knesset
In the wake of Prime Minister Benjamin Netanyahu's declaration that Israel will not be ""judged by the European Union,"" right-wing MK Moshe Feiglin has launched a harsh criticism of the PM and the Foreign Ministry.
Feiglin, who chairs the Knesset Committee on Settlements, said on Wednesday that Netanyahu's statement was not only irresponsible but also an admission of failure by the government, adding that it was not a diplomatic tactic that could impress anyone.
""What has the prime minister achieved with his criticism of the EU, apart"," the left and Tibi on the right, contrary to the caption I added. Knesset
In the wake of Prime Minister Benjamin Netanyahu's declaration that Israel will not be ""judged by the European Union,"" right-wing MK Moshe Feiglin has launched a harsh criticism of the PM and the Foreign Ministry.
Feiglin, who chairs the Knesset Committee on Settlements, said on Wednesday that Netanyahu's statement was not only irresponsible but also an admission of failure by the government, adding that it was not a diplomatic tactic that could impress anyone.
""What has the prime minister achieved with his criticism of the EU, apart","{""do_sample"": true, ""temperature"": 1.0, ""top_p"": 0.95, ""top_k"": 50, ""repetition_penalty"": 1.0, ""max_new_tokens"": 128}"
bytekgwV6,5.0,0,1258,24,24,"What’s the news? A couple of weeks ago, Instagram promised you’d be able to download your data from its servers. ","What’s the news? A couple of weeks ago, Instagram promised you’d be able to download your data from its servers. 2 days later, people are still wondering how.
On the morning of May 12th, Instagram's Data Portability Tool was released. But instead of a simple process where people can download their Instagram data, it's more complicated than we thought.

There are two ways to download your Instagram data: one is from the desktop version, and the other is from the mobile version.

On the desktop version:
Open [instagram.com/debug](http://instagram.com/debug)
Enter your email address and password
Press the ""Request Download""
Wait 1 or 2 days for your link
Then, enter the link, which will take you to","2 days later, people are still wondering how.
On the morning of May 12th, Instagram's Data Portability Tool was released. But instead of a simple process where people can download their Instagram data, it's more complicated than we thought.

There are two ways to download your Instagram data: one is from the desktop version, and the other is from the mobile version.

On the desktop version:
Open [instagram.com/debug](http://instagram.com/debug)
Enter your email address and password
Press the ""Request Download""
Wait 1 or 2 days for your link
Then, enter the link, which will take you to","{""do_sample"": true, ""temperature"": 1.0, ""top_p"": 0.95, ""top_k"": 50, ""repetition_penalty"": 1.0, ""max_new_tokens"": 128}"
bytekgwV6,5.0,0,1260,26,26,"So you might ask yourself, “What is going on?” How can things be so bad that educators feel the need ","So you might ask yourself, “What is going on?” How can things be so bad that educators feel the need  not only question the motives behind the decision, but also speak up against it? The answer is quite simple:  the administration seems completely out-of-touch with the daily needs and realities faced by the students, staff,  and teachers.

This lack of understanding has led the district to implement policies that are, at the very  least, misguided. For example, the idea of requiring students to be online and engaged during the school  year (except for designated breaks) for 12.4 weeks is not only impractical but also ignores the significant  social and psychological toll this may have on our students.

Moreover"," not only question the motives behind the decision, but also speak up against it? The answer is quite simple:  the administration seems completely out-of-touch with the daily needs and realities faced by the students, staff,  and teachers.

This lack of understanding has led the district to implement policies that are, at the very  least, misguided. For example, the idea of requiring students to be online and engaged during the school  year (except for designated breaks) for 12.4 weeks is not only impractical but also ignores the significant  social and psychological toll this may have on our students.

Moreover","{""do_sample"": true, ""temperature"": 1.0, ""top_p"": 0.95, ""top_k"": 50, ""repetition_penalty"": 1.0, ""max_new_tokens"": 128}"
bytekgwV6,5.0,0,1262,28,28,Come test your luck on the best slot machine app in the app store. Great graphics make this app so ,"Come test your luck on the best slot machine app in the app store. Great graphics make this app so 3d that it feels immersive, making it hard for players not to feel they're actually playing real life slots. More info on this popular casino game at  http://www.mobile-slot-gam.... So come play at http://m.slotmachinearena.com right away and experience the ultimate online slots experience! New slots and bonuses every week! More details on this app and other mobile casino apps at the website! Thank You for using my services. Don't forget to vote for me! I have a lot of work done and I will keep improving this app constantly. I really want my app and website be the top mobile slot app available","3d that it feels immersive, making it hard for players not to feel they're actually playing real life slots. More info on this popular casino game at  http://www.mobile-slot-gam.... So come play at http://m.slotmachinearena.com right away and experience the ultimate online slots experience! New slots and bonuses every week! More details on this app and other mobile casino apps at the website! Thank You for using my services. Don't forget to vote for me! I have a lot of work done and I will keep improving this app constantly. I really want my app and website be the top mobile slot app available","{""do_sample"": true, ""temperature"": 1.0, ""top_p"": 0.95, ""top_k"": 50, ""repetition_penalty"": 1.0, ""max_new_tokens"": 128}"
bytekgwV6,5.0,0,1264,30,30,"(HOST) As the season for summer blockbuster movies about super heroes and rings of power approaches, commentator Willem Lange is ","(HOST) As the season for summer blockbuster movies about super heroes and rings of power approaches, commentator Willem Lange is  thinking back on some classic adventure stories that still thrill him.
(LANGE) Ah, June. The air's warm, the days are long, and the box office beckons. It's time for summer's big adventures, with capes and codpieces, lightsabers and orcs. But before I succumb to the allure of the popcorn flicks, I like to revisit some tried-and-true favorites. I've been re-watching old Hitchcock, for instance, or reeling in some ocean-liner thrill rides of the past.

And then there's the granddaddy of them all, ""Treasure Island"," thinking back on some classic adventure stories that still thrill him.
(LANGE) Ah, June. The air's warm, the days are long, and the box office beckons. It's time for summer's big adventures, with capes and codpieces, lightsabers and orcs. But before I succumb to the allure of the popcorn flicks, I like to revisit some tried-and-true favorites. I've been re-watching old Hitchcock, for instance, or reeling in some ocean-liner thrill rides of the past.

And then there's the granddaddy of them all, ""Treasure Island","{""do_sample"": true, ""temperature"": 1.0, ""top_p"": 0.95, ""top_k"": 50, ""repetition_penalty"": 1.0, ""max_new_tokens"": 128}"
bytekgwV6,5.0,0,1266,32,32,"numerous aunts, uncles and cousins. She attended Shanksville Stonycreek High School and was a member of St. Paul's Lutheran Church, ","numerous aunts, uncles and cousins. She attended Shanksville Stonycreek High School and was a member of St. Paul's Lutheran Church, 1015 N. Center St., Lehighton.
Surviving are her mother, Karen; her father, Wayne, husband to his longtime domestic partner, Karen Ann; her siblings, Ryan, Amanda (Michael) Hoffman, Eric Hoffman; nieces, Ava and Aubrey Hoffman; nephews, Ethan and Logan Hoffman; and numerous aunts, uncles and cousins.
Funeral arrangements are private and have been entrusted to the Fleisher Funeral Home Inc.
To send expressions of condolence or a fond memory to the family, please visit www.fleisherfuneralhome.net.
In leu of flowers, donations may be made in Karen","1015 N. Center St., Lehighton.
Surviving are her mother, Karen; her father, Wayne, husband to his longtime domestic partner, Karen Ann; her siblings, Ryan, Amanda (Michael) Hoffman, Eric Hoffman; nieces, Ava and Aubrey Hoffman; nephews, Ethan and Logan Hoffman; and numerous aunts, uncles and cousins.
Funeral arrangements are private and have been entrusted to the Fleisher Funeral Home Inc.
To send expressions of condolence or a fond memory to the family, please visit www.fleisherfuneralhome.net.
In leu of flowers, donations may be made in Karen","{""do_sample"": true, ""temperature"": 1.0, ""top_p"": 0.95, ""top_k"": 50, ""repetition_penalty"": 1.0, ""max_new_tokens"": 128}"
bytekgwV6,5.0,0,1268,34,34,"No, Trump can’t pardon himself. The Constitution tells us so. Correction: An earlier version of this op-ed misspelled the name ","No, Trump can’t pardon himself. The Constitution tells us so. Correction: An earlier version of this op-ed misspelled the name 14th Amendment. What are some real-world examples? Pardons can be valuable for those who wish to start fresh, whether they've made a moral error or a financial error or anything else that may have caused harm or inconvenience to others,"" he stated on Twitter. Pardoning oneself is different. the President’s pardon was an act of mercy and forgiveness from the state, but this doesn't apply to the President himself. Pardon and Amnesty. The Framers did provide for a means for Congress to remove the President from office, but they did not provide for the possibility of self-pardon or self-immu… It's possible","14th Amendment. What are some real-world examples? Pardons can be valuable for those who wish to start fresh, whether they've made a moral error or a financial error or anything else that may have caused harm or inconvenience to others,"" he stated on Twitter. Pardoning oneself is different. the President’s pardon was an act of mercy and forgiveness from the state, but this doesn't apply to the President himself. Pardon and Amnesty. The Framers did provide for a means for Congress to remove the President from office, but they did not provide for the possibility of self-pardon or self-immu… It's possible","{""do_sample"": true, ""temperature"": 1.0, ""top_p"": 0.95, ""top_k"": 50, ""repetition_penalty"": 1.0, ""max_new_tokens"": 128}"
bytekgwV6,5.0,0,1270,36,36,Jerry Springer says he is still deciding whether he will run for Ohio governor in 2018. Speculation around Springer’s potential ,"Jerry Springer says he is still deciding whether he will run for Ohio governor in 2018. Speculation around Springer’s potential 2018 gubernatorial bid has increased in recent weeks, with some believing the TV personality is considering challenging incumbent Democratic governor John Kasich for the seat.
Springer’s spokesperson confirmed that the talk show host is “exploring possibilities” for the 2018 election, and he will make his decision “soon”. A possible Springer campaign would be watched closely as it could potentially split the liberal and conservative voters who might otherwise have backed Kasich.
It may also bring new scrutiny on Springer, who was elected mayor of Cincinnati in 1977 and held the seat for 16 years, including a year-long term where he resigned due to his talk-show aspirations","2018 gubernatorial bid has increased in recent weeks, with some believing the TV personality is considering challenging incumbent Democratic governor John Kasich for the seat.
Springer’s spokesperson confirmed that the talk show host is “exploring possibilities” for the 2018 election, and he will make his decision “soon”. A possible Springer campaign would be watched closely as it could potentially split the liberal and conservative voters who might otherwise have backed Kasich.
It may also bring new scrutiny on Springer, who was elected mayor of Cincinnati in 1977 and held the seat for 16 years, including a year-long term where he resigned due to his talk-show aspirations","{""do_sample"": true, ""temperature"": 1.0, ""top_p"": 0.95, ""top_k"": 50, ""repetition_penalty"": 1.0, ""max_new_tokens"": 128}"
bytekgwV6,5.0,0,1272,38,38,"This mildly racy spot introduces us to the character of the brown M&M, who only looks like she’s not wearing ","This mildly racy spot introduces us to the character of the brown M&M, who only looks like she’s not wearing 50 layers of eyelash. She’s seen as quite modern and sassy in the 1970s. A lot of the 70s, such as the clothes, hair, and makeup, are incorporated into the animation.
The first image of the animation shows the ladybug and the red guy, who is quite small in size and the ladybug. In the second image, a green tree appears above them.
Each scene of the animation has a different mood and mood.
People are getting crazy around 1974 and the mood of the
As this animation progressed, I sensed it was something special about it that made me feel good","50 layers of eyelash. She’s seen as quite modern and sassy in the 1970s. A lot of the 70s, such as the clothes, hair, and makeup, are incorporated into the animation.
The first image of the animation shows the ladybug and the red guy, who is quite small in size and the ladybug. In the second image, a green tree appears above them.
Each scene of the animation has a different mood and mood.
People are getting crazy around 1974 and the mood of the
As this animation progressed, I sensed it was something special about it that made me feel good","{""do_sample"": true, ""temperature"": 1.0, ""top_p"": 0.95, ""top_k"": 50, ""repetition_penalty"": 1.0, ""max_new_tokens"": 128}"
bytekgwV6,5.0,0,1274,40,40,"Located near all that the Catskills has to offer! Close to Hunter Mountain, Wyndham, state land, antiquing and many other ","Located near all that the Catskills has to offer! Close to Hunter Mountain, Wyndham, state land, antiquing and many other 4 Season activities.
The Catskill Mountains offer something for everyone! From hiking to skiing, to fishing and hunting the area offers endless opportunities for outdoor enthusiasts.
From art and culture to history and architecture the Catskill region offers many unique experiences.
In the heart of the Catskill Mountains, this beautiful and cozy cabin, with 2 private decks and stunning views, is a perfect destination for a relaxing and rejuvenating stay.
This cabin has everything you need for a peaceful retreat, including a fully equipped kitchen, a cozy living room with fireplace and a master suite with private bathroom.
From the cabin's large deck, the views of the mountains and","4 Season activities.
The Catskill Mountains offer something for everyone! From hiking to skiing, to fishing and hunting the area offers endless opportunities for outdoor enthusiasts.
From art and culture to history and architecture the Catskill region offers many unique experiences.
In the heart of the Catskill Mountains, this beautiful and cozy cabin, with 2 private decks and stunning views, is a perfect destination for a relaxing and rejuvenating stay.
This cabin has everything you need for a peaceful retreat, including a fully equipped kitchen, a cozy living room with fireplace and a master suite with private bathroom.
From the cabin's large deck, the views of the mountains and","{""do_sample"": true, ""temperature"": 1.0, ""top_p"": 0.95, ""top_k"": 50, ""repetition_penalty"": 1.0, ""max_new_tokens"": 128}"
bytekgwV6,5.0,0,1276,42,42,"NORTH BRUNSWICK, N.J. — Body cameras captured the moment a North Brunswick police officer climbed up a burning building to ","NORTH BRUNSWICK, N.J. — Body cameras captured the moment a North Brunswick police officer climbed up a burning building to 13-year-old Samantha Martin, allowing her to safely exit the fire in New Jersey.
Officer Joseph Fikri Jr. responded to reports of a two-alarm fire at the apartment building on Nov. 15. When Fikri and other officers arrived at the scene, they found flames and smoke billowing out of the top floor.
Samantha had been asleep on the third floor when the fire started. She awoke to find darkness and heavy smoke filling her apartment, but she quickly jumped into action and began climbing up through the stairs and then onto the roof, where she was met by Fikri.

Body camera footage","13-year-old Samantha Martin, allowing her to safely exit the fire in New Jersey.
Officer Joseph Fikri Jr. responded to reports of a two-alarm fire at the apartment building on Nov. 15. When Fikri and other officers arrived at the scene, they found flames and smoke billowing out of the top floor.
Samantha had been asleep on the third floor when the fire started. She awoke to find darkness and heavy smoke filling her apartment, but she quickly jumped into action and began climbing up through the stairs and then onto the roof, where she was met by Fikri.

Body camera footage","{""do_sample"": true, ""temperature"": 1.0, ""top_p"": 0.95, ""top_k"": 50, ""repetition_penalty"": 1.0, ""max_new_tokens"": 128}"
bytekgwV6,5.0,0,1278,44,44,"The NHS is still running Windows XP en masse, two and a half years after Microsoft stopped delivering bug fixes ","The NHS is still running Windows XP en masse, two and a half years after Microsoft stopped delivering bug fixes 14 years after the software first launched.
Despite repeated promises from the government to get rid of the outdated operating system by 2020, a Freedom of Information request by the UK IT-focused publication Computing revealed that around 8,500 out of 22,800 NHS trusts and CCGs (clinical commissioning groups) still rely on the insecure and outdated OS.
Worse still, only 14% (3,156) of these trusts and CCGs claim they have migrated off XP, and only 22.3% (7.5%) claim they have migrated 50% or more off XP. This suggests that a","14 years after the software first launched.
Despite repeated promises from the government to get rid of the outdated operating system by 2020, a Freedom of Information request by the UK IT-focused publication Computing revealed that around 8,500 out of 22,800 NHS trusts and CCGs (clinical commissioning groups) still rely on the insecure and outdated OS.
Worse still, only 14% (3,156) of these trusts and CCGs claim they have migrated off XP, and only 22.3% (7.5%) claim they have migrated 50% or more off XP. This suggests that a","{""do_sample"": true, ""temperature"": 1.0, ""top_p"": 0.95, ""top_k"": 50, ""repetition_penalty"": 1.0, ""max_new_tokens"": 128}"
bytekgwV6,5.0,0,1280,46,46,"OKLAHOMA CITY - Kevin Durant scored 25 points, James Harden added a spark with 23 points off the bench while ","OKLAHOMA CITY - Kevin Durant scored 25 points, James Harden added a spark with 23 points off the bench while 12, the Thunder crushed the Denver Nuggets, the Thunder, to 94-83 win at the Chesapeake Energy Arena on Monday night.
""KD was the best player in the first quarter,"" Thunder coach Scott Brooks said. He set the tone for the rest of the game, taking advantage of the Nuggets' defense. (via NewsOK) Durant had an impressive first quarter scoring six of the Thunder first nine points.
Harden's return from injury certainly gave the Thunder a significant lift off the bench, adding instant offense and spark.
""I just tried to bring energy,"" Harden said. ""I knew my role was just to bring some offense","12, the Thunder crushed the Denver Nuggets, the Thunder, to 94-83 win at the Chesapeake Energy Arena on Monday night.
""KD was the best player in the first quarter,"" Thunder coach Scott Brooks said. He set the tone for the rest of the game, taking advantage of the Nuggets' defense. (via NewsOK) Durant had an impressive first quarter scoring six of the Thunder first nine points.
Harden's return from injury certainly gave the Thunder a significant lift off the bench, adding instant offense and spark.
""I just tried to bring energy,"" Harden said. ""I knew my role was just to bring some offense","{""do_sample"": true, ""temperature"": 1.0, ""top_p"": 0.95, ""top_k"": 50, ""repetition_penalty"": 1.0, ""max_new_tokens"": 128}"
bytekgwV6,5.0,0,1282,48,48,"1 Then the people of the land took Jehoahaz the son of Josiah, and made him king in his father's ","1 Then the people of the land took Jehoahaz the son of Josiah, and made him king in his father's  * stg: instead of, and  place.
(1 Chronicles 3:14)
2 Jehoahaz was twenty-three years old when he began his seven-year reign in Jerusalem; his  * stg: instead of, and  mother's name was Hamutal, daughter of Jeremiah of.Libnah.
3 He did evil in the  * stg: sight of  Lord  and did  * not  depart from the wicked paths of his  * stg: fathers, like Ahab, who had  * preceded  them.
4 So the Lord  spoke through his  * stg: servants the "," * stg: instead of, and  place.
(1 Chronicles 3:14)
2 Jehoahaz was twenty-three years old when he began his seven-year reign in Jerusalem; his  * stg: instead of, and  mother's name was Hamutal, daughter of Jeremiah of.Libnah.
3 He did evil in the  * stg: sight of  Lord  and did  * not  depart from the wicked paths of his  * stg: fathers, like Ahab, who had  * preceded  them.
4 So the Lord  spoke through his  * stg: servants the ","{""do_sample"": true, ""temperature"": 1.0, ""top_p"": 0.95, ""top_k"": 50, ""repetition_penalty"": 1.0, ""max_new_tokens"": 128}"
bytekgwV6,5.0,0,1284,50,50,This bicycle sprocket hub and sprockets from the Wright Bicycle Co. are on display at the National Museum of the ,"This bicycle sprocket hub and sprockets from the Wright Bicycle Co. are on display at the National Museum of the 15th Wing, Wright-Patterson Air Force Base in Dayton, Ohio, The Wright Bicycle shop is where the Wright brothers Orville and Wilbur Wright developed and built their first powered, heavier-than-air aircraft. It was their experience with gliders that brought them success, and their glider designs were influenced by their understanding of the principles of bicycle building. (AP PHOTO) ORG XMIT: OHDA105 / ASSOCIATED PRESS
DAYTON, Ohio – It's not just a bicycle company, it was a place where the Wright brothers Orville and Wilbur Wright developed and built their first powered, heavier-than-air aircraft","15th Wing, Wright-Patterson Air Force Base in Dayton, Ohio, The Wright Bicycle shop is where the Wright brothers Orville and Wilbur Wright developed and built their first powered, heavier-than-air aircraft. It was their experience with gliders that brought them success, and their glider designs were influenced by their understanding of the principles of bicycle building. (AP PHOTO) ORG XMIT: OHDA105 / ASSOCIATED PRESS
DAYTON, Ohio – It's not just a bicycle company, it was a place where the Wright brothers Orville and Wilbur Wright developed and built their first powered, heavier-than-air aircraft","{""do_sample"": true, ""temperature"": 1.0, ""top_p"": 0.95, ""top_k"": 50, ""repetition_penalty"": 1.0, ""max_new_tokens"": 128}"
bytekgwV6,5.0,0,1286,52,52,"Elvis Costello played a two-hour, 25-song show that touched on phases throughout his career, both deep cuts and hits, as ","Elvis Costello played a two-hour, 25-song show that touched on phases throughout his career, both deep cuts and hits, as 92.5 FM's ""Live at the Fillmore"" concert series brought the veteran rocker to the iconic San Francisco venue last night.
Opening the set with the spritely ""Veronica,"" the 61 year old Costello — backed by his longstanding Imposters — dove headfirst into a set that ranged from the pub rock of "" Pump It Up"" and ""The Beat,"" to the country-tinged storytelling of the Attractions-era ""Almighty Dollar"" and the atmospheric rock of ""The Bird on the Wire."" Continue reading>>
Elvis Costello Live at the Fillmore Review – A Masterful Performance from the Rock","92.5 FM's ""Live at the Fillmore"" concert series brought the veteran rocker to the iconic San Francisco venue last night.
Opening the set with the spritely ""Veronica,"" the 61 year old Costello — backed by his longstanding Imposters — dove headfirst into a set that ranged from the pub rock of "" Pump It Up"" and ""The Beat,"" to the country-tinged storytelling of the Attractions-era ""Almighty Dollar"" and the atmospheric rock of ""The Bird on the Wire."" Continue reading>>
Elvis Costello Live at the Fillmore Review – A Masterful Performance from the Rock","{""do_sample"": true, ""temperature"": 1.0, ""top_p"": 0.95, ""top_k"": 50, ""repetition_penalty"": 1.0, ""max_new_tokens"": 128}"
bytekgwV6,5.0,0,1288,54,54,"With its eye on Western next-gen gamers, the Japanese publisher pays $15 million for Secret Level. Sega Holdings of USA ","With its eye on Western next-gen gamers, the Japanese publisher pays $15 million for Secret Level. Sega Holdings of USA 3 (previously called Sega Enterprizes) a subsidiary of the Japanese video game publisher Sega, purchased Secret Level, a Los Angeles-headquar...
With its eye on Western next-gen gamers, the Japanese publisher pays $15 million for Secret Level. Sega Holdings of USA 3 (previously called Sega Enterprizes) a subsidiary of the Japanese video game publisher Sega, purchased Secret Level, a Los Angeles-headquar...
Read more Comments Off Share
Sega Acquires Level 5
Published: Thursday, June 16, 2000 03:00 am Updated:
In an attempt to expand its Western business and","3 (previously called Sega Enterprizes) a subsidiary of the Japanese video game publisher Sega, purchased Secret Level, a Los Angeles-headquar...
With its eye on Western next-gen gamers, the Japanese publisher pays $15 million for Secret Level. Sega Holdings of USA 3 (previously called Sega Enterprizes) a subsidiary of the Japanese video game publisher Sega, purchased Secret Level, a Los Angeles-headquar...
Read more Comments Off Share
Sega Acquires Level 5
Published: Thursday, June 16, 2000 03:00 am Updated:
In an attempt to expand its Western business and","{""do_sample"": true, ""temperature"": 1.0, ""top_p"": 0.95, ""top_k"": 50, ""repetition_penalty"": 1.0, ""max_new_tokens"": 128}"
bytekgwV6,5.0,0,1290,56,56,Two recently published reports shed damning light on the high cost of low wages in the fast food industry – ,"Two recently published reports shed damning light on the high cost of low wages in the fast food industry – 12-year-olds forced to work long hours, crippling debt for workers struggling on the brink of poverty, and poor mental health for many workers.
A September report by the Economic Policy Institute (EPI), a non-partisan think tank, analyzed the low-wage economy and specifically the fast-food industry.
In the report, EPI highlighted some shocking facts:
* 44 percent of fast-food workers have incomes that put them below the official federal poverty line.
* Almost one-quarter of fast food workers have incomes that put them below the lowest rung on the rung, considered to be at about 40 to 50 percent above the official poverty","12-year-olds forced to work long hours, crippling debt for workers struggling on the brink of poverty, and poor mental health for many workers.
A September report by the Economic Policy Institute (EPI), a non-partisan think tank, analyzed the low-wage economy and specifically the fast-food industry.
In the report, EPI highlighted some shocking facts:
* 44 percent of fast-food workers have incomes that put them below the official federal poverty line.
* Almost one-quarter of fast food workers have incomes that put them below the lowest rung on the rung, considered to be at about 40 to 50 percent above the official poverty","{""do_sample"": true, ""temperature"": 1.0, ""top_p"": 0.95, ""top_k"": 50, ""repetition_penalty"": 1.0, ""max_new_tokens"": 128}"
bytekgwV6,5.0,0,1292,58,58,"Every morning on The Style Blog, we celebrate the best footwear weve come across. Now, for your benefit, its all ","Every morning on The Style Blog, we celebrate the best footwear weve come across. Now, for your benefit, its all 5th on the best shoes of 2021, from sneakers to sandals, from high-top to toe-tally essential. These picks will help kick off...
A major part of planning for a great trip to Tokyo, especially if you're new or a first-timer. What do you wear in a Japanese capital that is both stylish and respectful while walking the line between modern fashion norms in 2023 and the traditional fashion...
With a strong spring and summer, we've put the best handbags from the 2021 and 2023 fashion weeks in one place to help us all make our wallets and wardrobes ready. From","5th on the best shoes of 2021, from sneakers to sandals, from high-top to toe-tally essential. These picks will help kick off...
A major part of planning for a great trip to Tokyo, especially if you're new or a first-timer. What do you wear in a Japanese capital that is both stylish and respectful while walking the line between modern fashion norms in 2023 and the traditional fashion...
With a strong spring and summer, we've put the best handbags from the 2021 and 2023 fashion weeks in one place to help us all make our wallets and wardrobes ready. From","{""do_sample"": true, ""temperature"": 1.0, ""top_p"": 0.95, ""top_k"": 50, ""repetition_penalty"": 1.0, ""max_new_tokens"": 128}"
bytekgwV6,5.0,0,1294,60,60,"LOS ANGELES – A lawsuit filed Wednesday against ABC (search) and ""American Idol"" judge Simon Cowell (search) alleges they conspired ","LOS ANGELES – A lawsuit filed Wednesday against ABC (search) and ""American Idol"" judge Simon Cowell (search) alleges they conspired 12 years ago to sabotage the career of a British singer-songwriter.
The lawsuit was filed by Steve McGarrett (search) in Los Angeles Superior Court on behalf of his client, Ian Watkins (search), who claims he was unfairly thwarted from achieving success due to the schemes devised by ABC and Cowell, who were then working together on the BBC's ""So You Think You're the Next Big Thing.""
According to court documents, Watkins, who was born and raised in England, recorded a demo CD and sent it to ABC and the BBC in 1989, hoping to gain representation. Instead, the lawsuit claims he was subjected","12 years ago to sabotage the career of a British singer-songwriter.
The lawsuit was filed by Steve McGarrett (search) in Los Angeles Superior Court on behalf of his client, Ian Watkins (search), who claims he was unfairly thwarted from achieving success due to the schemes devised by ABC and Cowell, who were then working together on the BBC's ""So You Think You're the Next Big Thing.""
According to court documents, Watkins, who was born and raised in England, recorded a demo CD and sent it to ABC and the BBC in 1989, hoping to gain representation. Instead, the lawsuit claims he was subjected","{""do_sample"": true, ""temperature"": 1.0, ""top_p"": 0.95, ""top_k"": 50, ""repetition_penalty"": 1.0, ""max_new_tokens"": 128}"
bytekgwV6,5.0,0,1296,62,62,"Seren Rayne Frank Sutherland, a six lb., eight oz., girl, was born Saturday, Dec. 3, 2016, at Yavapai Regional Medical ","Seren Rayne Frank Sutherland, a six lb., eight oz., girl, was born Saturday, Dec. 3, 2016, at Yavapai Regional Medical 24/7 news
Weissinger, Cpl. J., 24th Inf. Regt.
Transcript: Audio recording of audio, audio, 26th Inf. Regt. Sgt. (later Lieutenant) Edward Moseman speaks about the capture and execution of six Black men. The men were accused. 21) I could never tell you the name, but the thing that took place here was the best that ever took place, and I would like to hear my officers, my friends, my fellow officers of Company I speak out for it, for it made the 24th a division which no other will","24/7 news
Weissinger, Cpl. J., 24th Inf. Regt.
Transcript: Audio recording of audio, audio, 26th Inf. Regt. Sgt. (later Lieutenant) Edward Moseman speaks about the capture and execution of six Black men. The men were accused. 21) I could never tell you the name, but the thing that took place here was the best that ever took place, and I would like to hear my officers, my friends, my fellow officers of Company I speak out for it, for it made the 24th a division which no other will","{""do_sample"": true, ""temperature"": 1.0, ""top_p"": 0.95, ""top_k"": 50, ""repetition_penalty"": 1.0, ""max_new_tokens"": 128}"
bytekgwV6,5.0,0,1298,64,64,Adventist HealthCare seeks to hire a Med Surg Registered Nurse who will embrace our mission to extend God's care through ,"Adventist HealthCare seeks to hire a Med Surg Registered Nurse who will embrace our mission to extend God's care through 100 years. Our Med-Surg Unit provides high-quality patient care with a team-oriented approach.
Our Registered Nurses play a vital role in our hospital by using their critical thinking skills to provide patient-focused care. As an RN on our unit, you will have the opportunity to work alongside a diverse group of healthcare professionals who share their expertise, enthusiasm and passion for delivering exceptional care.
Our Med-Surg Unit offers the opportunity to work on an exciting and dynamic unit where no two patients are the same. From cardiac patients to medical patients with a variety of complex illnesses, every day presents a challenge that will test and reward your critical thinking skills.
As","100 years. Our Med-Surg Unit provides high-quality patient care with a team-oriented approach.
Our Registered Nurses play a vital role in our hospital by using their critical thinking skills to provide patient-focused care. As an RN on our unit, you will have the opportunity to work alongside a diverse group of healthcare professionals who share their expertise, enthusiasm and passion for delivering exceptional care.
Our Med-Surg Unit offers the opportunity to work on an exciting and dynamic unit where no two patients are the same. From cardiac patients to medical patients with a variety of complex illnesses, every day presents a challenge that will test and reward your critical thinking skills.
As","{""do_sample"": true, ""temperature"": 1.0, ""top_p"": 0.95, ""top_k"": 50, ""repetition_penalty"": 1.0, ""max_new_tokens"": 128}"
bytekgwV6,5.0,0,1300,66,66,"Check out the Charleston Parks Conservancy's newest glow-up project at their inaugural Hampton Park culinary event, Shucked + Sauced, Sat. ","Check out the Charleston Parks Conservancy's newest glow-up project at their inaugural Hampton Park culinary event, Shucked + Sauced, Sat. 4-8pm! Their new public space at the historic Hampton Park features a revitalized playground, new seating and lighting areas, and a restored garden overlooking the Ashley River. Come for the delicious food and live music and get a sneak peek of what's new and improved in the park! See you there!
Share the excitement by using the hashtag #HamptonParkRevamped, tagging your favorite food and event vendors @CPCC, and sharing your favorite moments from the event!
Please consider supporting the efforts to restore, renovate and enhance the public spaces of the city, like Hampton Park, through donations and memberships to the Charleston Parks Conserv","4-8pm! Their new public space at the historic Hampton Park features a revitalized playground, new seating and lighting areas, and a restored garden overlooking the Ashley River. Come for the delicious food and live music and get a sneak peek of what's new and improved in the park! See you there!
Share the excitement by using the hashtag #HamptonParkRevamped, tagging your favorite food and event vendors @CPCC, and sharing your favorite moments from the event!
Please consider supporting the efforts to restore, renovate and enhance the public spaces of the city, like Hampton Park, through donations and memberships to the Charleston Parks Conserv","{""do_sample"": true, ""temperature"": 1.0, ""top_p"": 0.95, ""top_k"": 50, ""repetition_penalty"": 1.0, ""max_new_tokens"": 128}"
bytekgwV6,5.0,0,1302,68,68,Adweek: So what’s a digital-media tyro like you doing at a fusty old-media company like CBS? Jim Lanzone: I don’t ,"Adweek: So what’s a digital-media tyro like you doing at a fusty old-media company like CBS? Jim Lanzone: I don’t........................ that I should do it because it is a chance to make something new and innovative within a brand that has been a major player for years and to bring some fresh ideas to the table.
Adweek: You know we love innovation here! Jim Lanzone: Ha ha, great, but seriously I think the most interesting opportunities these days are at the intersection of legacy and new – the best way to describe my job at CBS is........................ in a lot of interesting and challenging ways.
Adweek: What do you think your biggest challenge will be? Jim Lanzone: I think the biggest challenge will be navigating this........................ landscape where there","....................... that I should do it because it is a chance to make something new and innovative within a brand that has been a major player for years and to bring some fresh ideas to the table.
Adweek: You know we love innovation here! Jim Lanzone: Ha ha, great, but seriously I think the most interesting opportunities these days are at the intersection of legacy and new – the best way to describe my job at CBS is........................ in a lot of interesting and challenging ways.
Adweek: What do you think your biggest challenge will be? Jim Lanzone: I think the biggest challenge will be navigating this........................ landscape where there","{""do_sample"": true, ""temperature"": 1.0, ""top_p"": 0.95, ""top_k"": 50, ""repetition_penalty"": 1.0, ""max_new_tokens"": 128}"
bytekgwV6,5.0,0,1304,70,70,A live events and bespoke creative technical solutions company based in Loughborough is seeking a technical project manager to join ,"A live events and bespoke creative technical solutions company based in Loughborough is seeking a technical project manager to join their dynamic and innovative team.
The successful candidate will have significant experience in managing live events, technical installations and large-scale projects. The ideal candidate will have excellent communication, problem-solving and project management skills with the ability to work effectively with internal and external stakeholders. You will need to be able to work on your own initiative and demonstrate a passion for creative technical solutions.
• Manage projects from tender to completion, including budget management, resource allocation and client communication.
• Work collaboratively with designers, engineers, production and installation teams to deliver high-quality technical solutions for live events and installations.
• Develop and maintain excellent relationships with clients, stakeholders, vendors,","their dynamic and innovative team.
The successful candidate will have significant experience in managing live events, technical installations and large-scale projects. The ideal candidate will have excellent communication, problem-solving and project management skills with the ability to work effectively with internal and external stakeholders. You will need to be able to work on your own initiative and demonstrate a passion for creative technical solutions.
• Manage projects from tender to completion, including budget management, resource allocation and client communication.
• Work collaboratively with designers, engineers, production and installation teams to deliver high-quality technical solutions for live events and installations.
• Develop and maintain excellent relationships with clients, stakeholders, vendors,","{""do_sample"": true, ""temperature"": 1.0, ""top_p"": 0.95, ""top_k"": 50, ""repetition_penalty"": 1.0, ""max_new_tokens"": 128}"
bytekgwV6,5.0,0,1306,72,72,The latest report from Violence Policy Center. I find it ironic and sad that the very day an annual report ,"The latest report from Violence Policy Center. I find it ironic and sad that the very day an annual report  titled ""Black Homicide in America (BHI 2020)” by the Violence Policy Center (VPC) publishes its report, we continue the national conversation around the mass shooting at Buffalo and Uvalde, which included mostly non-black victims.
Please note that the figures below only represent the US, specifically Americans.
According to this 2022 report, the numbers for black homicide-victims are:
* 7,484 Black Americans were murdered in 2020, accounting for 53.7% of all homicide-victims. Black people make up approximately 13% of the US population.
It"," titled ""Black Homicide in America (BHI 2020)” by the Violence Policy Center (VPC) publishes its report, we continue the national conversation around the mass shooting at Buffalo and Uvalde, which included mostly non-black victims.
Please note that the figures below only represent the US, specifically Americans.
According to this 2022 report, the numbers for black homicide-victims are:
* 7,484 Black Americans were murdered in 2020, accounting for 53.7% of all homicide-victims. Black people make up approximately 13% of the US population.
It","{""do_sample"": true, ""temperature"": 1.0, ""top_p"": 0.95, ""top_k"": 50, ""repetition_penalty"": 1.0, ""max_new_tokens"": 128}"
bytekgwV6,5.0,0,1308,74,74,Thorpe of the New York Trucking and Delivery Association says the decision to raise penalties won’t solve the parking crisis. ,"Thorpe of the New York Trucking and Delivery Association says the decision to raise penalties won’t solve the parking crisis. 2013;23(2):169–78. We can't think of a better way to get the word out there about the importance of proper truck parking and the potential consequences of not providing enough facilities for drivers. We apologize and will do our best to address the issue. "", As a truck driver myself I know that parking is one of the biggest challenges we face on the job. The lack of parking options can lead to drivers parking on the highway, private property, or even stopping on the road shoulder, creating safety hazards for themselves, other road users, and the public. 10:32 AM ET. ""Parking facilities for","2013;23(2):169–78. We can't think of a better way to get the word out there about the importance of proper truck parking and the potential consequences of not providing enough facilities for drivers. We apologize and will do our best to address the issue. "", As a truck driver myself I know that parking is one of the biggest challenges we face on the job. The lack of parking options can lead to drivers parking on the highway, private property, or even stopping on the road shoulder, creating safety hazards for themselves, other road users, and the public. 10:32 AM ET. ""Parking facilities for","{""do_sample"": true, ""temperature"": 1.0, ""top_p"": 0.95, ""top_k"": 50, ""repetition_penalty"": 1.0, ""max_new_tokens"": 128}"
bytekgwV6,5.0,0,1310,76,76,A District Court decision overturning major provisions of three Executive Orders has been appealed. Here is a summary of the ,"A District Court decision overturning major provisions of three Executive Orders has been appealed. Here is a summary of the 9th Circuit three-judge panel decision and the appeal.

### Order 1: Prohibiting Travel into the United States by Visa HOLDERS

A. Background: On January 27, 2017, President Trump issued Executive Order (EO) 13769, titled “Protection of the Homeland.” The order banned travel by individuals who were not U.S. citizens or lawful permanent residents from seven majority-Muslim countries—Sudan, Syria, Iran, Libya, Yemen, Somalia, and Iraq—to the United States for at least 90 days. Additionally, entry into the United States by all individuals from these countries, including dual citizens","9th Circuit three-judge panel decision and the appeal.

### Order 1: Prohibiting Travel into the United States by Visa HOLDERS

A. Background: On January 27, 2017, President Trump issued Executive Order (EO) 13769, titled “Protection of the Homeland.” The order banned travel by individuals who were not U.S. citizens or lawful permanent residents from seven majority-Muslim countries—Sudan, Syria, Iran, Libya, Yemen, Somalia, and Iraq—to the United States for at least 90 days. Additionally, entry into the United States by all individuals from these countries, including dual citizens","{""do_sample"": true, ""temperature"": 1.0, ""top_p"": 0.95, ""top_k"": 50, ""repetition_penalty"": 1.0, ""max_new_tokens"": 128}"
bytekgwV6,5.0,0,1312,78,78,"The democratization of data is a real phenomenon, but building a sustainable data democracy means truly giving power to the ","The democratization of data is a real phenomenon, but building a sustainable data democracy means truly giving power to the 99%. It means ensuring that the benefits of data-driven innovation, from improving public health to enhancing democratic engagement, are equitably shared and accessible by all.
Data democratization will continue to shape business and economic trends, and the consequences of getting data right can be substantial – not just for businesses and organizations, but for individuals and communities too. By doing so, it can unlock countless opportunities for positive social and environmental impact.
We hope that this report inspires you to be part of the democratization movement. Together, we can ensure that the benefits of data-driven innovation are shared by all and create a better, more equitable, and more just world","99%. It means ensuring that the benefits of data-driven innovation, from improving public health to enhancing democratic engagement, are equitably shared and accessible by all.
Data democratization will continue to shape business and economic trends, and the consequences of getting data right can be substantial – not just for businesses and organizations, but for individuals and communities too. By doing so, it can unlock countless opportunities for positive social and environmental impact.
We hope that this report inspires you to be part of the democratization movement. Together, we can ensure that the benefits of data-driven innovation are shared by all and create a better, more equitable, and more just world","{""do_sample"": true, ""temperature"": 1.0, ""top_p"": 0.95, ""top_k"": 50, ""repetition_penalty"": 1.0, ""max_new_tokens"": 128}"
bytekgwV6,5.0,0,1314,80,80,"The Council of PR Firms yesterday urged PR firms to ""pledge"" to Wikipedia that they will only submit materials to ","The Council of PR Firms yesterday urged PR firms to ""pledge"" to Wikipedia that they will only submit materials to 100% fact-checked articles.
The Council's statement, which is open for endorsement, calls for PR firms to pledge that they will respect the accuracy and neutrality of articles by adhering to the following principles:
We will submit accurate and timely information that conforms to the high standards and principles of Wikipedia.
We will only submit content that adheres to the guidelines and policies of the English Wikipedia.
We will ensure that the content we submit is 100% fact-checked prior to its publication.
We will avoid submitting promotional or self-aggrandizing content that may undermine the trust and credibility of the Wikipedia community.
We recognize that Wikipedia has a vital role to","100% fact-checked articles.
The Council's statement, which is open for endorsement, calls for PR firms to pledge that they will respect the accuracy and neutrality of articles by adhering to the following principles:
We will submit accurate and timely information that conforms to the high standards and principles of Wikipedia.
We will only submit content that adheres to the guidelines and policies of the English Wikipedia.
We will ensure that the content we submit is 100% fact-checked prior to its publication.
We will avoid submitting promotional or self-aggrandizing content that may undermine the trust and credibility of the Wikipedia community.
We recognize that Wikipedia has a vital role to","{""do_sample"": true, ""temperature"": 1.0, ""top_p"": 0.95, ""top_k"": 50, ""repetition_penalty"": 1.0, ""max_new_tokens"": 128}"
bytekgwV6,5.0,0,1316,82,82,"He and a neighbor managed to lure the horse toward them with a handful of grass, Sickinger said, and they ","He and a neighbor managed to lure the horse toward them with a handful of grass, Sickinger said, and they iced it and rolled it onto the nearby trolley line in an effort to free the horse. But the weight of the trolley proved too much for the grass, and the horse again became stuck, Sickinger reported.
cheap air force 22,"" said. That sounds cheap air force like a great idea to us! And if you're feeling adventurous, they have a free range free range egg hunt on Saturday, complete cheap air force with 20 prizes and scavenger hunts. What more could you want?Want more local news? Click here for the most up cheap jordans to the minute information.
cheap air force 12),","iced it and rolled it onto the nearby trolley line in an effort to free the horse. But the weight of the trolley proved too much for the grass, and the horse again became stuck, Sickinger reported.
cheap air force 22,"" said. That sounds cheap air force like a great idea to us! And if you're feeling adventurous, they have a free range free range egg hunt on Saturday, complete cheap air force with 20 prizes and scavenger hunts. What more could you want?Want more local news? Click here for the most up cheap jordans to the minute information.
cheap air force 12),","{""do_sample"": true, ""temperature"": 1.0, ""top_p"": 0.95, ""top_k"": 50, ""repetition_penalty"": 1.0, ""max_new_tokens"": 128}"
bytekgwV6,5.0,0,1318,84,84,"Wolf, 33, joined the Africa Mercy crew in March, taking a short leave from her job as a registered nurse ","Wolf, 33, joined the Africa Mercy crew in March, taking a short leave from her job as a registered nurse 10 months prior. She volunteered for a 2-month contract to help treat patients at the ship's onboard hospital and said it was her first experience at the organization.
Wolf is from Hamburg, Germany, but has been living and working in Africa for several years and speaks Swahili and English. She explained why she chose Mercy Ships and how she prepared for the trip:
What sparked my interest in Mercy Ships was seeing their work and the impact they have on the people of Africa. I was impressed with their holistic approach and the fact they not only operate, but [they also] educate and empower local communities.
Before joining the crew, I","10 months prior. She volunteered for a 2-month contract to help treat patients at the ship's onboard hospital and said it was her first experience at the organization.
Wolf is from Hamburg, Germany, but has been living and working in Africa for several years and speaks Swahili and English. She explained why she chose Mercy Ships and how she prepared for the trip:
What sparked my interest in Mercy Ships was seeing their work and the impact they have on the people of Africa. I was impressed with their holistic approach and the fact they not only operate, but [they also] educate and empower local communities.
Before joining the crew, I","{""do_sample"": true, ""temperature"": 1.0, ""top_p"": 0.95, ""top_k"": 50, ""repetition_penalty"": 1.0, ""max_new_tokens"": 128}"
bytekgwV6,5.0,0,1320,86,86,"A Chicago judge on Thursday dismissed a patent case between Apple and Motorola because, he said, neither side could adequately ","A Chicago judge on Thursday dismissed a patent case between Apple and Motorola because, he said, neither side could adequately  support their claims.
In a ruling that both parties applauded, Circuit Judge Richard Posner agreed to throw the case out due to the lack of evidence presented.
""The case raises a myriad of questions about the functionality, infringement and damages arising from the two devices,"" the ruling stated. ""In other words, this is what I might have expected to be the outcome - a great big pile of nothing.""
Posner's decision was the third such reversal in the past two years of patent infringement cases between Apple and Google's (GOOGL.O) Motorola unit over the technology that powers smartphones and tablets.
Apple had accused Motorola of infringing on"," support their claims.
In a ruling that both parties applauded, Circuit Judge Richard Posner agreed to throw the case out due to the lack of evidence presented.
""The case raises a myriad of questions about the functionality, infringement and damages arising from the two devices,"" the ruling stated. ""In other words, this is what I might have expected to be the outcome - a great big pile of nothing.""
Posner's decision was the third such reversal in the past two years of patent infringement cases between Apple and Google's (GOOGL.O) Motorola unit over the technology that powers smartphones and tablets.
Apple had accused Motorola of infringing on","{""do_sample"": true, ""temperature"": 1.0, ""top_p"": 0.95, ""top_k"": 50, ""repetition_penalty"": 1.0, ""max_new_tokens"": 128}"
bytekgwV6,5.0,0,1322,88,88,"Ford is building cars that ""talk"" with traffic lights, road signs and pedestrians. At CES 2019 in Las Vegas on ","Ford is building cars that ""talk"" with traffic lights, road signs and pedestrians. At CES 2019 in Las Vegas on 8 January 2019, Ford has announced the latest development on their SYNC™ 3 infotainment system, which includes technology that enables cars ""converse with their surroundings.
The new technology, which Ford calls "" Conversational Assist,"" makes it possible for the car to interact with other road users in real-time.
For example, when the car approaches an intersection with a stop sign or traffic signal that says, say ""The stop sign says it is time for you to slow down and turn right in about 500 yards.'""
Another example would be when a pedestrian with a smart device tells the vehicle, ""Thanks for slowing down.","8 January 2019, Ford has announced the latest development on their SYNC™ 3 infotainment system, which includes technology that enables cars ""converse with their surroundings.
The new technology, which Ford calls "" Conversational Assist,"" makes it possible for the car to interact with other road users in real-time.
For example, when the car approaches an intersection with a stop sign or traffic signal that says, say ""The stop sign says it is time for you to slow down and turn right in about 500 yards.'""
Another example would be when a pedestrian with a smart device tells the vehicle, ""Thanks for slowing down.","{""do_sample"": true, ""temperature"": 1.0, ""top_p"": 0.95, ""top_k"": 50, ""repetition_penalty"": 1.0, ""max_new_tokens"": 128}"
bytekgwV6,5.0,0,1324,90,90,"Things get a bit messy in a new brand campaign from Chobani. Centered on the tag ""Love This Life,"" its ","Things get a bit messy in a new brand campaign from Chobani. Centered on the tag ""Love This Life,"" its 30- and 15-second ads take a humorous approach to everyday chaos – like spills, stains, messy kids, and more.
One spot, for example, shows a mom dealing with her kids getting paint all over the walls, the carpet, and themselves. She's frantically cleaning and apologizing, while a voiceover notes that life is ""a little unpredictable, but the mess doesn't define the moment.""
Meanwhile, another ad features a guy eating breakfast on-the-go while his bike chains, coffee, and cereal all spill out the back basket. As he laughs about the chaos, the voiceover chimes in that ""life is","30- and 15-second ads take a humorous approach to everyday chaos – like spills, stains, messy kids, and more.
One spot, for example, shows a mom dealing with her kids getting paint all over the walls, the carpet, and themselves. She's frantically cleaning and apologizing, while a voiceover notes that life is ""a little unpredictable, but the mess doesn't define the moment.""
Meanwhile, another ad features a guy eating breakfast on-the-go while his bike chains, coffee, and cereal all spill out the back basket. As he laughs about the chaos, the voiceover chimes in that ""life is","{""do_sample"": true, ""temperature"": 1.0, ""top_p"": 0.95, ""top_k"": 50, ""repetition_penalty"": 1.0, ""max_new_tokens"": 128}"
bytekgwV6,5.0,0,1326,92,92,Trump's new immigration ad was panned as racist. Turns out it was also based on a falsehood. - Hartford Courant ,"Trump's new immigration ad was panned as racist. Turns out it was also based on a falsehood. - Hartford Courant 5 hours ago
Trump's new immigration ad was panned as racist. Turns out it was also based on a falsehood. By Manuel Roig-Franzia January 24... Read More>>
CNN Poll: Biden tops Sanders, Warren, Harris in Iowa | CNN Politics 5 hours ago
(CNN)President-elect Barack Obama won Iowa by a narrow 54.4% to 45.5% margin over Sen.-elect Todd Akin of the Republican party. (CNN)President-elect Barack Obama won Iowa by a narrow 54.4% to 45.5%. (CNN)President-elect Barack Obama won Iowa by","5 hours ago
Trump's new immigration ad was panned as racist. Turns out it was also based on a falsehood. By Manuel Roig-Franzia January 24... Read More>>
CNN Poll: Biden tops Sanders, Warren, Harris in Iowa | CNN Politics 5 hours ago
(CNN)President-elect Barack Obama won Iowa by a narrow 54.4% to 45.5% margin over Sen.-elect Todd Akin of the Republican party. (CNN)President-elect Barack Obama won Iowa by a narrow 54.4% to 45.5%. (CNN)President-elect Barack Obama won Iowa by","{""do_sample"": true, ""temperature"": 1.0, ""top_p"": 0.95, ""top_k"": 50, ""repetition_penalty"": 1.0, ""max_new_tokens"": 128}"
bytekgwV6,5.0,0,1328,94,94,• Engage with other SRA functions to support the evidence gathering and credible deterrence approach of the SRA. The role ,"• Engage with other SRA functions to support the evidence gathering and credible deterrence approach of the SRA. The role  will involve working closely with the Investigations Team, the Forensic Science Team, the Intelligence Team, the Financial Intelligence Unit, the Legal Team, the Crime Intelligence Unit, the Public Affairs Unit, the Communication Team and other SRA functions.
• Provide support in the investigation process by reviewing relevant information and data and conducting interviews and gathering witness accounts.
• Participate in the analysis and evaluation of evidence, using skills and expertise specific to each case or project.
• Contribute to the development and implementation of strategies and tactics, within a team or project setting.
• Actively participate in stakeholder engagement activities and facilitate communication with internal stakeholders, law enforcement"," will involve working closely with the Investigations Team, the Forensic Science Team, the Intelligence Team, the Financial Intelligence Unit, the Legal Team, the Crime Intelligence Unit, the Public Affairs Unit, the Communication Team and other SRA functions.
• Provide support in the investigation process by reviewing relevant information and data and conducting interviews and gathering witness accounts.
• Participate in the analysis and evaluation of evidence, using skills and expertise specific to each case or project.
• Contribute to the development and implementation of strategies and tactics, within a team or project setting.
• Actively participate in stakeholder engagement activities and facilitate communication with internal stakeholders, law enforcement","{""do_sample"": true, ""temperature"": 1.0, ""top_p"": 0.95, ""top_k"": 50, ""repetition_penalty"": 1.0, ""max_new_tokens"": 128}"
bytekgwV6,5.0,0,1330,96,96,"MidMichigan Health plans to restructure and re-align its work force in the coming months, and the changes could mean laying ","MidMichigan Health plans to restructure and re-align its work force in the coming months, and the changes could mean laying 45 to 50 people off.
The health organization is facing financial challenges due to declining reimbursements from government and private payers, as well as an ongoing shift in the healthcare industry toward population health management.
""We are taking proactive steps to position MidMichigan Health for long-term success and financial stability,"" the organization's President and CEO, Troy Williamson, said in an email to staff. ""As part of this effort, it has become necessary for us to reduce our workforce to realign resources to our changing healthcare needs.""
Williamson said the organization has not yet made the final decision on the number of staff reductions and the specific positions that will be","45 to 50 people off.
The health organization is facing financial challenges due to declining reimbursements from government and private payers, as well as an ongoing shift in the healthcare industry toward population health management.
""We are taking proactive steps to position MidMichigan Health for long-term success and financial stability,"" the organization's President and CEO, Troy Williamson, said in an email to staff. ""As part of this effort, it has become necessary for us to reduce our workforce to realign resources to our changing healthcare needs.""
Williamson said the organization has not yet made the final decision on the number of staff reductions and the specific positions that will be","{""do_sample"": true, ""temperature"": 1.0, ""top_p"": 0.95, ""top_k"": 50, ""repetition_penalty"": 1.0, ""max_new_tokens"": 128}"
bytekgwV6,5.0,0,1332,98,98,Tennessee farmers are cashing in on the local food movement. The federal government never measured just how much Tennessee farmers ,"Tennessee farmers are cashing in on the local food movement. The federal government never measured just how much Tennessee farmers 2018. That was until this year, when the University of Tennessee’s Center for Agricultural Development and Environmental Policy released a study on the impact of Tennessee agriculture on local communities.
Agriculture was identified as the primary source of employment in nearly 75% of the counties in Tennessee with the smallest populations. Additionally, the report found that local food sales and sales from Tennessee farmers markets have grown significantly. In 2005, sales from Tennessee farmers markets was $1 million. By 2020, that figure grew to $13 million. The study showed that Tennessee saw a growth of over 140% between the years of 2007","2018. That was until this year, when the University of Tennessee’s Center for Agricultural Development and Environmental Policy released a study on the impact of Tennessee agriculture on local communities.
Agriculture was identified as the primary source of employment in nearly 75% of the counties in Tennessee with the smallest populations. Additionally, the report found that local food sales and sales from Tennessee farmers markets have grown significantly. In 2005, sales from Tennessee farmers markets was $1 million. By 2020, that figure grew to $13 million. The study showed that Tennessee saw a growth of over 140% between the years of 2007","{""do_sample"": true, ""temperature"": 1.0, ""top_p"": 0.95, ""top_k"": 50, ""repetition_penalty"": 1.0, ""max_new_tokens"": 128}"
bytekgwV6,5.0,0,1334,100,100,Ozier Muhammad/The New York TimesReynaldo Rodriguez of the Care Coordination program counseled a patient with H.I.V. on how to adhere ,"Ozier Muhammad/The New York TimesReynaldo Rodriguez of the Care Coordination program counseled a patient with H.I.V. on how to adhere  … to her treatment plan.
Ozier Muhammad/The New York Times
Reynaldo Rodriguez of the Care Coordination program counseled a patient with H.I.V. on how to adhere to her treatment plan.
By ANEMONIEE STIDMAN and ANDREW POLLACK
The plan was ambitious: to provide seamless health care to 100 low-income New Yorkers with H.I.V. or A.I.D.S., connecting them with doctors, hospitals and insurance while helping them stay healthy.
Four months later, the Care Coordination program has made significant strides. On a recent afternoon, 55 patients, many of whom had"," … to her treatment plan.
Ozier Muhammad/The New York Times
Reynaldo Rodriguez of the Care Coordination program counseled a patient with H.I.V. on how to adhere to her treatment plan.
By ANEMONIEE STIDMAN and ANDREW POLLACK
The plan was ambitious: to provide seamless health care to 100 low-income New Yorkers with H.I.V. or A.I.D.S., connecting them with doctors, hospitals and insurance while helping them stay healthy.
Four months later, the Care Coordination program has made significant strides. On a recent afternoon, 55 patients, many of whom had","{""do_sample"": true, ""temperature"": 1.0, ""top_p"": 0.95, ""top_k"": 50, ""repetition_penalty"": 1.0, ""max_new_tokens"": 128}"
bytekgwV6,5.0,0,1336,102,102,"Talking to the press people here at the Heliport on Saturday, the National BJP leader, while stating the Naga issue ","Talking to the press people here at the Heliport on Saturday, the National BJP leader, while stating the Naga issue 1963 agreement has been the basis of all peace talks for the last 50 years and the framework of talks, dismissed the statements made by the government that talks have been stalled due to lack of progress.
The BJP general secretary further emphasized the requirement for a ‘package solution’ and the state and government to make certain concessions. In his view, the people of the state, the civil society and the NSCN (IM) should also be made to take responsibility towards reaching a mutually acceptable solution. [Read more..] « First « Back | 21 | 22 | 23 | Next Page... Last » » Latest news and headlines","1963 agreement has been the basis of all peace talks for the last 50 years and the framework of talks, dismissed the statements made by the government that talks have been stalled due to lack of progress.
The BJP general secretary further emphasized the requirement for a ‘package solution’ and the state and government to make certain concessions. In his view, the people of the state, the civil society and the NSCN (IM) should also be made to take responsibility towards reaching a mutually acceptable solution. [Read more..] « First « Back | 21 | 22 | 23 | Next Page... Last » » Latest news and headlines","{""do_sample"": true, ""temperature"": 1.0, ""top_p"": 0.95, ""top_k"": 50, ""repetition_penalty"": 1.0, ""max_new_tokens"": 128}"
bytekgwV6,5.0,0,1338,104,104,"Famously tight-lipped about her Scientology faith, The Handmaid’s Tale star Elisabeth Moss has opened up in a candid new interview. ","Famously tight-lipped about her Scientology faith, The Handmaid’s Tale star Elisabeth Moss has opened up in a candid new interview.  Speaking with Elle UK, Moss, 37, discussed how the Church of Scientology influenced her life and career.
The Emmy-winning actress spoke freely for the first time about her experiences in the Church, which her character Offred endured on the show. Moss grew up a member of the Church, the daughter of a high-level Scientologist father, but eventually left the religion at the age of 12.
However, Moss said that her early years in the Church had a lasting impact on her and her acting career. She revealed that her father, Ronny Moss, was a “powerful” Scientologist who had a “lot of influence"," Speaking with Elle UK, Moss, 37, discussed how the Church of Scientology influenced her life and career.
The Emmy-winning actress spoke freely for the first time about her experiences in the Church, which her character Offred endured on the show. Moss grew up a member of the Church, the daughter of a high-level Scientologist father, but eventually left the religion at the age of 12.
However, Moss said that her early years in the Church had a lasting impact on her and her acting career. She revealed that her father, Ronny Moss, was a “powerful” Scientologist who had a “lot of influence","{""do_sample"": true, ""temperature"": 1.0, ""top_p"": 0.95, ""top_k"": 50, ""repetition_penalty"": 1.0, ""max_new_tokens"": 128}"
bytekgwV6,5.0,0,1340,106,106,Madore received the package along with three crosses she had ordered in memory of her son Christopher Medina who died ,"Madore received the package along with three crosses she had ordered in memory of her son Christopher Medina who died 14 years ago in a motorcycle accident. (Source: Madison.com)
A Wisconsin woman received a mixed bag of items, including three crosses, a rosary and a few prayer cards, along with a package she ordered online, only to discover later that the package was actually addressed to her deceased son.
The recipient, Madore, told local newspaper the Madison.com, said the mixed-up package was unexpected and a bit startling, especially considering that Christopher Medina, her son who died 14 years ago in a motorcycle accident, had passed away.
Madore said she didn't order the crosses, rosary or prayer cards and was surprised by the","14 years ago in a motorcycle accident. (Source: Madison.com)
A Wisconsin woman received a mixed bag of items, including three crosses, a rosary and a few prayer cards, along with a package she ordered online, only to discover later that the package was actually addressed to her deceased son.
The recipient, Madore, told local newspaper the Madison.com, said the mixed-up package was unexpected and a bit startling, especially considering that Christopher Medina, her son who died 14 years ago in a motorcycle accident, had passed away.
Madore said she didn't order the crosses, rosary or prayer cards and was surprised by the","{""do_sample"": true, ""temperature"": 1.0, ""top_p"": 0.95, ""top_k"": 50, ""repetition_penalty"": 1.0, ""max_new_tokens"": 128}"
bytekgwV6,5.0,0,1342,108,108,"France is in a difficult position. It has not had a sufficient spur to reform, despite the platitudes by both ","France is in a difficult position. It has not had a sufficient spur to reform, despite the platitudes by both 54 years and the present, this is not an adequate reason for not having the courage to carry out the reforms, the. In a bid to reduce debt, President. Sarkozy, announced measures designed for the short term, to improve the financial health of the state.
To carry out these reforms, it was necessary for the government to implement certain changes. In particular the pension, it is not a change that is needed, it's a change. This was achieved by the president, in order that the pension system can remain. In this way it has tried his best and his government.
This report is now available and has been published by","54 years and the present, this is not an adequate reason for not having the courage to carry out the reforms, the. In a bid to reduce debt, President. Sarkozy, announced measures designed for the short term, to improve the financial health of the state.
To carry out these reforms, it was necessary for the government to implement certain changes. In particular the pension, it is not a change that is needed, it's a change. This was achieved by the president, in order that the pension system can remain. In this way it has tried his best and his government.
This report is now available and has been published by","{""do_sample"": true, ""temperature"": 1.0, ""top_p"": 0.95, ""top_k"": 50, ""repetition_penalty"": 1.0, ""max_new_tokens"": 128}"
bytekgwV6,5.0,0,1344,110,110,"Nelson Mandela statue in Westminster, London. ""Comrade Mandela's release was achieved through our struggles that had pushed the apartheid regime ","Nelson Mandela statue in Westminster, London. ""Comrade Mandela's release was achieved through our struggles that had pushed the apartheid regime 10 years later, but a new era had begun. The spirit of the African soil and the wind was blowing stronger."" – Fidel Castro.
Fidel Castro (1926—2016) was the Communist leader of Cuba for nearly 49 years. On June 25th, he passed away, concluding his remarkable life full of struggle, leadership, and international impact. As tributes flood the media from around the world, it is essential to reflect on the essence of his life: his unwavering commitment, resilience, and solidarity.
As the leader of the Cuban Revolution (1959-2008) and its first Secretary-General","10 years later, but a new era had begun. The spirit of the African soil and the wind was blowing stronger."" – Fidel Castro.
Fidel Castro (1926—2016) was the Communist leader of Cuba for nearly 49 years. On June 25th, he passed away, concluding his remarkable life full of struggle, leadership, and international impact. As tributes flood the media from around the world, it is essential to reflect on the essence of his life: his unwavering commitment, resilience, and solidarity.
As the leader of the Cuban Revolution (1959-2008) and its first Secretary-General","{""do_sample"": true, ""temperature"": 1.0, ""top_p"": 0.95, ""top_k"": 50, ""repetition_penalty"": 1.0, ""max_new_tokens"": 128}"
bytekgwV6,5.0,0,1346,112,112,"Back in 1982, the Endangered Species Act took the ocelot under its protection. The ocelot is a vulnerable creature, susceptible ","Back in 1982, the Endangered Species Act took the ocelot under its protection. The ocelot is a vulnerable creature, susceptible  to various human activities and ecological challenges. Yet thanks to conservation efforts, some of these majestic creatures have been spotted roaming the Rio Grande Valley in Texas.

One of the most notable ocelot sightings took place in December 2010 near the town of Alamo. The sighting sparked renewed efforts by biologists and organizations dedicated to ocelot conservation. Today, we are fortunate to have a small and healthy ocelot population living in the Rio Grande Valley region. 

Let's give a big round  applause to the incredible work of the Conservation Biology Institute, Wildlife Management Association Inc. and all the dedicated individuals who have put their heart"," to various human activities and ecological challenges. Yet thanks to conservation efforts, some of these majestic creatures have been spotted roaming the Rio Grande Valley in Texas.

One of the most notable ocelot sightings took place in December 2010 near the town of Alamo. The sighting sparked renewed efforts by biologists and organizations dedicated to ocelot conservation. Today, we are fortunate to have a small and healthy ocelot population living in the Rio Grande Valley region. 

Let's give a big round  applause to the incredible work of the Conservation Biology Institute, Wildlife Management Association Inc. and all the dedicated individuals who have put their heart","{""do_sample"": true, ""temperature"": 1.0, ""top_p"": 0.95, ""top_k"": 50, ""repetition_penalty"": 1.0, ""max_new_tokens"": 128}"
bytekgwV6,5.0,0,1348,114,114,"Assembly Minority Leader Pat Hickey, R-Reno, will have a GOP primary election opponent in 2014. Richard Fineberg, a retired lawyer ","Assembly Minority Leader Pat Hickey, R-Reno, will have a GOP primary election opponent in 2014. Richard Fineberg, a retired lawyer  from Reno, has filed papers to seek the nomination. Fineberg ran for the Assembly in the 26th District against incumbent Democrat Debbie Smith four years ago. He received 28.7% of the vote in that election and lost.
The 39th Assembly District seat, currently held by Assemblyman Ira Hansen, R-Sparks, is expected to be competitive next year. Hansen is term-limited next year. Assemblyman Tom Grumbly, D-Denio, has announced his candidacy for the Assembly seat, and Reno businessman Chad Christensen has indicated that he may run for the seat as a Democrat.
Sen"," from Reno, has filed papers to seek the nomination. Fineberg ran for the Assembly in the 26th District against incumbent Democrat Debbie Smith four years ago. He received 28.7% of the vote in that election and lost.
The 39th Assembly District seat, currently held by Assemblyman Ira Hansen, R-Sparks, is expected to be competitive next year. Hansen is term-limited next year. Assemblyman Tom Grumbly, D-Denio, has announced his candidacy for the Assembly seat, and Reno businessman Chad Christensen has indicated that he may run for the seat as a Democrat.
Sen","{""do_sample"": true, ""temperature"": 1.0, ""top_p"": 0.95, ""top_k"": 50, ""repetition_penalty"": 1.0, ""max_new_tokens"": 128}"
bytekgwV6,5.0,0,1350,116,116,"Friday Night Live: Hilarious Improv Comedy featuring live music from pianist Keith Munslow! Get beside yourself with FNL’s interactive scenes, ","Friday Night Live: Hilarious Improv Comedy featuring live music from pianist Keith Munslow! Get beside yourself with FNL’s interactive scenes, 1st and 2nd degree burns and the unpredictable art of improv! After each 30-40 minute improv show the curtains open for a live improvising session with audience volunteers and Keith Munslow on piano. Music starts @10:15 pm. Show price is just $15. Tickets available at the door or at our website: ImprovAsylumBoston.com! Don't miss out! See you there for a fun-filled night! #FNL #BostonImprovisers #KeithMunslow #Piano #Improv #Comedy #Music #Boston #FNLShow #ImprovStandUp #Comedic #",1st and 2nd degree burns and the unpredictable art of improv! After each 30-40 minute improv show the curtains open for a live improvising session with audience volunteers and Keith Munslow on piano. Music starts @10:15 pm. Show price is just $15. Tickets available at the door or at our website: ImprovAsylumBoston.com! Don't miss out! See you there for a fun-filled night! #FNL #BostonImprovisers #KeithMunslow #Piano #Improv #Comedy #Music #Boston #FNLShow #ImprovStandUp #Comedic #,"{""do_sample"": true, ""temperature"": 1.0, ""top_p"": 0.95, ""top_k"": 50, ""repetition_penalty"": 1.0, ""max_new_tokens"": 128}"
bytekgwV6,5.0,0,1352,118,118,Do Twinkle and mum Dimple share a wardrobe? The star wife was missing for a greater part of the year ,"Do Twinkle and mum Dimple share a wardrobe? The star wife was missing for a greater part of the year 2020, and her absence was definitely noticed by the Indian media, fans and even co-celebrities like Shah Rukh and Kajol. Twinkle Khanna, an interior designer turned author, was born on December 30, 1974, which makes her currently 47 years old. Now that she might be returning, it could very well be argued that the media attention would only intensify, given her husband Akshay Kumar being one of the most successful actors in the Hindi film industry. Twinkle Khanna, who was earlier reported to be taking a sabbatical for a year to cater to her personal","2020, and her absence was definitely noticed by the Indian media, fans and even co-celebrities like Shah Rukh and Kajol. Twinkle Khanna, an interior designer turned author, was born on December 30, 1974, which makes her currently 47 years old. Now that she might be returning, it could very well be argued that the media attention would only intensify, given her husband Akshay Kumar being one of the most successful actors in the Hindi film industry. Twinkle Khanna, who was earlier reported to be taking a sabbatical for a year to cater to her personal","{""do_sample"": true, ""temperature"": 1.0, ""top_p"": 0.95, ""top_k"": 50, ""repetition_penalty"": 1.0, ""max_new_tokens"": 128}"
bytekgwV6,5.0,0,1354,120,120,the World Challenge a year ago. He won at Hilton Head on the U.S. Championships in Doral and Shanghai. the ,"the World Challenge a year ago. He won at Hilton Head on the U.S. Championships in Doral and Shanghai. the 2018 Masters to have a more modest goal for the 2018 Masters. the Masters the first of four PGA Tour Events for which he received. The Presidents Cup, he won four starts last year, including one that he won the World Cup of Hockey the Presidents
  1. the 13th major title as a result. In other news,
  2. the US Open to end the year ranked 4th,
  3. a record for a Presidents
  4. Presidents' and a year ago and,
the Masters the first of four PGA Tour Events for which he received. The Presidents Cup,","2018 Masters to have a more modest goal for the 2018 Masters. the Masters the first of four PGA Tour Events for which he received. The Presidents Cup, he won four starts last year, including one that he won the World Cup of Hockey the Presidents
  1. the 13th major title as a result. In other news,
  2. the US Open to end the year ranked 4th,
  3. a record for a Presidents
  4. Presidents' and a year ago and,
the Masters the first of four PGA Tour Events for which he received. The Presidents Cup,","{""do_sample"": true, ""temperature"": 1.0, ""top_p"": 0.95, ""top_k"": 50, ""repetition_penalty"": 1.0, ""max_new_tokens"": 128}"
bytekgwV6,5.0,0,1356,122,122,2 bedroom home with extra room for office or 3rd bedroom. Kitchen features Oak cabinets. Home features wood flooring in ,"2 bedroom home with extra room for office or 3rd bedroom. Kitchen features Oak cabinets. Home features wood flooring in 2 rooms and carpeted floors. Nice deck for outdoor living. 2 car garage with workshop/barn door. Fenced backyard. Call for showing today.
MLS# 22000054 | Listing provided courtesy of Keller Williams Rlty Partners Inc. | If the property description is not included, it may be available at the local MLS's website or by obtaining the listing information from the agent or broker.
This 2-bedroom, 3- bathroom bungalow in the Heart of the Ranch style offers a classic feel with modern amenities.
This beautiful two-bedroom and one-bathroom mobile home is nestled near a private lake and offers serene living","2 rooms and carpeted floors. Nice deck for outdoor living. 2 car garage with workshop/barn door. Fenced backyard. Call for showing today.
MLS# 22000054 | Listing provided courtesy of Keller Williams Rlty Partners Inc. | If the property description is not included, it may be available at the local MLS's website or by obtaining the listing information from the agent or broker.
This 2-bedroom, 3- bathroom bungalow in the Heart of the Ranch style offers a classic feel with modern amenities.
This beautiful two-bedroom and one-bathroom mobile home is nestled near a private lake and offers serene living","{""do_sample"": true, ""temperature"": 1.0, ""top_p"": 0.95, ""top_k"": 50, ""repetition_penalty"": 1.0, ""max_new_tokens"": 128}"
bytekgwV6,5.0,0,1358,124,124,"Following her acceptance into iPOP! after try-outs in Fort Walton Beach, Michelle Bryant is talking positively about her fast-approaching opportunity. ","Following her acceptance into iPOP! after try-outs in Fort Walton Beach, Michelle Bryant is talking positively about her fast-approaching opportunity. 12-year-old Michelle has been dancing and performing since the tender age of 3, and as her big break approaches, we sat down with her to discuss how it will change her life and what she hopes to achieve at the event.
Michelle Bryant iPOP!
Q: Congratulations on your selection for iPOP! What was it like experiencing your initial try-outs?
Michelle Bryant: It was so much fun! I loved performing for the iPOP! team and showing them what I can do. I had to dance, sing, and act, and it made me feel really excited and nervous all at the same time.
Q: That must have","12-year-old Michelle has been dancing and performing since the tender age of 3, and as her big break approaches, we sat down with her to discuss how it will change her life and what she hopes to achieve at the event.
Michelle Bryant iPOP!
Q: Congratulations on your selection for iPOP! What was it like experiencing your initial try-outs?
Michelle Bryant: It was so much fun! I loved performing for the iPOP! team and showing them what I can do. I had to dance, sing, and act, and it made me feel really excited and nervous all at the same time.
Q: That must have","{""do_sample"": true, ""temperature"": 1.0, ""top_p"": 0.95, ""top_k"": 50, ""repetition_penalty"": 1.0, ""max_new_tokens"": 128}"
bytekgwV6,5.0,0,1360,126,126,"In the past 11 months, Mauti has had to rely on his words unlike any other time in his life. ","In the past 11 months, Mauti has had to rely on his words unlike any other time in his life. 2010 was a nightmare for him.
The year began with a promising junior season for the Penn State linebacker, but it took a turn for the worse when a career-ending knee injury sidelined Mauti for the final 10 games.
As the injury rehab process unfolded, so did a conversation with his coaches about the importance of speaking publicly on issues affecting the program.
""It was tough going through the injury, but it was even tougher not being on the field,"" Mauti said. ""That's why I tried to focus on being able to speak for my team, to be a voice for the guys who can't speak for themselves.
","2010 was a nightmare for him.
The year began with a promising junior season for the Penn State linebacker, but it took a turn for the worse when a career-ending knee injury sidelined Mauti for the final 10 games.
As the injury rehab process unfolded, so did a conversation with his coaches about the importance of speaking publicly on issues affecting the program.
""It was tough going through the injury, but it was even tougher not being on the field,"" Mauti said. ""That's why I tried to focus on being able to speak for my team, to be a voice for the guys who can't speak for themselves.
","{""do_sample"": true, ""temperature"": 1.0, ""top_p"": 0.95, ""top_k"": 50, ""repetition_penalty"": 1.0, ""max_new_tokens"": 128}"
bytekgwV6,5.0,0,1362,128,128,The FINANCIAL (AD) -- ProCredit Bank has donated a unique ex libris collection to the National Centre of Manuscripts. This ,"The FINANCIAL (AD) -- ProCredit Bank has donated a unique ex libris collection to the National Centre of Manuscripts. This 400-volume library features books on the financial and economic history of Georgia.
ProCredit Bank has been actively working on promoting the development of Georgia's financial sector and fostering a deeper understanding of its financial and economic history. This donation was made to support the research efforts of experts and scientists, and to provide them with access to rare publications.
The ex libris collection is an invaluable resource for those interested in the financial and economic history of Georgia. The books included in the collection cover the 19-20th centuries, featuring publications on the economic development of Georgia, the history of the country's banking sector, and the activities of local entrepreneurs and industrial","400-volume library features books on the financial and economic history of Georgia.
ProCredit Bank has been actively working on promoting the development of Georgia's financial sector and fostering a deeper understanding of its financial and economic history. This donation was made to support the research efforts of experts and scientists, and to provide them with access to rare publications.
The ex libris collection is an invaluable resource for those interested in the financial and economic history of Georgia. The books included in the collection cover the 19-20th centuries, featuring publications on the economic development of Georgia, the history of the country's banking sector, and the activities of local entrepreneurs and industrial","{""do_sample"": true, ""temperature"": 1.0, ""top_p"": 0.95, ""top_k"": 50, ""repetition_penalty"": 1.0, ""max_new_tokens"": 128}"
bytekgwV6,5.0,0,1364,130,130,These two healthcare REITs are trading for dirt-cheap valuations despite high dividends and a solid history of growth. Investing in ,"These two healthcare REITs are trading for dirt-cheap valuations despite high dividends and a solid history of growth. Investing in 2020 is all about patience, so consider giving these two companies a look.
While healthcare REITs like HCP (NYSE: HCT) and Ventas (NYSE: VTR) were once popular plays for income-hungry investors, the sector has largely been left behind amid the pandemic. Both stocks have underperformed other REITs, sending their yields soaring to around 8%.
HCT and VTR are trading for incredibly low valuations relative to their peers and the broader market. Here's why patient investors may find these two healthcare REITs attractive:
1. High dividends
Both HCT and V","2020 is all about patience, so consider giving these two companies a look.
While healthcare REITs like HCP (NYSE: HCT) and Ventas (NYSE: VTR) were once popular plays for income-hungry investors, the sector has largely been left behind amid the pandemic. Both stocks have underperformed other REITs, sending their yields soaring to around 8%.
HCT and VTR are trading for incredibly low valuations relative to their peers and the broader market. Here's why patient investors may find these two healthcare REITs attractive:
1. High dividends
Both HCT and V","{""do_sample"": true, ""temperature"": 1.0, ""top_p"": 0.95, ""top_k"": 50, ""repetition_penalty"": 1.0, ""max_new_tokens"": 128}"
bytekgwV6,5.0,0,1366,132,132,Young Lions skipper Brad Galvin isn’t afraid of taking his side’s ‘scrappy’ style of play into Sunday’s semi final clash ,"Young Lions skipper Brad Galvin isn’t afraid of taking his side’s ‘scrappy’ style of play into Sunday’s semi final clash  with Nadi Fiji.
Despite struggling for form in the past few weeks, the Young Lions looked much sharper in their quarter-final win over Vanuatu and midfielder Brad Galvin said his team were determined to back it  up on  the big stage.
Galvin acknowledged that Fiji would be a tough test, but insisted that his team had what it took to cause  the Fijians  trouble and potentially  make an historic appearance  the  inaugural VPL semi-finals.
“Look, Fiji  have been on fire throughout the"," with Nadi Fiji.
Despite struggling for form in the past few weeks, the Young Lions looked much sharper in their quarter-final win over Vanuatu and midfielder Brad Galvin said his team were determined to back it  up on  the big stage.
Galvin acknowledged that Fiji would be a tough test, but insisted that his team had what it took to cause  the Fijians  trouble and potentially  make an historic appearance  the  inaugural VPL semi-finals.
“Look, Fiji  have been on fire throughout the","{""do_sample"": true, ""temperature"": 1.0, ""top_p"": 0.95, ""top_k"": 50, ""repetition_penalty"": 1.0, ""max_new_tokens"": 128}"
bytekgwV6,5.0,0,1368,134,134,"For a career that once seemed so good on paper, the crisis in teacher recruitment is now hardly ever out ","For a career that once seemed so good on paper, the crisis in teacher recruitment is now hardly ever out 0f headlines. With headlines screaming about dwindling numbers, teacher shortages and diminishing standards, it's hard not to wonder how things got so far gone.
And yet, there exists a quiet, unreported revolution – hidden from public view and largely ignored by the media, but quietly remaking the profession from the inside up.
For a small but growing tribe of innovative and passionate educators have been quietly working, experimenting, and innovating to address exactly these concerns head-on. And they're not just teachers – they're change-makers.
I'd met a few such souls online – passionate bloggers, Twitter personalities and podcasters – who spoke with clarity","0f headlines. With headlines screaming about dwindling numbers, teacher shortages and diminishing standards, it's hard not to wonder how things got so far gone.
And yet, there exists a quiet, unreported revolution – hidden from public view and largely ignored by the media, but quietly remaking the profession from the inside up.
For a small but growing tribe of innovative and passionate educators have been quietly working, experimenting, and innovating to address exactly these concerns head-on. And they're not just teachers – they're change-makers.
I'd met a few such souls online – passionate bloggers, Twitter personalities and podcasters – who spoke with clarity","{""do_sample"": true, ""temperature"": 1.0, ""top_p"": 0.95, ""top_k"": 50, ""repetition_penalty"": 1.0, ""max_new_tokens"": 128}"
bytekgwV6,5.0,0,1370,136,136,councilors at the USC Annenberg School for Communication. Arkansas governor and congressman who joined the board in 2006. renewed attention ,"councilors at the USC Annenberg School for Communication. Arkansas governor and congressman who joined the board in 2006. renewed attention 3+ years after the Iraq War, the committee’s findings were largely.
Novakovic was the President and Chief Executive Officer of Jacobs Engineering, a global multidisciplinary engineering services firm with 68 years of experience, prior to joining the USC Annenberg School for Communication leadership. She has over two decades of experience across the engineering, architecture and construction.
She was a postdoctoral research fellow at the University of California, Irvine and the University of Southern. and.
Since joining the Annenberg Faculty. education and the media, which is reflected in my research on critical issues such as inequality, education policy and media representation. I am deeply","3+ years after the Iraq War, the committee’s findings were largely.
Novakovic was the President and Chief Executive Officer of Jacobs Engineering, a global multidisciplinary engineering services firm with 68 years of experience, prior to joining the USC Annenberg School for Communication leadership. She has over two decades of experience across the engineering, architecture and construction.
She was a postdoctoral research fellow at the University of California, Irvine and the University of Southern. and.
Since joining the Annenberg Faculty. education and the media, which is reflected in my research on critical issues such as inequality, education policy and media representation. I am deeply","{""do_sample"": true, ""temperature"": 1.0, ""top_p"": 0.95, ""top_k"": 50, ""repetition_penalty"": 1.0, ""max_new_tokens"": 128}"
bytekgwV6,5.0,0,1372,138,138,The Las Vegas real estate market got a small reprieve in February; with sales volume at a four-year high for ,"The Las Vegas real estate market got a small reprieve in February; with sales volume at a four-year high for 2023. The median sale price for the Las Vegas Valley also inched higher by $5.000, reaching a new record of $375,000, although only by 0.3%.
The Las Vegas Realtors announced that the valley had 4,161 total sales recorded for the year to February, which exceeded the previous total for the same period by 12% in recent years. However, the number is far from the record-breaking sales volumes seen before the great economic downturn, and it's a challenging year ahead for the local homeownership market. Moreover, the interest rates have increased and may continue to rise, posing a","2023. The median sale price for the Las Vegas Valley also inched higher by $5.000, reaching a new record of $375,000, although only by 0.3%.
The Las Vegas Realtors announced that the valley had 4,161 total sales recorded for the year to February, which exceeded the previous total for the same period by 12% in recent years. However, the number is far from the record-breaking sales volumes seen before the great economic downturn, and it's a challenging year ahead for the local homeownership market. Moreover, the interest rates have increased and may continue to rise, posing a","{""do_sample"": true, ""temperature"": 1.0, ""top_p"": 0.95, ""top_k"": 50, ""repetition_penalty"": 1.0, ""max_new_tokens"": 128}"
bytekgwV6,5.0,0,1374,140,140,Rafael Nadal became the first man to win eight titles at the same Grand Slam tournament after beating fellow Spaniard ,"Rafael Nadal became the first man to win eight titles at the same Grand Slam tournament after beating fellow Spaniard 12th seed Roberto Bautista-Agut in the Australian Open quarter-finals on Melbourne Park.
The world number two, who claimed the 2007-2008-2009-2014-2017-2019 Australian Open trophies and has won every other Grand Slam except Wimbledon. Nadal defeated Roberto 6-1, 6-4, 6-4 and is just two wins away for his 21 Grand Slam crown. If succeed, it would be his second Grand Slam title after the 2019 Australian Open and 2009 Australian Open.
Nadal has a strong track record on Melbourne Park and is","12th seed Roberto Bautista-Agut in the Australian Open quarter-finals on Melbourne Park.
The world number two, who claimed the 2007-2008-2009-2014-2017-2019 Australian Open trophies and has won every other Grand Slam except Wimbledon. Nadal defeated Roberto 6-1, 6-4, 6-4 and is just two wins away for his 21 Grand Slam crown. If succeed, it would be his second Grand Slam title after the 2019 Australian Open and 2009 Australian Open.
Nadal has a strong track record on Melbourne Park and is","{""do_sample"": true, ""temperature"": 1.0, ""top_p"": 0.95, ""top_k"": 50, ""repetition_penalty"": 1.0, ""max_new_tokens"": 128}"
bytekgwV6,5.0,0,1376,142,142,"No longer limited to calling other Jaxtr users, the service is taking cue from Skype for its revenue strategy. Jaxtr, ","No longer limited to calling other Jaxtr users, the service is taking cue from Skype for its revenue strategy. Jaxtr, 24sevenMedia's mobile VoIP service, launched its pay-per-minute international rates today.
No longer limited to calling other Jaxtr users, the service is taking cue from Skype for its revenue strategy. Jaxtr, 24sevenMedia's mobile VoIP service, launched its pay-per-minute international rates today.
In addition to its existing unlimited calls to other Jaxtr subscribers, the upgraded service offers a flat, flat fee for international calls based on minute rates. For example, users can make calls to Canada for $0.04 per minute, and Europe for $0.06 per minute. Jaxtr offers competitive pricing","24sevenMedia's mobile VoIP service, launched its pay-per-minute international rates today.
No longer limited to calling other Jaxtr users, the service is taking cue from Skype for its revenue strategy. Jaxtr, 24sevenMedia's mobile VoIP service, launched its pay-per-minute international rates today.
In addition to its existing unlimited calls to other Jaxtr subscribers, the upgraded service offers a flat, flat fee for international calls based on minute rates. For example, users can make calls to Canada for $0.04 per minute, and Europe for $0.06 per minute. Jaxtr offers competitive pricing","{""do_sample"": true, ""temperature"": 1.0, ""top_p"": 0.95, ""top_k"": 50, ""repetition_penalty"": 1.0, ""max_new_tokens"": 128}"
bytekgwV6,5.0,0,1378,144,144,A three member bench of the Supreme Court has adjourned the hearing of Orange Line Metro Train case till Friday. ,"A three member bench of the Supreme Court has adjourned the hearing of Orange Line Metro Train case till Friday.  According to court sources, the hearing was... read more
LAHORE – A three-judge bench of the Lahore High Court (LHC) Tuesday disposed off a petition challenging the alleged rigging in the Punjab by-elections,... read more
LAHORE – A three-judge bench of the Lahore High Court (LHC) Tuesday disposed off a petition challenging the alleged rigging in the Punjab by-elections,... read more
RAWALPINDI – A sessions court on Monday granted bail to former federal minister Khursheed Shah, who is currently behind bars on charges of...... read more
RAWAL"," According to court sources, the hearing was... read more
LAHORE – A three-judge bench of the Lahore High Court (LHC) Tuesday disposed off a petition challenging the alleged rigging in the Punjab by-elections,... read more
LAHORE – A three-judge bench of the Lahore High Court (LHC) Tuesday disposed off a petition challenging the alleged rigging in the Punjab by-elections,... read more
RAWALPINDI – A sessions court on Monday granted bail to former federal minister Khursheed Shah, who is currently behind bars on charges of...... read more
RAWAL","{""do_sample"": true, ""temperature"": 1.0, ""top_p"": 0.95, ""top_k"": 50, ""repetition_penalty"": 1.0, ""max_new_tokens"": 128}"
bytekgwV6,5.0,0,1380,146,146,"A primary school caretaker has been found guilty of attacking a group of teenagers. Karl Lucas, 27, of Manor Fields, ","A primary school caretaker has been found guilty of attacking a group of teenagers. Karl Lucas, 27, of Manor Fields, 35th Street, Middlesbrough, denied allegations he had assaulted three 15-year-old boys on July 18 last year. However, after a trial at Teesside Crown Court, he was convicted of two counts of affray.
Lucas, described by his victims as ""bizarrely erratic"" and intimidating, struck out at the teenagers, who were playing near a block of flats where Lucas lived. One of the youths required a dressing on his cheek after the incident.
Although the teenagers were initially reluctant to give evidence due to fear, they eventually came forward and supported each other's versions of events.
Lucas denied the","35th Street, Middlesbrough, denied allegations he had assaulted three 15-year-old boys on July 18 last year. However, after a trial at Teesside Crown Court, he was convicted of two counts of affray.
Lucas, described by his victims as ""bizarrely erratic"" and intimidating, struck out at the teenagers, who were playing near a block of flats where Lucas lived. One of the youths required a dressing on his cheek after the incident.
Although the teenagers were initially reluctant to give evidence due to fear, they eventually came forward and supported each other's versions of events.
Lucas denied the","{""do_sample"": true, ""temperature"": 1.0, ""top_p"": 0.95, ""top_k"": 50, ""repetition_penalty"": 1.0, ""max_new_tokens"": 128}"
bytekgwV6,5.0,0,1382,148,148,"It's not always easy to keep mentally focused during running. Focus requires discipline and a certain level of mental toughness, ","It's not always easy to keep mentally focused during running. Focus requires discipline and a certain level of mental toughness, 8. The mental aspects can be the hardest part for some runners. Here are some tips to help you stay focused during runs:
• Create mental goals: Before going for a run, set some mental goals for yourself. Maybe it's a certain distance, speed or a specific time frame. Set achievable goals for the race, 9. You can write down the goals and pin them to the place where you're running or read them before heading out.
• Stay hydrated: Dehydration can affect mental focus and reduce the body's ability to maintain mental functions. So it is essential to drink water and other fluids before the race, 2","8. The mental aspects can be the hardest part for some runners. Here are some tips to help you stay focused during runs:
• Create mental goals: Before going for a run, set some mental goals for yourself. Maybe it's a certain distance, speed or a specific time frame. Set achievable goals for the race, 9. You can write down the goals and pin them to the place where you're running or read them before heading out.
• Stay hydrated: Dehydration can affect mental focus and reduce the body's ability to maintain mental functions. So it is essential to drink water and other fluids before the race, 2","{""do_sample"": true, ""temperature"": 1.0, ""top_p"": 0.95, ""top_k"": 50, ""repetition_penalty"": 1.0, ""max_new_tokens"": 128}"
bytekgwV6,5.0,0,1384,150,150,"Amazingly, half of all Americans say they don’t care about government surveillance — and during a random sampling of people ","Amazingly, half of all Americans say they don’t care about government surveillance — and during a random sampling of people 25 and older.
For example in 2016 election in Germany, the AfD party gained 13.0% share of the vote, it was a significant growth for them from the 4.8% share in the last election.

2013 surveillance leaks revealed that the NSA was collecting and analyzing the metadata of billions of phone calls and emails. The news sparked a significant backlash against government secrecy and the NSA’s actions.
The backlash has led, for example:

* Congress passes new transparency measures, such as Section 702 of the FAA, and the USA FREEDOM Act.
* Google, Microsoft and other tech companies agree to","25 and older.
For example in 2016 election in Germany, the AfD party gained 13.0% share of the vote, it was a significant growth for them from the 4.8% share in the last election.

2013 surveillance leaks revealed that the NSA was collecting and analyzing the metadata of billions of phone calls and emails. The news sparked a significant backlash against government secrecy and the NSA’s actions.
The backlash has led, for example:

* Congress passes new transparency measures, such as Section 702 of the FAA, and the USA FREEDOM Act.
* Google, Microsoft and other tech companies agree to","{""do_sample"": true, ""temperature"": 1.0, ""top_p"": 0.95, ""top_k"": 50, ""repetition_penalty"": 1.0, ""max_new_tokens"": 128}"
bytekgwV6,5.0,0,1386,152,152,"Ubuntu 10.04 LTS Lucid Lynx is the latest Linux operating system from Canonical, aimed at consumers. It's free, but is ","Ubuntu 10.04 LTS Lucid Lynx is the latest Linux operating system from Canonical, aimed at consumers. It's free, but is 10.04 worth considering for beginners?
The beauty of Linux lies in its ability to adapt and accommodate different user needs. While Ubuntu is often recommended for beginners due to its ease-of-use and community support, I'd like to analyze whether the latest Lucid Lynx release is a suitable choice for first-timers.
Advantages and Disadvantages of Using Ubuntu 10.04 LTS Lucid Lynx
The biggest advantage of Lucid Lynx lies in its streamlined interface and improved usability compared to previous versions. While the overall experience hasn't altered much, the new 10.04 version sports a more intuitive layout and a more aest","10.04 worth considering for beginners?
The beauty of Linux lies in its ability to adapt and accommodate different user needs. While Ubuntu is often recommended for beginners due to its ease-of-use and community support, I'd like to analyze whether the latest Lucid Lynx release is a suitable choice for first-timers.
Advantages and Disadvantages of Using Ubuntu 10.04 LTS Lucid Lynx
The biggest advantage of Lucid Lynx lies in its streamlined interface and improved usability compared to previous versions. While the overall experience hasn't altered much, the new 10.04 version sports a more intuitive layout and a more aest","{""do_sample"": true, ""temperature"": 1.0, ""top_p"": 0.95, ""top_k"": 50, ""repetition_penalty"": 1.0, ""max_new_tokens"": 128}"
bytekgwV6,5.0,0,1388,154,154,"New York’s bike share really does attract way more commuters than tourists. Since its debut last year, New York City’s ","New York’s bike share really does attract way more commuters than tourists. Since its debut last year, New York City’s 24,000-bike system – sponsored by Citi and run by Velociti – has seen its ridership jump by over 40% each week, and now sees roughly 12,000 daily rides.
A new report released by the NYC Department of Transportation (DOT) looks into the demographics of those riders and finds some striking trends: While it may have seemed plausible that the bike share would mostly attract visitors or tourists, it turns out that a whopping 72% of bike share riders are, indeed, local residents – that is, people who live and work in the five boroughs. A further 12% of riders identify","24,000-bike system – sponsored by Citi and run by Velociti – has seen its ridership jump by over 40% each week, and now sees roughly 12,000 daily rides.
A new report released by the NYC Department of Transportation (DOT) looks into the demographics of those riders and finds some striking trends: While it may have seemed plausible that the bike share would mostly attract visitors or tourists, it turns out that a whopping 72% of bike share riders are, indeed, local residents – that is, people who live and work in the five boroughs. A further 12% of riders identify","{""do_sample"": true, ""temperature"": 1.0, ""top_p"": 0.95, ""top_k"": 50, ""repetition_penalty"": 1.0, ""max_new_tokens"": 128}"
bytekgwV6,5.0,0,1390,156,156,"On Jan. 15, nine of 12 members of the National Park System Advisory Board sent a letter to Interior Secretary ","On Jan. 15, nine of 12 members of the National Park System Advisory Board sent a letter to Interior Secretary  Zinke, urging him to reconsider a plan to increase fees at 17 national parks.
The move would increase costs at popular sites such as the Grand Canyon, Yosemite and Yellowstone. The advisory board argued that the fees could price-out visitors from underprivileged backgrounds and deter them from visiting the parks.
In particular, the board highlighted concerns that the increased fees might disproportionately burden visitors who come from diverse socioeconomic backgrounds. Under the plan, visitors who arrive after 5 PM or want to park their cars at certain sites would face increased fees.
The letter read:
""We appreciate Secretary Zinke's interest in improving the visitor experience at national parks, but"," Zinke, urging him to reconsider a plan to increase fees at 17 national parks.
The move would increase costs at popular sites such as the Grand Canyon, Yosemite and Yellowstone. The advisory board argued that the fees could price-out visitors from underprivileged backgrounds and deter them from visiting the parks.
In particular, the board highlighted concerns that the increased fees might disproportionately burden visitors who come from diverse socioeconomic backgrounds. Under the plan, visitors who arrive after 5 PM or want to park their cars at certain sites would face increased fees.
The letter read:
""We appreciate Secretary Zinke's interest in improving the visitor experience at national parks, but","{""do_sample"": true, ""temperature"": 1.0, ""top_p"": 0.95, ""top_k"": 50, ""repetition_penalty"": 1.0, ""max_new_tokens"": 128}"
bytekgwV6,5.0,0,1392,158,158,"October 30, 2017  Mancari offers stories of wandering and homecoming, colored by a determination to live, artistically, beyond the ","October 30, 2017  Mancari offers stories of wandering and homecoming, colored by a determination to live, artistically, beyond the 30s. Poems here explore the beauty and dis-ease of the modern world, the self, and the land. Read our review.
October 23, 2017  ""The Undocumented Americans,"" by Karla Cornejo Villav tic, is not only a remarkable debut book but also an indispensable guide to the lives and triumphs of the millions of unauthorized migrants living in the United States today.
September 12, 2017  ""The Leper & Me"" by Susan Crimmins is the story of a missionary who spends decades helping the afflicted and then goes back into the world, which he","30s. Poems here explore the beauty and dis-ease of the modern world, the self, and the land. Read our review.
October 23, 2017  ""The Undocumented Americans,"" by Karla Cornejo Villav tic, is not only a remarkable debut book but also an indispensable guide to the lives and triumphs of the millions of unauthorized migrants living in the United States today.
September 12, 2017  ""The Leper & Me"" by Susan Crimmins is the story of a missionary who spends decades helping the afflicted and then goes back into the world, which he","{""do_sample"": true, ""temperature"": 1.0, ""top_p"": 0.95, ""top_k"": 50, ""repetition_penalty"": 1.0, ""max_new_tokens"": 128}"
bytekgwV6,5.0,0,1394,160,160,"Since 2010, Microsoft has been working on a gaming display system so small that it wouldn't need to be sitting ","Since 2010, Microsoft has been working on a gaming display system so small that it wouldn't need to be sitting 8-12 feet away from the player to be enjoyed comfortably, which is essentially what their HoloLens is, but instead of projected images from the back of the head, it uses a series of micro-lights and fibers to create a 360-degree field-of-view and enable the creation of immersive displays that appear holographic. This technology could potentially be integrated into everything from TVs to smartphones.
Microsoft's new display technology is designed to be more efficient and cost effective than current augmented reality and holographic displays by eliminating the need for a large, separate display and instead using the micro-optics and fibers to create the display right on the glass","8-12 feet away from the player to be enjoyed comfortably, which is essentially what their HoloLens is, but instead of projected images from the back of the head, it uses a series of micro-lights and fibers to create a 360-degree field-of-view and enable the creation of immersive displays that appear holographic. This technology could potentially be integrated into everything from TVs to smartphones.
Microsoft's new display technology is designed to be more efficient and cost effective than current augmented reality and holographic displays by eliminating the need for a large, separate display and instead using the micro-optics and fibers to create the display right on the glass","{""do_sample"": true, ""temperature"": 1.0, ""top_p"": 0.95, ""top_k"": 50, ""repetition_penalty"": 1.0, ""max_new_tokens"": 128}"
bytekgwV6,5.0,0,1396,162,162,Dubai: The Dubai Financial Market (DFM) witnessed another round of selling on Monday as traders remained cautious ahead of a ,"Dubai: The Dubai Financial Market (DFM) witnessed another round of selling on Monday as traders remained cautious ahead of a 5-day Eid holiday that begins tomorrow.
The index slipped 1.4 per cent to end Monday's session at 1,744.45. The broader index (DMSi) lost 0.7 per cent to close at 354.94. Trading volume fell 23 per cent compared to the previous session.
The market's top losers were Emaar Properties with a 4.2 per cent drop, followed by Arabtec, Damac Properties, Union Co for Surveys, Arkan Building Materials, and UAE-based logistics firm Arval - each losing between 2-3 per cent.
Sectorally, the","5-day Eid holiday that begins tomorrow.
The index slipped 1.4 per cent to end Monday's session at 1,744.45. The broader index (DMSi) lost 0.7 per cent to close at 354.94. Trading volume fell 23 per cent compared to the previous session.
The market's top losers were Emaar Properties with a 4.2 per cent drop, followed by Arabtec, Damac Properties, Union Co for Surveys, Arkan Building Materials, and UAE-based logistics firm Arval - each losing between 2-3 per cent.
Sectorally, the","{""do_sample"": true, ""temperature"": 1.0, ""top_p"": 0.95, ""top_k"": 50, ""repetition_penalty"": 1.0, ""max_new_tokens"": 128}"
bytekgwV6,5.0,0,1398,164,164,"I didn’t notice, but I’ve been told George W, Bush delivered his latest speech smoothly, more so than most of ","I didn’t notice, but I’ve been told George W, Bush delivered his latest speech smoothly, more so than most of 10, 12, 14, maybe even all the 16 prior presidential addresses. And I didn’t notice, because it wasn’t noticeable. Well, at least it wasn’t to my trained and practiced eyes. The reason for this is I've been working on my own speech, and I think it's going to put any professional speech-giver -- and I include even the great George W.,... (read more)

• Category: personal, speechcraft
• Added: March 13, 2009

In this week, I started reading and writing a story about the art world of the 15th and 16","10, 12, 14, maybe even all the 16 prior presidential addresses. And I didn’t notice, because it wasn’t noticeable. Well, at least it wasn’t to my trained and practiced eyes. The reason for this is I've been working on my own speech, and I think it's going to put any professional speech-giver -- and I include even the great George W.,... (read more)

• Category: personal, speechcraft
• Added: March 13, 2009

In this week, I started reading and writing a story about the art world of the 15th and 16","{""do_sample"": true, ""temperature"": 1.0, ""top_p"": 0.95, ""top_k"": 50, ""repetition_penalty"": 1.0, ""max_new_tokens"": 128}"
bytekgwV6,5.0,0,1400,166,166,Seven-Year-Old Florida Boy Swallows Grill! This 7-year-old boy became the latest victim of hip-hop culture – as he was rushed ,"Seven-Year-Old Florida Boy Swallows Grill! This 7-year-old boy became the latest victim of hip-hop culture – as he was rushed  into a hospital emergency department...
This Man Spent 10 Hours In Hospital After Trying to Give His Toddler CPR He spent 10 hours in a psychiatric hospital for good reason – when he tried to...
US Mom Gives Birth While On 6th Trip to ER for Contractions – Baby is Healthy and Beautiful! She called her midwives from the hospital emergency department...
Dad Rushes Newborn Twins Home from Hospital, But Leaves 5-Minute-Old Baby On Front Porch! He thought he had saved the day with this bold move, but there were a...
7-Year-Old Florida Boy Thinks He's"," into a hospital emergency department...
This Man Spent 10 Hours In Hospital After Trying to Give His Toddler CPR He spent 10 hours in a psychiatric hospital for good reason – when he tried to...
US Mom Gives Birth While On 6th Trip to ER for Contractions – Baby is Healthy and Beautiful! She called her midwives from the hospital emergency department...
Dad Rushes Newborn Twins Home from Hospital, But Leaves 5-Minute-Old Baby On Front Porch! He thought he had saved the day with this bold move, but there were a...
7-Year-Old Florida Boy Thinks He's","{""do_sample"": true, ""temperature"": 1.0, ""top_p"": 0.95, ""top_k"": 50, ""repetition_penalty"": 1.0, ""max_new_tokens"": 128}"
bytekgwV6,5.0,0,1402,168,168,"Plan B has announced a nationwide UK tour this autumn. The rapper-turned-singer, who scored a UK Number One album with ","Plan B has announced a nationwide UK tour this autumn. The rapper-turned-singer, who scored a UK Number One album with 2008’s The Blueprint In The Mixtape, has shared a slew of new music recently, including his latest single  13 A.M.  and the critically acclaimed album, i love you, tell me why, released in July.
The 14-date tour, which includes stops in Manchester, Bristol, Leeds and Glasgow, among others, kicks off on November 25th and concludes on December 15th. Fans can expect to hear new tracks and fan favourites during the high-energy live shows.
Tickets go on sale on September 21st from 9am, with VIP packages available from the artist's website.
Plan B","2008’s The Blueprint In The Mixtape, has shared a slew of new music recently, including his latest single  13 A.M.  and the critically acclaimed album, i love you, tell me why, released in July.
The 14-date tour, which includes stops in Manchester, Bristol, Leeds and Glasgow, among others, kicks off on November 25th and concludes on December 15th. Fans can expect to hear new tracks and fan favourites during the high-energy live shows.
Tickets go on sale on September 21st from 9am, with VIP packages available from the artist's website.
Plan B","{""do_sample"": true, ""temperature"": 1.0, ""top_p"": 0.95, ""top_k"": 50, ""repetition_penalty"": 1.0, ""max_new_tokens"": 128}"
bytekgwV6,5.0,0,1404,170,170,"Do as I did, started my own business and see how much work it takes and then go from there. ","Do as I did, started my own business and see how much work it takes and then go from there.  It's not an easy task and takes dedication and hard work. But it'll pay off.  I started my own business from the bottom and now I'm repping my business out here getting booked constantly.  You gotta believe... Read more →
Hello, and Welcome. I'm your host Tanya Smith, the founder of Smith's Elite. In this video, we're going to be doing something new and special. We are launching a new series on Smith’s Elite, where we'll... Continue Reading →
Smith's Elite - Elevating the Industry One Platform at a… 0
In my past life"," It's not an easy task and takes dedication and hard work. But it'll pay off.  I started my own business from the bottom and now I'm repping my business out here getting booked constantly.  You gotta believe... Read more →
Hello, and Welcome. I'm your host Tanya Smith, the founder of Smith's Elite. In this video, we're going to be doing something new and special. We are launching a new series on Smith’s Elite, where we'll... Continue Reading →
Smith's Elite - Elevating the Industry One Platform at a… 0
In my past life","{""do_sample"": true, ""temperature"": 1.0, ""top_p"": 0.95, ""top_k"": 50, ""repetition_penalty"": 1.0, ""max_new_tokens"": 128}"
bytekgwV6,5.0,0,1406,172,172,"A large, brand-new movie studio in Palm Beach County already has a potential box-office hit. Twentieth Century Fox will film ","A large, brand-new movie studio in Palm Beach County already has a potential box-office hit. Twentieth Century Fox will film 11 episodes of the popular TV series ""Burn Notice"" here, starting next month.
The show, starring Jeffrey Donovan, Gabrielle Anwar and others, is a crime-comedy that follows the adventures of a former CIA operative turned private investigator. The series has become a staple of USA Network's summer lineup, attracting large and enthusiastic audiences.
Filming for the show is expected to run for about 100 days, creating a significant economic impact for the area, especially during the normally slow tourism summer months.
""Our goal was to attract a production of this size and stature to the Palm Beaches,"" says Rita Lewis, director of the Film and","11 episodes of the popular TV series ""Burn Notice"" here, starting next month.
The show, starring Jeffrey Donovan, Gabrielle Anwar and others, is a crime-comedy that follows the adventures of a former CIA operative turned private investigator. The series has become a staple of USA Network's summer lineup, attracting large and enthusiastic audiences.
Filming for the show is expected to run for about 100 days, creating a significant economic impact for the area, especially during the normally slow tourism summer months.
""Our goal was to attract a production of this size and stature to the Palm Beaches,"" says Rita Lewis, director of the Film and","{""do_sample"": true, ""temperature"": 1.0, ""top_p"": 0.95, ""top_k"": 50, ""repetition_penalty"": 1.0, ""max_new_tokens"": 128}"
bytekgwV6,5.0,0,1408,174,174,Bengaluru — Gold prices rose on Thursday as the growing expectation that the US Federal Reserve will pause its rate ,"Bengaluru — Gold prices rose on Thursday as the growing expectation that the US Federal Reserve will pause its rate 0.50%, but above the 2.50%, indicating that the Fed may not raise interest rates again this year.
At the MCX (Multi Commodity Exchange), gold prices rose by Rs 220, or 0.60%, to Rs 49,520 per 10 grams in the early session. The price of 24-karat gold jumped to Rs 4,850 per sovereign, while the price of 22-karat and 18-karat rose to Rs 3,910 and Rs 3,360 per sovereign, respectively.
The US Federal Reserve will hold a two-day monetary policy meeting starting on May","0.50%, but above the 2.50%, indicating that the Fed may not raise interest rates again this year.
At the MCX (Multi Commodity Exchange), gold prices rose by Rs 220, or 0.60%, to Rs 49,520 per 10 grams in the early session. The price of 24-karat gold jumped to Rs 4,850 per sovereign, while the price of 22-karat and 18-karat rose to Rs 3,910 and Rs 3,360 per sovereign, respectively.
The US Federal Reserve will hold a two-day monetary policy meeting starting on May","{""do_sample"": true, ""temperature"": 1.0, ""top_p"": 0.95, ""top_k"": 50, ""repetition_penalty"": 1.0, ""max_new_tokens"": 128}"
bytekgwV6,5.0,0,1410,176,176,"After your business is up and running, your focus naturally shifts to increasing efficiency. The small things you do to ","After your business is up and running, your focus naturally shifts to increasing efficiency. The small things you do to 8/13 in that process, however. Many small businesses rely on spreadsheets and/or software that the founder uses to manage business tasks. While this might have enough for a small operation, it's no secret it can be...
There are a variety of tasks and responsibilities that are essential for the successful operation and control of an organization, including:
1. Project Management
7. Budgeting...
... The following 15-day plan, set out below, can be used...
... To create more efficient and effective processes in the planning...
In order to help them transition the task. All it requires a slight. A software application or solution can","8/13 in that process, however. Many small businesses rely on spreadsheets and/or software that the founder uses to manage business tasks. While this might have enough for a small operation, it's no secret it can be...
There are a variety of tasks and responsibilities that are essential for the successful operation and control of an organization, including:
1. Project Management
7. Budgeting...
... The following 15-day plan, set out below, can be used...
... To create more efficient and effective processes in the planning...
In order to help them transition the task. All it requires a slight. A software application or solution can","{""do_sample"": true, ""temperature"": 1.0, ""top_p"": 0.95, ""top_k"": 50, ""repetition_penalty"": 1.0, ""max_new_tokens"": 128}"
bytekgwV6,5.0,0,1412,178,178,"(Trinidad Guardian) It has been 42 days since Gan­gad­har Hanooman, 49, has been miss­ing and rel­a­tives in re­new­ing their calls ","(Trinidad Guardian) It has been 42 days since Gan­gad­har Hanooman, 49, has been miss­ing and rel­a­tives in re­new­ing their calls  for help.
Hanooman, an Indian na­tion­al­ist and for­mer T&T Unit­ed Cabi­net min­is­ter, was last seen on Au­gust 22, when he left his Ar­ti­cles-of-In­duc­tion-In­tel­ligence (A­O­II) head of­fice at 6 am.
Rel­a­tives and col­leagues claim they be­lieve he may have been tak­ing a di­et trip to the Mo­s­toli Vil­lage Res­i­den­tial Com"," for help.
Hanooman, an Indian na­tion­al­ist and for­mer T&T Unit­ed Cabi­net min­is­ter, was last seen on Au­gust 22, when he left his Ar­ti­cles-of-In­duc­tion-In­tel­ligence (A­O­II) head of­fice at 6 am.
Rel­a­tives and col­leagues claim they be­lieve he may have been tak­ing a di­et trip to the Mo­s­toli Vil­lage Res­i­den­tial Com","{""do_sample"": true, ""temperature"": 1.0, ""top_p"": 0.95, ""top_k"": 50, ""repetition_penalty"": 1.0, ""max_new_tokens"": 128}"
bytekgwV6,5.0,0,1414,180,180,"Maureen Hancock is an internationally renowned Spirit Medium, intuitive, teacher, lecturer, Holistic Healer, and author of the bestselling book, “The ","Maureen Hancock is an internationally renowned Spirit Medium, intuitive, teacher, lecturer, Holistic Healer, and author of the bestselling book, “The 10 Laws Of Intuition.” As a charismatic and dynamic speaker, Maureen captivates audiences worldwide with her remarkable insight, compassionate nature and down-to-earth approach.
Maureen has helped countless people from around the world, connecting them with loved ones who have passed on, offering spiritual insights and solutions for life’s challenges, and empowering them to harness their inner intuition and potential. She is known for her gentle, yet direct and honest approach, which creates a safe and nurturing atmosphere for those seeking guidance.
With her warm and inviting energy, Maureen has appeared on numerous television shows, including: “CBS News,” “FOX News,” “NBC","10 Laws Of Intuition.” As a charismatic and dynamic speaker, Maureen captivates audiences worldwide with her remarkable insight, compassionate nature and down-to-earth approach.
Maureen has helped countless people from around the world, connecting them with loved ones who have passed on, offering spiritual insights and solutions for life’s challenges, and empowering them to harness their inner intuition and potential. She is known for her gentle, yet direct and honest approach, which creates a safe and nurturing atmosphere for those seeking guidance.
With her warm and inviting energy, Maureen has appeared on numerous television shows, including: “CBS News,” “FOX News,” “NBC","{""do_sample"": true, ""temperature"": 1.0, ""top_p"": 0.95, ""top_k"": 50, ""repetition_penalty"": 1.0, ""max_new_tokens"": 128}"
bytekgwV6,5.0,0,1416,182,182,"Samoas and Thin Mints and Tagalongs, oh my! It's time to celebrate those little cookies that make diets shut right ","Samoas and Thin Mints and Tagalongs, oh my! It's time to celebrate those little cookies that make diets shut right  up.
In other news, the weather forecast for today and tomorrow are... um... a mess. Let's hope the storm passes quickly and doesn't knock over my chocolate box or ruin my Girl Scout Cookie stockpile. Kidding... or am I? Priorities, people!
On a more serious note, did you hear about the new Girl Scout Cookie patch? It supports breast cancer research! Such an inspiring way for the Girl Scouts to make a difference.
Now, who's ready for a snack break? Share your favorite Girl Scout Cookie flavors or stories about why they're so special to you! Happy Cookie Day, everyone! �"," up.
In other news, the weather forecast for today and tomorrow are... um... a mess. Let's hope the storm passes quickly and doesn't knock over my chocolate box or ruin my Girl Scout Cookie stockpile. Kidding... or am I? Priorities, people!
On a more serious note, did you hear about the new Girl Scout Cookie patch? It supports breast cancer research! Such an inspiring way for the Girl Scouts to make a difference.
Now, who's ready for a snack break? Share your favorite Girl Scout Cookie flavors or stories about why they're so special to you! Happy Cookie Day, everyone! �","{""do_sample"": true, ""temperature"": 1.0, ""top_p"": 0.95, ""top_k"": 50, ""repetition_penalty"": 1.0, ""max_new_tokens"": 128}"
bytekgwV6,5.0,0,1418,184,184,"If it were ever possible to cram all the glittering boy-meets-girl, high-school-love-story stereotypes into one movie, A Cinderella Story does ","If it were ever possible to cram all the glittering boy-meets-girl, high-school-love-story stereotypes into one movie, A Cinderella Story does 95% of the job right.
This teen comedy-romance, directed by Roger Kumble (who helmed Can't Hardly Wait, I'm sure) and released in 2004, stars the then-newly-minted Hilary Duff (Lizzie McGuire) and her love-interest-turned-nemesis-turned-beaux-noir, Chad Michael Murray (One Tree Hill).
Duff plays Sam Montgomery, the sweet, cheerful, and endearingly awkward (just a bit, mind you) daughter of the world-famous fashion designer, Fergus McFangley (played by the always-generous Stanley","95% of the job right.
This teen comedy-romance, directed by Roger Kumble (who helmed Can't Hardly Wait, I'm sure) and released in 2004, stars the then-newly-minted Hilary Duff (Lizzie McGuire) and her love-interest-turned-nemesis-turned-beaux-noir, Chad Michael Murray (One Tree Hill).
Duff plays Sam Montgomery, the sweet, cheerful, and endearingly awkward (just a bit, mind you) daughter of the world-famous fashion designer, Fergus McFangley (played by the always-generous Stanley","{""do_sample"": true, ""temperature"": 1.0, ""top_p"": 0.95, ""top_k"": 50, ""repetition_penalty"": 1.0, ""max_new_tokens"": 128}"
bytekgwV6,5.0,0,1420,186,186,Readers may be familiar with the fundamental changes that took place in the Roman world as it converted from paganism ,"Readers may be familiar with the fundamental changes that took place in the Roman world as it converted from paganism  to Christianity. In the 4th-8th centuries, Christianity spread throughout the Empire, transforming the landscape and culture of the region.
In my earlier article 3 Reasons to Study the Fall of the Roman Empire (Part 1), I touched briefly on the idea of the destruction of the old and the birth of the new. Now, I'd like to delve into some of the lesser-known, yet fascinating aspects of Christianization and how it transformed the face of Roman society.

What does ""Christianization"" Mean?

Christianization refers to the process by which the Christian faith spread and eventually became the dominant religion within a particular"," to Christianity. In the 4th-8th centuries, Christianity spread throughout the Empire, transforming the landscape and culture of the region.
In my earlier article 3 Reasons to Study the Fall of the Roman Empire (Part 1), I touched briefly on the idea of the destruction of the old and the birth of the new. Now, I'd like to delve into some of the lesser-known, yet fascinating aspects of Christianization and how it transformed the face of Roman society.

What does ""Christianization"" Mean?

Christianization refers to the process by which the Christian faith spread and eventually became the dominant religion within a particular","{""do_sample"": true, ""temperature"": 1.0, ""top_p"": 0.95, ""top_k"": 50, ""repetition_penalty"": 1.0, ""max_new_tokens"": 128}"
bytekgwV6,5.0,0,1422,188,188,"A spokesman for the Red Crescent, Mahmoud al-Saadi, said Israeli forces opened fire on two young men who were traveling ","A spokesman for the Red Crescent, Mahmoud al-Saadi, said Israeli forces opened fire on two young men who were traveling 300 meters (1,000 feet) into the border, but they were able to return to the Palestinian territory.
Al-Jabari, 24, was shot in the leg and torso and died shortly after being treated at a hospital in the city of Gaza, the Gaza health ministry said.
Four other Palestinians were wounded in the clashes along the border, including three who were treated for shrapnel wounds, said the Gaza health ministry.
The Israeli military declined to immediately comment on the incident, saying only that it was investigating the matter.
Since the Gaza border has seen frequent demonstrations against Israel and the blockade that Israel has enforced on the territory","300 meters (1,000 feet) into the border, but they were able to return to the Palestinian territory.
Al-Jabari, 24, was shot in the leg and torso and died shortly after being treated at a hospital in the city of Gaza, the Gaza health ministry said.
Four other Palestinians were wounded in the clashes along the border, including three who were treated for shrapnel wounds, said the Gaza health ministry.
The Israeli military declined to immediately comment on the incident, saying only that it was investigating the matter.
Since the Gaza border has seen frequent demonstrations against Israel and the blockade that Israel has enforced on the territory","{""do_sample"": true, ""temperature"": 1.0, ""top_p"": 0.95, ""top_k"": 50, ""repetition_penalty"": 1.0, ""max_new_tokens"": 128}"
bytekgwV6,5.0,0,1424,190,190,"Can Container Store Start 2015 on a Positive Note? In 2014, it was hard to find bad-performing stocks, as the ","Can Container Store Start 2015 on a Positive Note? In 2014, it was hard to find bad-performing stocks, as the 7th year of the longest equity... 13 Feb 15, 15:45 GMT Can Container Store Start 2015 on a Positive Note?
A Tale of Two Charts - Why This Retailer May Continue to Underperform Despite a Strong Fundamentals in the retail world, few names can rival The Container... 18 Feb 13, 16:00 GMT A Tale of Two Charts - Why This Retailer May Continue to Underperform
Etsy's IPO: Will This Online Artisanal Marketplace Shine? As the latest tech unicorn to jump into public markets, Etsy (ETSY), an e-commerce platform focused... 22","7th year of the longest equity... 13 Feb 15, 15:45 GMT Can Container Store Start 2015 on a Positive Note?
A Tale of Two Charts - Why This Retailer May Continue to Underperform Despite a Strong Fundamentals in the retail world, few names can rival The Container... 18 Feb 13, 16:00 GMT A Tale of Two Charts - Why This Retailer May Continue to Underperform
Etsy's IPO: Will This Online Artisanal Marketplace Shine? As the latest tech unicorn to jump into public markets, Etsy (ETSY), an e-commerce platform focused... 22","{""do_sample"": true, ""temperature"": 1.0, ""top_p"": 0.95, ""top_k"": 50, ""repetition_penalty"": 1.0, ""max_new_tokens"": 128}"
bytekgwV6,5.0,0,1426,192,192,Packed WonderCon panel brings out stars and exclusive sneak peeks. Footage shown at WonderCon reveals what iconic monster looks like ,"Packed WonderCon panel brings out stars and exclusive sneak peeks. Footage shown at WonderCon reveals what iconic monster looks like 30+ years into the future
San Diego, CA – (November 12, 2020) IDW Publishing, the renowned publisher of popular comic book series and franchises, and Warner Bros. Television and Warner Digital Networks, the legendary purveyors of iconic entertainment properties, today announced the launch of a new comic book series inspired by the popular television series and animated shorts, Creature Comforts.
The new series, “Gordon and the Creature Comforts Team: Monsters of the Future,” follows the adventures of Gordon (played by Rob Brydon), his zookeeper assistant, Harry, and their team, along with the creature, David","30+ years into the future
San Diego, CA – (November 12, 2020) IDW Publishing, the renowned publisher of popular comic book series and franchises, and Warner Bros. Television and Warner Digital Networks, the legendary purveyors of iconic entertainment properties, today announced the launch of a new comic book series inspired by the popular television series and animated shorts, Creature Comforts.
The new series, “Gordon and the Creature Comforts Team: Monsters of the Future,” follows the adventures of Gordon (played by Rob Brydon), his zookeeper assistant, Harry, and their team, along with the creature, David","{""do_sample"": true, ""temperature"": 1.0, ""top_p"": 0.95, ""top_k"": 50, ""repetition_penalty"": 1.0, ""max_new_tokens"": 128}"
bytekgwV6,5.0,0,1428,194,194,10 diversity items for June 29: Unemployment up in most U.S. cities; Pew report shows diversity of U.S. Hispanics and ,"10 diversity items for June 29: Unemployment up in most U.S. cities; Pew report shows diversity of U.S. Hispanics and 9 other top stories for the diversity market
In addition to our weekly articles and news briefs, we'll be publishing 10 diversity items every Monday to cover a range of topics that impact and interest our readers. Here's the latest:
**Unemployment rates rise in most major U.S. cities**: Unemployment rates rose from April to May in 95% of the 372 metropolitan areas the Labor Department surveyed. (Source: Reuters)
**Pew Research report shows the diversity of the U.S. Hispanic population**: Hispanics are increasingly immigrant, Asian and foreign-born, and more diverse, according to the report, which highlights changing demographics","9 other top stories for the diversity market
In addition to our weekly articles and news briefs, we'll be publishing 10 diversity items every Monday to cover a range of topics that impact and interest our readers. Here's the latest:
**Unemployment rates rise in most major U.S. cities**: Unemployment rates rose from April to May in 95% of the 372 metropolitan areas the Labor Department surveyed. (Source: Reuters)
**Pew Research report shows the diversity of the U.S. Hispanic population**: Hispanics are increasingly immigrant, Asian and foreign-born, and more diverse, according to the report, which highlights changing demographics","{""do_sample"": true, ""temperature"": 1.0, ""top_p"": 0.95, ""top_k"": 50, ""repetition_penalty"": 1.0, ""max_new_tokens"": 128}"
bytekgwV6,5.0,0,1430,196,196,"Urban, born Jacques Pantaléon in Troyes c. 1200, was elected to the papacy in 1261. He studied canon law at ","Urban, born Jacques Pantaléon in Troyes c. 1200, was elected to the papacy in 1261. He studied canon law at 12 and later became the master general of the Dominican Order.
As papal librarian and then cardinal, Urban worked on reform issues, particularly curbing the abuses of the nobility. His experience gave him deep knowledge of the Church and the problems it faced. With reform at heart, he convened a general council in Lyon.
Urban's main concerns as pope: (1) to reform the Catholic church; (2) the crusades; (3) the spread of heresy; and (4) the power of the nobility.
Key points about Urban IV's pontificate (1261-1269): 
1. Convening","12 and later became the master general of the Dominican Order.
As papal librarian and then cardinal, Urban worked on reform issues, particularly curbing the abuses of the nobility. His experience gave him deep knowledge of the Church and the problems it faced. With reform at heart, he convened a general council in Lyon.
Urban's main concerns as pope: (1) to reform the Catholic church; (2) the crusades; (3) the spread of heresy; and (4) the power of the nobility.
Key points about Urban IV's pontificate (1261-1269): 
1. Convening","{""do_sample"": true, ""temperature"": 1.0, ""top_p"": 0.95, ""top_k"": 50, ""repetition_penalty"": 1.0, ""max_new_tokens"": 128}"
bytekgwV6,5.0,0,1432,198,198,"AMC Networks Earnings Beat Estimates, CEO Says 'Walking Dead' Franchise ""Will Have a Long Life"" AMC Networks on Thursday reported ","AMC Networks Earnings Beat Estimates, CEO Says 'Walking Dead' Franchise ""Will Have a Long Life"" AMC Networks on Thursday reported 2023 third-quarter earnings that topped analysts’ expectations. Revenue increased 14% year over year to $843 million due largely to the success of the company...
Pepco Reports 4th Straight Year of Earnings Growth Pepco Holdings Inc. reported a 12.5% increase in 2020 earnings to $1.23 billion or $3.03 per share, marking the company's 10th year in a row with earnings gains. (Source:...
Priced in Your Currency, 10-Year Treasury Yields Are Now Higher Than in 1999 The 10-Year Treasury yield in the US, which","2023 third-quarter earnings that topped analysts’ expectations. Revenue increased 14% year over year to $843 million due largely to the success of the company...
Pepco Reports 4th Straight Year of Earnings Growth Pepco Holdings Inc. reported a 12.5% increase in 2020 earnings to $1.23 billion or $3.03 per share, marking the company's 10th year in a row with earnings gains. (Source:...
Priced in Your Currency, 10-Year Treasury Yields Are Now Higher Than in 1999 The 10-Year Treasury yield in the US, which","{""do_sample"": true, ""temperature"": 1.0, ""top_p"": 0.95, ""top_k"": 50, ""repetition_penalty"": 1.0, ""max_new_tokens"": 128}"
