algo,delta,device,seed,prompt_index,prompt_id,prompt_text,full_text,continuation_text,gen_params_json
hf.generate,0,0,1234,0,0,"After the martyrdom of St. Boniface, Vergilius was made Bishop of Salzburg (766 or 767) and laboured successfully for the ","After the martyrdom of St. Boniface, Vergilius was made Bishop of Salzburg (766 or 767) and laboured successfully for the 17th of September 15th, to 10th day after Easter, but the date of his death is not certain. The life of St. Vergilius in Böcking's ""Geschichte des Bistums Salzburg"" (1857) is a useful and trustworthy work. St. Vergilius was succeeded by Tassilo I, who governed the see of Salzburg from 785 to 794. Tassilo was a descendant of the Bavarian royal family and was a patron of St. Rupert and St. Virgil. He was also a friend of Charlemagne and participated in the","17th of September 15th, to 10th day after Easter, but the date of his death is not certain. The life of St. Vergilius in Böcking's ""Geschichte des Bistums Salzburg"" (1857) is a useful and trustworthy work. St. Vergilius was succeeded by Tassilo I, who governed the see of Salzburg from 785 to 794. Tassilo was a descendant of the Bavarian royal family and was a patron of St. Rupert and St. Virgil. He was also a friend of Charlemagne and participated in the","{""do_sample"": true, ""temperature"": 1.0, ""top_p"": 0.95, ""top_k"": 50, ""repetition_penalty"": 1.0, ""max_new_tokens"": 128}"
hf.generate,0,0,1236,2,2,"8i announced today it has launched a web player, the 8i Portal, for its volumetric 3D video of people in ","8i announced today it has launched a web player, the 8i Portal, for its volumetric 3D video of people in 3D space. With the new 8i Portal, viewers can watch and interact with volumetric 3D video content in a web browser, no special hardware or software required.

The 8i Portal allows users to view and interact with 8i's volumetric 3D video content, including live events, interviews, and educational content. The portal is compatible with a wide range of devices and browsers, including desktop computers, laptops, tablets, and smartphones.

""We are excited to bring our immersive volumetric 3D video to the masses with the launch of the 8i Portal,"" said 8i CEO, Andrew","3D space. With the new 8i Portal, viewers can watch and interact with volumetric 3D video content in a web browser, no special hardware or software required.

The 8i Portal allows users to view and interact with 8i's volumetric 3D video content, including live events, interviews, and educational content. The portal is compatible with a wide range of devices and browsers, including desktop computers, laptops, tablets, and smartphones.

""We are excited to bring our immersive volumetric 3D video to the masses with the launch of the 8i Portal,"" said 8i CEO, Andrew","{""do_sample"": true, ""temperature"": 1.0, ""top_p"": 0.95, ""top_k"": 50, ""repetition_penalty"": 1.0, ""max_new_tokens"": 128}"
hf.generate,0,0,1238,4,4,"Karl Kispert, principal of cyber and information security, has more than 28 years of experience in selling, managing and delivering ","Karl Kispert, principal of cyber and information security, has more than 28 years of experience in selling, managing and delivering  IT security solutions for Fortune 500 companies, startups and government agencies. Prior to joining the firm, Kispert was a managing director at KPMG, where he led the U.S. IT Advisory Cybersecurity practice and served as a national thought leader on cyber security matters. Before KPMG, Kispert was the CISO at Raytheon Company, responsible for global information security strategy, risk management and compliance. He also held various leadership roles at Lockheed Martin, Booz Allen Hamilton, and the U.S. Air Force. Kispert holds a master’s degree in Business Administration from the University of Virginia and a bachelor’s"," IT security solutions for Fortune 500 companies, startups and government agencies. Prior to joining the firm, Kispert was a managing director at KPMG, where he led the U.S. IT Advisory Cybersecurity practice and served as a national thought leader on cyber security matters. Before KPMG, Kispert was the CISO at Raytheon Company, responsible for global information security strategy, risk management and compliance. He also held various leadership roles at Lockheed Martin, Booz Allen Hamilton, and the U.S. Air Force. Kispert holds a master’s degree in Business Administration from the University of Virginia and a bachelor’s","{""do_sample"": true, ""temperature"": 1.0, ""top_p"": 0.95, ""top_k"": 50, ""repetition_penalty"": 1.0, ""max_new_tokens"": 128}"
hf.generate,0,0,1240,6,6,"Shania Twain expected to break the charts with new album NOW! Even after a 15-year hiatus, she’s still the one! ","Shania Twain expected to break the charts with new album NOW! Even after a 15-year hiatus, she’s still the one! 6
Shania Twain expected to break the charts with new album NOW! Even after a 15-year hiatus, she’s still the one! 6
Shania Twain expected to break the charts with new album NOW! Even after a 15-year hiatus, she’s still the one! 6
Shania Twain is ready to reclaim her throne as the Queen of Country Pop with her highly anticipated new album NOW, dropping on August 28, 2020. After a 15-year hiatus, the world is eager to see what the music icon has in store for us. With a new album and a world","6
Shania Twain expected to break the charts with new album NOW! Even after a 15-year hiatus, she’s still the one! 6
Shania Twain expected to break the charts with new album NOW! Even after a 15-year hiatus, she’s still the one! 6
Shania Twain is ready to reclaim her throne as the Queen of Country Pop with her highly anticipated new album NOW, dropping on August 28, 2020. After a 15-year hiatus, the world is eager to see what the music icon has in store for us. With a new album and a world","{""do_sample"": true, ""temperature"": 1.0, ""top_p"": 0.95, ""top_k"": 50, ""repetition_penalty"": 1.0, ""max_new_tokens"": 128}"
hf.generate,0,0,1242,8,8,A blind man in his 60s is searching for the young man who pulled him back from an approaching train ,"A blind man in his 60s is searching for the young man who pulled him back from an approaching train 20 years ago. He believes this young man saved his life. He sets out on a journey to find him, driven by his gratitude and the need for closure.
A visually impaired man, who has been searching for the young man who saved his life 20 years ago, sets out on a journey to find him. The young man had pulled him off the train tracks just in time, and the blind man wants to thank him and learn more about him.
A visually impaired man, who has been searching for the young man who saved his life 20 years ago, sets out on a journey to find him. The young man had pulled","20 years ago. He believes this young man saved his life. He sets out on a journey to find him, driven by his gratitude and the need for closure.
A visually impaired man, who has been searching for the young man who saved his life 20 years ago, sets out on a journey to find him. The young man had pulled him off the train tracks just in time, and the blind man wants to thank him and learn more about him.
A visually impaired man, who has been searching for the young man who saved his life 20 years ago, sets out on a journey to find him. The young man had pulled","{""do_sample"": true, ""temperature"": 1.0, ""top_p"": 0.95, ""top_k"": 50, ""repetition_penalty"": 1.0, ""max_new_tokens"": 128}"
hf.generate,0,0,1244,10,10,This month some important Walmart news did not get the attention it deserved. The news wasn't some flashy announcement about ,"This month some important Walmart news did not get the attention it deserved. The news wasn't some flashy announcement about 1-day shipping or a new product line. Instead, it was about Walmart's continued commitment to creating jobs and opportunities for its associates.
Walmart announced that it has increased its minimum wage for hourly employees to $12 an hour. This is a significant increase, especially considering that the federal minimum wage in the United States is still just $7.25 an hour. In addition to the minimum wage increase, Walmart also announced that it will provide a one-time bonus of up to $1,000 to its hourly associates who have been with the company for at least 91 days.
These moves are significant because they demonstrate Walmart's commitment to its","1-day shipping or a new product line. Instead, it was about Walmart's continued commitment to creating jobs and opportunities for its associates.
Walmart announced that it has increased its minimum wage for hourly employees to $12 an hour. This is a significant increase, especially considering that the federal minimum wage in the United States is still just $7.25 an hour. In addition to the minimum wage increase, Walmart also announced that it will provide a one-time bonus of up to $1,000 to its hourly associates who have been with the company for at least 91 days.
These moves are significant because they demonstrate Walmart's commitment to its","{""do_sample"": true, ""temperature"": 1.0, ""top_p"": 0.95, ""top_k"": 50, ""repetition_penalty"": 1.0, ""max_new_tokens"": 128}"
hf.generate,0,0,1246,12,12,The Linux kernel now includes everything that is needed to use 3D acceleration with all GeForce graphics chips. Drivers have ,"The Linux kernel now includes everything that is needed to use 3D acceleration with all GeForce graphics chips. Drivers have 3D acceleration. I installed the Nvidia drivers to the 3D acceleration, but no matter what I do, I can’t get 3D acceleration working on my Debian Jessie system.
I followed the instructions on the Nvidia website, installing the 355.11 driver, but after the installation, I did not have any acceleration or rendering in any 3D application.
To check if 3D acceleration is working, you can run the command `glxinfo | grep rendering` and `glxinfo | grep direct`. The output should be something like:
```
direct rendering: Yes
```
If the output is `","3D acceleration. I installed the Nvidia drivers to the 3D acceleration, but no matter what I do, I can’t get 3D acceleration working on my Debian Jessie system.
I followed the instructions on the Nvidia website, installing the 355.11 driver, but after the installation, I did not have any acceleration or rendering in any 3D application.
To check if 3D acceleration is working, you can run the command `glxinfo | grep rendering` and `glxinfo | grep direct`. The output should be something like:
```
direct rendering: Yes
```
If the output is `","{""do_sample"": true, ""temperature"": 1.0, ""top_p"": 0.95, ""top_k"": 50, ""repetition_penalty"": 1.0, ""max_new_tokens"": 128}"
hf.generate,0,0,1248,14,14,Last summer I took a cross-country road trip with a group of people driving different types of electric vehicles. It ,"Last summer I took a cross-country road trip with a group of people driving different types of electric vehicles. It 2019 I drove a Tesla Model 3 from California to New York City, where I met up with a friend who was driving a Nissan Leaf. Together we drove up the East Coast, visiting several charging stations and comparing notes on our experiences with the cars.

We started the trip with a full charge in California, but as we drove further east, we began to notice that charging stations were fewer and farther between. Some of the stations we encountered were in rough shape, with broken or missing charging equipment. Others required specific types of charging cables or adapters that we didn’t have.

Despite these challenges, our cars held up well and we were","2019 I drove a Tesla Model 3 from California to New York City, where I met up with a friend who was driving a Nissan Leaf. Together we drove up the East Coast, visiting several charging stations and comparing notes on our experiences with the cars.

We started the trip with a full charge in California, but as we drove further east, we began to notice that charging stations were fewer and farther between. Some of the stations we encountered were in rough shape, with broken or missing charging equipment. Others required specific types of charging cables or adapters that we didn’t have.

Despite these challenges, our cars held up well and we were","{""do_sample"": true, ""temperature"": 1.0, ""top_p"": 0.95, ""top_k"": 50, ""repetition_penalty"": 1.0, ""max_new_tokens"": 128}"
hf.generate,0,0,1250,16,16,"According to Variety, one of the movies about the 1973 tennis match between Billie Jean King and Bobby Riggs is ","According to Variety, one of the movies about the 1973 tennis match between Billie Jean King and Bobby Riggs is 55 Minutes to Impact. The film stars Emma Stone as King and Steve Carell as Riggs. The film is being directed by Jonathan Dayton and Valerie Faris, who directed Little Miss Sunshine and The Biggest Little Farm.
The movie is based on the true story of the famous tennis match, which was played on September 20, 1973, at the Houston Astrodome. The match was seen as a symbol of the women's liberation movement, with King representing the strength and abilities of women and Riggs, a former tennis champion, representing the societal attitudes towards women's roles in sports.
The movie is expected to delve into the","55 Minutes to Impact. The film stars Emma Stone as King and Steve Carell as Riggs. The film is being directed by Jonathan Dayton and Valerie Faris, who directed Little Miss Sunshine and The Biggest Little Farm.
The movie is based on the true story of the famous tennis match, which was played on September 20, 1973, at the Houston Astrodome. The match was seen as a symbol of the women's liberation movement, with King representing the strength and abilities of women and Riggs, a former tennis champion, representing the societal attitudes towards women's roles in sports.
The movie is expected to delve into the","{""do_sample"": true, ""temperature"": 1.0, ""top_p"": 0.95, ""top_k"": 50, ""repetition_penalty"": 1.0, ""max_new_tokens"": 128}"
hf.generate,0,0,1252,18,18,"Politico, which broke the PR story, reports, “The group circulated a memo to reporters and producers late Monday that discouraged ","Politico, which broke the PR story, reports, “The group circulated a memo to reporters and producers late Monday that discouraged 14 prominent lawmakers, including Democrats and Republicans, from speaking with news outlets because they were ‘high-risk’ targets for Chinese espionage.” The memo, which was obtained by POLITICO, noted that the lawmakers in question were “targets for recruitment by Chinese intelligence agents” and that speaking with them could “risk compromising national security.”
The memo was reportedly circulated by the Chinese-American Community Center, a non-profit organization that claims to promote cultural exchange and understanding between China and the United States. The group, which is not affiliated with the Chinese government, claims to have received threats from Chinese intelligence agents and is seeking to protect its members and their families from “target","14 prominent lawmakers, including Democrats and Republicans, from speaking with news outlets because they were ‘high-risk’ targets for Chinese espionage.” The memo, which was obtained by POLITICO, noted that the lawmakers in question were “targets for recruitment by Chinese intelligence agents” and that speaking with them could “risk compromising national security.”
The memo was reportedly circulated by the Chinese-American Community Center, a non-profit organization that claims to promote cultural exchange and understanding between China and the United States. The group, which is not affiliated with the Chinese government, claims to have received threats from Chinese intelligence agents and is seeking to protect its members and their families from “target","{""do_sample"": true, ""temperature"": 1.0, ""top_p"": 0.95, ""top_k"": 50, ""repetition_penalty"": 1.0, ""max_new_tokens"": 128}"
hf.generate,0,0,1254,20,20,MAMADOU SAKHO remains unavailable for selection for Liverpool's Europa League semi-final first leg clash with Villarreal in Spain on Thursday ,"MAMADOU SAKHO remains unavailable for selection for Liverpool's Europa League semi-final first leg clash with Villarreal in Spain on Thursday 28th April.
The French international defender picked up a severe thigh injury in the Merseyside derby against Everton on March 28th and has been sidelined ever since.
Liverpool manager Brendan Rodgers has also confirmed that midfielder Lucas Leiva will miss the Europa League tie with Villarreal due to a hamstring injury.
On the positive side, Rodgers has revealed that captain Jordan Henderson is set to make his return to action after missing several matches with a hamstring problem.
""The players who are missing are Sakho, who has a thigh injury, and Lucas, who has a hamstring injury,"" Rodgers told the Liverpool Echo.
""Jordan Henderson has been back in","28th April.
The French international defender picked up a severe thigh injury in the Merseyside derby against Everton on March 28th and has been sidelined ever since.
Liverpool manager Brendan Rodgers has also confirmed that midfielder Lucas Leiva will miss the Europa League tie with Villarreal due to a hamstring injury.
On the positive side, Rodgers has revealed that captain Jordan Henderson is set to make his return to action after missing several matches with a hamstring problem.
""The players who are missing are Sakho, who has a thigh injury, and Lucas, who has a hamstring injury,"" Rodgers told the Liverpool Echo.
""Jordan Henderson has been back in","{""do_sample"": true, ""temperature"": 1.0, ""top_p"": 0.95, ""top_k"": 50, ""repetition_penalty"": 1.0, ""max_new_tokens"": 128}"
hf.generate,0,0,1256,22,22,"MK Moshe Feiglin in a Knesset committee meeting, next to MK Ahmad Tibi, in 2014. It appears Feiglin is on ","MK Moshe Feiglin in a Knesset committee meeting, next to MK Ahmad Tibi, in 2014. It appears Feiglin is on  the left side of Tibi.
On Monday, the Israeli parliament, the Knesset, voted to ban MK Moshe Feiglin, an Israeli politician from the Jewish Home party, from visiting the Temple Mount, also known as the Haram al-Sharif, in Jerusalem. The ban was passed after Feiglin had repeatedly made controversial statements about the site and its significance in Jewish tradition.
The vote was held in response to a complaint filed by MK Ahmad Tibi, a Palestinian Arab-Israeli politician from the Ta'al party, who accused Feiglin of “incitement to violence” and “endangering the"," the left side of Tibi.
On Monday, the Israeli parliament, the Knesset, voted to ban MK Moshe Feiglin, an Israeli politician from the Jewish Home party, from visiting the Temple Mount, also known as the Haram al-Sharif, in Jerusalem. The ban was passed after Feiglin had repeatedly made controversial statements about the site and its significance in Jewish tradition.
The vote was held in response to a complaint filed by MK Ahmad Tibi, a Palestinian Arab-Israeli politician from the Ta'al party, who accused Feiglin of “incitement to violence” and “endangering the","{""do_sample"": true, ""temperature"": 1.0, ""top_p"": 0.95, ""top_k"": 50, ""repetition_penalty"": 1.0, ""max_new_tokens"": 128}"
hf.generate,0,0,1258,24,24,"What’s the news? A couple of weeks ago, Instagram promised you’d be able to download your data from its servers. ","What’s the news? A couple of weeks ago, Instagram promised you’d be able to download your data from its servers. 2 days ago, Facebook launched a new app called “Facebook Portal” – a smart display screen with cameras and a microphone, aiming to be a central hub for video calls and home automation.
What does it mean for you? You can finally download your Instagram data, which includes posts, stories, profile information, and more! That’s a big step towards more transparency and control over your online activities.
Facebook Portal, on the other hand, is an interesting new product that aims to make video calls and home automation more accessible. The question is, will users trust Facebook enough to bring its smart display screen into their homes, given the company’s","2 days ago, Facebook launched a new app called “Facebook Portal” – a smart display screen with cameras and a microphone, aiming to be a central hub for video calls and home automation.
What does it mean for you? You can finally download your Instagram data, which includes posts, stories, profile information, and more! That’s a big step towards more transparency and control over your online activities.
Facebook Portal, on the other hand, is an interesting new product that aims to make video calls and home automation more accessible. The question is, will users trust Facebook enough to bring its smart display screen into their homes, given the company’s","{""do_sample"": true, ""temperature"": 1.0, ""top_p"": 0.95, ""top_k"": 50, ""repetition_penalty"": 1.0, ""max_new_tokens"": 128}"
hf.generate,0,0,1260,26,26,"So you might ask yourself, “What is going on?” How can things be so bad that educators feel the need ","So you might ask yourself, “What is going on?” How can things be so bad that educators feel the need  to leave the profession? In this article, I will explore some reasons why educators are feeling overwhelmed, frustrated, and unappreciated, and why we need to start addressing these issues if we want to retain our educators and provide the best possible education for our students.

### Lack of Resources and Support

One of the main reasons why educators are leaving the profession is the lack of resources and support. In many schools, educators are expected to do more with less. They are expected to teach multiple subjects, handle large class sizes, and manage discipline issues with limited assistance from administrators or support staff. This can be overwhelming and demoralizing"," to leave the profession? In this article, I will explore some reasons why educators are feeling overwhelmed, frustrated, and unappreciated, and why we need to start addressing these issues if we want to retain our educators and provide the best possible education for our students.

### Lack of Resources and Support

One of the main reasons why educators are leaving the profession is the lack of resources and support. In many schools, educators are expected to do more with less. They are expected to teach multiple subjects, handle large class sizes, and manage discipline issues with limited assistance from administrators or support staff. This can be overwhelming and demoralizing","{""do_sample"": true, ""temperature"": 1.0, ""top_p"": 0.95, ""top_k"": 50, ""repetition_penalty"": 1.0, ""max_new_tokens"": 128}"
hf.generate,0,0,1262,28,28,Come test your luck on the best slot machine app in the app store. Great graphics make this app so ,"Come test your luck on the best slot machine app in the app store. Great graphics make this app so 4/5(43). Download Slotomania Slots for Android or iOS device and enjoy the best slots game experience. Play for fun, win big, and have a great time! Slotomania Slots: The Best Slot Machine App - Play Now!
The best free slot machine games to play online or on your mobile device! The best slot machine games are now at your fingertips! Slotomania Slots is the most popular slots game on the App Store! The Best Slot Machine App - Play Now!
Slotomania Slots is the best free slots game for Android or iOS devices. With thousands of slots games and numerous tournaments, there's","4/5(43). Download Slotomania Slots for Android or iOS device and enjoy the best slots game experience. Play for fun, win big, and have a great time! Slotomania Slots: The Best Slot Machine App - Play Now!
The best free slot machine games to play online or on your mobile device! The best slot machine games are now at your fingertips! Slotomania Slots is the most popular slots game on the App Store! The Best Slot Machine App - Play Now!
Slotomania Slots is the best free slots game for Android or iOS devices. With thousands of slots games and numerous tournaments, there's","{""do_sample"": true, ""temperature"": 1.0, ""top_p"": 0.95, ""top_k"": 50, ""repetition_penalty"": 1.0, ""max_new_tokens"": 128}"
hf.generate,0,0,1264,30,30,"(HOST) As the season for summer blockbuster movies about super heroes and rings of power approaches, commentator Willem Lange is ","(HOST) As the season for summer blockbuster movies about super heroes and rings of power approaches, commentator Willem Lange is  thinking about the best of the best - movies about the past.
(W. LANGE) Ah, history! The best movie about it, in my opinion, is ""Schindler's List"". Directed by Steven Spielberg, this powerful film tells the true story of Oskar Schindler, a German industrialist who saves the lives of 1,200 Jews during the Holocaust. Liam Neeson, Ben Kingsley, and Ralph Fiennes deliver stunning performances, but it's the story itself that makes this movie unforgettable.

Another classic about history is ""Patton"". This 1970 film stars George C. Scott as the"," thinking about the best of the best - movies about the past.
(W. LANGE) Ah, history! The best movie about it, in my opinion, is ""Schindler's List"". Directed by Steven Spielberg, this powerful film tells the true story of Oskar Schindler, a German industrialist who saves the lives of 1,200 Jews during the Holocaust. Liam Neeson, Ben Kingsley, and Ralph Fiennes deliver stunning performances, but it's the story itself that makes this movie unforgettable.

Another classic about history is ""Patton"". This 1970 film stars George C. Scott as the","{""do_sample"": true, ""temperature"": 1.0, ""top_p"": 0.95, ""top_k"": 50, ""repetition_penalty"": 1.0, ""max_new_tokens"": 128}"
hf.generate,0,0,1266,32,32,"numerous aunts, uncles and cousins. She attended Shanksville Stonycreek High School and was a member of St. Paul's Lutheran Church, ","numerous aunts, uncles and cousins. She attended Shanksville Stonycreek High School and was a member of St. Paul's Lutheran Church, 1015 N. Broad St., Somerset, PA 15501.
Janet was a loving mother, sister, aunt and friend. She will be deeply missed by all who knew her.
Surviving in addition to her mother, are her children, Jeremy L. Saylor and his wife, Erin, of Somerset; and Amanda S. and husband, Adam R. Miller, of Meyersdale; sister, Karen S. (Saylor) and husband, Randy L. Basinger, of Somerset; three grandchildren, Jaxon, Jaiden and Julia; and numerous aunts, uncles, and cousins.
In addition","1015 N. Broad St., Somerset, PA 15501.
Janet was a loving mother, sister, aunt and friend. She will be deeply missed by all who knew her.
Surviving in addition to her mother, are her children, Jeremy L. Saylor and his wife, Erin, of Somerset; and Amanda S. and husband, Adam R. Miller, of Meyersdale; sister, Karen S. (Saylor) and husband, Randy L. Basinger, of Somerset; three grandchildren, Jaxon, Jaiden and Julia; and numerous aunts, uncles, and cousins.
In addition","{""do_sample"": true, ""temperature"": 1.0, ""top_p"": 0.95, ""top_k"": 50, ""repetition_penalty"": 1.0, ""max_new_tokens"": 128}"
hf.generate,0,0,1268,34,34,"No, Trump can’t pardon himself. The Constitution tells us so. Correction: An earlier version of this op-ed misspelled the name ","No, Trump can’t pardon himself. The Constitution tells us so. Correction: An earlier version of this op-ed misspelled the name 14
No, Trump can’t pardon himself. The Constitution tells us so.
Correction: An earlier version of this op-ed misspelled the name ""Justice Robert Jackson.""
As President Trump faces scrutiny over possible obstruction of justice, his lawyers have suggested that he might use his presidential powers to pardon himself. But this claim is baseless, and the U.S. Constitution makes it clear that a president cannot pardon himself.

Article II, Section 2 of the Constitution states that the president ""shall have Power to grant Reprieves and Pardons for Offences against the United States, except in Cases of Impeachment."" This provision","14
No, Trump can’t pardon himself. The Constitution tells us so.
Correction: An earlier version of this op-ed misspelled the name ""Justice Robert Jackson.""
As President Trump faces scrutiny over possible obstruction of justice, his lawyers have suggested that he might use his presidential powers to pardon himself. But this claim is baseless, and the U.S. Constitution makes it clear that a president cannot pardon himself.

Article II, Section 2 of the Constitution states that the president ""shall have Power to grant Reprieves and Pardons for Offences against the United States, except in Cases of Impeachment."" This provision","{""do_sample"": true, ""temperature"": 1.0, ""top_p"": 0.95, ""top_k"": 50, ""repetition_penalty"": 1.0, ""max_new_tokens"": 128}"
hf.generate,0,0,1270,36,36,Jerry Springer says he is still deciding whether he will run for Ohio governor in 2018. Speculation around Springer’s potential ,"Jerry Springer says he is still deciding whether he will run for Ohio governor in 2018. Speculation around Springer’s potential 2018 gubernatorial bid began last week after a video surfaced showing him discussing the possibility of running with a potential campaign message that emphasized his celebrity status and outsider perspective. While Springer has not yet officially announced his candidacy, he has been dropping hints about his potential run through a series of media appearances and interviews. In an interview with the Columbus Dispatch published earlier this week, Springer said he is “thinking about it” and is currently weighing the pros and cons of running. “I’m not sure yet,” Springer told the Dispatch. “I have a lot of things going through my mind. I have a lot of people telling me to run,","2018 gubernatorial bid began last week after a video surfaced showing him discussing the possibility of running with a potential campaign message that emphasized his celebrity status and outsider perspective. While Springer has not yet officially announced his candidacy, he has been dropping hints about his potential run through a series of media appearances and interviews. In an interview with the Columbus Dispatch published earlier this week, Springer said he is “thinking about it” and is currently weighing the pros and cons of running. “I’m not sure yet,” Springer told the Dispatch. “I have a lot of things going through my mind. I have a lot of people telling me to run,","{""do_sample"": true, ""temperature"": 1.0, ""top_p"": 0.95, ""top_k"": 50, ""repetition_penalty"": 1.0, ""max_new_tokens"": 128}"
hf.generate,0,0,1272,38,38,"This mildly racy spot introduces us to the character of the brown M&M, who only looks like she’s not wearing ","This mildly racy spot introduces us to the character of the brown M&M, who only looks like she’s not wearing 50 pounds of clothes. She says she “loves to get dressed up” but isn’t afraid to show a little skin (or rather, a little fur).
The ad for the candy bar goes a bit over the top, with the M&M saying she “can’t wait to get undressed” and a shot of her ripping off her clothes, only to reveal she’s still wearing her signature brown color. It’s all played for laughs and is meant to be a bit cheeky, but we suppose some viewers might find it a bit off-color. (Or should we say, off-brown?) [NSFW] (Video","50 pounds of clothes. She says she “loves to get dressed up” but isn’t afraid to show a little skin (or rather, a little fur).
The ad for the candy bar goes a bit over the top, with the M&M saying she “can’t wait to get undressed” and a shot of her ripping off her clothes, only to reveal she’s still wearing her signature brown color. It’s all played for laughs and is meant to be a bit cheeky, but we suppose some viewers might find it a bit off-color. (Or should we say, off-brown?) [NSFW] (Video","{""do_sample"": true, ""temperature"": 1.0, ""top_p"": 0.95, ""top_k"": 50, ""repetition_penalty"": 1.0, ""max_new_tokens"": 128}"
hf.generate,0,0,1274,40,40,"Located near all that the Catskills has to offer! Close to Hunter Mountain, Wyndham, state land, antiquing and many other ","Located near all that the Catskills has to offer! Close to Hunter Mountain, Wyndham, state land, antiquing and many other 4 season activities!
The property offers a beautiful private setting surrounded by trees and a babbling brook. The camp has a large stone fireplace, and a wood-burning stove to keep you cozy on chilly evenings. The kitchen is fully equipped with modern appliances and plenty of cabinet space.
The master bedroom has a comfortable king-sized bed, large windows and a private bath with a tub/shower combo. The second bedroom has a comfortable queen-sized bed and plenty of closet space. There is also a loft area with two twin beds, perfect for kids or extra guests.
The camp has a large screened-in porch, perfect for dining or relaxing with","4 season activities!
The property offers a beautiful private setting surrounded by trees and a babbling brook. The camp has a large stone fireplace, and a wood-burning stove to keep you cozy on chilly evenings. The kitchen is fully equipped with modern appliances and plenty of cabinet space.
The master bedroom has a comfortable king-sized bed, large windows and a private bath with a tub/shower combo. The second bedroom has a comfortable queen-sized bed and plenty of closet space. There is also a loft area with two twin beds, perfect for kids or extra guests.
The camp has a large screened-in porch, perfect for dining or relaxing with","{""do_sample"": true, ""temperature"": 1.0, ""top_p"": 0.95, ""top_k"": 50, ""repetition_penalty"": 1.0, ""max_new_tokens"": 128}"
hf.generate,0,0,1276,42,42,"NORTH BRUNSWICK, N.J. — Body cameras captured the moment a North Brunswick police officer climbed up a burning building to ","NORTH BRUNSWICK, N.J. — Body cameras captured the moment a North Brunswick police officer climbed up a burning building to 13-year-old girl who was trapped inside.
The officer, 23-year-old Michael Zolf, was responding to a call about a two-alarm fire at a residence on a quiet neighborhood street when he heard a faint cry for help coming from the second floor.
According to the North Brunswick Police Department, the girl was trapped in the bathroom with no way out.
Without hesitation, Officer Zolf sprang into action, grabbing a fire extinguisher and climbing up the burning exterior of the building to reach the girl.
Body camera footage shows Officer Zolf shouting to the girl to stay calm and reassuring her that help was on the way.
""You","13-year-old girl who was trapped inside.
The officer, 23-year-old Michael Zolf, was responding to a call about a two-alarm fire at a residence on a quiet neighborhood street when he heard a faint cry for help coming from the second floor.
According to the North Brunswick Police Department, the girl was trapped in the bathroom with no way out.
Without hesitation, Officer Zolf sprang into action, grabbing a fire extinguisher and climbing up the burning exterior of the building to reach the girl.
Body camera footage shows Officer Zolf shouting to the girl to stay calm and reassuring her that help was on the way.
""You","{""do_sample"": true, ""temperature"": 1.0, ""top_p"": 0.95, ""top_k"": 50, ""repetition_penalty"": 1.0, ""max_new_tokens"": 128}"
hf.generate,0,0,1278,44,44,"The NHS is still running Windows XP en masse, two and a half years after Microsoft stopped delivering bug fixes ","The NHS is still running Windows XP en masse, two and a half years after Microsoft stopped delivering bug fixes  for the operating system.
According to a Freedom of Information (FOI) request submitted to the Department of Health and NHS Digital, 3.8% of NHS trusts are still running Windows XP on at least some of their devices.
The FOI request asked NHS Digital for data on the percentage of devices running Windows XP, Windows 7, and Windows 8.1 across all NHS trusts.
The response revealed that while the majority of NHS trusts (71%) have abandoned Windows XP, 23 trusts (3.8%) still have some devices running the outdated operating system.
Of these trusts, 13 (2.1%"," for the operating system.
According to a Freedom of Information (FOI) request submitted to the Department of Health and NHS Digital, 3.8% of NHS trusts are still running Windows XP on at least some of their devices.
The FOI request asked NHS Digital for data on the percentage of devices running Windows XP, Windows 7, and Windows 8.1 across all NHS trusts.
The response revealed that while the majority of NHS trusts (71%) have abandoned Windows XP, 23 trusts (3.8%) still have some devices running the outdated operating system.
Of these trusts, 13 (2.1%","{""do_sample"": true, ""temperature"": 1.0, ""top_p"": 0.95, ""top_k"": 50, ""repetition_penalty"": 1.0, ""max_new_tokens"": 128}"
hf.generate,0,0,1280,46,46,"OKLAHOMA CITY - Kevin Durant scored 25 points, James Harden added a spark with 23 points off the bench while ","OKLAHOMA CITY - Kevin Durant scored 25 points, James Harden added a spark with 23 points off the bench while 12 assists and the Oklahoma City Thunder defeated the New York Knicks 103-94 on Wednesday night, despite Carmelo Anthony's 35 points.
Harden, who had been struggling with an illness, played despite being ill and his energetic play helped the Thunder overcome a slow start and a sluggish second half.
""We needed a boost, and James gave us that,"" Thunder coach Scott Brooks said. ""He was the difference-maker tonight.""
Kevin Martin added 15 points and Serge Ibaka had 13 rebounds for the Thunder, who improved to 10-2 at home.
""We're a better team at home,"" Brooks said. ""We're","12 assists and the Oklahoma City Thunder defeated the New York Knicks 103-94 on Wednesday night, despite Carmelo Anthony's 35 points.
Harden, who had been struggling with an illness, played despite being ill and his energetic play helped the Thunder overcome a slow start and a sluggish second half.
""We needed a boost, and James gave us that,"" Thunder coach Scott Brooks said. ""He was the difference-maker tonight.""
Kevin Martin added 15 points and Serge Ibaka had 13 rebounds for the Thunder, who improved to 10-2 at home.
""We're a better team at home,"" Brooks said. ""We're","{""do_sample"": true, ""temperature"": 1.0, ""top_p"": 0.95, ""top_k"": 50, ""repetition_penalty"": 1.0, ""max_new_tokens"": 128}"
hf.generate,0,0,1282,48,48,"1 Then the people of the land took Jehoahaz the son of Josiah, and made him king in his father's ","1 Then the people of the land took Jehoahaz the son of Josiah, and made him king in his father's  place in Jerusalem.
2 Jehoahaz was twenty-three years old when he began to reign, and he reigned three months in Jerusalem.
3 The king of Egypt deposed him in Jerusalem and imposed a fine on the land of a hundred talents of silver and a talent of gold.
4 The king of Egypt made his brother Eliakim king over Judah and Jerusalem, and changed his name to Jehoiakim. But Necho took his uncle Jehoahaz and brought him to Egypt.
5 Jehoiakim was twenty-five years old when he began to reign, and he reigned eleven years in Jerusalem. He did evil"," place in Jerusalem.
2 Jehoahaz was twenty-three years old when he began to reign, and he reigned three months in Jerusalem.
3 The king of Egypt deposed him in Jerusalem and imposed a fine on the land of a hundred talents of silver and a talent of gold.
4 The king of Egypt made his brother Eliakim king over Judah and Jerusalem, and changed his name to Jehoiakim. But Necho took his uncle Jehoahaz and brought him to Egypt.
5 Jehoiakim was twenty-five years old when he began to reign, and he reigned eleven years in Jerusalem. He did evil","{""do_sample"": true, ""temperature"": 1.0, ""top_p"": 0.95, ""top_k"": 50, ""repetition_penalty"": 1.0, ""max_new_tokens"": 128}"
hf.generate,0,0,1284,50,50,This bicycle sprocket hub and sprockets from the Wright Bicycle Co. are on display at the National Museum of the ,"This bicycle sprocket hub and sprockets from the Wright Bicycle Co. are on display at the National Museum of the 20th Century Design, part of the Cooper Hewitt, Smithsonian Design Museum in New York City. The sprockets were manufactured by the Wright Brothers, inventors of the airplane, who also produced bicycle parts in the late 19th and early 20th centuries.
The Wright Brothers, Orville and Wilbur Wright, were inventors and aviation pioneers who designed, built, and flew the world's first successful airplane. They also owned and operated a bicycle shop, Wright & Wright, in Dayton, Ohio, where they sold and repaired bicycles. In addition to their bicycle business, the Wright Brothers also manufactured bicycle parts, including","20th Century Design, part of the Cooper Hewitt, Smithsonian Design Museum in New York City. The sprockets were manufactured by the Wright Brothers, inventors of the airplane, who also produced bicycle parts in the late 19th and early 20th centuries.
The Wright Brothers, Orville and Wilbur Wright, were inventors and aviation pioneers who designed, built, and flew the world's first successful airplane. They also owned and operated a bicycle shop, Wright & Wright, in Dayton, Ohio, where they sold and repaired bicycles. In addition to their bicycle business, the Wright Brothers also manufactured bicycle parts, including","{""do_sample"": true, ""temperature"": 1.0, ""top_p"": 0.95, ""top_k"": 50, ""repetition_penalty"": 1.0, ""max_new_tokens"": 128}"
hf.generate,0,0,1286,52,52,"Elvis Costello played a two-hour, 25-song show that touched on phases throughout his career, both deep cuts and hits, as ","Elvis Costello played a two-hour, 25-song show that touched on phases throughout his career, both deep cuts and hits, as 92.7 WXRT's free concert in Millennium Park on a warm August evening.
The show kicked off with the 1979 classic ""(The Angels Wanna Wear My) Red Shoes,"" from his debut album ""My Aim Is True."" It was followed by a run of songs from his early days, including ""Alison,"" ""Pump It Up,"" and ""Oliver's Army.""
After a few songs from his more experimental late-'70s/early-'80s phase, such as ""Watching the Detectives"" and ""Radio, Radio,"" Costello launched into a batch of hits, including ""Papa Won't Leave You","92.7 WXRT's free concert in Millennium Park on a warm August evening.
The show kicked off with the 1979 classic ""(The Angels Wanna Wear My) Red Shoes,"" from his debut album ""My Aim Is True."" It was followed by a run of songs from his early days, including ""Alison,"" ""Pump It Up,"" and ""Oliver's Army.""
After a few songs from his more experimental late-'70s/early-'80s phase, such as ""Watching the Detectives"" and ""Radio, Radio,"" Costello launched into a batch of hits, including ""Papa Won't Leave You","{""do_sample"": true, ""temperature"": 1.0, ""top_p"": 0.95, ""top_k"": 50, ""repetition_penalty"": 1.0, ""max_new_tokens"": 128}"
hf.generate,0,0,1288,54,54,"With its eye on Western next-gen gamers, the Japanese publisher pays $15 million for Secret Level. Sega Holdings of USA ","With its eye on Western next-gen gamers, the Japanese publisher pays $15 million for Secret Level. Sega Holdings of USA 1, LLC has acquired Secret Level, a Los Angeles-based game development studio, for $15 million. The deal, announced in a press release, gives Sega a foothold in the Western game development market, particularly in the...
Sega Buys Secret Level For $15 Million
With its eye on Western next-gen gamers, the Japanese publisher pays $15 million for Secret Level.
Sega Holdings of USA 1, LLC has acquired Secret Level, a Los Angeles-based game development studio, for $15 million. The deal, announced in a press release, gives Sega a foothold in the Western game development market, particularly in the","1, LLC has acquired Secret Level, a Los Angeles-based game development studio, for $15 million. The deal, announced in a press release, gives Sega a foothold in the Western game development market, particularly in the...
Sega Buys Secret Level For $15 Million
With its eye on Western next-gen gamers, the Japanese publisher pays $15 million for Secret Level.
Sega Holdings of USA 1, LLC has acquired Secret Level, a Los Angeles-based game development studio, for $15 million. The deal, announced in a press release, gives Sega a foothold in the Western game development market, particularly in the","{""do_sample"": true, ""temperature"": 1.0, ""top_p"": 0.95, ""top_k"": 50, ""repetition_penalty"": 1.0, ""max_new_tokens"": 128}"
hf.generate,0,0,1290,56,56,Two recently published reports shed damning light on the high cost of low wages in the fast food industry – ,"Two recently published reports shed damning light on the high cost of low wages in the fast food industry – 10.9 million workers, or 65% of the industry’s workforce, earn less than $10 per hour, and many workers struggle to make ends meet on these poverty wages. Here are some key findings:
1. 65% of fast food workers earn less than $10 per hour: A report by the University of California, Berkeley Labor Center found that nearly two-thirds of fast food workers, or 10.9 million workers, earn less than $10 per hour. This means that workers who often work long hours, irregular shifts, and multiple jobs to make ends meet are still struggling to get by.
2. Many workers","10.9 million workers, or 65% of the industry’s workforce, earn less than $10 per hour, and many workers struggle to make ends meet on these poverty wages. Here are some key findings:
1. 65% of fast food workers earn less than $10 per hour: A report by the University of California, Berkeley Labor Center found that nearly two-thirds of fast food workers, or 10.9 million workers, earn less than $10 per hour. This means that workers who often work long hours, irregular shifts, and multiple jobs to make ends meet are still struggling to get by.
2. Many workers","{""do_sample"": true, ""temperature"": 1.0, ""top_p"": 0.95, ""top_k"": 50, ""repetition_penalty"": 1.0, ""max_new_tokens"": 128}"
hf.generate,0,0,1292,58,58,"Every morning on The Style Blog, we celebrate the best footwear weve come across. Now, for your benefit, its all ","Every morning on The Style Blog, we celebrate the best footwear weve come across. Now, for your benefit, its all 5 pairs on one list. Here, find our Top 5 picks from across various styles and brands for this week, which is sure to help you choose the perfect pair to complete your outfit.
1. Aldo Suede Sandal ($120) - For a sophisticated touch, go for these Aldo suede sandals in a lovely shade of brown. They exude elegance and are perfect for a casual yet stylish evening out.
2. Steve Madden Jinx Block Heel Sandal ($120) - Who says a block heel cant be stylish? The Steve Madden Jinx sandals are proof that height and comfort can be combined for a stylish statement","5 pairs on one list. Here, find our Top 5 picks from across various styles and brands for this week, which is sure to help you choose the perfect pair to complete your outfit.
1. Aldo Suede Sandal ($120) - For a sophisticated touch, go for these Aldo suede sandals in a lovely shade of brown. They exude elegance and are perfect for a casual yet stylish evening out.
2. Steve Madden Jinx Block Heel Sandal ($120) - Who says a block heel cant be stylish? The Steve Madden Jinx sandals are proof that height and comfort can be combined for a stylish statement","{""do_sample"": true, ""temperature"": 1.0, ""top_p"": 0.95, ""top_k"": 50, ""repetition_penalty"": 1.0, ""max_new_tokens"": 128}"
hf.generate,0,0,1294,60,60,"LOS ANGELES – A lawsuit filed Wednesday against ABC (search) and ""American Idol"" judge Simon Cowell (search) alleges they conspired ","LOS ANGELES – A lawsuit filed Wednesday against ABC (search) and ""American Idol"" judge Simon Cowell (search) alleges they conspired 12 years ago to sabotage the career of a singer-songwriter who was a finalist on the show.
The lawsuit, filed in Los Angeles Superior Court, claims that ABC, Cowell and ""American Idol"" producer 19 Entertainment (search) ""engaged in a campaign of dishonest and unfair business practices"" to harm the career of singer-songwriter Corey Clark (search).
Clark, 29, was a contestant on the show's second season in 2003, but was eliminated from the competition before the finale. He claims that Cowell and other show producers made false and damaging statements about him on the show and later in interviews, which","12 years ago to sabotage the career of a singer-songwriter who was a finalist on the show.
The lawsuit, filed in Los Angeles Superior Court, claims that ABC, Cowell and ""American Idol"" producer 19 Entertainment (search) ""engaged in a campaign of dishonest and unfair business practices"" to harm the career of singer-songwriter Corey Clark (search).
Clark, 29, was a contestant on the show's second season in 2003, but was eliminated from the competition before the finale. He claims that Cowell and other show producers made false and damaging statements about him on the show and later in interviews, which","{""do_sample"": true, ""temperature"": 1.0, ""top_p"": 0.95, ""top_k"": 50, ""repetition_penalty"": 1.0, ""max_new_tokens"": 128}"
hf.generate,0,0,1296,62,62,"Seren Rayne Frank Sutherland, a six lb., eight oz., girl, was born Saturday, Dec. 3, 2016, at Yavapai Regional Medical ","Seren Rayne Frank Sutherland, a six lb., eight oz., girl, was born Saturday, Dec. 3, 2016, at Yavapai Regional Medical  Center to parents, David and Sarah Frank Sutherland. Grandparents are Mike and Pam Frank of Kingman, Arizona, and John and Kathy Sutherland of Parker, Colorado. Great-grandparents are Helen Sutherland and the late Edward Sutherland of Parker, Colorado, and Edith and the late Alfred Frank of Kingman, Arizona. A big sister, Julia Ann Frank Sutherland, is excited to welcome her new sister home. We are thrilled to announce the arrival of our beautiful baby girl! Seren Rayne is already bringing joy and love to our family. We can't wait to see what the future holds for her. "," Center to parents, David and Sarah Frank Sutherland. Grandparents are Mike and Pam Frank of Kingman, Arizona, and John and Kathy Sutherland of Parker, Colorado. Great-grandparents are Helen Sutherland and the late Edward Sutherland of Parker, Colorado, and Edith and the late Alfred Frank of Kingman, Arizona. A big sister, Julia Ann Frank Sutherland, is excited to welcome her new sister home. We are thrilled to announce the arrival of our beautiful baby girl! Seren Rayne is already bringing joy and love to our family. We can't wait to see what the future holds for her. ","{""do_sample"": true, ""temperature"": 1.0, ""top_p"": 0.95, ""top_k"": 50, ""repetition_penalty"": 1.0, ""max_new_tokens"": 128}"
hf.generate,0,0,1298,64,64,Adventist HealthCare seeks to hire a Med Surg Registered Nurse who will embrace our mission to extend God's care through ,"Adventist HealthCare seeks to hire a Med Surg Registered Nurse who will embrace our mission to extend God's care through 21st century medicine. Our Med Surg unit is a 44-bed unit that provides care to a diverse patient population. As a Registered Nurse in our Med Surg unit, you will have the opportunity to work with a dynamic team of healthcare professionals who are dedicated to delivering high-quality patient care. Come join our team and experience the fulfillment that comes from working in a Christian-based healthcare environment!...  More Details
Adventist HealthCare seeks to hire a Med Surg Registered Nurse who will embrace our mission to extend God's care through 21st century medicine. Our Med Surg unit is a 44-bed unit that provides care to a diverse","21st century medicine. Our Med Surg unit is a 44-bed unit that provides care to a diverse patient population. As a Registered Nurse in our Med Surg unit, you will have the opportunity to work with a dynamic team of healthcare professionals who are dedicated to delivering high-quality patient care. Come join our team and experience the fulfillment that comes from working in a Christian-based healthcare environment!...  More Details
Adventist HealthCare seeks to hire a Med Surg Registered Nurse who will embrace our mission to extend God's care through 21st century medicine. Our Med Surg unit is a 44-bed unit that provides care to a diverse","{""do_sample"": true, ""temperature"": 1.0, ""top_p"": 0.95, ""top_k"": 50, ""repetition_penalty"": 1.0, ""max_new_tokens"": 128}"
hf.generate,0,0,1300,66,66,"Check out the Charleston Parks Conservancy's newest glow-up project at their inaugural Hampton Park culinary event, Shucked + Sauced, Sat. ","Check out the Charleston Parks Conservancy's newest glow-up project at their inaugural Hampton Park culinary event, Shucked + Sauced, Sat. 4/14.
The Charleston Parks Conservancy is hosting its first-ever Shucked + Sauced event at Hampton Park, and it's going to be a night to remember! This unique culinary event brings together some of Charleston's most renowned restaurants, breweries, and chefs for a night of oyster shucking, craft beer, and live music under the stars.
The Conservancy has been hard at work renovating Hampton Park, and this event marks the public's first opportunity to experience the newly revitalized park. The park's grand reopening will include a new playground, restored walking trails, and improved accessibility features.
Shucked + Sauced attendees","4/14.
The Charleston Parks Conservancy is hosting its first-ever Shucked + Sauced event at Hampton Park, and it's going to be a night to remember! This unique culinary event brings together some of Charleston's most renowned restaurants, breweries, and chefs for a night of oyster shucking, craft beer, and live music under the stars.
The Conservancy has been hard at work renovating Hampton Park, and this event marks the public's first opportunity to experience the newly revitalized park. The park's grand reopening will include a new playground, restored walking trails, and improved accessibility features.
Shucked + Sauced attendees","{""do_sample"": true, ""temperature"": 1.0, ""top_p"": 0.95, ""top_k"": 50, ""repetition_penalty"": 1.0, ""max_new_tokens"": 128}"
hf.generate,0,0,1302,68,68,Adweek: So what’s a digital-media tyro like you doing at a fusty old-media company like CBS? Jim Lanzone: I don’t ,"Adweek: So what’s a digital-media tyro like you doing at a fusty old-media company like CBS? Jim Lanzone: I don’t  look at CBS as old media. I look at CBS as a company with a rich history that’s been evolving and adapting to new platforms and technologies. I believe that the lines between old and new media are blurring, and the winners are going to be the companies that can successfully integrate both. more less
Watch Full Episodes: Adweek: Talent in Focus
Matt Rivitz, Co-Founder, Jash S 2 : Ep 24 Aired 10/23/13 (02:38)
Tom O'Keefe, General Manager, AOL S 2 : Ep 23 Aired 10/16/"," look at CBS as old media. I look at CBS as a company with a rich history that’s been evolving and adapting to new platforms and technologies. I believe that the lines between old and new media are blurring, and the winners are going to be the companies that can successfully integrate both. more less
Watch Full Episodes: Adweek: Talent in Focus
Matt Rivitz, Co-Founder, Jash S 2 : Ep 24 Aired 10/23/13 (02:38)
Tom O'Keefe, General Manager, AOL S 2 : Ep 23 Aired 10/16/","{""do_sample"": true, ""temperature"": 1.0, ""top_p"": 0.95, ""top_k"": 50, ""repetition_penalty"": 1.0, ""max_new_tokens"": 128}"
hf.generate,0,0,1304,70,70,A live events and bespoke creative technical solutions company based in Loughborough is seeking a technical project manager to join ,"A live events and bespoke creative technical solutions company based in Loughborough is seeking a technical project manager to join their team. The company works on a variety of projects including corporate events, live shows, and exhibitions, and are looking for a technical project manager to work alongside their creative and technical teams to bring their projects to life.
The successful candidate will be responsible for managing the technical aspects of events and projects from planning and design to delivery and evaluation. This will involve working closely with the creative teams to understand the technical requirements of each project and ensuring that these are delivered to the highest standard.
- Assist in the planning and design of technical requirements for events and projects.
- Manage the technical aspects of events and projects, including coordinating with suppliers and third-party","their team. The company works on a variety of projects including corporate events, live shows, and exhibitions, and are looking for a technical project manager to work alongside their creative and technical teams to bring their projects to life.
The successful candidate will be responsible for managing the technical aspects of events and projects from planning and design to delivery and evaluation. This will involve working closely with the creative teams to understand the technical requirements of each project and ensuring that these are delivered to the highest standard.
- Assist in the planning and design of technical requirements for events and projects.
- Manage the technical aspects of events and projects, including coordinating with suppliers and third-party","{""do_sample"": true, ""temperature"": 1.0, ""top_p"": 0.95, ""top_k"": 50, ""repetition_penalty"": 1.0, ""max_new_tokens"": 128}"
hf.generate,0,0,1306,72,72,The latest report from Violence Policy Center. I find it ironic and sad that the very day an annual report ,"The latest report from Violence Policy Center. I find it ironic and sad that the very day an annual report  from the Violence Policy Center, detailing the horrific toll of gun violence in this country, the National Rifle Association (NRA) and some politicians are pushing for even more guns in our society, claiming that the solution is more guns, not less. The VPC report highlights the devastating impact of our lax gun laws and the failures of our gun control efforts, and it calls for a comprehensive approach to addressing gun violence, including stricter background checks, red flag laws, and a ban on military-style semi-automatic rifles and large capacity ammunition feeding devices. More guns, in my opinion, only lead to more violence, more tragedies, and more unnecessary"," from the Violence Policy Center, detailing the horrific toll of gun violence in this country, the National Rifle Association (NRA) and some politicians are pushing for even more guns in our society, claiming that the solution is more guns, not less. The VPC report highlights the devastating impact of our lax gun laws and the failures of our gun control efforts, and it calls for a comprehensive approach to addressing gun violence, including stricter background checks, red flag laws, and a ban on military-style semi-automatic rifles and large capacity ammunition feeding devices. More guns, in my opinion, only lead to more violence, more tragedies, and more unnecessary","{""do_sample"": true, ""temperature"": 1.0, ""top_p"": 0.95, ""top_k"": 50, ""repetition_penalty"": 1.0, ""max_new_tokens"": 128}"
hf.generate,0,0,1308,74,74,Thorpe of the New York Trucking and Delivery Association says the decision to raise penalties won’t solve the parking crisis. ,"Thorpe of the New York Trucking and Delivery Association says the decision to raise penalties won’t solve the parking crisis. 2017;26:23–33. In fact, many cities are using innovative solutions to address the growing problem of parking in urban areas. One of the primary goals of parking policies is to ensure that parking is available to those who need it, but also to manage the use of parking spaces in a way that minimizes congestion and promotes sustainable transportation options. ""We can't just build our way out of this problem,"" said councilman James Vacca, who chairs the committee on transportation. Parking regulations are enforced by local authorities, such as police officers or parking attendants, who issue citations to violators. (2013). ""","2017;26:23–33. In fact, many cities are using innovative solutions to address the growing problem of parking in urban areas. One of the primary goals of parking policies is to ensure that parking is available to those who need it, but also to manage the use of parking spaces in a way that minimizes congestion and promotes sustainable transportation options. ""We can't just build our way out of this problem,"" said councilman James Vacca, who chairs the committee on transportation. Parking regulations are enforced by local authorities, such as police officers or parking attendants, who issue citations to violators. (2013). ""","{""do_sample"": true, ""temperature"": 1.0, ""top_p"": 0.95, ""top_k"": 50, ""repetition_penalty"": 1.0, ""max_new_tokens"": 128}"
hf.generate,0,0,1310,76,76,A District Court decision overturning major provisions of three Executive Orders has been appealed. Here is a summary of the ,"A District Court decision overturning major provisions of three Executive Orders has been appealed. Here is a summary of the 9th Circuit's decision.
The decision by the 9th Circuit Court of Appeals upholds the preliminary injunction blocking enforcement of three Executive Orders issued by President Trump in January 2017.
The Executive Orders in question - EO 13767, EO 13768, and EO 13769 - related to border security, immigration enforcement, and national security, respectively. They called for the construction of a wall along the U.S.-Mexico border, increased immigration enforcement measures, and enhanced vetting procedures for visa applicants from certain countries.
The 9th Circuit Court of Appeals ruled that the plaintiffs, including Washington state and Minnesota, had established","9th Circuit's decision.
The decision by the 9th Circuit Court of Appeals upholds the preliminary injunction blocking enforcement of three Executive Orders issued by President Trump in January 2017.
The Executive Orders in question - EO 13767, EO 13768, and EO 13769 - related to border security, immigration enforcement, and national security, respectively. They called for the construction of a wall along the U.S.-Mexico border, increased immigration enforcement measures, and enhanced vetting procedures for visa applicants from certain countries.
The 9th Circuit Court of Appeals ruled that the plaintiffs, including Washington state and Minnesota, had established","{""do_sample"": true, ""temperature"": 1.0, ""top_p"": 0.95, ""top_k"": 50, ""repetition_penalty"": 1.0, ""max_new_tokens"": 128}"
hf.generate,0,0,1312,78,78,"The democratization of data is a real phenomenon, but building a sustainable data democracy means truly giving power to the ","The democratization of data is a real phenomenon, but building a sustainable data democracy means truly giving power to the 99%
The democratization of data is a real phenomenon, but building a sustainable data democracy means truly giving power to the 99%
The democratization of data is a topic of much discussion, and for good reason. With the rise of open data initiatives, data journalism, and data-driven storytelling, it's never been easier for people to access and use data to inform their lives and communities. But the democratization of data is a complex topic, and we need to be careful not to oversimplify it.
In many ways, the democratization of data is a welcome development. By giving more people access to data, we can increase transparency","99%
The democratization of data is a real phenomenon, but building a sustainable data democracy means truly giving power to the 99%
The democratization of data is a topic of much discussion, and for good reason. With the rise of open data initiatives, data journalism, and data-driven storytelling, it's never been easier for people to access and use data to inform their lives and communities. But the democratization of data is a complex topic, and we need to be careful not to oversimplify it.
In many ways, the democratization of data is a welcome development. By giving more people access to data, we can increase transparency","{""do_sample"": true, ""temperature"": 1.0, ""top_p"": 0.95, ""top_k"": 50, ""repetition_penalty"": 1.0, ""max_new_tokens"": 128}"
hf.generate,0,0,1314,80,80,"The Council of PR Firms yesterday urged PR firms to ""pledge"" to Wikipedia that they will only submit materials to ","The Council of PR Firms yesterday urged PR firms to ""pledge"" to Wikipedia that they will only submit materials to  the online encyclopedia that are accurate, up-to-date and freely available.  The campaign, which is called ""Pledge for Wikipedia"" and has been set up by the PRCA, aims to raise awareness of the importance of Wikipedia and to promote the value of transparency and accuracy in public relations.
The campaign was launched in response to concerns about the increasing number of PR firms submitting content to Wikipedia for clients that may not be accurate or up-to-date.  The PRCA argues that this can undermine the integrity of Wikipedia and damage the credibility of the PR industry.
The PRCA is urging PR firms to make a ""pledge"," the online encyclopedia that are accurate, up-to-date and freely available.  The campaign, which is called ""Pledge for Wikipedia"" and has been set up by the PRCA, aims to raise awareness of the importance of Wikipedia and to promote the value of transparency and accuracy in public relations.
The campaign was launched in response to concerns about the increasing number of PR firms submitting content to Wikipedia for clients that may not be accurate or up-to-date.  The PRCA argues that this can undermine the integrity of Wikipedia and damage the credibility of the PR industry.
The PRCA is urging PR firms to make a ""pledge","{""do_sample"": true, ""temperature"": 1.0, ""top_p"": 0.95, ""top_k"": 50, ""repetition_penalty"": 1.0, ""max_new_tokens"": 128}"
hf.generate,0,0,1316,82,82,"He and a neighbor managed to lure the horse toward them with a handful of grass, Sickinger said, and they ","He and a neighbor managed to lure the horse toward them with a handful of grass, Sickinger said, and they iced it with blankets and tarps.
When authorities arrived, they used a specialized trailer to transport the horse to a nearby stable, where it received medical care, Sickinger said.
The horse, whose name is Sparky, sustained minor injuries but was expected to recover, she said.
Sickinger praised the quick thinking and actions of the neighbors, who helped save the horse's life.
""They're true heroes,"" she said. ""They didn't hesitate to help Sparky in distress."" The neighbors remained anonymous, she added.... (Read more)
Labels: animal rescue, horse rescue, neighborly help, quick thinking, rescue efforts","iced it with blankets and tarps.
When authorities arrived, they used a specialized trailer to transport the horse to a nearby stable, where it received medical care, Sickinger said.
The horse, whose name is Sparky, sustained minor injuries but was expected to recover, she said.
Sickinger praised the quick thinking and actions of the neighbors, who helped save the horse's life.
""They're true heroes,"" she said. ""They didn't hesitate to help Sparky in distress."" The neighbors remained anonymous, she added.... (Read more)
Labels: animal rescue, horse rescue, neighborly help, quick thinking, rescue efforts","{""do_sample"": true, ""temperature"": 1.0, ""top_p"": 0.95, ""top_k"": 50, ""repetition_penalty"": 1.0, ""max_new_tokens"": 128}"
hf.generate,0,0,1318,84,84,"Wolf, 33, joined the Africa Mercy crew in March, taking a short leave from her job as a registered nurse ","Wolf, 33, joined the Africa Mercy crew in March, taking a short leave from her job as a registered nurse  in Australia to spend six months serving on the ship. She has already been making a difference, helping to provide medical care to people in need in Sierra Leone.
Wolf, who has been nursing for over 10 years, said: ""I've always been drawn to the Mercy Ships mission. As a nurse, I've seen firsthand the impact that access to healthcare can have on a person's life. And I know that Mercy Ships is doing something truly special - not just providing medical care, but also bringing hope and dignity to those who need it most.""
Wolf has been working on the Africa Mercy's surgical team, assisting with operations and providing"," in Australia to spend six months serving on the ship. She has already been making a difference, helping to provide medical care to people in need in Sierra Leone.
Wolf, who has been nursing for over 10 years, said: ""I've always been drawn to the Mercy Ships mission. As a nurse, I've seen firsthand the impact that access to healthcare can have on a person's life. And I know that Mercy Ships is doing something truly special - not just providing medical care, but also bringing hope and dignity to those who need it most.""
Wolf has been working on the Africa Mercy's surgical team, assisting with operations and providing","{""do_sample"": true, ""temperature"": 1.0, ""top_p"": 0.95, ""top_k"": 50, ""repetition_penalty"": 1.0, ""max_new_tokens"": 128}"
hf.generate,0,0,1320,86,86,"A Chicago judge on Thursday dismissed a patent case between Apple and Motorola because, he said, neither side could adequately ","A Chicago judge on Thursday dismissed a patent case between Apple and Motorola because, he said, neither side could adequately 2G wireless technology. The judge's ruling, which was issued without comment, puts an end to a lawsuit that has been ongoing for over two years. The case centered on a patent related to the way that mobile devices connect to the internet over cellular networks.
Apple filed the lawsuit in 2010, claiming that Motorola's Droid smartphones and other Android-based devices infringed on its patents. Motorola, a subsidiary of Google, had responded by claiming that Apple's devices infringed on its own patents.
The case was one of several patent lawsuits between Apple and Motorola that have been filed over the years. In 2012, a federal","2G wireless technology. The judge's ruling, which was issued without comment, puts an end to a lawsuit that has been ongoing for over two years. The case centered on a patent related to the way that mobile devices connect to the internet over cellular networks.
Apple filed the lawsuit in 2010, claiming that Motorola's Droid smartphones and other Android-based devices infringed on its patents. Motorola, a subsidiary of Google, had responded by claiming that Apple's devices infringed on its own patents.
The case was one of several patent lawsuits between Apple and Motorola that have been filed over the years. In 2012, a federal","{""do_sample"": true, ""temperature"": 1.0, ""top_p"": 0.95, ""top_k"": 50, ""repetition_penalty"": 1.0, ""max_new_tokens"": 128}"
hf.generate,0,0,1322,88,88,"Ford is building cars that ""talk"" with traffic lights, road signs and pedestrians. At CES 2019 in Las Vegas on ","Ford is building cars that ""talk"" with traffic lights, road signs and pedestrians. At CES 2019 in Las Vegas on 8 January, the company unveiled an advanced vehicle-to-everything (V2X) system, which enables vehicles to communicate with the infrastructure around them.
The V2X system uses a combination of sensors and cellular technology to send and receive data to and from other vehicles, pedestrians, and the infrastructure. It enables vehicles to detect and respond to potential hazards, such as pedestrians or other vehicles entering the road, and provide warnings to the driver.
The system can also communicate with traffic lights and road signs, enabling vehicles to receive real-time information on traffic conditions and optimize their route. For example, a vehicle could receive a message from a traffic","8 January, the company unveiled an advanced vehicle-to-everything (V2X) system, which enables vehicles to communicate with the infrastructure around them.
The V2X system uses a combination of sensors and cellular technology to send and receive data to and from other vehicles, pedestrians, and the infrastructure. It enables vehicles to detect and respond to potential hazards, such as pedestrians or other vehicles entering the road, and provide warnings to the driver.
The system can also communicate with traffic lights and road signs, enabling vehicles to receive real-time information on traffic conditions and optimize their route. For example, a vehicle could receive a message from a traffic","{""do_sample"": true, ""temperature"": 1.0, ""top_p"": 0.95, ""top_k"": 50, ""repetition_penalty"": 1.0, ""max_new_tokens"": 128}"
hf.generate,0,0,1324,90,90,"Things get a bit messy in a new brand campaign from Chobani. Centered on the tag ""Love This Life,"" its ","Things get a bit messy in a new brand campaign from Chobani. Centered on the tag ""Love This Life,"" its 30-second spot, ""Life's Messy, Our Yogurt's Not,"" acknowledges the imperfections of life while showcasing the brand's creamy, tangy yogurt.
The ad, created by Chobani's agency of record, VaynerMedia, features a series of vignettes showcasing everyday moments of chaos, from a messy kitchen to a chaotic commute. In each scenario, the yogurt proves to be a comforting constant, providing a respite from the mayhem.
At the center of the ad is a message that, while life may be imperfect, Chobani's yogurt is always smooth and reliable. By embracing the messiness of","30-second spot, ""Life's Messy, Our Yogurt's Not,"" acknowledges the imperfections of life while showcasing the brand's creamy, tangy yogurt.
The ad, created by Chobani's agency of record, VaynerMedia, features a series of vignettes showcasing everyday moments of chaos, from a messy kitchen to a chaotic commute. In each scenario, the yogurt proves to be a comforting constant, providing a respite from the mayhem.
At the center of the ad is a message that, while life may be imperfect, Chobani's yogurt is always smooth and reliable. By embracing the messiness of","{""do_sample"": true, ""temperature"": 1.0, ""top_p"": 0.95, ""top_k"": 50, ""repetition_penalty"": 1.0, ""max_new_tokens"": 128}"
hf.generate,0,0,1326,92,92,Trump's new immigration ad was panned as racist. Turns out it was also based on a falsehood. - Hartford Courant ,"Trump's new immigration ad was panned as racist. Turns out it was also based on a falsehood. - Hartford Courant 24 hours 17 minutes ago
Trump's new immigration ad was panned as racist. Turns out it was also based on a falsehood. - Hartford Courant
Trump's new immigration ad was panned as racist. Turns out it was also based on a falsehood. - Hartford Courant 24 hours 17 minutes ago
WASHINGTON — President Donald Trump's administration on Tuesday launched a new immigration ad that was widely panned as racist and now has been found to be based on a falsehood.
The ad, released by the U.S. Customs and Border Protection agency, claims that the United States is facing an ""invasion"" of immigrants","24 hours 17 minutes ago
Trump's new immigration ad was panned as racist. Turns out it was also based on a falsehood. - Hartford Courant
Trump's new immigration ad was panned as racist. Turns out it was also based on a falsehood. - Hartford Courant 24 hours 17 minutes ago
WASHINGTON — President Donald Trump's administration on Tuesday launched a new immigration ad that was widely panned as racist and now has been found to be based on a falsehood.
The ad, released by the U.S. Customs and Border Protection agency, claims that the United States is facing an ""invasion"" of immigrants","{""do_sample"": true, ""temperature"": 1.0, ""top_p"": 0.95, ""top_k"": 50, ""repetition_penalty"": 1.0, ""max_new_tokens"": 128}"
hf.generate,0,0,1328,94,94,• Engage with other SRA functions to support the evidence gathering and credible deterrence approach of the SRA. The role ,"• Engage with other SRA functions to support the evidence gathering and credible deterrence approach of the SRA. The role  will work closely with the Investigations, Enforcement, and Prosecution teams to provide expert technical advice on cyber-related cases, support the development of legal strategies and help to identify and disrupt cyber-related criminal activity.
• Provide expert technical advice to the SRA on cyber-related investigations and operations, including the collection, analysis and interpretation of digital evidence.
• Support the development of legal strategies and case plans, working closely with the Enforcement and Prosecution teams to ensure that cyber-related cases are effectively prosecuted and that evidence is presented in a credible and compelling manner.
• Identify and disrupt cyber-related criminal activity, working closely with the Investigations and Enforcement teams to support proactive"," will work closely with the Investigations, Enforcement, and Prosecution teams to provide expert technical advice on cyber-related cases, support the development of legal strategies and help to identify and disrupt cyber-related criminal activity.
• Provide expert technical advice to the SRA on cyber-related investigations and operations, including the collection, analysis and interpretation of digital evidence.
• Support the development of legal strategies and case plans, working closely with the Enforcement and Prosecution teams to ensure that cyber-related cases are effectively prosecuted and that evidence is presented in a credible and compelling manner.
• Identify and disrupt cyber-related criminal activity, working closely with the Investigations and Enforcement teams to support proactive","{""do_sample"": true, ""temperature"": 1.0, ""top_p"": 0.95, ""top_k"": 50, ""repetition_penalty"": 1.0, ""max_new_tokens"": 128}"
hf.generate,0,0,1330,96,96,"MidMichigan Health plans to restructure and re-align its work force in the coming months, and the changes could mean laying ","MidMichigan Health plans to restructure and re-align its work force in the coming months, and the changes could mean laying 200 employees off.
The restructuring plan is aimed at improving the health system's financial performance and operational efficiency, according to a statement from MidMichigan Health.
The planned workforce reductions are expected to be across various departments and locations within the health system, which operates hospitals, medical offices and other facilities in Midland, Saginaw, Bay City, Mt. Pleasant and Clare counties.
MidMichigan Health President and CEO Diane Postler-Slattery said in a statement that the decision to restructure was not taken lightly.
""This decision was made after careful consideration and a thorough review of our operations,"" she said. ""We are committed to ensuring the long","200 employees off.
The restructuring plan is aimed at improving the health system's financial performance and operational efficiency, according to a statement from MidMichigan Health.
The planned workforce reductions are expected to be across various departments and locations within the health system, which operates hospitals, medical offices and other facilities in Midland, Saginaw, Bay City, Mt. Pleasant and Clare counties.
MidMichigan Health President and CEO Diane Postler-Slattery said in a statement that the decision to restructure was not taken lightly.
""This decision was made after careful consideration and a thorough review of our operations,"" she said. ""We are committed to ensuring the long","{""do_sample"": true, ""temperature"": 1.0, ""top_p"": 0.95, ""top_k"": 50, ""repetition_penalty"": 1.0, ""max_new_tokens"": 128}"
hf.generate,0,0,1332,98,98,Tennessee farmers are cashing in on the local food movement. The federal government never measured just how much Tennessee farmers ,"Tennessee farmers are cashing in on the local food movement. The federal government never measured just how much Tennessee farmers 2018. The first report on Tennessee's agricultural production for 2018, released by the United States Department of Agriculture's (USDA) National Agricultural Statistics Service (NASS), found that Tennessee farmers produced.
Tennessee farmers reported growing a wide variety of crops in 2018, according to the USDA. Some of the top crops included:
Tennessee farmers also reported harvesting a significant amount of livestock products in 2018. Some of the top livestock products included:
Tennessee farmers are a key part of the state's agricultural industry, which is worth billions of dollars each year. The state's fertile soil, mild climate, and","2018. The first report on Tennessee's agricultural production for 2018, released by the United States Department of Agriculture's (USDA) National Agricultural Statistics Service (NASS), found that Tennessee farmers produced.
Tennessee farmers reported growing a wide variety of crops in 2018, according to the USDA. Some of the top crops included:
Tennessee farmers also reported harvesting a significant amount of livestock products in 2018. Some of the top livestock products included:
Tennessee farmers are a key part of the state's agricultural industry, which is worth billions of dollars each year. The state's fertile soil, mild climate, and","{""do_sample"": true, ""temperature"": 1.0, ""top_p"": 0.95, ""top_k"": 50, ""repetition_penalty"": 1.0, ""max_new_tokens"": 128}"
hf.generate,0,0,1334,100,100,Ozier Muhammad/The New York TimesReynaldo Rodriguez of the Care Coordination program counseled a patient with H.I.V. on how to adhere ,"Ozier Muhammad/The New York TimesReynaldo Rodriguez of the Care Coordination program counseled a patient with H.I.V. on how to adhere  …more
Ozier Muhammad/The New York TimesReynaldo Rodriguez of the Care Coordination program counseled a patient with H.I.V. on how to adhere  …more
Lori Friedman has been living with H.I.V. for over a decade. She has tried various medications, dealt with side effects, and struggled to find a regimen that worked for her.
But then she met Reynaldo Rodriguez, a care coordinator at a New York City clinic, who helped her navigate the complexities of her treatment plan and find a new medication that has brought her viral load down to undetectable levels.
""I was feeling hopeless"," …more
Ozier Muhammad/The New York TimesReynaldo Rodriguez of the Care Coordination program counseled a patient with H.I.V. on how to adhere  …more
Lori Friedman has been living with H.I.V. for over a decade. She has tried various medications, dealt with side effects, and struggled to find a regimen that worked for her.
But then she met Reynaldo Rodriguez, a care coordinator at a New York City clinic, who helped her navigate the complexities of her treatment plan and find a new medication that has brought her viral load down to undetectable levels.
""I was feeling hopeless","{""do_sample"": true, ""temperature"": 1.0, ""top_p"": 0.95, ""top_k"": 50, ""repetition_penalty"": 1.0, ""max_new_tokens"": 128}"
hf.generate,0,0,1336,102,102,"Talking to the press people here at the Heliport on Saturday, the National BJP leader, while stating the Naga issue ","Talking to the press people here at the Heliport on Saturday, the National BJP leader, while stating the Naga issue  is still a pending issue, expressed the hope that the Union Government would take some steps in the next 3 months to resolve it. He mentioned that talks are on and there is a positive atmosphere for finding a solution.
On the question of the reported differences between the NSCN-IM and the GOI, he stated that it’s natural for any party to have differences with the Government.  But, he expressed confidence that these differences can be overcome by both parties.
Regarding the reported demands of the NSCN-IM, including the flag and the constitution, he stated that it’s not a matter of ‘take or leave’,"," is still a pending issue, expressed the hope that the Union Government would take some steps in the next 3 months to resolve it. He mentioned that talks are on and there is a positive atmosphere for finding a solution.
On the question of the reported differences between the NSCN-IM and the GOI, he stated that it’s natural for any party to have differences with the Government.  But, he expressed confidence that these differences can be overcome by both parties.
Regarding the reported demands of the NSCN-IM, including the flag and the constitution, he stated that it’s not a matter of ‘take or leave’,","{""do_sample"": true, ""temperature"": 1.0, ""top_p"": 0.95, ""top_k"": 50, ""repetition_penalty"": 1.0, ""max_new_tokens"": 128}"
hf.generate,0,0,1338,104,104,"Famously tight-lipped about her Scientology faith, The Handmaid’s Tale star Elisabeth Moss has opened up in a candid new interview. ","Famously tight-lipped about her Scientology faith, The Handmaid’s Tale star Elisabeth Moss has opened up in a candid new interview.  She reveals she has been a member of the Church of Scientology since 2002, but notes that her faith has become more personal and private over time.
In a wide-ranging conversation with The New Yorker, Moss talked about her life inside the church, including the controversies and criticism it has faced over the years. While she wouldn’t discuss the specifics of her beliefs or the church’s teachings, she did acknowledge the intense scrutiny she receives from the media and the public.
“It’s very isolating to be in a place where people are talking about you all the time, and you can’t have a normal conversation with someone without them asking you"," She reveals she has been a member of the Church of Scientology since 2002, but notes that her faith has become more personal and private over time.
In a wide-ranging conversation with The New Yorker, Moss talked about her life inside the church, including the controversies and criticism it has faced over the years. While she wouldn’t discuss the specifics of her beliefs or the church’s teachings, she did acknowledge the intense scrutiny she receives from the media and the public.
“It’s very isolating to be in a place where people are talking about you all the time, and you can’t have a normal conversation with someone without them asking you","{""do_sample"": true, ""temperature"": 1.0, ""top_p"": 0.95, ""top_k"": 50, ""repetition_penalty"": 1.0, ""max_new_tokens"": 128}"
hf.generate,0,0,1340,106,106,Madore received the package along with three crosses she had ordered in memory of her son Christopher Medina who died ,"Madore received the package along with three crosses she had ordered in memory of her son Christopher Medina who died 14 years ago.
Madore contacted authorities after she discovered what appeared to be human teeth in one of the crosses and notified her family. She then decided to take the package and contents to the local police department.
The package, which weighed approximately 10 pounds, also contained a handwritten note that read, ""I love you all, but I'm done with the fakes. I'm not going to be around for much longer. I'm sorry.""
The police department has launched an investigation into the package and the contents, but no one has come forward to claim it. Authorities are urging anyone with information about the package to come forward. The","14 years ago.
Madore contacted authorities after she discovered what appeared to be human teeth in one of the crosses and notified her family. She then decided to take the package and contents to the local police department.
The package, which weighed approximately 10 pounds, also contained a handwritten note that read, ""I love you all, but I'm done with the fakes. I'm not going to be around for much longer. I'm sorry.""
The police department has launched an investigation into the package and the contents, but no one has come forward to claim it. Authorities are urging anyone with information about the package to come forward. The","{""do_sample"": true, ""temperature"": 1.0, ""top_p"": 0.95, ""top_k"": 50, ""repetition_penalty"": 1.0, ""max_new_tokens"": 128}"
hf.generate,0,0,1342,108,108,"France is in a difficult position. It has not had a sufficient spur to reform, despite the platitudes by both ","France is in a difficult position. It has not had a sufficient spur to reform, despite the platitudes by both  candidates in the presidential election this year.
To be fair, the French have faced various challenges in recent years, including the  November 2015 Paris terrorist attacks, the departure of migrants and refugees from the Middle East and Africa, and the economic stagnation.
As a result, many French voters feel that their country is not providing them with the prosperity and security they expect. This has led to a sense of frustration and disillusionment with the political elite.
For these reasons, it is difficult for France to adopt the reforms necessary to maintain its competitiveness and prosperity in the long run.
A more detailed analysis reveals that France's problems are not"," candidates in the presidential election this year.
To be fair, the French have faced various challenges in recent years, including the  November 2015 Paris terrorist attacks, the departure of migrants and refugees from the Middle East and Africa, and the economic stagnation.
As a result, many French voters feel that their country is not providing them with the prosperity and security they expect. This has led to a sense of frustration and disillusionment with the political elite.
For these reasons, it is difficult for France to adopt the reforms necessary to maintain its competitiveness and prosperity in the long run.
A more detailed analysis reveals that France's problems are not","{""do_sample"": true, ""temperature"": 1.0, ""top_p"": 0.95, ""top_k"": 50, ""repetition_penalty"": 1.0, ""max_new_tokens"": 128}"
hf.generate,0,0,1344,110,110,"Nelson Mandela statue in Westminster, London. ""Comrade Mandela's release was achieved through our struggles that had pushed the apartheid regime ","Nelson Mandela statue in Westminster, London. ""Comrade Mandela's release was achieved through our struggles that had pushed the apartheid regime 24/7, we did not know that Madiba was the one chosen by the universe to lead the fight for the freedom of South Africa."" These are the words of Winnie Madikizela-Mandela, Nelson Mandela's wife, at the unveiling of the statue on October 3, 2007. Photo: Simon Dawson/Reuters
Nelson Mandela statue in Westminster, London. ""Comrade Mandela's release was achieved through our struggles that had pushed the apartheid regime 24/7, we did not know that Madiba was the one chosen by the universe to lead the fight for the freedom of South Africa."" These","24/7, we did not know that Madiba was the one chosen by the universe to lead the fight for the freedom of South Africa."" These are the words of Winnie Madikizela-Mandela, Nelson Mandela's wife, at the unveiling of the statue on October 3, 2007. Photo: Simon Dawson/Reuters
Nelson Mandela statue in Westminster, London. ""Comrade Mandela's release was achieved through our struggles that had pushed the apartheid regime 24/7, we did not know that Madiba was the one chosen by the universe to lead the fight for the freedom of South Africa."" These","{""do_sample"": true, ""temperature"": 1.0, ""top_p"": 0.95, ""top_k"": 50, ""repetition_penalty"": 1.0, ""max_new_tokens"": 128}"
hf.generate,0,0,1346,112,112,"Back in 1982, the Endangered Species Act took the ocelot under its protection. The ocelot is a vulnerable creature, susceptible ","Back in 1982, the Endangered Species Act took the ocelot under its protection. The ocelot is a vulnerable creature, susceptible  to various human activities, and habitat loss, which threatened its survival in the United States.
Although the ocelot is an important part of the ecosystem in the Southwest, it has struggled to thrive due to various human activities such as land development, agriculture, and hunting. As a result, the ocelot population has dwindled significantly, leading conservation efforts to focus on protecting its habitat and reducing human-ocelot conflicts.
Efforts to Protect the Ocelot
Several organizations, governments, and conservation groups have come together to protect the ocelot and its habitat. Some of the key initiatives include:
1. Habitat preservation"," to various human activities, and habitat loss, which threatened its survival in the United States.
Although the ocelot is an important part of the ecosystem in the Southwest, it has struggled to thrive due to various human activities such as land development, agriculture, and hunting. As a result, the ocelot population has dwindled significantly, leading conservation efforts to focus on protecting its habitat and reducing human-ocelot conflicts.
Efforts to Protect the Ocelot
Several organizations, governments, and conservation groups have come together to protect the ocelot and its habitat. Some of the key initiatives include:
1. Habitat preservation","{""do_sample"": true, ""temperature"": 1.0, ""top_p"": 0.95, ""top_k"": 50, ""repetition_penalty"": 1.0, ""max_new_tokens"": 128}"
hf.generate,0,0,1348,114,114,"Assembly Minority Leader Pat Hickey, R-Reno, will have a GOP primary election opponent in 2014. Richard Fineberg, a retired lawyer ","Assembly Minority Leader Pat Hickey, R-Reno, will have a GOP primary election opponent in 2014. Richard Fineberg, a retired lawyer  and former chairman of the Washoe County Republican Party, has announced his candidacy for the District 25 Assembly seat, which Hickey has held since 2000.
In a press release, Fineberg stated, ""As a conservative who believes in limited government and lower taxes, I believe it's time for a change in District 25. Pat Hickey has been in office for over 14 years, and while he's been a good representative for our area, I believe I can bring a fresh perspective and new ideas to the table.""
Fineberg is a graduate of the University of Nevada, Reno and the University of San Francisco Law"," and former chairman of the Washoe County Republican Party, has announced his candidacy for the District 25 Assembly seat, which Hickey has held since 2000.
In a press release, Fineberg stated, ""As a conservative who believes in limited government and lower taxes, I believe it's time for a change in District 25. Pat Hickey has been in office for over 14 years, and while he's been a good representative for our area, I believe I can bring a fresh perspective and new ideas to the table.""
Fineberg is a graduate of the University of Nevada, Reno and the University of San Francisco Law","{""do_sample"": true, ""temperature"": 1.0, ""top_p"": 0.95, ""top_k"": 50, ""repetition_penalty"": 1.0, ""max_new_tokens"": 128}"
hf.generate,0,0,1350,116,116,"Friday Night Live: Hilarious Improv Comedy featuring live music from pianist Keith Munslow! Get beside yourself with FNL’s interactive scenes, ","Friday Night Live: Hilarious Improv Comedy featuring live music from pianist Keith Munslow! Get beside yourself with FNL’s interactive scenes, 4th-wall-breaking humor and musical mayhem. You never know what might happen, but you can be sure it'll be hilarious! All ages welcome. Showtime: 7:30pm. Ticket prices: $15-$20. For more information and to buy tickets, visit FridayNightLiveMaine.com. The show will be held at the Ogunquit Playhouse, 10 Main Street, Ogunquit, ME. Let's have some fun! Friday Night Live: Hilarious Improv Comedy featuring live music from pianist Keith Munslow! Get beside yourself with FNL's interactive scenes, 4th-wall","4th-wall-breaking humor and musical mayhem. You never know what might happen, but you can be sure it'll be hilarious! All ages welcome. Showtime: 7:30pm. Ticket prices: $15-$20. For more information and to buy tickets, visit FridayNightLiveMaine.com. The show will be held at the Ogunquit Playhouse, 10 Main Street, Ogunquit, ME. Let's have some fun! Friday Night Live: Hilarious Improv Comedy featuring live music from pianist Keith Munslow! Get beside yourself with FNL's interactive scenes, 4th-wall","{""do_sample"": true, ""temperature"": 1.0, ""top_p"": 0.95, ""top_k"": 50, ""repetition_penalty"": 1.0, ""max_new_tokens"": 128}"
hf.generate,0,0,1352,118,118,Do Twinkle and mum Dimple share a wardrobe? The star wife was missing for a greater part of the year ,"Do Twinkle and mum Dimple share a wardrobe? The star wife was missing for a greater part of the year 2020, and some fans started to wonder if she had left him for someone else. However, they are very much in love and have not let the distance get between them. A source told us: ""It was hard for Dimple to adjust to the new reality of being apart from her partner, but they have both been working on their communication and trust. ""And what did the 'Twinkle, Twinkle, Little Star' singer say about their relationship? ""I think the most beautiful thing about us is that we never really stopped talking,"" he gushed. ""We've had our ups and downs, but we've never","2020, and some fans started to wonder if she had left him for someone else. However, they are very much in love and have not let the distance get between them. A source told us: ""It was hard for Dimple to adjust to the new reality of being apart from her partner, but they have both been working on their communication and trust. ""And what did the 'Twinkle, Twinkle, Little Star' singer say about their relationship? ""I think the most beautiful thing about us is that we never really stopped talking,"" he gushed. ""We've had our ups and downs, but we've never","{""do_sample"": true, ""temperature"": 1.0, ""top_p"": 0.95, ""top_k"": 50, ""repetition_penalty"": 1.0, ""max_new_tokens"": 128}"
hf.generate,0,0,1354,120,120,the World Challenge a year ago. He won at Hilton Head on the U.S. Championships in Doral and Shanghai. the ,"the World Challenge a year ago. He won at Hilton Head on the U.S. Championships in Doral and Shanghai. the 2018 Masters tournament. He has been named PGA Tour Player of the Year three times, the first of which was in 2012. The PGA Tour’s Player of the Year award is given annually to the player who accumulates the most points during the season, and has been awarded to some of the greatest players in the history of the game, including Tiger Woods, Jack Nicklaus, and Arnold Palmer. Rory McIlroy, Justin Thomas, and Jordan Spieth have also won the award since 2012. The award is voted on by the PGA Tour’s players, and is considered one of the most prestigious honors in professional golf","2018 Masters tournament. He has been named PGA Tour Player of the Year three times, the first of which was in 2012. The PGA Tour’s Player of the Year award is given annually to the player who accumulates the most points during the season, and has been awarded to some of the greatest players in the history of the game, including Tiger Woods, Jack Nicklaus, and Arnold Palmer. Rory McIlroy, Justin Thomas, and Jordan Spieth have also won the award since 2012. The award is voted on by the PGA Tour’s players, and is considered one of the most prestigious honors in professional golf","{""do_sample"": true, ""temperature"": 1.0, ""top_p"": 0.95, ""top_k"": 50, ""repetition_penalty"": 1.0, ""max_new_tokens"": 128}"
hf.generate,0,0,1356,122,122,2 bedroom home with extra room for office or 3rd bedroom. Kitchen features Oak cabinets. Home features wood flooring in ,"2 bedroom home with extra room for office or 3rd bedroom. Kitchen features Oak cabinets. Home features wood flooring in 2 bedrooms and office/3rd bedroom. New carpet in main living areas. Freshly painted interior. Fenced back yard with patio. Located close to shopping and interstate. Square footage is approximate and not guaranteed. Buyer to verify. Sellers are offering a $2,000 credit towards closing costs. Property is being sold as-is. Inspection report is available. Please contact agent for more information. MLS#2023001458. Sold as-is. Seller to provide $2000 credit towards closing costs. Please note that the inspection report is available, buyer is advised to review prior to making an offer. Additional photos and information available upon request","2 bedrooms and office/3rd bedroom. New carpet in main living areas. Freshly painted interior. Fenced back yard with patio. Located close to shopping and interstate. Square footage is approximate and not guaranteed. Buyer to verify. Sellers are offering a $2,000 credit towards closing costs. Property is being sold as-is. Inspection report is available. Please contact agent for more information. MLS#2023001458. Sold as-is. Seller to provide $2000 credit towards closing costs. Please note that the inspection report is available, buyer is advised to review prior to making an offer. Additional photos and information available upon request","{""do_sample"": true, ""temperature"": 1.0, ""top_p"": 0.95, ""top_k"": 50, ""repetition_penalty"": 1.0, ""max_new_tokens"": 128}"
hf.generate,0,0,1358,124,124,"Following her acceptance into iPOP! after try-outs in Fort Walton Beach, Michelle Bryant is talking positively about her fast-approaching opportunity. ","Following her acceptance into iPOP! after try-outs in Fort Walton Beach, Michelle Bryant is talking positively about her fast-approaching opportunity. 2019 iPOP! will be held from October 20th to October 27th, and Michelle is excited to take part in this prestigious industry event.
Michelle Bryant, a talented singer-songwriter, has been making waves in the music industry with her unique voice and captivating stage presence. Her determination to pursue her passion for music has led her to be selected for the 2019 iPOP! event, a prestigious opportunity that can propel her career forward.
iPOP! (Inside the Pitch) is a renowned industry event that connects talented performers, industry professionals, and music enthusiasts. The event provides an exceptional platform for emerging artists to showcase","2019 iPOP! will be held from October 20th to October 27th, and Michelle is excited to take part in this prestigious industry event.
Michelle Bryant, a talented singer-songwriter, has been making waves in the music industry with her unique voice and captivating stage presence. Her determination to pursue her passion for music has led her to be selected for the 2019 iPOP! event, a prestigious opportunity that can propel her career forward.
iPOP! (Inside the Pitch) is a renowned industry event that connects talented performers, industry professionals, and music enthusiasts. The event provides an exceptional platform for emerging artists to showcase","{""do_sample"": true, ""temperature"": 1.0, ""top_p"": 0.95, ""top_k"": 50, ""repetition_penalty"": 1.0, ""max_new_tokens"": 128}"
hf.generate,0,0,1360,126,126,"In the past 11 months, Mauti has had to rely on his words unlike any other time in his life. ","In the past 11 months, Mauti has had to rely on his words unlike any other time in his life. 2010 marked his second straight year as a top-10 safety and a potential first-rounder, but in the spring he suffered a torn ACL that wiped out his entire 2010 season. That was followed by a knee injury in the summer that kept him from participating in spring drills. But through it all, Mauti remained optimistic, using his words to keep himself motivated and to reassure those around him that he was committed to his recovery.
""I've been blessed to be in this situation, not to take anything for granted,"" Mauti said. ""People don't realize how easy it is to get hurt. I've","2010 marked his second straight year as a top-10 safety and a potential first-rounder, but in the spring he suffered a torn ACL that wiped out his entire 2010 season. That was followed by a knee injury in the summer that kept him from participating in spring drills. But through it all, Mauti remained optimistic, using his words to keep himself motivated and to reassure those around him that he was committed to his recovery.
""I've been blessed to be in this situation, not to take anything for granted,"" Mauti said. ""People don't realize how easy it is to get hurt. I've","{""do_sample"": true, ""temperature"": 1.0, ""top_p"": 0.95, ""top_k"": 50, ""repetition_penalty"": 1.0, ""max_new_tokens"": 128}"
hf.generate,0,0,1362,128,128,The FINANCIAL (AD) -- ProCredit Bank has donated a unique ex libris collection to the National Centre of Manuscripts. This ,"The FINANCIAL (AD) -- ProCredit Bank has donated a unique ex libris collection to the National Centre of Manuscripts. This 400-volume book collection includes important works on business, economics, law, literature and other areas, reported the bank's press office.
The ex libris collection will be kept at the National Centre of Manuscripts, which is responsible for preserving and making accessible Georgia's cultural and intellectual heritage.
""We are proud to support the preservation and development of our cultural heritage. The ProCredit Bank's ex libris collection will provide valuable information to researchers and readers,"" said Koba Tkemaladze, Head of the National Centre of Manuscripts.
ProCredit Bank's management emphasized the importance of supporting cultural institutions and education in Georgia. ""We believe that","400-volume book collection includes important works on business, economics, law, literature and other areas, reported the bank's press office.
The ex libris collection will be kept at the National Centre of Manuscripts, which is responsible for preserving and making accessible Georgia's cultural and intellectual heritage.
""We are proud to support the preservation and development of our cultural heritage. The ProCredit Bank's ex libris collection will provide valuable information to researchers and readers,"" said Koba Tkemaladze, Head of the National Centre of Manuscripts.
ProCredit Bank's management emphasized the importance of supporting cultural institutions and education in Georgia. ""We believe that","{""do_sample"": true, ""temperature"": 1.0, ""top_p"": 0.95, ""top_k"": 50, ""repetition_penalty"": 1.0, ""max_new_tokens"": 128}"
hf.generate,0,0,1364,130,130,These two healthcare REITs are trading for dirt-cheap valuations despite high dividends and a solid history of growth. Investing in ,"These two healthcare REITs are trading for dirt-cheap valuations despite high dividends and a solid history of growth. Investing in 2022 is all about finding those bargains, and these two REITs look like compelling opportunities.
Healthcare REITs are a fascinating corner of the real estate market, providing essential services to healthcare providers and patients alike. Two REITs in particular that caught my eye are Ventas (VTR) and Welltower (WELL). Both have a history of strong growth, impressive dividend yields, and are trading at what I consider to be bargain prices.
Let's take a closer look at each REIT and why I think they're worth considering in 2022.

**Ventas (VTR)**

Ventas is","2022 is all about finding those bargains, and these two REITs look like compelling opportunities.
Healthcare REITs are a fascinating corner of the real estate market, providing essential services to healthcare providers and patients alike. Two REITs in particular that caught my eye are Ventas (VTR) and Welltower (WELL). Both have a history of strong growth, impressive dividend yields, and are trading at what I consider to be bargain prices.
Let's take a closer look at each REIT and why I think they're worth considering in 2022.

**Ventas (VTR)**

Ventas is","{""do_sample"": true, ""temperature"": 1.0, ""top_p"": 0.95, ""top_k"": 50, ""repetition_penalty"": 1.0, ""max_new_tokens"": 128}"
hf.generate,0,0,1366,132,132,Young Lions skipper Brad Galvin isn’t afraid of taking his side’s ‘scrappy’ style of play into Sunday’s semi final clash ,"Young Lions skipper Brad Galvin isn’t afraid of taking his side’s ‘scrappy’ style of play into Sunday’s semi final clash  against Nadi.
The Fijian side has been labelled scrappy by some critics, but Galvin is happy to defend his team’s approach.
“We know we’re not the prettiest team to watch, but we get the job done,” Galvin said.
“People can label us scrappy all they want, but at the end of the day, we’re in the semi-finals and we’re proud of our achievement.”
Galvin said his side had worked hard on their set pieces and defensive structure, which has paid off so far.
“We know we can’t match teams like Nadi in terms of flair and talent"," against Nadi.
The Fijian side has been labelled scrappy by some critics, but Galvin is happy to defend his team’s approach.
“We know we’re not the prettiest team to watch, but we get the job done,” Galvin said.
“People can label us scrappy all they want, but at the end of the day, we’re in the semi-finals and we’re proud of our achievement.”
Galvin said his side had worked hard on their set pieces and defensive structure, which has paid off so far.
“We know we can’t match teams like Nadi in terms of flair and talent","{""do_sample"": true, ""temperature"": 1.0, ""top_p"": 0.95, ""top_k"": 50, ""repetition_penalty"": 1.0, ""max_new_tokens"": 128}"
hf.generate,0,0,1368,134,134,"For a career that once seemed so good on paper, the crisis in teacher recruitment is now hardly ever out ","For a career that once seemed so good on paper, the crisis in teacher recruitment is now hardly ever out 0f the headlines. With many schools struggling to find staff, and morale at an all-time low, we look at some of the root causes behind this crisis and what needs to be done to address it.
The decline of teacher numbers has been a gradual process, but it has accelerated in recent years. According to figures from the Department for Education, there were 860,000 teachers in England in 2010, compared to 825,000 in 2020.
Despite efforts to increase teacher recruitment, the numbers continue to decline. There were 18,500 fewer teachers in maintained schools in England in 2020 compared to ","0f the headlines. With many schools struggling to find staff, and morale at an all-time low, we look at some of the root causes behind this crisis and what needs to be done to address it.
The decline of teacher numbers has been a gradual process, but it has accelerated in recent years. According to figures from the Department for Education, there were 860,000 teachers in England in 2010, compared to 825,000 in 2020.
Despite efforts to increase teacher recruitment, the numbers continue to decline. There were 18,500 fewer teachers in maintained schools in England in 2020 compared to ","{""do_sample"": true, ""temperature"": 1.0, ""top_p"": 0.95, ""top_k"": 50, ""repetition_penalty"": 1.0, ""max_new_tokens"": 128}"
hf.generate,0,0,1370,136,136,councilors at the USC Annenberg School for Communication. Arkansas governor and congressman who joined the board in 2006. renewed attention ,"councilors at the USC Annenberg School for Communication. Arkansas governor and congressman who joined the board in 2006. renewed attention 3 days ago
councilors at the USC Annenberg School for Communication. Arkansas governor and congressman who joined the board in 2006. renewed attention 3 days ago << previous | next >> 3 days ago councilors at the USC Annenberg School for Communication. Arkansas governor and congressman who joined the board in 2006. renewed attention 3 days ago. the councilors, the USC Annenberg School for Communication. Arkansas governor and congressman who joined the board in 2006. renewed attention 3 days ago. councilors at the USC Annenberg School for Communication. Arkansas governor and congressman who joined the board in ","3 days ago
councilors at the USC Annenberg School for Communication. Arkansas governor and congressman who joined the board in 2006. renewed attention 3 days ago << previous | next >> 3 days ago councilors at the USC Annenberg School for Communication. Arkansas governor and congressman who joined the board in 2006. renewed attention 3 days ago. the councilors, the USC Annenberg School for Communication. Arkansas governor and congressman who joined the board in 2006. renewed attention 3 days ago. councilors at the USC Annenberg School for Communication. Arkansas governor and congressman who joined the board in ","{""do_sample"": true, ""temperature"": 1.0, ""top_p"": 0.95, ""top_k"": 50, ""repetition_penalty"": 1.0, ""max_new_tokens"": 128}"
hf.generate,0,0,1372,138,138,The Las Vegas real estate market got a small reprieve in February; with sales volume at a four-year high for ,"The Las Vegas real estate market got a small reprieve in February; with sales volume at a four-year high for 2023. The median home price for the Las Vegas Valley dropped to $425,000, which is a 1.2% decrease from January.
According to the Greater Las Vegas Association of Realtors, 3,554 single-family homes and condos were sold in February, which is a 4.3% increase compared to January. The median price for a single-family home was $440,000 and the median price for a condo was $220,000.
February was the fourth consecutive month for a year-over-year decline in the median home price in the Las Vegas Valley. Compared to the same month last year, February’s","2023. The median home price for the Las Vegas Valley dropped to $425,000, which is a 1.2% decrease from January.
According to the Greater Las Vegas Association of Realtors, 3,554 single-family homes and condos were sold in February, which is a 4.3% increase compared to January. The median price for a single-family home was $440,000 and the median price for a condo was $220,000.
February was the fourth consecutive month for a year-over-year decline in the median home price in the Las Vegas Valley. Compared to the same month last year, February’s","{""do_sample"": true, ""temperature"": 1.0, ""top_p"": 0.95, ""top_k"": 50, ""repetition_penalty"": 1.0, ""max_new_tokens"": 128}"
hf.generate,0,0,1374,140,140,Rafael Nadal became the first man to win eight titles at the same Grand Slam tournament after beating fellow Spaniard ,"Rafael Nadal became the first man to win eight titles at the same Grand Slam tournament after beating fellow Spaniard 17-year-old Rafael Nadal in the semifinals of the Australian Open.
The 35-year-old Nadal will face Stefanos Tsitsipas of Greece in the final on Sunday after his opponent defeated another Spaniard, Pablo Carreno Busta, in the other semifinal.
Nadal, who has won 22 Grand Slam titles overall, has a 100-3 win-loss record in Australian Open matches, including a 14-0 record in the semifinals.
He is bidding to win his 23rd Grand Slam title and his second Australian Open title after his first victory in 2009.
The Australian Open has been","17-year-old Rafael Nadal in the semifinals of the Australian Open.
The 35-year-old Nadal will face Stefanos Tsitsipas of Greece in the final on Sunday after his opponent defeated another Spaniard, Pablo Carreno Busta, in the other semifinal.
Nadal, who has won 22 Grand Slam titles overall, has a 100-3 win-loss record in Australian Open matches, including a 14-0 record in the semifinals.
He is bidding to win his 23rd Grand Slam title and his second Australian Open title after his first victory in 2009.
The Australian Open has been","{""do_sample"": true, ""temperature"": 1.0, ""top_p"": 0.95, ""top_k"": 50, ""repetition_penalty"": 1.0, ""max_new_tokens"": 128}"
hf.generate,0,0,1376,142,142,"No longer limited to calling other Jaxtr users, the service is taking cue from Skype for its revenue strategy. Jaxtr, ","No longer limited to calling other Jaxtr users, the service is taking cue from Skype for its revenue strategy. Jaxtr, 24 months old, allows users to make low-cost, international phone calls to landlines and mobiles from their computers. The service is also a community platform, allowing users to chat, share files and make video calls. The firm has also announced that it will be open-sourcing its VoIP protocol to foster further innovation in the space.
Jaxtr has secured significant funding from investors such as Sequoia Capital and Draper Fisher Jurvetson. As a next step, the company is focusing on expanding its user base and revenue streams.
Jaxtr's pricing strategy is similar to Skype's; the service charges per-minute for outgoing","24 months old, allows users to make low-cost, international phone calls to landlines and mobiles from their computers. The service is also a community platform, allowing users to chat, share files and make video calls. The firm has also announced that it will be open-sourcing its VoIP protocol to foster further innovation in the space.
Jaxtr has secured significant funding from investors such as Sequoia Capital and Draper Fisher Jurvetson. As a next step, the company is focusing on expanding its user base and revenue streams.
Jaxtr's pricing strategy is similar to Skype's; the service charges per-minute for outgoing","{""do_sample"": true, ""temperature"": 1.0, ""top_p"": 0.95, ""top_k"": 50, ""repetition_penalty"": 1.0, ""max_new_tokens"": 128}"
hf.generate,0,0,1378,144,144,A three member bench of the Supreme Court has adjourned the hearing of Orange Line Metro Train case till Friday. ,"A three member bench of the Supreme Court has adjourned the hearing of Orange Line Metro Train case till Friday.  The bench comprising Justice Nasir-ul-Mulk, Justice Amir Hani Muslim and Justice Azmat Saeed handed over the case to the Chief Justice for the next course of action.  The Orange Line Metro Train project was approved by the Punjab government in 2014, but its construction has been delayed due to various reasons. The case is related to the delay in the completion of the project and the issue of payment of compensation to the affected landowners. - ISLAMABAD: A three-member bench of the Supreme Court on Thursday adjourned the hearing of Orange Line Metro Train case till Friday. During the hearing, the"," The bench comprising Justice Nasir-ul-Mulk, Justice Amir Hani Muslim and Justice Azmat Saeed handed over the case to the Chief Justice for the next course of action.  The Orange Line Metro Train project was approved by the Punjab government in 2014, but its construction has been delayed due to various reasons. The case is related to the delay in the completion of the project and the issue of payment of compensation to the affected landowners. - ISLAMABAD: A three-member bench of the Supreme Court on Thursday adjourned the hearing of Orange Line Metro Train case till Friday. During the hearing, the","{""do_sample"": true, ""temperature"": 1.0, ""top_p"": 0.95, ""top_k"": 50, ""repetition_penalty"": 1.0, ""max_new_tokens"": 128}"
hf.generate,0,0,1380,146,146,"A primary school caretaker has been found guilty of attacking a group of teenagers. Karl Lucas, 27, of Manor Fields, ","A primary school caretaker has been found guilty of attacking a group of teenagers. Karl Lucas, 27, of Manor Fields,  was accused of intimidating and punching the three youngsters on the evening of July 31 in the school playground.
Lucas had claimed that the teenagers were responsible for causing damage to his van and had threatened him, but a jury at Lincoln Magistrates' Court yesterday found him guilty of the attacks.
Lucas was charged with three counts of assault by beating, and was convicted of two of them. He was acquitted of the third count.
The court heard that the three teenagers, two boys and a girl, were in the school playground at around 8pm when Lucas, who is a caretaker at the school, approached them.
Lucas"," was accused of intimidating and punching the three youngsters on the evening of July 31 in the school playground.
Lucas had claimed that the teenagers were responsible for causing damage to his van and had threatened him, but a jury at Lincoln Magistrates' Court yesterday found him guilty of the attacks.
Lucas was charged with three counts of assault by beating, and was convicted of two of them. He was acquitted of the third count.
The court heard that the three teenagers, two boys and a girl, were in the school playground at around 8pm when Lucas, who is a caretaker at the school, approached them.
Lucas","{""do_sample"": true, ""temperature"": 1.0, ""top_p"": 0.95, ""top_k"": 50, ""repetition_penalty"": 1.0, ""max_new_tokens"": 128}"
hf.generate,0,0,1382,148,148,"It's not always easy to keep mentally focused during running. Focus requires discipline and a certain level of mental toughness, ","It's not always easy to keep mentally focused during running. Focus requires discipline and a certain level of mental toughness, 1. The ability to stay focused is a vital component of achieving your running goals, whether it's completing a 5K or qualifying for the marathon. 2. The more you practice, the more you can improve your mental toughness and stay focused on your running goals. Here are some tips to help you stay focused during your runs:
1. Set clear goals: Before you start your run, set clear goals for yourself. This can help you stay focused and motivated throughout your run. 3. Stay positive: Focus on the positive aspects of your run, such as the scenery, the music, or the feeling of accomplishment when you","1. The ability to stay focused is a vital component of achieving your running goals, whether it's completing a 5K or qualifying for the marathon. 2. The more you practice, the more you can improve your mental toughness and stay focused on your running goals. Here are some tips to help you stay focused during your runs:
1. Set clear goals: Before you start your run, set clear goals for yourself. This can help you stay focused and motivated throughout your run. 3. Stay positive: Focus on the positive aspects of your run, such as the scenery, the music, or the feeling of accomplishment when you","{""do_sample"": true, ""temperature"": 1.0, ""top_p"": 0.95, ""top_k"": 50, ""repetition_penalty"": 1.0, ""max_new_tokens"": 128}"
hf.generate,0,0,1384,150,150,"Amazingly, half of all Americans say they don’t care about government surveillance — and during a random sampling of people ","Amazingly, half of all Americans say they don’t care about government surveillance — and during a random sampling of people 25 and older, 23% said they weren’t concerned at all. This is despite the overwhelming evidence that government agencies have been secretly monitoring our communications, browsing history, and even our DNA.
A survey conducted by the Pew Research Center in 2019 found that 52% of Americans don’t worry about government surveillance. When asked about the government collecting information about their browsing history, 34% said it was a “very” or “somewhat” acceptable practice. Only 28% of respondents said they were “very” or “somewhat” concerned about it.
Another survey conducted by the University of Maryland’s Center for International","25 and older, 23% said they weren’t concerned at all. This is despite the overwhelming evidence that government agencies have been secretly monitoring our communications, browsing history, and even our DNA.
A survey conducted by the Pew Research Center in 2019 found that 52% of Americans don’t worry about government surveillance. When asked about the government collecting information about their browsing history, 34% said it was a “very” or “somewhat” acceptable practice. Only 28% of respondents said they were “very” or “somewhat” concerned about it.
Another survey conducted by the University of Maryland’s Center for International","{""do_sample"": true, ""temperature"": 1.0, ""top_p"": 0.95, ""top_k"": 50, ""repetition_penalty"": 1.0, ""max_new_tokens"": 128}"
hf.generate,0,0,1386,152,152,"Ubuntu 10.04 LTS Lucid Lynx is the latest Linux operating system from Canonical, aimed at consumers. It's free, but is ","Ubuntu 10.04 LTS Lucid Lynx is the latest Linux operating system from Canonical, aimed at consumers. It's free, but is 10.04 LTS worth your time?
The release of Ubuntu 10.04 LTS Lucid Lynx marks a significant milestone in the development of this popular open-source Linux distribution. While 10.04 is not a radical departure from previous versions of Ubuntu, it does offer a number of refinements and improvements that make it worth considering.
The most significant change in 10.04 is the transition to GNOME 2.30, which brings with it a number of interface improvements, including a revamped menu system and a more intuitive navigation bar. The desktop also now includes a search function, making it easier to find files, applications, and","10.04 LTS worth your time?
The release of Ubuntu 10.04 LTS Lucid Lynx marks a significant milestone in the development of this popular open-source Linux distribution. While 10.04 is not a radical departure from previous versions of Ubuntu, it does offer a number of refinements and improvements that make it worth considering.
The most significant change in 10.04 is the transition to GNOME 2.30, which brings with it a number of interface improvements, including a revamped menu system and a more intuitive navigation bar. The desktop also now includes a search function, making it easier to find files, applications, and","{""do_sample"": true, ""temperature"": 1.0, ""top_p"": 0.95, ""top_k"": 50, ""repetition_penalty"": 1.0, ""max_new_tokens"": 128}"
hf.generate,0,0,1388,154,154,"New York’s bike share really does attract way more commuters than tourists. Since its debut last year, New York City’s ","New York’s bike share really does attract way more commuters than tourists. Since its debut last year, New York City’s 24,000-strong bike-share fleet has racked up millions of trips, with the majority going from home to work and back again. According to a new report from the city’s Department of Transportation, in the first six months of 2015, 62% of all bike-share trips were made by commuters.
These findings are based on data collected from the Citi Bike system, which has generated more than 1.5 million trips since its launch in May 2013. Of those trips, about 38% were made by tourists, while around 10% were by recreational users (think: casual rides for fun).
So,","24,000-strong bike-share fleet has racked up millions of trips, with the majority going from home to work and back again. According to a new report from the city’s Department of Transportation, in the first six months of 2015, 62% of all bike-share trips were made by commuters.
These findings are based on data collected from the Citi Bike system, which has generated more than 1.5 million trips since its launch in May 2013. Of those trips, about 38% were made by tourists, while around 10% were by recreational users (think: casual rides for fun).
So,","{""do_sample"": true, ""temperature"": 1.0, ""top_p"": 0.95, ""top_k"": 50, ""repetition_penalty"": 1.0, ""max_new_tokens"": 128}"
hf.generate,0,0,1390,156,156,"On Jan. 15, nine of 12 members of the National Park System Advisory Board sent a letter to Interior Secretary ","On Jan. 15, nine of 12 members of the National Park System Advisory Board sent a letter to Interior Secretary  Deb Haaland, expressing concern over the Trump administration's proposal to reduce the number of National Park Service employees and reorganize the agency's operations. The board members urged Haaland to prioritize the protection of the nation's natural and cultural resources.
The Trump administration's proposal, announced in December, would eliminate or consolidate several national park positions and reorganize the agency's headquarters structure. The proposal is part of a broader effort to downsize the federal government, but the park service's advisory board is concerned that it would harm the agency's ability to effectively manage and protect the nation's national parks.
In their letter, the advisory"," Deb Haaland, expressing concern over the Trump administration's proposal to reduce the number of National Park Service employees and reorganize the agency's operations. The board members urged Haaland to prioritize the protection of the nation's natural and cultural resources.
The Trump administration's proposal, announced in December, would eliminate or consolidate several national park positions and reorganize the agency's headquarters structure. The proposal is part of a broader effort to downsize the federal government, but the park service's advisory board is concerned that it would harm the agency's ability to effectively manage and protect the nation's national parks.
In their letter, the advisory","{""do_sample"": true, ""temperature"": 1.0, ""top_p"": 0.95, ""top_k"": 50, ""repetition_penalty"": 1.0, ""max_new_tokens"": 128}"
hf.generate,0,0,1392,158,158,"October 30, 2017  Mancari offers stories of wandering and homecoming, colored by a determination to live, artistically, beyond the ","October 30, 2017  Mancari offers stories of wandering and homecoming, colored by a determination to live, artistically, beyond the 9-to-5 grind. She explores themes of disconnection, longing, and resilience.
October 23, 2017  This stunning memoir explores the intersections of identity, belonging, and trauma through the eyes of a Korean-American adoptee. The author's lyrical prose conjures the complex, messy beauty of self.
October 16, 2017  In this memoir, the poet and performer tells the story of her family, from her great-grandmother's struggles in rural China to her own experiences as an immigrant in America. It's a tale of strength, love, and resilience.
October 9, 201","9-to-5 grind. She explores themes of disconnection, longing, and resilience.
October 23, 2017  This stunning memoir explores the intersections of identity, belonging, and trauma through the eyes of a Korean-American adoptee. The author's lyrical prose conjures the complex, messy beauty of self.
October 16, 2017  In this memoir, the poet and performer tells the story of her family, from her great-grandmother's struggles in rural China to her own experiences as an immigrant in America. It's a tale of strength, love, and resilience.
October 9, 201","{""do_sample"": true, ""temperature"": 1.0, ""top_p"": 0.95, ""top_k"": 50, ""repetition_penalty"": 1.0, ""max_new_tokens"": 128}"
hf.generate,0,0,1394,160,160,"Since 2010, Microsoft has been working on a gaming display system so small that it wouldn't need to be sitting ","Since 2010, Microsoft has been working on a gaming display system so small that it wouldn't need to be sitting 6 feet away from the player. This system, known as HoloLens, uses holographic technology to project a 3D image in front of you, so you can view it from different angles. The first version of HoloLens is focused on enterprise uses such as virtual training and remote work.
As reported by CNET, the HoloLens is a wireless headset with a 2,048 x 1,536 resolution per eye and 65-degree field of view. It also has a range of sensors, including cameras, microphones, and accelerometers, to track the user's movements and understand the environment around them.","6 feet away from the player. This system, known as HoloLens, uses holographic technology to project a 3D image in front of you, so you can view it from different angles. The first version of HoloLens is focused on enterprise uses such as virtual training and remote work.
As reported by CNET, the HoloLens is a wireless headset with a 2,048 x 1,536 resolution per eye and 65-degree field of view. It also has a range of sensors, including cameras, microphones, and accelerometers, to track the user's movements and understand the environment around them.","{""do_sample"": true, ""temperature"": 1.0, ""top_p"": 0.95, ""top_k"": 50, ""repetition_penalty"": 1.0, ""max_new_tokens"": 128}"
hf.generate,0,0,1396,162,162,Dubai: The Dubai Financial Market (DFM) witnessed another round of selling on Monday as traders remained cautious ahead of a ,"Dubai: The Dubai Financial Market (DFM) witnessed another round of selling on Monday as traders remained cautious ahead of a 5-day break starting from Tuesday.
The Dubai Financial Market General Index shed 2.15 per cent to 2,444.17 points, erasing last week's gains. The value of trading was worth Dh1.14 billion ($308.7 million).
The market capitalization also fell by Dh15.8 billion to Dh424.8 billion, as many blue-chip stocks were sold off.
Emirates NBD, the largest lender in the UAE, fell 1.96 per cent, while Dubai Islamic Bank, the largest Islamic bank in the region, lost 2.15 per cent.
Emaar Properties,","5-day break starting from Tuesday.
The Dubai Financial Market General Index shed 2.15 per cent to 2,444.17 points, erasing last week's gains. The value of trading was worth Dh1.14 billion ($308.7 million).
The market capitalization also fell by Dh15.8 billion to Dh424.8 billion, as many blue-chip stocks were sold off.
Emirates NBD, the largest lender in the UAE, fell 1.96 per cent, while Dubai Islamic Bank, the largest Islamic bank in the region, lost 2.15 per cent.
Emaar Properties,","{""do_sample"": true, ""temperature"": 1.0, ""top_p"": 0.95, ""top_k"": 50, ""repetition_penalty"": 1.0, ""max_new_tokens"": 128}"
hf.generate,0,0,1398,164,164,"I didn’t notice, but I’ve been told George W, Bush delivered his latest speech smoothly, more so than most of ","I didn’t notice, but I’ve been told George W, Bush delivered his latest speech smoothly, more so than most of 2008 candidates. In an era where we expect leaders to have flawless rhetoric, a little bit of stumbling is almost excusable. However, his handlers probably breathed a sigh of relief.
I just had the misfortune of witnessing a speech delivered by a 7-year-old girl. I think she was trying to win a school contest, and she was determined to get the words out. Problem was, they didn’t always come out quite right. You know, the kind of stumbling that’s just plain adorable, like when a puppy learns to walk. But, um, not exactly a speechifying superstar in the making.
But, you know","2008 candidates. In an era where we expect leaders to have flawless rhetoric, a little bit of stumbling is almost excusable. However, his handlers probably breathed a sigh of relief.
I just had the misfortune of witnessing a speech delivered by a 7-year-old girl. I think she was trying to win a school contest, and she was determined to get the words out. Problem was, they didn’t always come out quite right. You know, the kind of stumbling that’s just plain adorable, like when a puppy learns to walk. But, um, not exactly a speechifying superstar in the making.
But, you know","{""do_sample"": true, ""temperature"": 1.0, ""top_p"": 0.95, ""top_k"": 50, ""repetition_penalty"": 1.0, ""max_new_tokens"": 128}"
hf.generate,0,0,1400,166,166,Seven-Year-Old Florida Boy Swallows Grill! This 7-year-old boy became the latest victim of hip-hop culture – as he was rushed ,"Seven-Year-Old Florida Boy Swallows Grill! This 7-year-old boy became the latest victim of hip-hop culture – as he was rushed  to a hospital after swallowing a grill used by a street performer at a festival in Jacksonville, Florida. The incident happened on Saturday during a street performance at the annual ""Welcome to Rockville"" festival, reports local news channel News4Jax.
According to eyewitness accounts, the boy, whose name hasn't been released, reached out to touch the grill during the performance, and before he knew it, the grill had slipped into his mouth and down his throat.
Paramedics and firefighters were quickly called to the scene, and the boy was rushed to a nearby hospital for treatment. Doctors were able to remove the grill, which was reportedly a"," to a hospital after swallowing a grill used by a street performer at a festival in Jacksonville, Florida. The incident happened on Saturday during a street performance at the annual ""Welcome to Rockville"" festival, reports local news channel News4Jax.
According to eyewitness accounts, the boy, whose name hasn't been released, reached out to touch the grill during the performance, and before he knew it, the grill had slipped into his mouth and down his throat.
Paramedics and firefighters were quickly called to the scene, and the boy was rushed to a nearby hospital for treatment. Doctors were able to remove the grill, which was reportedly a","{""do_sample"": true, ""temperature"": 1.0, ""top_p"": 0.95, ""top_k"": 50, ""repetition_penalty"": 1.0, ""max_new_tokens"": 128}"
hf.generate,0,0,1402,168,168,"Plan B has announced a nationwide UK tour this autumn. The rapper-turned-singer, who scored a UK Number One album with ","Plan B has announced a nationwide UK tour this autumn. The rapper-turned-singer, who scored a UK Number One album with 2006’s ‘Who Needs Actions When You Got Words’, will perform at various venues across the country, starting on September 24th in Liverpool.
The tour, which runs through to November 2nd, also includes stops in Glasgow, Manchester, Birmingham, Leeds, and London, among others. Tickets for the shows will go on sale on July 14th at 9am.
To coincide with the tour, Plan B has also revealed that he is working on a new album, which is expected to be released later this year.
In other news, Plan B recently caused controversy when he called the UK’s benefits system a ""b","2006’s ‘Who Needs Actions When You Got Words’, will perform at various venues across the country, starting on September 24th in Liverpool.
The tour, which runs through to November 2nd, also includes stops in Glasgow, Manchester, Birmingham, Leeds, and London, among others. Tickets for the shows will go on sale on July 14th at 9am.
To coincide with the tour, Plan B has also revealed that he is working on a new album, which is expected to be released later this year.
In other news, Plan B recently caused controversy when he called the UK’s benefits system a ""b","{""do_sample"": true, ""temperature"": 1.0, ""top_p"": 0.95, ""top_k"": 50, ""repetition_penalty"": 1.0, ""max_new_tokens"": 128}"
hf.generate,0,0,1404,170,170,"Do as I did, started my own business and see how much work it takes and then go from there. ","Do as I did, started my own business and see how much work it takes and then go from there. 1. We also have a list of questions that we ask to get to know our potential employees better. This can include things like what they're looking for in a job, what their strengths and weaknesses are, and what kind of work environment they prefer. These questions can help us determine whether or not they would be a good fit for our company and what kind of roles they may be interested in....Read More
This is not an exhaustive list, but it should give you a good starting point. It's also important to consider the type of business you're planning to start and the industry you're in. Some businesses may require more","1. We also have a list of questions that we ask to get to know our potential employees better. This can include things like what they're looking for in a job, what their strengths and weaknesses are, and what kind of work environment they prefer. These questions can help us determine whether or not they would be a good fit for our company and what kind of roles they may be interested in....Read More
This is not an exhaustive list, but it should give you a good starting point. It's also important to consider the type of business you're planning to start and the industry you're in. Some businesses may require more","{""do_sample"": true, ""temperature"": 1.0, ""top_p"": 0.95, ""top_k"": 50, ""repetition_penalty"": 1.0, ""max_new_tokens"": 128}"
hf.generate,0,0,1406,172,172,"A large, brand-new movie studio in Palm Beach County already has a potential box-office hit. Twentieth Century Fox will film ","A large, brand-new movie studio in Palm Beach County already has a potential box-office hit. Twentieth Century Fox will film 11 episodes of the popular TV series ""Bones"" at the new studio, which is being built in Lake Worth.
The studio, called the Palm Beach Film & Television Production Facility, is being constructed on a 12-acre site in Lake Worth. It will feature eight soundstages, including one that's 20,000 square feet, as well as office space, a parking garage and other amenities.
The studio is a joint venture between the city of Lake Worth, the Palm Beach County Commission and a private development company called The Related Group.
Fox's production team will begin filming ""Bones"" at the new studio in late January","11 episodes of the popular TV series ""Bones"" at the new studio, which is being built in Lake Worth.
The studio, called the Palm Beach Film & Television Production Facility, is being constructed on a 12-acre site in Lake Worth. It will feature eight soundstages, including one that's 20,000 square feet, as well as office space, a parking garage and other amenities.
The studio is a joint venture between the city of Lake Worth, the Palm Beach County Commission and a private development company called The Related Group.
Fox's production team will begin filming ""Bones"" at the new studio in late January","{""do_sample"": true, ""temperature"": 1.0, ""top_p"": 0.95, ""top_k"": 50, ""repetition_penalty"": 1.0, ""max_new_tokens"": 128}"
hf.generate,0,0,1408,174,174,Bengaluru — Gold prices rose on Thursday as the growing expectation that the US Federal Reserve will pause its rate ,"Bengaluru — Gold prices rose on Thursday as the growing expectation that the US Federal Reserve will pause its rate  hiking cycle in the near term helped to boost demand for the precious metal, which is seen as a safe-haven asset.
Spot gold was up 0.5% at $1,309.60 an ounce by 02:40 GMT, having earlier risen to a high of $1,313.30.
US gold futures settled 0.7% higher at $1,309.80 an ounce.
The Fed is expected to cut interest rates soon, following a series of rate hikes since 2015, said Societe Generale analyst John Sharma.
“Rates have been rising, and people are starting to think that"," hiking cycle in the near term helped to boost demand for the precious metal, which is seen as a safe-haven asset.
Spot gold was up 0.5% at $1,309.60 an ounce by 02:40 GMT, having earlier risen to a high of $1,313.30.
US gold futures settled 0.7% higher at $1,309.80 an ounce.
The Fed is expected to cut interest rates soon, following a series of rate hikes since 2015, said Societe Generale analyst John Sharma.
“Rates have been rising, and people are starting to think that","{""do_sample"": true, ""temperature"": 1.0, ""top_p"": 0.95, ""top_k"": 50, ""repetition_penalty"": 1.0, ""max_new_tokens"": 128}"
hf.generate,0,0,1410,176,176,"After your business is up and running, your focus naturally shifts to increasing efficiency. The small things you do to ","After your business is up and running, your focus naturally shifts to increasing efficiency. The small things you do to  make sure your business runs smoothly, such as streamlining processes, delegating tasks, and using technology to streamline tasks, are all crucial for your success. In this post, we’ll discuss some of the most effective ways to increase your business efficiency.
1. Identify and Automate Repetitive Tasks
Look for tasks that are repetitive and can be automated, such as invoicing, data entry, or social media scheduling. Using software tools like Zapier, IFTTT, or automation platforms like Hubspot can help you streamline these tasks and free up more time for high-priority activities.
2. Simplify Your Processes
Streamline"," make sure your business runs smoothly, such as streamlining processes, delegating tasks, and using technology to streamline tasks, are all crucial for your success. In this post, we’ll discuss some of the most effective ways to increase your business efficiency.
1. Identify and Automate Repetitive Tasks
Look for tasks that are repetitive and can be automated, such as invoicing, data entry, or social media scheduling. Using software tools like Zapier, IFTTT, or automation platforms like Hubspot can help you streamline these tasks and free up more time for high-priority activities.
2. Simplify Your Processes
Streamline","{""do_sample"": true, ""temperature"": 1.0, ""top_p"": 0.95, ""top_k"": 50, ""repetition_penalty"": 1.0, ""max_new_tokens"": 128}"
hf.generate,0,0,1412,178,178,"(Trinidad Guardian) It has been 42 days since Gan­gad­har Hanooman, 49, has been miss­ing and rel­a­tives in re­new­ing their calls ","(Trinidad Guardian) It has been 42 days since Gan­gad­har Hanooman, 49, has been miss­ing and rel­a­tives in re­new­ing their calls  for as­sis­tance from the po­lice to find the in­dicted busi­ness­man.
Hanooman, who was last seen leav­ing his of­fice in Mar­aval on May 21, was ar­rest­ed in 2016 and charged with fraud and was in the pro­cess of await­ing tri­al.
How­ev­er, rel­a­tives claim that he was be­hav­ing strange­ly and had been get­ting threats be­fore his dis­ap­pear­ance.
In a state­ment yes­"," for as­sis­tance from the po­lice to find the in­dicted busi­ness­man.
Hanooman, who was last seen leav­ing his of­fice in Mar­aval on May 21, was ar­rest­ed in 2016 and charged with fraud and was in the pro­cess of await­ing tri­al.
How­ev­er, rel­a­tives claim that he was be­hav­ing strange­ly and had been get­ting threats be­fore his dis­ap­pear­ance.
In a state­ment yes­","{""do_sample"": true, ""temperature"": 1.0, ""top_p"": 0.95, ""top_k"": 50, ""repetition_penalty"": 1.0, ""max_new_tokens"": 128}"
hf.generate,0,0,1414,180,180,"Maureen Hancock is an internationally renowned Spirit Medium, intuitive, teacher, lecturer, Holistic Healer, and author of the bestselling book, “The ","Maureen Hancock is an internationally renowned Spirit Medium, intuitive, teacher, lecturer, Holistic Healer, and author of the bestselling book, “The 5 Things That Cause Emotional Pain.” For over 25 years, Maureen has been helping individuals connect with the spirit world, resolve unfinished business, and find peace, healing, and closure.
Maureen's spiritual journey began at a very young age, and she has always been sensitive to the spiritual realm. She has had numerous experiences throughout her life that have led her to develop her psychic abilities, including communicating with the dead, seeing and feeling spirits, and receiving messages from the other side.

Maureen is the host of the popular TV show, ""The Dead Files"" on Travel Channel, where she shares her unique insight and expertise with viewers","5 Things That Cause Emotional Pain.” For over 25 years, Maureen has been helping individuals connect with the spirit world, resolve unfinished business, and find peace, healing, and closure.
Maureen's spiritual journey began at a very young age, and she has always been sensitive to the spiritual realm. She has had numerous experiences throughout her life that have led her to develop her psychic abilities, including communicating with the dead, seeing and feeling spirits, and receiving messages from the other side.

Maureen is the host of the popular TV show, ""The Dead Files"" on Travel Channel, where she shares her unique insight and expertise with viewers","{""do_sample"": true, ""temperature"": 1.0, ""top_p"": 0.95, ""top_k"": 50, ""repetition_penalty"": 1.0, ""max_new_tokens"": 128}"
hf.generate,0,0,1416,182,182,"Samoas and Thin Mints and Tagalongs, oh my! It's time to celebrate those little cookies that make diets shut right ","Samoas and Thin Mints and Tagalongs, oh my! It's time to celebrate those little cookies that make diets shut right 6 months a year. Join us for a fun night of Girl Scout Cookie Bingo and a silent auction featuring all sorts of cookie-themed goodies. Proceeds benefit the Girl Scouts of Northeast Ohio. See you there! Thursday, March 14, 2019 6:00 PM - 9:00 PM The Holiday Inn Express, Westlake, OH 436 Crocker Park Blvd, Westlake, OH 44145 $10 in advance, $15 at the door, children under 12 are free. RSVP by March 8th to let us know you're coming! Contact: Karen at [kschuler@gsneo","6 months a year. Join us for a fun night of Girl Scout Cookie Bingo and a silent auction featuring all sorts of cookie-themed goodies. Proceeds benefit the Girl Scouts of Northeast Ohio. See you there! Thursday, March 14, 2019 6:00 PM - 9:00 PM The Holiday Inn Express, Westlake, OH 436 Crocker Park Blvd, Westlake, OH 44145 $10 in advance, $15 at the door, children under 12 are free. RSVP by March 8th to let us know you're coming! Contact: Karen at [kschuler@gsneo","{""do_sample"": true, ""temperature"": 1.0, ""top_p"": 0.95, ""top_k"": 50, ""repetition_penalty"": 1.0, ""max_new_tokens"": 128}"
hf.generate,0,0,1418,184,184,"If it were ever possible to cram all the glittering boy-meets-girl, high-school-love-story stereotypes into one movie, A Cinderella Story does ","If it were ever possible to cram all the glittering boy-meets-girl, high-school-love-story stereotypes into one movie, A Cinderella Story does 95% of the heavy lifting. Hilary Duff and Chad Michael Murray star as Sam (Cinderella) Montgomery, the lovable but awkward teenager, and Austin Ames, the popular but troubled high school athlete. It's a perfect storm of love, misunderstandings, and wacky misadventures.
Sam and Austin have their eyes on each other, but their differences, social cliques, and awkward misunderstandings keep them apart. Sam's best friend, Carter (Madeline Zima), tries to help Sam win Austin's heart, but her meddling only gets in the way. Meanwhile, Austin's ex, Brianna (","95% of the heavy lifting. Hilary Duff and Chad Michael Murray star as Sam (Cinderella) Montgomery, the lovable but awkward teenager, and Austin Ames, the popular but troubled high school athlete. It's a perfect storm of love, misunderstandings, and wacky misadventures.
Sam and Austin have their eyes on each other, but their differences, social cliques, and awkward misunderstandings keep them apart. Sam's best friend, Carter (Madeline Zima), tries to help Sam win Austin's heart, but her meddling only gets in the way. Meanwhile, Austin's ex, Brianna (","{""do_sample"": true, ""temperature"": 1.0, ""top_p"": 0.95, ""top_k"": 50, ""repetition_penalty"": 1.0, ""max_new_tokens"": 128}"
hf.generate,0,0,1420,186,186,Readers may be familiar with the fundamental changes that took place in the Roman world as it converted from paganism ,"Readers may be familiar with the fundamental changes that took place in the Roman world as it converted from paganism  to Christianity. The conversion was a gradual process that began in the 2nd century AD and did not fully take place until the 5th century AD. Here's an overview of the major events and developments that led to the conversion of the Roman world:

1. The Early Church (1st century AD): The Christian Church, founded by Jesus Christ, began to spread rapidly throughout the Mediterranean world. The early Church was a Jewish sect, and its followers believed in Jesus as the Messiah. The Church's early leaders, such as Peter, Paul, and John, played a significant role in spreading Christianity to the Gentiles (non"," to Christianity. The conversion was a gradual process that began in the 2nd century AD and did not fully take place until the 5th century AD. Here's an overview of the major events and developments that led to the conversion of the Roman world:

1. The Early Church (1st century AD): The Christian Church, founded by Jesus Christ, began to spread rapidly throughout the Mediterranean world. The early Church was a Jewish sect, and its followers believed in Jesus as the Messiah. The Church's early leaders, such as Peter, Paul, and John, played a significant role in spreading Christianity to the Gentiles (non","{""do_sample"": true, ""temperature"": 1.0, ""top_p"": 0.95, ""top_k"": 50, ""repetition_penalty"": 1.0, ""max_new_tokens"": 128}"
hf.generate,0,0,1422,188,188,"A spokesman for the Red Crescent, Mahmoud al-Saadi, said Israeli forces opened fire on two young men who were traveling ","A spokesman for the Red Crescent, Mahmoud al-Saadi, said Israeli forces opened fire on two young men who were traveling 300 meters (1,000 feet) into the border area from the besieged Gaza Strip.
The Israeli army said in a statement that it had targeted two men who were ""approaching the border fence"" and had shot at them. It said one of the men was seriously injured and the other was lightly hurt.
The Gaza health ministry said the two men, aged 22 and 25, were taken to hospital with gunshot wounds. The 22-year-old was reportedly in critical condition.
The incident is the latest in a series of border clashes between Palestinian protesters and Israeli forces in recent months.
Since March, thousands of Palestinians have taken part","300 meters (1,000 feet) into the border area from the besieged Gaza Strip.
The Israeli army said in a statement that it had targeted two men who were ""approaching the border fence"" and had shot at them. It said one of the men was seriously injured and the other was lightly hurt.
The Gaza health ministry said the two men, aged 22 and 25, were taken to hospital with gunshot wounds. The 22-year-old was reportedly in critical condition.
The incident is the latest in a series of border clashes between Palestinian protesters and Israeli forces in recent months.
Since March, thousands of Palestinians have taken part","{""do_sample"": true, ""temperature"": 1.0, ""top_p"": 0.95, ""top_k"": 50, ""repetition_penalty"": 1.0, ""max_new_tokens"": 128}"
hf.generate,0,0,1424,190,190,"Can Container Store Start 2015 on a Positive Note? In 2014, it was hard to find bad-performing stocks, as the ","Can Container Store Start 2015 on a Positive Note? In 2014, it was hard to find bad-performing stocks, as the 2013-2014 bull run made even the most struggling companies look good. However, Container Store (TCS) was one of the exceptions, as it lost 28.6% of its value during the year. In this article, I will evaluate the company's prospects for the upcoming year and discuss whether it can start 2015 on a positive note. In Q4 2014, The Container Store reported disappointing revenue of $266.8 million, which fell short of analysts' estimates. Net sales declined 2.4% year-over-year, due to lower traffic and increased competition. The company's same-store sales","2013-2014 bull run made even the most struggling companies look good. However, Container Store (TCS) was one of the exceptions, as it lost 28.6% of its value during the year. In this article, I will evaluate the company's prospects for the upcoming year and discuss whether it can start 2015 on a positive note. In Q4 2014, The Container Store reported disappointing revenue of $266.8 million, which fell short of analysts' estimates. Net sales declined 2.4% year-over-year, due to lower traffic and increased competition. The company's same-store sales","{""do_sample"": true, ""temperature"": 1.0, ""top_p"": 0.95, ""top_k"": 50, ""repetition_penalty"": 1.0, ""max_new_tokens"": 128}"
hf.generate,0,0,1426,192,192,Packed WonderCon panel brings out stars and exclusive sneak peeks. Footage shown at WonderCon reveals what iconic monster looks like ,"Packed WonderCon panel brings out stars and exclusive sneak peeks. Footage shown at WonderCon reveals what iconic monster looks like 30 feet tall.
By Ian Freer on April 2, 2017
This article originally appeared in the April 2017 issue of Sci-Fi Wire.
At WonderCon 2017, Legendary Pictures and Warner Bros. Pictures brought out the big guns for their highly anticipated MonsterVerse franchise, which started with 2014’s Godzilla and continued with 2016’s Kong: Skull Island. The packed panel featured the cast and crew of the upcoming MonsterVerse film, Godzilla: King of the Monsters, as well as exclusive sneak peeks and behind-the-scenes footage.
In attendance were director Michael Dougherty (Gods and Monsters,","30 feet tall.
By Ian Freer on April 2, 2017
This article originally appeared in the April 2017 issue of Sci-Fi Wire.
At WonderCon 2017, Legendary Pictures and Warner Bros. Pictures brought out the big guns for their highly anticipated MonsterVerse franchise, which started with 2014’s Godzilla and continued with 2016’s Kong: Skull Island. The packed panel featured the cast and crew of the upcoming MonsterVerse film, Godzilla: King of the Monsters, as well as exclusive sneak peeks and behind-the-scenes footage.
In attendance were director Michael Dougherty (Gods and Monsters,","{""do_sample"": true, ""temperature"": 1.0, ""top_p"": 0.95, ""top_k"": 50, ""repetition_penalty"": 1.0, ""max_new_tokens"": 128}"
hf.generate,0,0,1428,194,194,10 diversity items for June 29: Unemployment up in most U.S. cities; Pew report shows diversity of U.S. Hispanics and ,"10 diversity items for June 29: Unemployment up in most U.S. cities; Pew report shows diversity of U.S. Hispanics and 9 more diversity items for June 29
Here are 10 diversity items for June 29:
1. Unemployment up in most U.S. cities: According to the latest data from the Bureau of Labor Statistics, unemployment rates increased in most U.S. cities in May, with the largest gains in cities with high levels of poverty and unemployment. The data shows that unemployment rates rose in 88 of the 102 metropolitan areas with available data. (Source: Bureau of Labor Statistics)
2. Pew report shows diversity of U.S. Hispanics: A new report from the Pew Research Center finds that the U.S. Hispanic population is becoming","9 more diversity items for June 29
Here are 10 diversity items for June 29:
1. Unemployment up in most U.S. cities: According to the latest data from the Bureau of Labor Statistics, unemployment rates increased in most U.S. cities in May, with the largest gains in cities with high levels of poverty and unemployment. The data shows that unemployment rates rose in 88 of the 102 metropolitan areas with available data. (Source: Bureau of Labor Statistics)
2. Pew report shows diversity of U.S. Hispanics: A new report from the Pew Research Center finds that the U.S. Hispanic population is becoming","{""do_sample"": true, ""temperature"": 1.0, ""top_p"": 0.95, ""top_k"": 50, ""repetition_penalty"": 1.0, ""max_new_tokens"": 128}"
hf.generate,0,0,1430,196,196,"Urban, born Jacques Pantaléon in Troyes c. 1200, was elected to the papacy in 1261. He studied canon law at ","Urban, born Jacques Pantaléon in Troyes c. 1200, was elected to the papacy in 1261. He studied canon law at 12 and was soon drawn into the papal administration. He became papal legate in 1239 and spent much of his life in diplomatic and administrative roles. He was known for his ability to balance power and politics, maintaining relationships with both the Holy Roman Emperor and the King of France.
Urban's papacy was marked by several significant events. In 1263, he issued the papal bull ""Ezcie populo,"" which called for the reconquest of the Holy Land and the crusade against the Mongols. He also issued the papal bull ""Licet ecclesiae catholicae"" in 126","12 and was soon drawn into the papal administration. He became papal legate in 1239 and spent much of his life in diplomatic and administrative roles. He was known for his ability to balance power and politics, maintaining relationships with both the Holy Roman Emperor and the King of France.
Urban's papacy was marked by several significant events. In 1263, he issued the papal bull ""Ezcie populo,"" which called for the reconquest of the Holy Land and the crusade against the Mongols. He also issued the papal bull ""Licet ecclesiae catholicae"" in 126","{""do_sample"": true, ""temperature"": 1.0, ""top_p"": 0.95, ""top_k"": 50, ""repetition_penalty"": 1.0, ""max_new_tokens"": 128}"
hf.generate,0,0,1432,198,198,"AMC Networks Earnings Beat Estimates, CEO Says 'Walking Dead' Franchise ""Will Have a Long Life"" AMC Networks on Thursday reported ","AMC Networks Earnings Beat Estimates, CEO Says 'Walking Dead' Franchise ""Will Have a Long Life"" AMC Networks on Thursday reported 2Q earnings that beat estimates, with a revenue increase of 11.5% year-over-year to $789.3 million. The company attributed the gain to strong performance in its AMC Studios, Acorn TV, and Sundance Now streaming services, as well as growth in its National Networks segment, which includes AMC, IFC, WE tv, and BBC America. Net income for the quarter rose 22.4% to $144.1 million, or $1.14 per share, surpassing estimates of $1.09 per share, according to Refinitiv. CEO Josh Sapan called the performance “a testament","2Q earnings that beat estimates, with a revenue increase of 11.5% year-over-year to $789.3 million. The company attributed the gain to strong performance in its AMC Studios, Acorn TV, and Sundance Now streaming services, as well as growth in its National Networks segment, which includes AMC, IFC, WE tv, and BBC America. Net income for the quarter rose 22.4% to $144.1 million, or $1.14 per share, surpassing estimates of $1.09 per share, according to Refinitiv. CEO Josh Sapan called the performance “a testament","{""do_sample"": true, ""temperature"": 1.0, ""top_p"": 0.95, ""top_k"": 50, ""repetition_penalty"": 1.0, ""max_new_tokens"": 128}"
