algo,delta,device,seed,prompt_index,prompt_id,prompt_text,full_text,continuation_text,gen_params_json
kgw,1.0,0,1234,0,0,"After the martyrdom of St. Boniface, Vergilius was made Bishop of Salzburg (766 or 767) and laboured successfully for the ","After the martyrdom of St. Boniface, Vergilius was made Bishop of Salzburg (766 or 767) and laboured successfully for the 17th of September 15th, to 10th day after the feast day. The feast of St. Vergilius is celebrated on the 10th day after St. Boniface. This feast day is on November 5th.
St. Vergilius is patron of the city of Salzburg and the Diocese of Salzburg. His feast is celebrated by the Catholic Church on November 5th. His relics are venerated in the Salzburg Cathedral.
St. Vergilius was known for his strong support of the poor and the weak, and for his defense of the rights of the Church. He worked tirelessly","17th of September 15th, to 10th day after the feast day. The feast of St. Vergilius is celebrated on the 10th day after St. Boniface. This feast day is on November 5th.
St. Vergilius is patron of the city of Salzburg and the Diocese of Salzburg. His feast is celebrated by the Catholic Church on November 5th. His relics are venerated in the Salzburg Cathedral.
St. Vergilius was known for his strong support of the poor and the weak, and for his defense of the rights of the Church. He worked tirelessly","{""do_sample"": true, ""temperature"": 1.0, ""top_p"": 0.95, ""top_k"": 50, ""repetition_penalty"": 1.0, ""max_new_tokens"": 128}"
kgw,1.0,0,1236,2,2,"8i announced today it has launched a web player, the 8i Portal, for its volumetric 3D video of people in ","8i announced today it has launched a web player, the 8i Portal, for its volumetric 3D video of people in 3D virtual spaces. The 8i Portal is a new platform that allows users to watch and interact with 8i’s volumetric 3D videos in a web browser, without the need for a VR headset.
With the 8i Portal, users can watch, interact with, and even jump into virtual conversations with people and characters in 3D virtual spaces. The web player uses a combination of computer vision, machine learning, and web technologies to render the 3D video content in the user’s browser.
The 8i Portal is designed to be highly immersive and interactive, with features such as:
Live, ","3D virtual spaces. The 8i Portal is a new platform that allows users to watch and interact with 8i’s volumetric 3D videos in a web browser, without the need for a VR headset.
With the 8i Portal, users can watch, interact with, and even jump into virtual conversations with people and characters in 3D virtual spaces. The web player uses a combination of computer vision, machine learning, and web technologies to render the 3D video content in the user’s browser.
The 8i Portal is designed to be highly immersive and interactive, with features such as:
Live, ","{""do_sample"": true, ""temperature"": 1.0, ""top_p"": 0.95, ""top_k"": 50, ""repetition_penalty"": 1.0, ""max_new_tokens"": 128}"
kgw,1.0,0,1238,4,4,"Karl Kispert, principal of cyber and information security, has more than 28 years of experience in selling, managing and delivering ","Karl Kispert, principal of cyber and information security, has more than 28 years of experience in selling, managing and delivering  IT security solutions for Fortune 500 companies, startups and government agencies. Prior to his current role at IBM, Kispert was a principal at PwC where he helped clients address their IT security challenges. He has also held leadership positions at other major IT consulting firms, including Accenture and Deloitte. Kispert holds a Bachelor's degree in Computer Science from University of Massachusetts at Amherst and a Master's degree in Business Administration from University of Rhode Island. He has also completed the Advanced Management Program at Harvard Business School.
Karl Kispert, principal of cyber and information security, has more than 28 years"," IT security solutions for Fortune 500 companies, startups and government agencies. Prior to his current role at IBM, Kispert was a principal at PwC where he helped clients address their IT security challenges. He has also held leadership positions at other major IT consulting firms, including Accenture and Deloitte. Kispert holds a Bachelor's degree in Computer Science from University of Massachusetts at Amherst and a Master's degree in Business Administration from University of Rhode Island. He has also completed the Advanced Management Program at Harvard Business School.
Karl Kispert, principal of cyber and information security, has more than 28 years","{""do_sample"": true, ""temperature"": 1.0, ""top_p"": 0.95, ""top_k"": 50, ""repetition_penalty"": 1.0, ""max_new_tokens"": 128}"
kgw,1.0,0,1240,6,6,"Shania Twain expected to break the charts with new album NOW! Even after a 15-year hiatus, she’s still the one! ","Shania Twain expected to break the charts with new album NOW! Even after a 15-year hiatus, she’s still the one! 2023-03-08
Shania Twain announced the release of her new album, ""Now,"" in June 2023, and fans are eagerly awaiting its arrival. The 15-year gap between this album and her previous one has generated significant interest and anticipation.
Twain, known as the ""Queen of Country Pop,"" has always been a force to be reckoned with in the music industry. Her new album promises to deliver the same blend of catchy pop and country that made her a household name in the late 1990s and early 2000s.

The album, ""Now,"" is a reflection of Twain","2023-03-08
Shania Twain announced the release of her new album, ""Now,"" in June 2023, and fans are eagerly awaiting its arrival. The 15-year gap between this album and her previous one has generated significant interest and anticipation.
Twain, known as the ""Queen of Country Pop,"" has always been a force to be reckoned with in the music industry. Her new album promises to deliver the same blend of catchy pop and country that made her a household name in the late 1990s and early 2000s.

The album, ""Now,"" is a reflection of Twain","{""do_sample"": true, ""temperature"": 1.0, ""top_p"": 0.95, ""top_k"": 50, ""repetition_penalty"": 1.0, ""max_new_tokens"": 128}"
kgw,1.0,0,1242,8,8,A blind man in his 60s is searching for the young man who pulled him back from an approaching train ,"A blind man in his 60s is searching for the young man who pulled him back from an approaching train 20 years ago. He believes this will help him get his life back on track. With the help of his grandson, he travels the country in search of the young man, but the journey takes an unexpected turn when he discovers a dark secret from his past that could change everything.
Genre: Adventure, Comedy, Drama
Casts: Anthony Hopkins, Stanley Tucci, Colin Farrell, Sullivan Stapleton, Dianne Wiest, Kaitlyn Dever
Production Company: Film4 Productions, Black Bear Pictures, Faliro House Productions, Endeavor Content
Producer: Aaron Ryder, Ed Galvin, Finn Caldwell, Marc Schmid","20 years ago. He believes this will help him get his life back on track. With the help of his grandson, he travels the country in search of the young man, but the journey takes an unexpected turn when he discovers a dark secret from his past that could change everything.
Genre: Adventure, Comedy, Drama
Casts: Anthony Hopkins, Stanley Tucci, Colin Farrell, Sullivan Stapleton, Dianne Wiest, Kaitlyn Dever
Production Company: Film4 Productions, Black Bear Pictures, Faliro House Productions, Endeavor Content
Producer: Aaron Ryder, Ed Galvin, Finn Caldwell, Marc Schmid","{""do_sample"": true, ""temperature"": 1.0, ""top_p"": 0.95, ""top_k"": 50, ""repetition_penalty"": 1.0, ""max_new_tokens"": 128}"
kgw,1.0,0,1244,10,10,This month some important Walmart news did not get the attention it deserved. The news wasn't some flashy announcement about ,"This month some important Walmart news did not get the attention it deserved. The news wasn't some flashy announcement about 1,000 new jobs or a fancy new technology pilot. Instead, Walmart quietly made a significant commitment to its associates and the communities it serves.

In early February, Walmart announced that it would be increasing its starting wage for U.S. hourly employees to $11.00 per hour. This change applies to the company's 425,000 U.S. hourly workers, including those in its stores, warehouses, and transportation centers.

This wage increase is a big deal for several reasons. First, it's a significant investment in the well-being of Walmart's associates. A higher starting wage means that more workers will be able to earn a living","1,000 new jobs or a fancy new technology pilot. Instead, Walmart quietly made a significant commitment to its associates and the communities it serves.

In early February, Walmart announced that it would be increasing its starting wage for U.S. hourly employees to $11.00 per hour. This change applies to the company's 425,000 U.S. hourly workers, including those in its stores, warehouses, and transportation centers.

This wage increase is a big deal for several reasons. First, it's a significant investment in the well-being of Walmart's associates. A higher starting wage means that more workers will be able to earn a living","{""do_sample"": true, ""temperature"": 1.0, ""top_p"": 0.95, ""top_k"": 50, ""repetition_penalty"": 1.0, ""max_new_tokens"": 128}"
kgw,1.0,0,1246,12,12,The Linux kernel now includes everything that is needed to use 3D acceleration with all GeForce graphics chips. Drivers have ,"The Linux kernel now includes everything that is needed to use 3D acceleration with all GeForce graphics chips. Drivers have 3D acceleration. I have tried using the drivers, and they seem to work fine. I have tested them. For those.
Jun 26, 2015 · NVIDIA GeForce Graphics Driver for Linux is designed for Linux operating systems and provides support for NVIDIA graphics cards. It is a free update and is available for download from the official NVIDIA website.
The Linux kernel now includes everything that is needed to use 3D acceleration with all GeForce graphics chips. Drivers have 3D acceleration. I have tried using the drivers, and they seem to work fine. I have tested them. For those who.
Jun 26, 2015","3D acceleration. I have tried using the drivers, and they seem to work fine. I have tested them. For those.
Jun 26, 2015 · NVIDIA GeForce Graphics Driver for Linux is designed for Linux operating systems and provides support for NVIDIA graphics cards. It is a free update and is available for download from the official NVIDIA website.
The Linux kernel now includes everything that is needed to use 3D acceleration with all GeForce graphics chips. Drivers have 3D acceleration. I have tried using the drivers, and they seem to work fine. I have tested them. For those who.
Jun 26, 2015","{""do_sample"": true, ""temperature"": 1.0, ""top_p"": 0.95, ""top_k"": 50, ""repetition_penalty"": 1.0, ""max_new_tokens"": 128}"
kgw,1.0,0,1248,14,14,Last summer I took a cross-country road trip with a group of people driving different types of electric vehicles. It ,"Last summer I took a cross-country road trip with a group of people driving different types of electric vehicles. It 2019 had been a banner year for EV adoption, and I was excited to put our own EVs to the test on a long road trip. We planned a route that would take us through the US, with stops in some of the country’s most iconic cities.
As we set out, we had a mix of vehicles, including a Tesla Model S, a Chevrolet Bolt, a Nissan Leaf, and a Hyundai Kona Electric. We had also planned to test out different charging systems and compare the pros and cons of each.
The trip was a resounding success. We covered thousands of miles, visiting many of the US’s most popular","2019 had been a banner year for EV adoption, and I was excited to put our own EVs to the test on a long road trip. We planned a route that would take us through the US, with stops in some of the country’s most iconic cities.
As we set out, we had a mix of vehicles, including a Tesla Model S, a Chevrolet Bolt, a Nissan Leaf, and a Hyundai Kona Electric. We had also planned to test out different charging systems and compare the pros and cons of each.
The trip was a resounding success. We covered thousands of miles, visiting many of the US’s most popular","{""do_sample"": true, ""temperature"": 1.0, ""top_p"": 0.95, ""top_k"": 50, ""repetition_penalty"": 1.0, ""max_new_tokens"": 128}"
kgw,1.0,0,1250,16,16,"According to Variety, one of the movies about the 1973 tennis match between Billie Jean King and Bobby Riggs is ","According to Variety, one of the movies about the 1973 tennis match between Billie Jean King and Bobby Riggs is 38 Weeks and 2 Days away from being a reality. The film, titled ""Battle of the Sexes,"" is a biographical sports drama directed by Valerie Faris and Jonathan Dayton, and it stars Emma Stone as Billie Jean King and Steve Carell as Bobby Riggs.
""Battle of the Sexes"" is about the infamous match between King and Riggs, a self-proclaimed ""male chauvinist pig,"" who challenged King to a match on the tennis court. The event was a cultural phenomenon, sparking a national conversation about sexism, feminism, and the roles of men and women in society.
In addition to Stone","38 Weeks and 2 Days away from being a reality. The film, titled ""Battle of the Sexes,"" is a biographical sports drama directed by Valerie Faris and Jonathan Dayton, and it stars Emma Stone as Billie Jean King and Steve Carell as Bobby Riggs.
""Battle of the Sexes"" is about the infamous match between King and Riggs, a self-proclaimed ""male chauvinist pig,"" who challenged King to a match on the tennis court. The event was a cultural phenomenon, sparking a national conversation about sexism, feminism, and the roles of men and women in society.
In addition to Stone","{""do_sample"": true, ""temperature"": 1.0, ""top_p"": 0.95, ""top_k"": 50, ""repetition_penalty"": 1.0, ""max_new_tokens"": 128}"
kgw,1.0,0,1252,18,18,"Politico, which broke the PR story, reports, “The group circulated a memo to reporters and producers late Monday that discouraged ","Politico, which broke the PR story, reports, “The group circulated a memo to reporters and producers late Monday that discouraged 14 prominent lawmakers, including Democrats and Republicans, from speaking with news organizations.” The memo reportedly highlighted concerns about the “media’s role in shaping public opinion” and noted that “many members are frustrated with the lack of balance in media coverage.”
According to a source familiar with the memo, the letter asked lawmakers to think twice before doing interviews, citing concerns that the media would “take their words out of context, twist their words or put words in their mouths.” The memo also suggested that lawmakers could be “misrepresented or misunderstood” by reporters and producers, and that they should be aware of the “consequences” of speaking to the media","14 prominent lawmakers, including Democrats and Republicans, from speaking with news organizations.” The memo reportedly highlighted concerns about the “media’s role in shaping public opinion” and noted that “many members are frustrated with the lack of balance in media coverage.”
According to a source familiar with the memo, the letter asked lawmakers to think twice before doing interviews, citing concerns that the media would “take their words out of context, twist their words or put words in their mouths.” The memo also suggested that lawmakers could be “misrepresented or misunderstood” by reporters and producers, and that they should be aware of the “consequences” of speaking to the media","{""do_sample"": true, ""temperature"": 1.0, ""top_p"": 0.95, ""top_k"": 50, ""repetition_penalty"": 1.0, ""max_new_tokens"": 128}"
kgw,1.0,0,1254,20,20,MAMADOU SAKHO remains unavailable for selection for Liverpool's Europa League semi-final first leg clash with Villarreal in Spain on Thursday ,"MAMADOU SAKHO remains unavailable for selection for Liverpool's Europa League semi-final first leg clash with Villarreal in Spain on Thursday 28th April.
The French international defender picked up a five-match ban for spitting at Manchester United's Chris Smalling during their Premier League clash on March 10th.
The ban does not apply to European competitions but Sakho will miss the Europa League tie as he has not yet served his full suspension.
Brendan Rodgers has no other major injury concerns ahead of the trip to El Madrigal, with Jordan Henderson, Jon Flanagan and Raheem Sterling all fit and available for selection.
Henderson has been struggling with a knock but is set to recover in time to feature in the crucial match, while Flanagan and","28th April.
The French international defender picked up a five-match ban for spitting at Manchester United's Chris Smalling during their Premier League clash on March 10th.
The ban does not apply to European competitions but Sakho will miss the Europa League tie as he has not yet served his full suspension.
Brendan Rodgers has no other major injury concerns ahead of the trip to El Madrigal, with Jordan Henderson, Jon Flanagan and Raheem Sterling all fit and available for selection.
Henderson has been struggling with a knock but is set to recover in time to feature in the crucial match, while Flanagan and","{""do_sample"": true, ""temperature"": 1.0, ""top_p"": 0.95, ""top_k"": 50, ""repetition_penalty"": 1.0, ""max_new_tokens"": 128}"
kgw,1.0,0,1256,22,22,"MK Moshe Feiglin in a Knesset committee meeting, next to MK Ahmad Tibi, in 2014. It appears Feiglin is on ","MK Moshe Feiglin in a Knesset committee meeting, next to MK Ahmad Tibi, in 2014. It appears Feiglin is on  right wing’s anti-‘left’ crusade, aiming to eliminate any opposition to his vision for Israel.
MK Moshe Feiglin, an Israeli politician from the right-wing Likud party, recently stated that he intends to eliminate the opposition to his vision for Israel by eliminating the left-wing opposition in the Knesset.
Feiglin, who served as the Director General of the Likud party and was a candidate for the party's leadership in 2012, has long been known for his extreme right-wing views and anti-Arab sentiments.
In an interview with the Israeli news website NRG, Feiglin said that"," right wing’s anti-‘left’ crusade, aiming to eliminate any opposition to his vision for Israel.
MK Moshe Feiglin, an Israeli politician from the right-wing Likud party, recently stated that he intends to eliminate the opposition to his vision for Israel by eliminating the left-wing opposition in the Knesset.
Feiglin, who served as the Director General of the Likud party and was a candidate for the party's leadership in 2012, has long been known for his extreme right-wing views and anti-Arab sentiments.
In an interview with the Israeli news website NRG, Feiglin said that","{""do_sample"": true, ""temperature"": 1.0, ""top_p"": 0.95, ""top_k"": 50, ""repetition_penalty"": 1.0, ""max_new_tokens"": 128}"
kgw,1.0,0,1258,24,24,"What’s the news? A couple of weeks ago, Instagram promised you’d be able to download your data from its servers. ","What’s the news? A couple of weeks ago, Instagram promised you’d be able to download your data from its servers. 2 days ago, Facebook launched a new app called “Facebook Portal” – a smart display device that can recognize and follow you around your home (a la Amazon Echo Show or Google Home Hub). The device also integrates with other Facebook services and lets you make voice calls. Facebook has been facing scrutiny over the past few years regarding its data collection practices, and this move seems to be a significant step towards creating more personal and interactive experiences using the data it has collected. What are your thoughts on this? Should Facebook be allowed to use your data for such purposes? Let us know! #Facebook #DataPrivacy #SmartHome #Portal #In","2 days ago, Facebook launched a new app called “Facebook Portal” – a smart display device that can recognize and follow you around your home (a la Amazon Echo Show or Google Home Hub). The device also integrates with other Facebook services and lets you make voice calls. Facebook has been facing scrutiny over the past few years regarding its data collection practices, and this move seems to be a significant step towards creating more personal and interactive experiences using the data it has collected. What are your thoughts on this? Should Facebook be allowed to use your data for such purposes? Let us know! #Facebook #DataPrivacy #SmartHome #Portal #In","{""do_sample"": true, ""temperature"": 1.0, ""top_p"": 0.95, ""top_k"": 50, ""repetition_penalty"": 1.0, ""max_new_tokens"": 128}"
kgw,1.0,0,1260,26,26,"So you might ask yourself, “What is going on?” How can things be so bad that educators feel the need ","So you might ask yourself, “What is going on?” How can things be so bad that educators feel the need  to leave the profession? In this article, I will attempt to answer your question by discussing some of the reasons why educators are leaving the profession in droves.
Reasons for Leaving the Profession
There are several reasons why educators are leaving the profession, and they can be categorized into several areas.
1. Student Behavior and Misconduct: One of the main reasons why educators are leaving the profession is due to the increasingly poor behavior and misconduct of students. This can include anything from disrespect, disruptions in class, and even physical attacks. Educators are finding it difficult to maintain a safe and respectful learning environment, which can be emotionally draining and"," to leave the profession? In this article, I will attempt to answer your question by discussing some of the reasons why educators are leaving the profession in droves.
Reasons for Leaving the Profession
There are several reasons why educators are leaving the profession, and they can be categorized into several areas.
1. Student Behavior and Misconduct: One of the main reasons why educators are leaving the profession is due to the increasingly poor behavior and misconduct of students. This can include anything from disrespect, disruptions in class, and even physical attacks. Educators are finding it difficult to maintain a safe and respectful learning environment, which can be emotionally draining and","{""do_sample"": true, ""temperature"": 1.0, ""top_p"": 0.95, ""top_k"": 50, ""repetition_penalty"": 1.0, ""max_new_tokens"": 128}"
kgw,1.0,0,1262,28,28,Come test your luck on the best slot machine app in the app store. Great graphics make this app so ,"Come test your luck on the best slot machine app in the app store. Great graphics make this app so 4 stars. Casino slot games, free slot machine games, best casino apps for Android, iOS, iPhone, iPad, Android. Casino slot machine games are the most thrilling casino games for your Android, iOS, or Windows mobile. Top slots apps, slot machine apps free, best slot machine games online. Best mobile slots apps for Android, iOS, and Windows devices. You can download these apps for free.
Here are the top casino slot machine games on your mobile devices:
1. House of Fun – Slots
It is a popular free-to-play slot machine game with stunning graphics. Over 120 games to choose from.
2. Slot","4 stars. Casino slot games, free slot machine games, best casino apps for Android, iOS, iPhone, iPad, Android. Casino slot machine games are the most thrilling casino games for your Android, iOS, or Windows mobile. Top slots apps, slot machine apps free, best slot machine games online. Best mobile slots apps for Android, iOS, and Windows devices. You can download these apps for free.
Here are the top casino slot machine games on your mobile devices:
1. House of Fun – Slots
It is a popular free-to-play slot machine game with stunning graphics. Over 120 games to choose from.
2. Slot","{""do_sample"": true, ""temperature"": 1.0, ""top_p"": 0.95, ""top_k"": 50, ""repetition_penalty"": 1.0, ""max_new_tokens"": 128}"
kgw,1.0,0,1264,30,30,"(HOST) As the season for summer blockbuster movies about super heroes and rings of power approaches, commentator Willem Lange is ","(HOST) As the season for summer blockbuster movies about super heroes and rings of power approaches, commentator Willem Lange is  thinking about the best of the best - movies that have truly stood the test of time. Today, he takes a look at the top ten films of all time.
(LANGE) Ah, the top ten films of all time! A daunting task, to say the least. But, having seen and re-seen many of the greats, I've come up with a list that I think stands the test of time. Now, I know some of you are going to disagree, and that's okay. But here are my top ten films, in no particular order:
Citizen Kane (1941) - Orson Welles"," thinking about the best of the best - movies that have truly stood the test of time. Today, he takes a look at the top ten films of all time.
(LANGE) Ah, the top ten films of all time! A daunting task, to say the least. But, having seen and re-seen many of the greats, I've come up with a list that I think stands the test of time. Now, I know some of you are going to disagree, and that's okay. But here are my top ten films, in no particular order:
Citizen Kane (1941) - Orson Welles","{""do_sample"": true, ""temperature"": 1.0, ""top_p"": 0.95, ""top_k"": 50, ""repetition_penalty"": 1.0, ""max_new_tokens"": 128}"
kgw,1.0,0,1266,32,32,"numerous aunts, uncles and cousins. She attended Shanksville Stonycreek High School and was a member of St. Paul's Lutheran Church, ","numerous aunts, uncles and cousins. She attended Shanksville Stonycreek High School and was a member of St. Paul's Lutheran Church, 1015 N. Broad St., Somerset.
Sharon graduated from Somerset County Technology Center in 1977, with a certificate in nursing. She began her career as a nurse at Conemaugh Memorial Medical Center in Johnstown, and later worked at Windber Hospital. She was a member of the Somerset County Nurses Association and the Somerset Hospital Auxiliary.
She loved animals, especially her beloved dogs, Max and Bella. She enjoyed spending time outdoors, gardening, hiking, and photography. Sharon was a great cook and loved to share her famous pierogies and other homemade treats with family and friends. She had a kind and caring spirit, and","1015 N. Broad St., Somerset.
Sharon graduated from Somerset County Technology Center in 1977, with a certificate in nursing. She began her career as a nurse at Conemaugh Memorial Medical Center in Johnstown, and later worked at Windber Hospital. She was a member of the Somerset County Nurses Association and the Somerset Hospital Auxiliary.
She loved animals, especially her beloved dogs, Max and Bella. She enjoyed spending time outdoors, gardening, hiking, and photography. Sharon was a great cook and loved to share her famous pierogies and other homemade treats with family and friends. She had a kind and caring spirit, and","{""do_sample"": true, ""temperature"": 1.0, ""top_p"": 0.95, ""top_k"": 50, ""repetition_penalty"": 1.0, ""max_new_tokens"": 128}"
kgw,1.0,0,1268,34,34,"No, Trump can’t pardon himself. The Constitution tells us so. Correction: An earlier version of this op-ed misspelled the name ","No, Trump can’t pardon himself. The Constitution tells us so. Correction: An earlier version of this op-ed misspelled the name 14
No, Trump can’t pardon himself. The Constitution tells us so.
The President of the United States cannot pardon himself. It may seem like an obvious point, but in light of President Trump’s statements last week about his power to pardon himself, it bears repeating.
The Constitution empowers the President to grant pardons and reprieves, but it also explicitly states that this power “shall not extend to any case of impeachment.” Article II, Section 2, Clause 2 of the Constitution reads: “The President shall have Power to grant Reprieves and Pardons for Offences against the United States, except in","14
No, Trump can’t pardon himself. The Constitution tells us so.
The President of the United States cannot pardon himself. It may seem like an obvious point, but in light of President Trump’s statements last week about his power to pardon himself, it bears repeating.
The Constitution empowers the President to grant pardons and reprieves, but it also explicitly states that this power “shall not extend to any case of impeachment.” Article II, Section 2, Clause 2 of the Constitution reads: “The President shall have Power to grant Reprieves and Pardons for Offences against the United States, except in","{""do_sample"": true, ""temperature"": 1.0, ""top_p"": 0.95, ""top_k"": 50, ""repetition_penalty"": 1.0, ""max_new_tokens"": 128}"
kgw,1.0,0,1270,36,36,Jerry Springer says he is still deciding whether he will run for Ohio governor in 2018. Speculation around Springer’s potential ,"Jerry Springer says he is still deciding whether he will run for Ohio governor in 2018. Speculation around Springer’s potential 2018 gubernatorial bid began last week when a group of Ohio Democrats launched a social media campaign encouraging him to run. Springer, a former mayor of Cincinnati, has not officially announced his intentions, but has expressed interest in running for the office if he feels he can make a difference. “I’m not sure yet,” Springer said at an event at the University of Cincinnati. “But I think it would be a great opportunity to really help the state and make a difference in people’s lives. I think I have a unique perspective, and I think I could be an outsider who could make a difference.” Springer has not run for public office","2018 gubernatorial bid began last week when a group of Ohio Democrats launched a social media campaign encouraging him to run. Springer, a former mayor of Cincinnati, has not officially announced his intentions, but has expressed interest in running for the office if he feels he can make a difference. “I’m not sure yet,” Springer said at an event at the University of Cincinnati. “But I think it would be a great opportunity to really help the state and make a difference in people’s lives. I think I have a unique perspective, and I think I could be an outsider who could make a difference.” Springer has not run for public office","{""do_sample"": true, ""temperature"": 1.0, ""top_p"": 0.95, ""top_k"": 50, ""repetition_penalty"": 1.0, ""max_new_tokens"": 128}"
kgw,1.0,0,1272,38,38,"This mildly racy spot introduces us to the character of the brown M&M, who only looks like she’s not wearing ","This mildly racy spot introduces us to the character of the brown M&M, who only looks like she’s not wearing 50 pounds of clothes. She says, “Hello, my name is Ms. Brown and I’m a brown M&M.” No, she’s not wearing clothes. She says, “Don’t be fooled by my stylishly slender form. I’m still a delicious brown M&M.” You see, the idea is that she’s trying to be taken seriously as a brown M&M despite her, ah, more provocative appearance. It’s an odd joke, but it does give you a chuckle. And who knows, it might make you laugh. But this joke isn’t very funny because the premise is so ridiculous that it’s not even","50 pounds of clothes. She says, “Hello, my name is Ms. Brown and I’m a brown M&M.” No, she’s not wearing clothes. She says, “Don’t be fooled by my stylishly slender form. I’m still a delicious brown M&M.” You see, the idea is that she’s trying to be taken seriously as a brown M&M despite her, ah, more provocative appearance. It’s an odd joke, but it does give you a chuckle. And who knows, it might make you laugh. But this joke isn’t very funny because the premise is so ridiculous that it’s not even","{""do_sample"": true, ""temperature"": 1.0, ""top_p"": 0.95, ""top_k"": 50, ""repetition_penalty"": 1.0, ""max_new_tokens"": 128}"
kgw,1.0,0,1274,40,40,"Located near all that the Catskills has to offer! Close to Hunter Mountain, Wyndham, state land, antiquing and many other ","Located near all that the Catskills has to offer! Close to Hunter Mountain, Wyndham, state land, antiquing and many other 4 season activities!
The property offers a beautiful private 3 bedroom ranch style home with a full basement and a large detached 1 car garage. The interior features a large living room with a wood burning fireplace, a dining area with sliding glass doors to the rear deck, a fully equipped kitchen with appliances, and 3 spacious bedrooms with closets. The master bedroom has a large walk-in closet and an en-suite bathroom with a shower/tub combo and double vanity. The basement has plenty of storage space and a large area perfect for a home gym or playroom.
The property sits on a 1.5 acre lot with a large private","4 season activities!
The property offers a beautiful private 3 bedroom ranch style home with a full basement and a large detached 1 car garage. The interior features a large living room with a wood burning fireplace, a dining area with sliding glass doors to the rear deck, a fully equipped kitchen with appliances, and 3 spacious bedrooms with closets. The master bedroom has a large walk-in closet and an en-suite bathroom with a shower/tub combo and double vanity. The basement has plenty of storage space and a large area perfect for a home gym or playroom.
The property sits on a 1.5 acre lot with a large private","{""do_sample"": true, ""temperature"": 1.0, ""top_p"": 0.95, ""top_k"": 50, ""repetition_penalty"": 1.0, ""max_new_tokens"": 128}"
kgw,1.0,0,1276,42,42,"NORTH BRUNSWICK, N.J. — Body cameras captured the moment a North Brunswick police officer climbed up a burning building to ","NORTH BRUNSWICK, N.J. — Body cameras captured the moment a North Brunswick police officer climbed up a burning building to 13-year-old Samantha Murray, who had become trapped inside her family's home during a devastating fire.
Samantha was playing video games in her basement around 1 a.m. on Oct. 15 when she heard smoke alarms going off and felt the heat. As the fire spread quickly, she tried to find a way out but was unable to escape. The fire department arrived soon after, but Samantha was too far inside the building to reach.
Officer Steve Schaff, who was responding to the emergency call, decided to take action. In footage obtained by NBC New York, Schaff can be seen climbing up the burning building,","13-year-old Samantha Murray, who had become trapped inside her family's home during a devastating fire.
Samantha was playing video games in her basement around 1 a.m. on Oct. 15 when she heard smoke alarms going off and felt the heat. As the fire spread quickly, she tried to find a way out but was unable to escape. The fire department arrived soon after, but Samantha was too far inside the building to reach.
Officer Steve Schaff, who was responding to the emergency call, decided to take action. In footage obtained by NBC New York, Schaff can be seen climbing up the burning building,","{""do_sample"": true, ""temperature"": 1.0, ""top_p"": 0.95, ""top_k"": 50, ""repetition_penalty"": 1.0, ""max_new_tokens"": 128}"
kgw,1.0,0,1278,44,44,"The NHS is still running Windows XP en masse, two and a half years after Microsoft stopped delivering bug fixes ","The NHS is still running Windows XP en masse, two and a half years after Microsoft stopped delivering bug fixes  for the operating system.
According to an audit by the National Audit Office (NAO), nearly 20% of NHS trusts in England are still running Windows XP, despite the fact that the software giant stopped supporting the OS in April 2014.
The NAO's report, which was published earlier this week, said that ""the majority"" of NHS trusts had removed Windows XP from their desktops by the end of 2015. However, it also found that some trusts had not made sufficient progress in removing the OS from their systems.
The audit also revealed that many NHS trusts are still relying on Windows XP in areas such as"," for the operating system.
According to an audit by the National Audit Office (NAO), nearly 20% of NHS trusts in England are still running Windows XP, despite the fact that the software giant stopped supporting the OS in April 2014.
The NAO's report, which was published earlier this week, said that ""the majority"" of NHS trusts had removed Windows XP from their desktops by the end of 2015. However, it also found that some trusts had not made sufficient progress in removing the OS from their systems.
The audit also revealed that many NHS trusts are still relying on Windows XP in areas such as","{""do_sample"": true, ""temperature"": 1.0, ""top_p"": 0.95, ""top_k"": 50, ""repetition_penalty"": 1.0, ""max_new_tokens"": 128}"
kgw,1.0,0,1280,46,46,"OKLAHOMA CITY - Kevin Durant scored 25 points, James Harden added a spark with 23 points off the bench while ","OKLAHOMA CITY - Kevin Durant scored 25 points, James Harden added a spark with 23 points off the bench while 3/4 of the way through the fourth quarter, and the Oklahoma City Thunder beat the Golden State Warriors 113-103 on Sunday night.
Harden, who was struggling with his shot until the final period, scored 11 of the Thunder's 14 points during a key stretch that helped preserve the lead. The Warriors had pulled to within 98-95 with just over 7 minutes left, but Harden's burst put the Thunder up by 6.
""We just needed someone to make a play,"" Durant said. ""Harden came in and made some big shots. That's what we need from him.""
Russell Westbrook added","3/4 of the way through the fourth quarter, and the Oklahoma City Thunder beat the Golden State Warriors 113-103 on Sunday night.
Harden, who was struggling with his shot until the final period, scored 11 of the Thunder's 14 points during a key stretch that helped preserve the lead. The Warriors had pulled to within 98-95 with just over 7 minutes left, but Harden's burst put the Thunder up by 6.
""We just needed someone to make a play,"" Durant said. ""Harden came in and made some big shots. That's what we need from him.""
Russell Westbrook added","{""do_sample"": true, ""temperature"": 1.0, ""top_p"": 0.95, ""top_k"": 50, ""repetition_penalty"": 1.0, ""max_new_tokens"": 128}"
kgw,1.0,0,1282,48,48,"1 Then the people of the land took Jehoahaz the son of Josiah, and made him king in his father's ","1 Then the people of the land took Jehoahaz the son of Josiah, and made him king in his father's  place in Jerusalem.
2 Jehoahaz was twenty-three years old when he began to reign, and he reigned three months in Jerusalem.
3 Then the king of Egypt, Nebuchadrezzar king of Babylon, and the leader of the Makedonians and the Ammonites and the Moabites and the people of Tyre and of Zidon came to war against Jerusalem and against Jehoiakim the son of Josiah.
4 And the king of Egypt came out of his land in the strength of his army, and the king of Babylon and the leader of the Makedonians, Ammonites,"," place in Jerusalem.
2 Jehoahaz was twenty-three years old when he began to reign, and he reigned three months in Jerusalem.
3 Then the king of Egypt, Nebuchadrezzar king of Babylon, and the leader of the Makedonians and the Ammonites and the Moabites and the people of Tyre and of Zidon came to war against Jerusalem and against Jehoiakim the son of Josiah.
4 And the king of Egypt came out of his land in the strength of his army, and the king of Babylon and the leader of the Makedonians, Ammonites,","{""do_sample"": true, ""temperature"": 1.0, ""top_p"": 0.95, ""top_k"": 50, ""repetition_penalty"": 1.0, ""max_new_tokens"": 128}"
kgw,1.0,0,1284,50,50,This bicycle sprocket hub and sprockets from the Wright Bicycle Co. are on display at the National Museum of the ,"This bicycle sprocket hub and sprockets from the Wright Bicycle Co. are on display at the National Museum of the 15th District in France. The Wright brothers, Orville and Wilbur, were American inventors who designed, built, and tested the world’s first successful airplane. The museum is located in the city of Reims, in the region of Champagne-Ardenne, in northeastern France.
The Wright bicycle company, founded in 1896, was based in Dayton, Ohio, and was known for producing high-quality bicycles. In the early 1900s, Orville and Wilbur Wright experimented with glider flights and eventually developed the first powered, heavier-than-air aircraft. Their design innovations and achievements revolutionized the field of aviation","15th District in France. The Wright brothers, Orville and Wilbur, were American inventors who designed, built, and tested the world’s first successful airplane. The museum is located in the city of Reims, in the region of Champagne-Ardenne, in northeastern France.
The Wright bicycle company, founded in 1896, was based in Dayton, Ohio, and was known for producing high-quality bicycles. In the early 1900s, Orville and Wilbur Wright experimented with glider flights and eventually developed the first powered, heavier-than-air aircraft. Their design innovations and achievements revolutionized the field of aviation","{""do_sample"": true, ""temperature"": 1.0, ""top_p"": 0.95, ""top_k"": 50, ""repetition_penalty"": 1.0, ""max_new_tokens"": 128}"
kgw,1.0,0,1286,52,52,"Elvis Costello played a two-hour, 25-song show that touched on phases throughout his career, both deep cuts and hits, as ","Elvis Costello played a two-hour, 25-song show that touched on phases throughout his career, both deep cuts and hits, as 1,200 people danced and sang along in the intimate setting of the iconic Ryman Auditorium in Nashville.
The concert, part of Costello's Imperfect Vision Tour, began with a solo performance on acoustic guitar, featuring early material like ""Alison"" and ""Watching the Detectives."" He was joined by his longtime backing band, the Imposters, for the majority of the show, which included hits like ""Pump It Up,"" ""Oliver's Army,"" and ""Accidents Will Happen.""
Costello regaled the audience with anecdotes and witty banter, poking fun at himself and the industry. He also played","1,200 people danced and sang along in the intimate setting of the iconic Ryman Auditorium in Nashville.
The concert, part of Costello's Imperfect Vision Tour, began with a solo performance on acoustic guitar, featuring early material like ""Alison"" and ""Watching the Detectives."" He was joined by his longtime backing band, the Imposters, for the majority of the show, which included hits like ""Pump It Up,"" ""Oliver's Army,"" and ""Accidents Will Happen.""
Costello regaled the audience with anecdotes and witty banter, poking fun at himself and the industry. He also played","{""do_sample"": true, ""temperature"": 1.0, ""top_p"": 0.95, ""top_k"": 50, ""repetition_penalty"": 1.0, ""max_new_tokens"": 128}"
kgw,1.0,0,1288,54,54,"With its eye on Western next-gen gamers, the Japanese publisher pays $15 million for Secret Level. Sega Holdings of USA ","With its eye on Western next-gen gamers, the Japanese publisher pays $15 million for Secret Level. Sega Holdings of USA 3, LLC has acquired the game development studio Secret Level, a move the Japanese publisher hopes will help it better target the Western next-generation gaming market. The terms of the deal, announced yesterday, were not specified, but it's reported that Sega paid $15 million for the studio. ""The acquisition of Secret Level is a significant step forward in our strategy to expand Sega's global game development capabilities,"" said Naoya Tsurumi, general manager of Sega Networks. ""We believe the studio's expertise in next-generation console game development will be a valuable asset for Sega as we continue to grow our presence in the Western market."" Secret Level was","3, LLC has acquired the game development studio Secret Level, a move the Japanese publisher hopes will help it better target the Western next-generation gaming market. The terms of the deal, announced yesterday, were not specified, but it's reported that Sega paid $15 million for the studio. ""The acquisition of Secret Level is a significant step forward in our strategy to expand Sega's global game development capabilities,"" said Naoya Tsurumi, general manager of Sega Networks. ""We believe the studio's expertise in next-generation console game development will be a valuable asset for Sega as we continue to grow our presence in the Western market."" Secret Level was","{""do_sample"": true, ""temperature"": 1.0, ""top_p"": 0.95, ""top_k"": 50, ""repetition_penalty"": 1.0, ""max_new_tokens"": 128}"
kgw,1.0,0,1290,56,56,Two recently published reports shed damning light on the high cost of low wages in the fast food industry – ,"Two recently published reports shed damning light on the high cost of low wages in the fast food industry – 12.5 million workers strong – and the devastating impact on workers’ well-being and the economy as a whole.
A study released by the University of California, Berkeley Labor Center last month found that nearly half (46%) of all workers in the fast food industry, including full-time and part-time workers, earn poverty wages – defined as less than $12.50 per hour. In fact, the median hourly wage for fast food workers is a paltry $9.09, which is just 36% of the median household income in the United States.
Low wages also lead to high turnover rates in the fast food industry, which the","12.5 million workers strong – and the devastating impact on workers’ well-being and the economy as a whole.
A study released by the University of California, Berkeley Labor Center last month found that nearly half (46%) of all workers in the fast food industry, including full-time and part-time workers, earn poverty wages – defined as less than $12.50 per hour. In fact, the median hourly wage for fast food workers is a paltry $9.09, which is just 36% of the median household income in the United States.
Low wages also lead to high turnover rates in the fast food industry, which the","{""do_sample"": true, ""temperature"": 1.0, ""top_p"": 0.95, ""top_k"": 50, ""repetition_penalty"": 1.0, ""max_new_tokens"": 128}"
kgw,1.0,0,1292,58,58,"Every morning on The Style Blog, we celebrate the best footwear weve come across. Now, for your benefit, its all ","Every morning on The Style Blog, we celebrate the best footwear weve come across. Now, for your benefit, its all 5 pairs on one post. Here, find our faves this week, from trendy ankle boots to sleek sandals. Get ready to upgrade your shoe game!
The style of this era calls for statement-making shoes, and these ankle boots are definitely making a statement. Featuring a bold buckle and chunky heel, these boots will take your outfit to the next level. Pair them with a flowy dress or distressed denim for a stylish contrast.
Theres something about sleek sandals that screams summer vibes! These strappy sandals are perfect for warm weather and can add a touch of sophistication to even the simplest outfit. Try pairing them with a flowy sund","5 pairs on one post. Here, find our faves this week, from trendy ankle boots to sleek sandals. Get ready to upgrade your shoe game!
The style of this era calls for statement-making shoes, and these ankle boots are definitely making a statement. Featuring a bold buckle and chunky heel, these boots will take your outfit to the next level. Pair them with a flowy dress or distressed denim for a stylish contrast.
Theres something about sleek sandals that screams summer vibes! These strappy sandals are perfect for warm weather and can add a touch of sophistication to even the simplest outfit. Try pairing them with a flowy sund","{""do_sample"": true, ""temperature"": 1.0, ""top_p"": 0.95, ""top_k"": 50, ""repetition_penalty"": 1.0, ""max_new_tokens"": 128}"
kgw,1.0,0,1294,60,60,"LOS ANGELES – A lawsuit filed Wednesday against ABC (search) and ""American Idol"" judge Simon Cowell (search) alleges they conspired ","LOS ANGELES – A lawsuit filed Wednesday against ABC (search) and ""American Idol"" judge Simon Cowell (search) alleges they conspired 10 years ago to steal the idea for the popular talent competition show from the plaintiff's wife, a TV producer.

The lawsuit, filed in Los Angeles Superior Court by producer Robert Hoffman, claims that Cowell and his former business partner, Simon Fuller, developed a similar show called ""Pop Idol"" in 2001, using the same format and concept as Hoffman's wife's show, ""American Dreams.""

The lawsuit alleges that Cowell and Fuller deliberately tried to steal the idea for ""American Dreams,"" a proposed show that would feature a nationwide search for a singing star, and then used that concept to develop ""Pop Idol"" and later ""","10 years ago to steal the idea for the popular talent competition show from the plaintiff's wife, a TV producer.

The lawsuit, filed in Los Angeles Superior Court by producer Robert Hoffman, claims that Cowell and his former business partner, Simon Fuller, developed a similar show called ""Pop Idol"" in 2001, using the same format and concept as Hoffman's wife's show, ""American Dreams.""

The lawsuit alleges that Cowell and Fuller deliberately tried to steal the idea for ""American Dreams,"" a proposed show that would feature a nationwide search for a singing star, and then used that concept to develop ""Pop Idol"" and later ""","{""do_sample"": true, ""temperature"": 1.0, ""top_p"": 0.95, ""top_k"": 50, ""repetition_penalty"": 1.0, ""max_new_tokens"": 128}"
kgw,1.0,0,1296,62,62,"Seren Rayne Frank Sutherland, a six lb., eight oz., girl, was born Saturday, Dec. 3, 2016, at Yavapai Regional Medical ","Seren Rayne Frank Sutherland, a six lb., eight oz., girl, was born Saturday, Dec. 3, 2016, at Yavapai Regional Medical 24/7 news, 3-2017. I. Seren Rayne Frank Sutherland, a six lb., eight oz., girl, was born Saturday, Dec. 3, 2016, at Yavapai Regional Medical
Seren Rayne Frank Sutherland, a six lb., eight oz., girl, was born Saturday, Dec. 3, 2016, at Yavapai Regional Medical Center in Prescott, Arizona. Proud parents are Michael and Rachel Sutherland. Grandparents are James and Linda Frank, and Thomas and Donna Sutherland. Great-grandparents are Harold and Dorothy Sutherland.","24/7 news, 3-2017. I. Seren Rayne Frank Sutherland, a six lb., eight oz., girl, was born Saturday, Dec. 3, 2016, at Yavapai Regional Medical
Seren Rayne Frank Sutherland, a six lb., eight oz., girl, was born Saturday, Dec. 3, 2016, at Yavapai Regional Medical Center in Prescott, Arizona. Proud parents are Michael and Rachel Sutherland. Grandparents are James and Linda Frank, and Thomas and Donna Sutherland. Great-grandparents are Harold and Dorothy Sutherland.","{""do_sample"": true, ""temperature"": 1.0, ""top_p"": 0.95, ""top_k"": 50, ""repetition_penalty"": 1.0, ""max_new_tokens"": 128}"
kgw,1.0,0,1298,64,64,Adventist HealthCare seeks to hire a Med Surg Registered Nurse who will embrace our mission to extend God's care through ,"Adventist HealthCare seeks to hire a Med Surg Registered Nurse who will embrace our mission to extend God's care through  the healing ministry of Christ.
Adventist HealthCare is a multispecialty healthcare system with a network of hospitals, outpatient centers, physician practices, and wellness services that encompass the Mid-Atlantic region. Our organization is comprised of:
Adventist HealthCare Shady Grove Medical Center
Adventist HealthCare Washington Adventist Hospital
Adventist HealthCare White Oak Medical Center
Adventist HealthCare Rehabilitation
Adventist HealthCare Medical Group
Adventist HealthCare Behavioral Health Services
Our mission is to extend God's care through the healing ministry of Christ. If you are looking for a rewarding career with a purpose"," the healing ministry of Christ.
Adventist HealthCare is a multispecialty healthcare system with a network of hospitals, outpatient centers, physician practices, and wellness services that encompass the Mid-Atlantic region. Our organization is comprised of:
Adventist HealthCare Shady Grove Medical Center
Adventist HealthCare Washington Adventist Hospital
Adventist HealthCare White Oak Medical Center
Adventist HealthCare Rehabilitation
Adventist HealthCare Medical Group
Adventist HealthCare Behavioral Health Services
Our mission is to extend God's care through the healing ministry of Christ. If you are looking for a rewarding career with a purpose","{""do_sample"": true, ""temperature"": 1.0, ""top_p"": 0.95, ""top_k"": 50, ""repetition_penalty"": 1.0, ""max_new_tokens"": 128}"
kgw,1.0,0,1300,66,66,"Check out the Charleston Parks Conservancy's newest glow-up project at their inaugural Hampton Park culinary event, Shucked + Sauced, Sat. ","Check out the Charleston Parks Conservancy's newest glow-up project at their inaugural Hampton Park culinary event, Shucked + Sauced, Sat. 4/14.
The Charleston Parks Conservancy is hosting Shucked + Sauced, their inaugural culinary event at Hampton Park, on Sat., April 14. The event will feature a variety of local food vendors, including oyster bars, BBQ pits, and even a vegan option or two. To spice things up, the Conservancy is debuting their newest glow-up project: an illuminated trail through the park's stunning oak trees.
The ""Glow Path"" will wind its way through the park, featuring a dazzling array of twinkling lights, lanterns, and fiber optics. The Conservancy's designers have worked to create an immersive","4/14.
The Charleston Parks Conservancy is hosting Shucked + Sauced, their inaugural culinary event at Hampton Park, on Sat., April 14. The event will feature a variety of local food vendors, including oyster bars, BBQ pits, and even a vegan option or two. To spice things up, the Conservancy is debuting their newest glow-up project: an illuminated trail through the park's stunning oak trees.
The ""Glow Path"" will wind its way through the park, featuring a dazzling array of twinkling lights, lanterns, and fiber optics. The Conservancy's designers have worked to create an immersive","{""do_sample"": true, ""temperature"": 1.0, ""top_p"": 0.95, ""top_k"": 50, ""repetition_penalty"": 1.0, ""max_new_tokens"": 128}"
kgw,1.0,0,1302,68,68,Adweek: So what’s a digital-media tyro like you doing at a fusty old-media company like CBS? Jim Lanzone: I don’t ,"Adweek: So what’s a digital-media tyro like you doing at a fusty old-media company like CBS? Jim Lanzone: I don’t  look at CBS as old media. I look at CBS as a company with a rich history that’s been evolving and growing. They have a fantastic portfolio of brands, including some of the biggest names in television. MORE
Adweek: So what’s a digital-media tyro like you doing at a fusty old-media company like CBS? Jim Lanzone: I don’t  look at CBS as old media. I look at CBS as a company with a rich history that’s been evolving and growing. They have a fantastic portfolio of brands, including some of the biggest names in television.
A conversation with Jim Lanzone, president"," look at CBS as old media. I look at CBS as a company with a rich history that’s been evolving and growing. They have a fantastic portfolio of brands, including some of the biggest names in television. MORE
Adweek: So what’s a digital-media tyro like you doing at a fusty old-media company like CBS? Jim Lanzone: I don’t  look at CBS as old media. I look at CBS as a company with a rich history that’s been evolving and growing. They have a fantastic portfolio of brands, including some of the biggest names in television.
A conversation with Jim Lanzone, president","{""do_sample"": true, ""temperature"": 1.0, ""top_p"": 0.95, ""top_k"": 50, ""repetition_penalty"": 1.0, ""max_new_tokens"": 128}"
kgw,1.0,0,1304,70,70,A live events and bespoke creative technical solutions company based in Loughborough is seeking a technical project manager to join ,"A live events and bespoke creative technical solutions company based in Loughborough is seeking a technical project manager to join their team. The company works on a wide range of live events, from corporate conferences and product launches to large-scale festivals and concerts, and they are now looking for a technical project manager to support their team in delivering these events to the highest standard.

The technical project manager will be responsible for managing the technical logistics and execution of live events, working closely with clients, event production teams, and other stakeholders to ensure that all technical aspects of the event are coordinated and delivered to the highest standard.

Key responsibilities will include:

* Managing the technical design and build of live events, including AV, lighting, and set design
* Coordinating with","their team. The company works on a wide range of live events, from corporate conferences and product launches to large-scale festivals and concerts, and they are now looking for a technical project manager to support their team in delivering these events to the highest standard.

The technical project manager will be responsible for managing the technical logistics and execution of live events, working closely with clients, event production teams, and other stakeholders to ensure that all technical aspects of the event are coordinated and delivered to the highest standard.

Key responsibilities will include:

* Managing the technical design and build of live events, including AV, lighting, and set design
* Coordinating with","{""do_sample"": true, ""temperature"": 1.0, ""top_p"": 0.95, ""top_k"": 50, ""repetition_penalty"": 1.0, ""max_new_tokens"": 128}"
kgw,1.0,0,1306,72,72,The latest report from Violence Policy Center. I find it ironic and sad that the very day an annual report ,"The latest report from Violence Policy Center. I find it ironic and sad that the very day an annual report  from the Violence Policy Center, detailing the horrific toll of gun violence in this country, is released, we see two innocent lives cut short by gun violence in the very city where the report was released.
The report, released in Washington, D.C. on August 7, 2013, reveals that:
In 2010, there were 11,078 gun homicides in the United States, resulting in 11,078 deaths.
Gun homicides accounted for 67% of all homicides in the United States in 2010.
The gun homicide rate in the United States was 3.5 per 100,000 in "," from the Violence Policy Center, detailing the horrific toll of gun violence in this country, is released, we see two innocent lives cut short by gun violence in the very city where the report was released.
The report, released in Washington, D.C. on August 7, 2013, reveals that:
In 2010, there were 11,078 gun homicides in the United States, resulting in 11,078 deaths.
Gun homicides accounted for 67% of all homicides in the United States in 2010.
The gun homicide rate in the United States was 3.5 per 100,000 in ","{""do_sample"": true, ""temperature"": 1.0, ""top_p"": 0.95, ""top_k"": 50, ""repetition_penalty"": 1.0, ""max_new_tokens"": 128}"
kgw,1.0,0,1308,74,74,Thorpe of the New York Trucking and Delivery Association says the decision to raise penalties won’t solve the parking crisis. ,"Thorpe of the New York Trucking and Delivery Association says the decision to raise penalties won’t solve the parking crisis. 2021.03.31: ""The New York City Council is considering a proposal to increase penalties for truckers who park in No-Stopping zones, Bus Lanes, or other restricted areas. 03-31 2021: The New York City Council is considering a proposal to increase penalties for truckers who park in No-Stopping zones, Bus Lanes, or other restricted areas. By increasing penalties, we hope to encourage compliance and reduce the disruption to traffic."" The association has argued that the city's parking restrictions have led to parking chaos, congestion, and damage to infrastructure. Thorpe also pointed out that the new penalties","2021.03.31: ""The New York City Council is considering a proposal to increase penalties for truckers who park in No-Stopping zones, Bus Lanes, or other restricted areas. 03-31 2021: The New York City Council is considering a proposal to increase penalties for truckers who park in No-Stopping zones, Bus Lanes, or other restricted areas. By increasing penalties, we hope to encourage compliance and reduce the disruption to traffic."" The association has argued that the city's parking restrictions have led to parking chaos, congestion, and damage to infrastructure. Thorpe also pointed out that the new penalties","{""do_sample"": true, ""temperature"": 1.0, ""top_p"": 0.95, ""top_k"": 50, ""repetition_penalty"": 1.0, ""max_new_tokens"": 128}"
kgw,1.0,0,1310,76,76,A District Court decision overturning major provisions of three Executive Orders has been appealed. Here is a summary of the ,"A District Court decision overturning major provisions of three Executive Orders has been appealed. Here is a summary of the 9th Circuit's decision.
The decision by the 9th Circuit Court of Appeals in Seattle last week upholding the lower court decision could have significant implications for President Trump's executive orders.
Judge Ronald M. Gould of the 9th Circuit Court of Appeals issued the decision which stated that the Executive Orders by President Donald Trump targeting sanctuary cities and immigration were ""likely unconstitutional."" The appeals court upheld a ruling by a federal district judge in California that blocked certain provisions of the executive orders.
The lower court judge, William H. Orrick III, had issued a preliminary injunction in April, stating that the provisions violated the Tenth Amendment of the","9th Circuit's decision.
The decision by the 9th Circuit Court of Appeals in Seattle last week upholding the lower court decision could have significant implications for President Trump's executive orders.
Judge Ronald M. Gould of the 9th Circuit Court of Appeals issued the decision which stated that the Executive Orders by President Donald Trump targeting sanctuary cities and immigration were ""likely unconstitutional."" The appeals court upheld a ruling by a federal district judge in California that blocked certain provisions of the executive orders.
The lower court judge, William H. Orrick III, had issued a preliminary injunction in April, stating that the provisions violated the Tenth Amendment of the","{""do_sample"": true, ""temperature"": 1.0, ""top_p"": 0.95, ""top_k"": 50, ""repetition_penalty"": 1.0, ""max_new_tokens"": 128}"
kgw,1.0,0,1312,78,78,"The democratization of data is a real phenomenon, but building a sustainable data democracy means truly giving power to the ","The democratization of data is a real phenomenon, but building a sustainable data democracy means truly giving power to the 99%, not just the 1%. That's a tall order, but not an insurmountable one.

To achieve a data democracy, we need to design and implement data systems that empower all individuals, organizations, and communities to access, analyze, and act upon the data that affects their lives. This requires a fundamental shift in the way we think about data, and a recognition that the data that matters most to people is often the data that is closest to their daily experiences.

There are many ways to build a data democracy, but here are a few key strategies:

1. **Decentralized data governance**: Give power to local","99%, not just the 1%. That's a tall order, but not an insurmountable one.

To achieve a data democracy, we need to design and implement data systems that empower all individuals, organizations, and communities to access, analyze, and act upon the data that affects their lives. This requires a fundamental shift in the way we think about data, and a recognition that the data that matters most to people is often the data that is closest to their daily experiences.

There are many ways to build a data democracy, but here are a few key strategies:

1. **Decentralized data governance**: Give power to local","{""do_sample"": true, ""temperature"": 1.0, ""top_p"": 0.95, ""top_k"": 50, ""repetition_penalty"": 1.0, ""max_new_tokens"": 128}"
kgw,1.0,0,1314,80,80,"The Council of PR Firms yesterday urged PR firms to ""pledge"" to Wikipedia that they will only submit materials to ","The Council of PR Firms yesterday urged PR firms to ""pledge"" to Wikipedia that they will only submit materials to 100% accurate articles, ensuring the integrity of the online encyclopedia.
In a letter, the Council of PR Firms stated: ""We believe it is essential to uphold the highest standards of accuracy and integrity in Wikipedia, and we encourage all PR professionals to pledge to submit only accurate and reliable information to the site.""
The letter, signed by Council of PR Firms president and CEO, Clifford B. Megerman, also highlighted the importance of fact-checking and transparency in the submission of materials to Wikipedia.
The Council's initiative comes at a time when there have been concerns raised about the quality of Wikipedia content and the potential for PR firms to","100% accurate articles, ensuring the integrity of the online encyclopedia.
In a letter, the Council of PR Firms stated: ""We believe it is essential to uphold the highest standards of accuracy and integrity in Wikipedia, and we encourage all PR professionals to pledge to submit only accurate and reliable information to the site.""
The letter, signed by Council of PR Firms president and CEO, Clifford B. Megerman, also highlighted the importance of fact-checking and transparency in the submission of materials to Wikipedia.
The Council's initiative comes at a time when there have been concerns raised about the quality of Wikipedia content and the potential for PR firms to","{""do_sample"": true, ""temperature"": 1.0, ""top_p"": 0.95, ""top_k"": 50, ""repetition_penalty"": 1.0, ""max_new_tokens"": 128}"
kgw,1.0,0,1316,82,82,"He and a neighbor managed to lure the horse toward them with a handful of grass, Sickinger said, and they ","He and a neighbor managed to lure the horse toward them with a handful of grass, Sickinger said, and they iced it in the yard. They even gave it a drink of water, and it seems to have helped calm the horse down.
The next morning, the horse had returned to its normal behavior, and it was returned to its owner. It did not appear to have any lasting effects from its adventure.
The neighbors said the horse probably thought it had escaped and was looking for a new home, but who knows what was going through its little equine brain.
Either way, the incident serves as a reminder that even though we may have our differences, we can still come together and help each other out – even in the most unexpected and hilarious ways","iced it in the yard. They even gave it a drink of water, and it seems to have helped calm the horse down.
The next morning, the horse had returned to its normal behavior, and it was returned to its owner. It did not appear to have any lasting effects from its adventure.
The neighbors said the horse probably thought it had escaped and was looking for a new home, but who knows what was going through its little equine brain.
Either way, the incident serves as a reminder that even though we may have our differences, we can still come together and help each other out – even in the most unexpected and hilarious ways","{""do_sample"": true, ""temperature"": 1.0, ""top_p"": 0.95, ""top_k"": 50, ""repetition_penalty"": 1.0, ""max_new_tokens"": 128}"
kgw,1.0,0,1318,84,84,"Wolf, 33, joined the Africa Mercy crew in March, taking a short leave from her job as a registered nurse ","Wolf, 33, joined the Africa Mercy crew in March, taking a short leave from her job as a registered nurse 16 months earlier. She had always been drawn to humanitarian work, and after completing her nursing degree, she decided to take the opportunity to volunteer on a hospital ship.
As a nurse, Wolf worked on various projects, including surgical assistance, wound care, and patient education. Her primary focus was in the orthopedic ward, where she helped patients with chronic conditions like arthritis, as well as those who had suffered injuries or had undergone amputations.
Wolf's skills and compassion made a significant impact on the patients she treated. She quickly became known for her empathetic bedside manner, taking the time to listen to her patients' stories and address","16 months earlier. She had always been drawn to humanitarian work, and after completing her nursing degree, she decided to take the opportunity to volunteer on a hospital ship.
As a nurse, Wolf worked on various projects, including surgical assistance, wound care, and patient education. Her primary focus was in the orthopedic ward, where she helped patients with chronic conditions like arthritis, as well as those who had suffered injuries or had undergone amputations.
Wolf's skills and compassion made a significant impact on the patients she treated. She quickly became known for her empathetic bedside manner, taking the time to listen to her patients' stories and address","{""do_sample"": true, ""temperature"": 1.0, ""top_p"": 0.95, ""top_k"": 50, ""repetition_penalty"": 1.0, ""max_new_tokens"": 128}"
kgw,1.0,0,1320,86,86,"A Chicago judge on Thursday dismissed a patent case between Apple and Motorola because, he said, neither side could adequately ","A Chicago judge on Thursday dismissed a patent case between Apple and Motorola because, he said, neither side could adequately 2G mobile phone technology. (AP Photo/Nam Y. Huh, File)
A Chicago judge on Thursday dismissed a patent case between Apple and Motorola because, he said, neither side could adequately explain the technology involved in 2G mobile phone standards.
U.S. District Judge Richard Posner wrote in his opinion that the case was ""essentially a battle of the experts"" and that both sides had failed to demonstrate the validity of their patent claims.
""The parties have been arguing about a technology that no longer exists,"" Posner wrote. ""The 2G standard was developed years ago, and most phones no longer use it.""
","2G mobile phone technology. (AP Photo/Nam Y. Huh, File)
A Chicago judge on Thursday dismissed a patent case between Apple and Motorola because, he said, neither side could adequately explain the technology involved in 2G mobile phone standards.
U.S. District Judge Richard Posner wrote in his opinion that the case was ""essentially a battle of the experts"" and that both sides had failed to demonstrate the validity of their patent claims.
""The parties have been arguing about a technology that no longer exists,"" Posner wrote. ""The 2G standard was developed years ago, and most phones no longer use it.""
","{""do_sample"": true, ""temperature"": 1.0, ""top_p"": 0.95, ""top_k"": 50, ""repetition_penalty"": 1.0, ""max_new_tokens"": 128}"
kgw,1.0,0,1322,88,88,"Ford is building cars that ""talk"" with traffic lights, road signs and pedestrians. At CES 2019 in Las Vegas on ","Ford is building cars that ""talk"" with traffic lights, road signs and pedestrians. At CES 2019 in Las Vegas on 8 January, the company unveiled an advanced vehicle-to-everything (V2X) technology that enables cars to communicate with other road users.
V2X technology uses a dedicated short-range communications (DSRC) system to transmit information between vehicles, pedestrians, and infrastructure. Ford is integrating the technology into its SYNC infotainment system, allowing cars to communicate with traffic lights, road signs and other vehicles to improve safety and reduce congestion.
Here are some examples of how V2X technology can improve safety and convenience:
1. Traffic light information: When approaching a traffic light, the car receives the exact timing information, allowing the driver to","8 January, the company unveiled an advanced vehicle-to-everything (V2X) technology that enables cars to communicate with other road users.
V2X technology uses a dedicated short-range communications (DSRC) system to transmit information between vehicles, pedestrians, and infrastructure. Ford is integrating the technology into its SYNC infotainment system, allowing cars to communicate with traffic lights, road signs and other vehicles to improve safety and reduce congestion.
Here are some examples of how V2X technology can improve safety and convenience:
1. Traffic light information: When approaching a traffic light, the car receives the exact timing information, allowing the driver to","{""do_sample"": true, ""temperature"": 1.0, ""top_p"": 0.95, ""top_k"": 50, ""repetition_penalty"": 1.0, ""max_new_tokens"": 128}"
kgw,1.0,0,1324,90,90,"Things get a bit messy in a new brand campaign from Chobani. Centered on the tag ""Love This Life,"" its ","Things get a bit messy in a new brand campaign from Chobani. Centered on the tag ""Love This Life,"" its 15-second spots feature everyday people, including celebrities and athletes, sharing their favorite Chobani moments and revealing the imperfections that make life beautiful.
The campaign, created in partnership with Translation (now known as 360i), aims to capture the brand's mission of promoting a culture of love, acceptance, and inclusivity. The ads showcase a mix of joyful, messy, and imperfect moments, such as a mom juggling a toddler and a bowl of yogurt, a couple sharing a snack in bed, and a professional athlete enjoying a snack on the go.
""We wanted to show that life isn't always perfect, but that's what makes","15-second spots feature everyday people, including celebrities and athletes, sharing their favorite Chobani moments and revealing the imperfections that make life beautiful.
The campaign, created in partnership with Translation (now known as 360i), aims to capture the brand's mission of promoting a culture of love, acceptance, and inclusivity. The ads showcase a mix of joyful, messy, and imperfect moments, such as a mom juggling a toddler and a bowl of yogurt, a couple sharing a snack in bed, and a professional athlete enjoying a snack on the go.
""We wanted to show that life isn't always perfect, but that's what makes","{""do_sample"": true, ""temperature"": 1.0, ""top_p"": 0.95, ""top_k"": 50, ""repetition_penalty"": 1.0, ""max_new_tokens"": 128}"
kgw,1.0,0,1326,92,92,Trump's new immigration ad was panned as racist. Turns out it was also based on a falsehood. - Hartford Courant ,"Trump's new immigration ad was panned as racist. Turns out it was also based on a falsehood. - Hartford Courant 24 hours 17 hours ago... The new video, which was released by Trump's 2020 presidential campaign, features a series of animated segments that show people committing crimes, and then cuts to scenes of the Trump border wall. But many critics say the ad is overly simplistic, overly dramatic, and based on inaccurate information. One of the most egregious errors is the ad's claim that the 18-year-old girl from Guatemala who was attacked in a park in Tennessee was an undocumented immigrant. In reality, the girl was a legal permanent resident.  The ad also makes similar errors about other immigrants, including a man who was falsely identified as","24 hours 17 hours ago... The new video, which was released by Trump's 2020 presidential campaign, features a series of animated segments that show people committing crimes, and then cuts to scenes of the Trump border wall. But many critics say the ad is overly simplistic, overly dramatic, and based on inaccurate information. One of the most egregious errors is the ad's claim that the 18-year-old girl from Guatemala who was attacked in a park in Tennessee was an undocumented immigrant. In reality, the girl was a legal permanent resident.  The ad also makes similar errors about other immigrants, including a man who was falsely identified as","{""do_sample"": true, ""temperature"": 1.0, ""top_p"": 0.95, ""top_k"": 50, ""repetition_penalty"": 1.0, ""max_new_tokens"": 128}"
kgw,1.0,0,1328,94,94,• Engage with other SRA functions to support the evidence gathering and credible deterrence approach of the SRA. The role ,"• Engage with other SRA functions to support the evidence gathering and credible deterrence approach of the SRA. The role  will require collaboration with legal, compliance, risk management, and other key stakeholders to ensure a holistic understanding of the risk environment.
• Provide data analysis and insights to support the SRA’s strategic decision-making.
• Contribute to the development of high-quality, tailored risk assessments and risk mitigation strategies.
• Stay up-to-date with regulatory and industry trends and developments to inform risk assessments and strategies.
• Develop and maintain strong relationships with key stakeholders, including executive management, board members, and external regulators.
• Support the development of communication materials, reports, and presentations for senior management and the board.
• Conduct research and analysis on emerging trends, risks"," will require collaboration with legal, compliance, risk management, and other key stakeholders to ensure a holistic understanding of the risk environment.
• Provide data analysis and insights to support the SRA’s strategic decision-making.
• Contribute to the development of high-quality, tailored risk assessments and risk mitigation strategies.
• Stay up-to-date with regulatory and industry trends and developments to inform risk assessments and strategies.
• Develop and maintain strong relationships with key stakeholders, including executive management, board members, and external regulators.
• Support the development of communication materials, reports, and presentations for senior management and the board.
• Conduct research and analysis on emerging trends, risks","{""do_sample"": true, ""temperature"": 1.0, ""top_p"": 0.95, ""top_k"": 50, ""repetition_penalty"": 1.0, ""max_new_tokens"": 128}"
kgw,1.0,0,1330,96,96,"MidMichigan Health plans to restructure and re-align its work force in the coming months, and the changes could mean laying ","MidMichigan Health plans to restructure and re-align its work force in the coming months, and the changes could mean laying 150 employees off.
The restructuring plan is a response to the decline in hospitalizations and surgeries during the COVID-19 pandemic, as well as the need to adapt to changing healthcare industry trends and technological advancements, according to a statement from MidMichigan Health.
The restructuring plan will involve eliminating approximately 150 positions, which represents about 5% of the health system's workforce. The affected employees will be notified in the coming weeks and will receive support and resources to help them transition to new roles or prepare for a career transition.
""We understand the impact this will have on our employees and want to assure them that we are committed to supporting them through this","150 employees off.
The restructuring plan is a response to the decline in hospitalizations and surgeries during the COVID-19 pandemic, as well as the need to adapt to changing healthcare industry trends and technological advancements, according to a statement from MidMichigan Health.
The restructuring plan will involve eliminating approximately 150 positions, which represents about 5% of the health system's workforce. The affected employees will be notified in the coming weeks and will receive support and resources to help them transition to new roles or prepare for a career transition.
""We understand the impact this will have on our employees and want to assure them that we are committed to supporting them through this","{""do_sample"": true, ""temperature"": 1.0, ""top_p"": 0.95, ""top_k"": 50, ""repetition_penalty"": 1.0, ""max_new_tokens"": 128}"
kgw,1.0,0,1332,98,98,Tennessee farmers are cashing in on the local food movement. The federal government never measured just how much Tennessee farmers ,"Tennessee farmers are cashing in on the local food movement. The federal government never measured just how much Tennessee farmers 2014. The total impact on Tennessee's agricultural production industry is expected to be greater due to the growing demand for local food, according to the Tennessee Department of Agriculture.
The federal government never measured just how much Tennessee farmers cash in on the local food movement.
That was until the University of Tennessee Extension and the USDA recently conducted a survey that's the first of its kind in the nation.
According to the survey, Tennessee farmers sold more than $60 million worth of produce directly to consumers in 2014.
That's a 30% increase from the previous year.
The survey also found that over 200 local food cooperatives, farmers","2014. The total impact on Tennessee's agricultural production industry is expected to be greater due to the growing demand for local food, according to the Tennessee Department of Agriculture.
The federal government never measured just how much Tennessee farmers cash in on the local food movement.
That was until the University of Tennessee Extension and the USDA recently conducted a survey that's the first of its kind in the nation.
According to the survey, Tennessee farmers sold more than $60 million worth of produce directly to consumers in 2014.
That's a 30% increase from the previous year.
The survey also found that over 200 local food cooperatives, farmers","{""do_sample"": true, ""temperature"": 1.0, ""top_p"": 0.95, ""top_k"": 50, ""repetition_penalty"": 1.0, ""max_new_tokens"": 128}"
kgw,1.0,0,1334,100,100,Ozier Muhammad/The New York TimesReynaldo Rodriguez of the Care Coordination program counseled a patient with H.I.V. on how to adhere ,"Ozier Muhammad/The New York TimesReynaldo Rodriguez of the Care Coordination program counseled a patient with H.I.V. on how to adhere  …more
Ozier Muhammad/The New York TimesReynaldo Rodriguez of the Care Coordination program counseled a patient with H.I.V. on how to adhere  …more
Ozier Muhammad/The New York TimesReynaldo Rodriguez of the Care Coordination program counseled a patient with H.I.V. on how to adhere  …more
Ozier Muhammad/The New York TimesReynaldo Rodriguez of the Care Coordination program counseled a patient with H.I.V. on how to adhere  …more
Ozier Muhammad/The New York TimesReynaldo Rodriguez of the Care Coordination"," …more
Ozier Muhammad/The New York TimesReynaldo Rodriguez of the Care Coordination program counseled a patient with H.I.V. on how to adhere  …more
Ozier Muhammad/The New York TimesReynaldo Rodriguez of the Care Coordination program counseled a patient with H.I.V. on how to adhere  …more
Ozier Muhammad/The New York TimesReynaldo Rodriguez of the Care Coordination program counseled a patient with H.I.V. on how to adhere  …more
Ozier Muhammad/The New York TimesReynaldo Rodriguez of the Care Coordination","{""do_sample"": true, ""temperature"": 1.0, ""top_p"": 0.95, ""top_k"": 50, ""repetition_penalty"": 1.0, ""max_new_tokens"": 128}"
kgw,1.0,0,1336,102,102,"Talking to the press people here at the Heliport on Saturday, the National BJP leader, while stating the Naga issue ","Talking to the press people here at the Heliport on Saturday, the National BJP leader, while stating the Naga issue  is still a pending issue, expressed the hope that the issue can be solved in the next 5 years, provided the negotiations between the Government of India and the NSCN (IM) reaches the logical conclusion.
 The Naga people have been struggling for their identity and rights for a long time and the Centre has been making efforts to solve the issue, but it has not been possible yet, the leader observed.
However, he said, with the appointment of the new interlocutor and the fresh talks between the Centre and the NSCN (IM), there is a positive sign that the issue can be resolved soon.
He also expressed"," is still a pending issue, expressed the hope that the issue can be solved in the next 5 years, provided the negotiations between the Government of India and the NSCN (IM) reaches the logical conclusion.
 The Naga people have been struggling for their identity and rights for a long time and the Centre has been making efforts to solve the issue, but it has not been possible yet, the leader observed.
However, he said, with the appointment of the new interlocutor and the fresh talks between the Centre and the NSCN (IM), there is a positive sign that the issue can be resolved soon.
He also expressed","{""do_sample"": true, ""temperature"": 1.0, ""top_p"": 0.95, ""top_k"": 50, ""repetition_penalty"": 1.0, ""max_new_tokens"": 128}"
kgw,1.0,0,1338,104,104,"Famously tight-lipped about her Scientology faith, The Handmaid’s Tale star Elisabeth Moss has opened up in a candid new interview. ","Famously tight-lipped about her Scientology faith, The Handmaid’s Tale star Elisabeth Moss has opened up in a candid new interview. 2020 12:45 am. So, what happens when a person's thoughts, desires and actions are dictated by The Church of Scientology? From the outside, Scientology appears to be a cult that is shrouded in mystery and secrecy. But there are a few red flags that might suggest the church is more than just a harmless religious institution. In this new memoir, 'The Unbreakable Miss Lovely,' journalist Michelle Leanne Des Barres recounts her experiences as a groupie for top rock bands in the 1970s and her time within the Church of Scientology. Elisabeth Moss, star of The Handmaid's Tale,","2020 12:45 am. So, what happens when a person's thoughts, desires and actions are dictated by The Church of Scientology? From the outside, Scientology appears to be a cult that is shrouded in mystery and secrecy. But there are a few red flags that might suggest the church is more than just a harmless religious institution. In this new memoir, 'The Unbreakable Miss Lovely,' journalist Michelle Leanne Des Barres recounts her experiences as a groupie for top rock bands in the 1970s and her time within the Church of Scientology. Elisabeth Moss, star of The Handmaid's Tale,","{""do_sample"": true, ""temperature"": 1.0, ""top_p"": 0.95, ""top_k"": 50, ""repetition_penalty"": 1.0, ""max_new_tokens"": 128}"
kgw,1.0,0,1340,106,106,Madore received the package along with three crosses she had ordered in memory of her son Christopher Medina who died ,"Madore received the package along with three crosses she had ordered in memory of her son Christopher Medina who died 14 years ago.
""I was surprised and shocked to see it was a necklace,"" she said. ""I didn't order that. It's not what I wanted. I wanted three crosses.""
Madore called the company, but she claims she got nowhere. She's now taking her frustration to social media, posting a warning to others to be careful when ordering from the company.
""I just want people to be aware of this, because I'm sure I'm not the only one,"" she said. ""I'm sure there are people out there who have been scammed by this company.""
The Better Business Bureau (BBB) has received several","14 years ago.
""I was surprised and shocked to see it was a necklace,"" she said. ""I didn't order that. It's not what I wanted. I wanted three crosses.""
Madore called the company, but she claims she got nowhere. She's now taking her frustration to social media, posting a warning to others to be careful when ordering from the company.
""I just want people to be aware of this, because I'm sure I'm not the only one,"" she said. ""I'm sure there are people out there who have been scammed by this company.""
The Better Business Bureau (BBB) has received several","{""do_sample"": true, ""temperature"": 1.0, ""top_p"": 0.95, ""top_k"": 50, ""repetition_penalty"": 1.0, ""max_new_tokens"": 128}"
kgw,1.0,0,1342,108,108,"France is in a difficult position. It has not had a sufficient spur to reform, despite the platitudes by both ","France is in a difficult position. It has not had a sufficient spur to reform, despite the platitudes by both  candidates in the presidential election this year.
Macron had spoken about his support for reform, but his administration has not been able to push through significant changes to the French pension system, labor laws, and bureaucracy.
Le Pen, on the other hand, had campaigned on a platform of reducing immigration, exiting the European Union, and re-nationalizing industries. Her anti-globalization stance has not helped the country’s economy and has created divisions.
Despite the challenges, France remains a significant player in the global economy. It has a strong agricultural sector, a vibrant tourism industry, and a rich cultural heritage. The country is also home to many"," candidates in the presidential election this year.
Macron had spoken about his support for reform, but his administration has not been able to push through significant changes to the French pension system, labor laws, and bureaucracy.
Le Pen, on the other hand, had campaigned on a platform of reducing immigration, exiting the European Union, and re-nationalizing industries. Her anti-globalization stance has not helped the country’s economy and has created divisions.
Despite the challenges, France remains a significant player in the global economy. It has a strong agricultural sector, a vibrant tourism industry, and a rich cultural heritage. The country is also home to many","{""do_sample"": true, ""temperature"": 1.0, ""top_p"": 0.95, ""top_k"": 50, ""repetition_penalty"": 1.0, ""max_new_tokens"": 128}"
kgw,1.0,0,1344,110,110,"Nelson Mandela statue in Westminster, London. ""Comrade Mandela's release was achieved through our struggles that had pushed the apartheid regime ","Nelson Mandela statue in Westminster, London. ""Comrade Mandela's release was achieved through our struggles that had pushed the apartheid regime 24 hours away from its own demise.""
""The African National Congress, with its armed wing, Umkhonto we Sizwe (Spear of the Nation), had been waging a guerrilla war against the apartheid government since 1961. The ANC's military campaign, including the bombing of military installations and strategic targets, aimed to weaken the apartheid regime and ultimately lead to its collapse.""
--Sipho Pityana, co-conspirator in the Rivonia trial, speaking at the unveiling of a statue of Nelson Mandela in Westminster, London in 2007. Mandela was released from prison on February 11, 1990,","24 hours away from its own demise.""
""The African National Congress, with its armed wing, Umkhonto we Sizwe (Spear of the Nation), had been waging a guerrilla war against the apartheid government since 1961. The ANC's military campaign, including the bombing of military installations and strategic targets, aimed to weaken the apartheid regime and ultimately lead to its collapse.""
--Sipho Pityana, co-conspirator in the Rivonia trial, speaking at the unveiling of a statue of Nelson Mandela in Westminster, London in 2007. Mandela was released from prison on February 11, 1990,","{""do_sample"": true, ""temperature"": 1.0, ""top_p"": 0.95, ""top_k"": 50, ""repetition_penalty"": 1.0, ""max_new_tokens"": 128}"
kgw,1.0,0,1346,112,112,"Back in 1982, the Endangered Species Act took the ocelot under its protection. The ocelot is a vulnerable creature, susceptible ","Back in 1982, the Endangered Species Act took the ocelot under its protection. The ocelot is a vulnerable creature, susceptible  to various human activities such as habitat destruction, hunting, and poaching. By putting the ocelot under federal protection, the U.S. government aimed to ensure the long-term survival of this majestic animal.
The ocelot is a majestic and solitary creature. It is a member of the wild cat family, and its fur is a stunning coat of tan and black spots. In Texas, there are only about 50 ocelots living in the state. The ocelot is often referred to as a ghost cat, due to its elusive nature and ability to remain hidden from human view.
The ocelot plays a crucial"," to various human activities such as habitat destruction, hunting, and poaching. By putting the ocelot under federal protection, the U.S. government aimed to ensure the long-term survival of this majestic animal.
The ocelot is a majestic and solitary creature. It is a member of the wild cat family, and its fur is a stunning coat of tan and black spots. In Texas, there are only about 50 ocelots living in the state. The ocelot is often referred to as a ghost cat, due to its elusive nature and ability to remain hidden from human view.
The ocelot plays a crucial","{""do_sample"": true, ""temperature"": 1.0, ""top_p"": 0.95, ""top_k"": 50, ""repetition_penalty"": 1.0, ""max_new_tokens"": 128}"
kgw,1.0,0,1348,114,114,"Assembly Minority Leader Pat Hickey, R-Reno, will have a GOP primary election opponent in 2014. Richard Fineberg, a retired lawyer ","Assembly Minority Leader Pat Hickey, R-Reno, will have a GOP primary election opponent in 2014. Richard Fineberg, a retired lawyer  and former chairman of the Washoe County Republican Party, has announced his candidacy.
Fineberg, who was the chairman of the party for two years in the early 2000s, said he's running because he wants to "" restore the values of traditional Nevada Republicans"" to the party. He also criticized Hickey for not being conservative enough and for his support of higher taxes.
""It's time to take the party back from the moderate, moderate-liberal leadership that has taken over,"" Fineberg said.
Fineberg, 66, has run for state Assembly before, finishing third in a four-way primary in 2004 for an"," and former chairman of the Washoe County Republican Party, has announced his candidacy.
Fineberg, who was the chairman of the party for two years in the early 2000s, said he's running because he wants to "" restore the values of traditional Nevada Republicans"" to the party. He also criticized Hickey for not being conservative enough and for his support of higher taxes.
""It's time to take the party back from the moderate, moderate-liberal leadership that has taken over,"" Fineberg said.
Fineberg, 66, has run for state Assembly before, finishing third in a four-way primary in 2004 for an","{""do_sample"": true, ""temperature"": 1.0, ""top_p"": 0.95, ""top_k"": 50, ""repetition_penalty"": 1.0, ""max_new_tokens"": 128}"
kgw,1.0,0,1350,116,116,"Friday Night Live: Hilarious Improv Comedy featuring live music from pianist Keith Munslow! Get beside yourself with FNL’s interactive scenes, ","Friday Night Live: Hilarious Improv Comedy featuring live music from pianist Keith Munslow! Get beside yourself with FNL’s interactive scenes, 4th-wall-breaking humor, and musical mash-ups!
Show at 7:30 PM & 9:30 PM
Doors open at 6:45 PM & 8:45 PM
Seating is general admission and first come, first served
Tickets are $15-$20
Click here for tickets and more info!
Friday Night Live is the Valley's premier improv comedy troupe! FNL is dedicated to providing a hilarious and entertaining experience through its improvisational scenes, 4th-wall-breaking humor, and musical mash-ups! With a rotating cast of talented improvisers, each show is unique and always surprises audiences!","4th-wall-breaking humor, and musical mash-ups!
Show at 7:30 PM & 9:30 PM
Doors open at 6:45 PM & 8:45 PM
Seating is general admission and first come, first served
Tickets are $15-$20
Click here for tickets and more info!
Friday Night Live is the Valley's premier improv comedy troupe! FNL is dedicated to providing a hilarious and entertaining experience through its improvisational scenes, 4th-wall-breaking humor, and musical mash-ups! With a rotating cast of talented improvisers, each show is unique and always surprises audiences!","{""do_sample"": true, ""temperature"": 1.0, ""top_p"": 0.95, ""top_k"": 50, ""repetition_penalty"": 1.0, ""max_new_tokens"": 128}"
kgw,1.0,0,1352,118,118,Do Twinkle and mum Dimple share a wardrobe? The star wife was missing for a greater part of the year ,"Do Twinkle and mum Dimple share a wardrobe? The star wife was missing for a greater part of the year 2022, and some fans started to wonder if she had left him for someone else. However, they both returned to the small screen with their show Twinkle... Read more
Ranveer Singh's 'Jayeshbhai Jordaar' trailer out now
The trailer of Ranveer Singh's upcoming film 'Jayeshbhai Jordaar' is out now. The film is a family entertainer directed by Divyang Thakkar. The movie tells the story of Jayeshbhai, a young man from Gujarat who is forced to take up a family obligation,... Read more
Aishwarya Rai Bach","2022, and some fans started to wonder if she had left him for someone else. However, they both returned to the small screen with their show Twinkle... Read more
Ranveer Singh's 'Jayeshbhai Jordaar' trailer out now
The trailer of Ranveer Singh's upcoming film 'Jayeshbhai Jordaar' is out now. The film is a family entertainer directed by Divyang Thakkar. The movie tells the story of Jayeshbhai, a young man from Gujarat who is forced to take up a family obligation,... Read more
Aishwarya Rai Bach","{""do_sample"": true, ""temperature"": 1.0, ""top_p"": 0.95, ""top_k"": 50, ""repetition_penalty"": 1.0, ""max_new_tokens"": 128}"
kgw,1.0,0,1354,120,120,the World Challenge a year ago. He won at Hilton Head on the U.S. Championships in Doral and Shanghai. the ,"the World Challenge a year ago. He won at Hilton Head on the U.S. Championships in Doral and Shanghai. the 2018 Masters tournament. He has also won two PGA Tour events. He played his first U.S.
the World Challenge a year ago. He won at Hilton Head on the U.S. Championships in Doral and Shanghai. the 2018 Masters tournament. He has also won two PGA Tour events. He played his first U.S. Masters tournament in 2017.
the World Challenge a year ago. He won at Hilton Head on the U.S. Championships in Doral and Shanghai. the 2018 Masters tournament. He has also won two PGA Tour events. He played his first U.S.
the World Challenge a year ago","2018 Masters tournament. He has also won two PGA Tour events. He played his first U.S.
the World Challenge a year ago. He won at Hilton Head on the U.S. Championships in Doral and Shanghai. the 2018 Masters tournament. He has also won two PGA Tour events. He played his first U.S. Masters tournament in 2017.
the World Challenge a year ago. He won at Hilton Head on the U.S. Championships in Doral and Shanghai. the 2018 Masters tournament. He has also won two PGA Tour events. He played his first U.S.
the World Challenge a year ago","{""do_sample"": true, ""temperature"": 1.0, ""top_p"": 0.95, ""top_k"": 50, ""repetition_penalty"": 1.0, ""max_new_tokens"": 128}"
kgw,1.0,0,1356,122,122,2 bedroom home with extra room for office or 3rd bedroom. Kitchen features Oak cabinets. Home features wood flooring in ,"2 bedroom home with extra room for office or 3rd bedroom. Kitchen features Oak cabinets. Home features wood flooring in 2 bedrooms, tile in bathroom and kitchen, and carpet in living room. Vinyl siding, nice big backyard with deck perfect for outdoor entertainment. Located close to interstate and downtown. Square footage is approximate and should be verified by buyer. Property being sold as-is. Seller will make no repairs. Cash or conventional financing only. $2000 allowance for closing costs with acceptable offer.
Directions: From downtown, take Hwy 31 south to Spring Hill Road, turn left and go approximately 1 mile, turn right on Oakwood Avenue, property will be on the left. From I-65, take exit 184, go north on Hwy ","2 bedrooms, tile in bathroom and kitchen, and carpet in living room. Vinyl siding, nice big backyard with deck perfect for outdoor entertainment. Located close to interstate and downtown. Square footage is approximate and should be verified by buyer. Property being sold as-is. Seller will make no repairs. Cash or conventional financing only. $2000 allowance for closing costs with acceptable offer.
Directions: From downtown, take Hwy 31 south to Spring Hill Road, turn left and go approximately 1 mile, turn right on Oakwood Avenue, property will be on the left. From I-65, take exit 184, go north on Hwy ","{""do_sample"": true, ""temperature"": 1.0, ""top_p"": 0.95, ""top_k"": 50, ""repetition_penalty"": 1.0, ""max_new_tokens"": 128}"
kgw,1.0,0,1358,124,124,"Following her acceptance into iPOP! after try-outs in Fort Walton Beach, Michelle Bryant is talking positively about her fast-approaching opportunity. ","Following her acceptance into iPOP! after try-outs in Fort Walton Beach, Michelle Bryant is talking positively about her fast-approaching opportunity. 2017 iPOP! Rising Star nominee Michelle Bryant, 14, is excited about her upcoming appearance at iPOP! which will take place on January 3-7, 2017. She shared her emotions about being chosen for this prestigious event.
Michelle Bryant said, ""I'm beyond thrilled to be chosen for iPOP! It's an incredible opportunity to showcase my talent, learn from industry experts and network with other talented performers. I'm extremely grateful for this chance to pursue my dreams and take my skills to the next level."" She also added that she's looking forward to performing with her fellow nominees and enjoying the experience of being","2017 iPOP! Rising Star nominee Michelle Bryant, 14, is excited about her upcoming appearance at iPOP! which will take place on January 3-7, 2017. She shared her emotions about being chosen for this prestigious event.
Michelle Bryant said, ""I'm beyond thrilled to be chosen for iPOP! It's an incredible opportunity to showcase my talent, learn from industry experts and network with other talented performers. I'm extremely grateful for this chance to pursue my dreams and take my skills to the next level."" She also added that she's looking forward to performing with her fellow nominees and enjoying the experience of being","{""do_sample"": true, ""temperature"": 1.0, ""top_p"": 0.95, ""top_k"": 50, ""repetition_penalty"": 1.0, ""max_new_tokens"": 128}"
kgw,1.0,0,1360,126,126,"In the past 11 months, Mauti has had to rely on his words unlike any other time in his life. ","In the past 11 months, Mauti has had to rely on his words unlike any other time in his life. 2010 marked his second straight year as a part-time starter at Penn State, but after a season that was marred by injuries, Mauti's message of resilience was clear: ""I'm still here, I'm still battling, and I'm still grinding.""
Last season, Mauti suffered a broken arm and was forced to miss two games. This year, he's played through pain in his shoulder, which has limited his strength and effectiveness as a pass rusher. The struggles haven't deterred Mauti from speaking out, though.
His words, which have resonated with fans and teammates alike, have become a","2010 marked his second straight year as a part-time starter at Penn State, but after a season that was marred by injuries, Mauti's message of resilience was clear: ""I'm still here, I'm still battling, and I'm still grinding.""
Last season, Mauti suffered a broken arm and was forced to miss two games. This year, he's played through pain in his shoulder, which has limited his strength and effectiveness as a pass rusher. The struggles haven't deterred Mauti from speaking out, though.
His words, which have resonated with fans and teammates alike, have become a","{""do_sample"": true, ""temperature"": 1.0, ""top_p"": 0.95, ""top_k"": 50, ""repetition_penalty"": 1.0, ""max_new_tokens"": 128}"
kgw,1.0,0,1362,128,128,The FINANCIAL (AD) -- ProCredit Bank has donated a unique ex libris collection to the National Centre of Manuscripts. This ,"The FINANCIAL (AD) -- ProCredit Bank has donated a unique ex libris collection to the National Centre of Manuscripts. This 400-volume book collection includes various works, from ancient philosophers to modern fiction, and is a rare gem for book lovers.
ProCredit Bank has a strong commitment to supporting culture and education, and the donation is part of the bank's efforts to promote literacy and a love of reading. The ex libris collection is a reflection of the bank's values, which are centered on knowledge, creativity, and community.
The National Centre of Manuscripts is the largest and most important manuscript library in Georgia, and the donated collection will be preserved and made available to the public for research and enjoyment.
""This unique collection will provide a new opportunity for researchers and literature","400-volume book collection includes various works, from ancient philosophers to modern fiction, and is a rare gem for book lovers.
ProCredit Bank has a strong commitment to supporting culture and education, and the donation is part of the bank's efforts to promote literacy and a love of reading. The ex libris collection is a reflection of the bank's values, which are centered on knowledge, creativity, and community.
The National Centre of Manuscripts is the largest and most important manuscript library in Georgia, and the donated collection will be preserved and made available to the public for research and enjoyment.
""This unique collection will provide a new opportunity for researchers and literature","{""do_sample"": true, ""temperature"": 1.0, ""top_p"": 0.95, ""top_k"": 50, ""repetition_penalty"": 1.0, ""max_new_tokens"": 128}"
kgw,1.0,0,1364,130,130,These two healthcare REITs are trading for dirt-cheap valuations despite high dividends and a solid history of growth. Investing in ,"These two healthcare REITs are trading for dirt-cheap valuations despite high dividends and a solid history of growth. Investing in 2022 is all about finding those bargains, right? | Image: Shutterstock
These two healthcare REITs are trading for dirt-cheap valuations despite high dividends and a solid history of growth. Investing in 2022 is all about finding those bargains, right? | Image: Shutterstock
Healthcare Real Estate Investment Trusts (REITs) are often misunderstood and overlooked, but they can provide an attractive combination of income, stability, and growth for investors. The following two healthcare REITs are trading at a significant discount to their underlying assets and offer high dividend yields, making them compelling investment opportunities:
1. Care","2022 is all about finding those bargains, right? | Image: Shutterstock
These two healthcare REITs are trading for dirt-cheap valuations despite high dividends and a solid history of growth. Investing in 2022 is all about finding those bargains, right? | Image: Shutterstock
Healthcare Real Estate Investment Trusts (REITs) are often misunderstood and overlooked, but they can provide an attractive combination of income, stability, and growth for investors. The following two healthcare REITs are trading at a significant discount to their underlying assets and offer high dividend yields, making them compelling investment opportunities:
1. Care","{""do_sample"": true, ""temperature"": 1.0, ""top_p"": 0.95, ""top_k"": 50, ""repetition_penalty"": 1.0, ""max_new_tokens"": 128}"
kgw,1.0,0,1366,132,132,Young Lions skipper Brad Galvin isn’t afraid of taking his side’s ‘scrappy’ style of play into Sunday’s semi final clash ,"Young Lions skipper Brad Galvin isn’t afraid of taking his side’s ‘scrappy’ style of play into Sunday’s semi final clash  against arch-rivals and top-of-the-table club NPL powerhouse Oakleigh Cannons.
The 21-year-old midfielder has been a key player for Young Lions this season, and despite the fact that they are significant underdogs, he believes that the team can cause an upset by sticking to their game plan.
‘We might not have the biggest budget, we might not have the best players, but we have a group of lads that are willing to roll their sleeves up and work hard for each other,’ Galvin said.
‘We might not have the prettiest football at times, but we make up for it with"," against arch-rivals and top-of-the-table club NPL powerhouse Oakleigh Cannons.
The 21-year-old midfielder has been a key player for Young Lions this season, and despite the fact that they are significant underdogs, he believes that the team can cause an upset by sticking to their game plan.
‘We might not have the biggest budget, we might not have the best players, but we have a group of lads that are willing to roll their sleeves up and work hard for each other,’ Galvin said.
‘We might not have the prettiest football at times, but we make up for it with","{""do_sample"": true, ""temperature"": 1.0, ""top_p"": 0.95, ""top_k"": 50, ""repetition_penalty"": 1.0, ""max_new_tokens"": 128}"
kgw,1.0,0,1368,134,134,"For a career that once seemed so good on paper, the crisis in teacher recruitment is now hardly ever out ","For a career that once seemed so good on paper, the crisis in teacher recruitment is now hardly ever out 0f the headlines. With many schools struggling to find qualified candidates to fill empty classrooms, the profession is facing a severe shortage. In this blog, we'll explore the reasons behind this crisis and what the education sector can do to stem the tide.

1. **Demographic changes**: Over the past few decades, the UK's population has become increasingly diverse, with more people from different backgrounds, cultures, and countries settling in the country. This has led to a change in the demographics of the teaching workforce, making it more challenging to find candidates who reflect the diversity of the student population. To address this, schools and universities can work together","0f the headlines. With many schools struggling to find qualified candidates to fill empty classrooms, the profession is facing a severe shortage. In this blog, we'll explore the reasons behind this crisis and what the education sector can do to stem the tide.

1. **Demographic changes**: Over the past few decades, the UK's population has become increasingly diverse, with more people from different backgrounds, cultures, and countries settling in the country. This has led to a change in the demographics of the teaching workforce, making it more challenging to find candidates who reflect the diversity of the student population. To address this, schools and universities can work together","{""do_sample"": true, ""temperature"": 1.0, ""top_p"": 0.95, ""top_k"": 50, ""repetition_penalty"": 1.0, ""max_new_tokens"": 128}"
kgw,1.0,0,1370,136,136,councilors at the USC Annenberg School for Communication. Arkansas governor and congressman who joined the board in 2006. renewed attention ,"councilors at the USC Annenberg School for Communication. Arkansas governor and congressman who joined the board in 2006. renewed attention 1977, to its own board members, but also to.
The University of Southern California (USC) is a private research university located in Los Angeles, California. Founded in 1880, the university is.
Dr. Christina Romer, former Chair of the Council of Economic Advisers, spoke to USC Annenberg about the implications of the 2020 presidential election on the economy and the challenges facing the next administration.
University of Southern California. The University of Southern California (USC) is a private research university located in Los Angeles, California. Founded in 1880, the university is.
University of Southern California. The","1977, to its own board members, but also to.
The University of Southern California (USC) is a private research university located in Los Angeles, California. Founded in 1880, the university is.
Dr. Christina Romer, former Chair of the Council of Economic Advisers, spoke to USC Annenberg about the implications of the 2020 presidential election on the economy and the challenges facing the next administration.
University of Southern California. The University of Southern California (USC) is a private research university located in Los Angeles, California. Founded in 1880, the university is.
University of Southern California. The","{""do_sample"": true, ""temperature"": 1.0, ""top_p"": 0.95, ""top_k"": 50, ""repetition_penalty"": 1.0, ""max_new_tokens"": 128}"
kgw,1.0,0,1372,138,138,The Las Vegas real estate market got a small reprieve in February; with sales volume at a four-year high for ,"The Las Vegas real estate market got a small reprieve in February; with sales volume at a four-year high for 2023. The median home price for the Las Vegas Valley dropped to $440,000, which is 1.6% lower than January. According to the Greater Las Vegas Association of Realtors (GLVAR), the median price has been steadily rising since last year.
The total number of single-family homes sold in February reached 3,143, up 2.5% from last year. Sales volume is down 14.1% year-over-year, but still strong compared to historical data. This is the first time since 2019 that the number of home sales has increased for four consecutive months.
The number of active","2023. The median home price for the Las Vegas Valley dropped to $440,000, which is 1.6% lower than January. According to the Greater Las Vegas Association of Realtors (GLVAR), the median price has been steadily rising since last year.
The total number of single-family homes sold in February reached 3,143, up 2.5% from last year. Sales volume is down 14.1% year-over-year, but still strong compared to historical data. This is the first time since 2019 that the number of home sales has increased for four consecutive months.
The number of active","{""do_sample"": true, ""temperature"": 1.0, ""top_p"": 0.95, ""top_k"": 50, ""repetition_penalty"": 1.0, ""max_new_tokens"": 128}"
kgw,1.0,0,1374,140,140,Rafael Nadal became the first man to win eight titles at the same Grand Slam tournament after beating fellow Spaniard ,"Rafael Nadal became the first man to win eight titles at the same Grand Slam tournament after beating fellow Spaniard 17-year-old Carlos Alcaraz 6-1, 6-2, 6-4 in the French Open final.
Nadal, 36, won his 22nd Grand Slam title and his 14th in Paris, breaking a tie with Swiss great Roger Federer for the most titles at one Grand Slam event.
The victory also marked Nadal's 139th career win at the French Open, surpassing Federer's record of 128 wins at Wimbledon.
Alcaraz, who was playing in his first Grand Slam final, put up a brave fight but ultimately couldn't match the experience and skill of Nad","17-year-old Carlos Alcaraz 6-1, 6-2, 6-4 in the French Open final.
Nadal, 36, won his 22nd Grand Slam title and his 14th in Paris, breaking a tie with Swiss great Roger Federer for the most titles at one Grand Slam event.
The victory also marked Nadal's 139th career win at the French Open, surpassing Federer's record of 128 wins at Wimbledon.
Alcaraz, who was playing in his first Grand Slam final, put up a brave fight but ultimately couldn't match the experience and skill of Nad","{""do_sample"": true, ""temperature"": 1.0, ""top_p"": 0.95, ""top_k"": 50, ""repetition_penalty"": 1.0, ""max_new_tokens"": 128}"
kgw,1.0,0,1376,142,142,"No longer limited to calling other Jaxtr users, the service is taking cue from Skype for its revenue strategy. Jaxtr, ","No longer limited to calling other Jaxtr users, the service is taking cue from Skype for its revenue strategy. Jaxtr, 24 months old, allows users to make low-cost, international calls from their mobile phones.
Now, users can call any mobile or landline number worldwide, paying by the minute or through pre-paid plans. Jaxtr has introduced new pricing and tiered plans, with free trials and bundles.
Jaxtr's competitors include Skype, Vonage, and Rebtel, all of which offer similar services. But Jaxtr's mobile-centric approach and global availability may help it stand out.
""It's about giving users a more convenient and affordable way to make international calls,"" said Jaxtr CEO Payam Shojai. ""With","24 months old, allows users to make low-cost, international calls from their mobile phones.
Now, users can call any mobile or landline number worldwide, paying by the minute or through pre-paid plans. Jaxtr has introduced new pricing and tiered plans, with free trials and bundles.
Jaxtr's competitors include Skype, Vonage, and Rebtel, all of which offer similar services. But Jaxtr's mobile-centric approach and global availability may help it stand out.
""It's about giving users a more convenient and affordable way to make international calls,"" said Jaxtr CEO Payam Shojai. ""With","{""do_sample"": true, ""temperature"": 1.0, ""top_p"": 0.95, ""top_k"": 50, ""repetition_penalty"": 1.0, ""max_new_tokens"": 128}"
kgw,1.0,0,1378,144,144,A three member bench of the Supreme Court has adjourned the hearing of Orange Line Metro Train case till Friday. ,"A three member bench of the Supreme Court has adjourned the hearing of Orange Line Metro Train case till Friday.  The bench comprising Justice Nasir-ul-Mulk, Justice Amir Hani Muslim and Justice Azmat Saeed dismissed the petitions against the Lahore High Court (LHC) decision, allowing the Metro Bus Service to operate as an Orange Line Metro Train project.

Earlier, the court had taken up the petitions filed by the Pakistan Muslim League-Nawaz (PML-N) government, which was earlier in power, against the LHC decision. The government had challenged the decision in the apex court, saying that the Orange Line Metro Train project was not feasible and was being implemented for political reasons.

The PML-N government had suspended the project when"," The bench comprising Justice Nasir-ul-Mulk, Justice Amir Hani Muslim and Justice Azmat Saeed dismissed the petitions against the Lahore High Court (LHC) decision, allowing the Metro Bus Service to operate as an Orange Line Metro Train project.

Earlier, the court had taken up the petitions filed by the Pakistan Muslim League-Nawaz (PML-N) government, which was earlier in power, against the LHC decision. The government had challenged the decision in the apex court, saying that the Orange Line Metro Train project was not feasible and was being implemented for political reasons.

The PML-N government had suspended the project when","{""do_sample"": true, ""temperature"": 1.0, ""top_p"": 0.95, ""top_k"": 50, ""repetition_penalty"": 1.0, ""max_new_tokens"": 128}"
kgw,1.0,0,1380,146,146,"A primary school caretaker has been found guilty of attacking a group of teenagers. Karl Lucas, 27, of Manor Fields, ","A primary school caretaker has been found guilty of attacking a group of teenagers. Karl Lucas, 27, of Manor Fields,  was accused of intimidating and punching the three youngsters on the evening of July 31st.
The prosecution claimed that Lucas had been drinking and was in a aggressive mood, while the defence argued that he was the victim of an unprovoked attack.
However, the court heard that Lucas had been witnessed by a resident, who described seeing him chasing the teenagers before striking them.
The jury returned a verdict of guilty of common assault and affray. Judge Tim Smith described the incident as ""serious"" and sentenced Lucas to a 12-month community order, with 150 hours of unpaid work.
Lucas was also ordered to pay £1,"," was accused of intimidating and punching the three youngsters on the evening of July 31st.
The prosecution claimed that Lucas had been drinking and was in a aggressive mood, while the defence argued that he was the victim of an unprovoked attack.
However, the court heard that Lucas had been witnessed by a resident, who described seeing him chasing the teenagers before striking them.
The jury returned a verdict of guilty of common assault and affray. Judge Tim Smith described the incident as ""serious"" and sentenced Lucas to a 12-month community order, with 150 hours of unpaid work.
Lucas was also ordered to pay £1,","{""do_sample"": true, ""temperature"": 1.0, ""top_p"": 0.95, ""top_k"": 50, ""repetition_penalty"": 1.0, ""max_new_tokens"": 128}"
kgw,1.0,0,1382,148,148,"It's not always easy to keep mentally focused during running. Focus requires discipline and a certain level of mental toughness, ","It's not always easy to keep mentally focused during running. Focus requires discipline and a certain level of mental toughness, 1. The ability to stay focused is a vital component of success, both during and after a run. Here are some tips to help you maintain your mental focus while running.
Stay present in the moment
Mental focus is often achieved by staying present in the moment and focusing on what's happening right now. This means not worrying about the future or past, but concentrating on your breathing, your pace, and your surroundings. Keep your mind in the present, and you'll be less likely to get distracted.
Set specific goals
Setting specific, measurable goals can help you stay focused. Whether it's to maintain a certain pace or finish a","1. The ability to stay focused is a vital component of success, both during and after a run. Here are some tips to help you maintain your mental focus while running.
Stay present in the moment
Mental focus is often achieved by staying present in the moment and focusing on what's happening right now. This means not worrying about the future or past, but concentrating on your breathing, your pace, and your surroundings. Keep your mind in the present, and you'll be less likely to get distracted.
Set specific goals
Setting specific, measurable goals can help you stay focused. Whether it's to maintain a certain pace or finish a","{""do_sample"": true, ""temperature"": 1.0, ""top_p"": 0.95, ""top_k"": 50, ""repetition_penalty"": 1.0, ""max_new_tokens"": 128}"
kgw,1.0,0,1384,150,150,"Amazingly, half of all Americans say they don’t care about government surveillance — and during a random sampling of people ","Amazingly, half of all Americans say they don’t care about government surveillance — and during a random sampling of people 25 and older, 23% said they weren’t concerned at all.
New York Times survey reported that only 45% of Americans believe the NSA’s spying program is illegal.
Also, 60% of Americans believe the government has gone too far in surveillance.
This is a major concern for many and will likely continue to be an issue in future elections.
What do you think? Are you concerned about government surveillance? Do you think the government has gone too far or is the surveillance necessary for national security? Share your thoughts in the comments below! #GovernmentSurveillance #NationalSecurity #PrivacyMatters
—> Join the conversation and","25 and older, 23% said they weren’t concerned at all.
New York Times survey reported that only 45% of Americans believe the NSA’s spying program is illegal.
Also, 60% of Americans believe the government has gone too far in surveillance.
This is a major concern for many and will likely continue to be an issue in future elections.
What do you think? Are you concerned about government surveillance? Do you think the government has gone too far or is the surveillance necessary for national security? Share your thoughts in the comments below! #GovernmentSurveillance #NationalSecurity #PrivacyMatters
—> Join the conversation and","{""do_sample"": true, ""temperature"": 1.0, ""top_p"": 0.95, ""top_k"": 50, ""repetition_penalty"": 1.0, ""max_new_tokens"": 128}"
kgw,1.0,0,1386,152,152,"Ubuntu 10.04 LTS Lucid Lynx is the latest Linux operating system from Canonical, aimed at consumers. It's free, but is ","Ubuntu 10.04 LTS Lucid Lynx is the latest Linux operating system from Canonical, aimed at consumers. It's free, but is 10.04 LTS worth upgrading from Ubuntu 9.10 or other distributions? Here's our review.
Ubuntu 10.04 LTS Lucid Lynx: A Review
Ubuntu 10.04 LTS Lucid Lynx: A Review - Introduction
Ubuntu 10.04 LTS Lucid Lynx is the latest Linux operating system from Canonical, aimed at consumers. It's free, but is 10.04 LTS worth upgrading from Ubuntu 9.10 or other distributions? Here's our review.
Ubuntu 10.04 LTS Lucid Lynx: A Review - Design and User Interface
Ubuntu 10.04 LTS Luc","10.04 LTS worth upgrading from Ubuntu 9.10 or other distributions? Here's our review.
Ubuntu 10.04 LTS Lucid Lynx: A Review
Ubuntu 10.04 LTS Lucid Lynx: A Review - Introduction
Ubuntu 10.04 LTS Lucid Lynx is the latest Linux operating system from Canonical, aimed at consumers. It's free, but is 10.04 LTS worth upgrading from Ubuntu 9.10 or other distributions? Here's our review.
Ubuntu 10.04 LTS Lucid Lynx: A Review - Design and User Interface
Ubuntu 10.04 LTS Luc","{""do_sample"": true, ""temperature"": 1.0, ""top_p"": 0.95, ""top_k"": 50, ""repetition_penalty"": 1.0, ""max_new_tokens"": 128}"
kgw,1.0,0,1388,154,154,"New York’s bike share really does attract way more commuters than tourists. Since its debut last year, New York City’s ","New York’s bike share really does attract way more commuters than tourists. Since its debut last year, New York City’s 24,000-strong bike-share fleet has racked up millions of trips, with the most popular routes running between the suburbs and Lower Manhattan, and between Brooklyn and Manhattan.
According to data released by NYC’s Department of Transportation, the majority of bike-share trips are made by residents, not tourists. This isn’t surprising, given the city’s dense population and already-strained public transportation system. But it’s good to see that bike-share has become a viable option for commuters, particularly those traveling to and from the outer boroughs.
The data also shows that the most popular bike-share routes are:
  1. Jamaica, Queens to Lower Manhattan","24,000-strong bike-share fleet has racked up millions of trips, with the most popular routes running between the suburbs and Lower Manhattan, and between Brooklyn and Manhattan.
According to data released by NYC’s Department of Transportation, the majority of bike-share trips are made by residents, not tourists. This isn’t surprising, given the city’s dense population and already-strained public transportation system. But it’s good to see that bike-share has become a viable option for commuters, particularly those traveling to and from the outer boroughs.
The data also shows that the most popular bike-share routes are:
  1. Jamaica, Queens to Lower Manhattan","{""do_sample"": true, ""temperature"": 1.0, ""top_p"": 0.95, ""top_k"": 50, ""repetition_penalty"": 1.0, ""max_new_tokens"": 128}"
kgw,1.0,0,1390,156,156,"On Jan. 15, nine of 12 members of the National Park System Advisory Board sent a letter to Interior Secretary ","On Jan. 15, nine of 12 members of the National Park System Advisory Board sent a letter to Interior Secretary  Deb Haaland, urging her to preserve the natural and cultural resources of the Grand Staircase-Escalante National Monument in Utah.
The board members, all appointed by previous administrations, expressed concern about the potential impacts of the monument's proposed boundary adjustments, which could lead to oil and gas leasing, mining, and other development activities. They argued that such actions would compromise the monument's integrity and violate its original purpose as a protected area.
The letter, which was also signed by several former park superintendents and conservation organizations, emphasized the importance of preserving the area's unique geological and paleontological resources, including the Grand"," Deb Haaland, urging her to preserve the natural and cultural resources of the Grand Staircase-Escalante National Monument in Utah.
The board members, all appointed by previous administrations, expressed concern about the potential impacts of the monument's proposed boundary adjustments, which could lead to oil and gas leasing, mining, and other development activities. They argued that such actions would compromise the monument's integrity and violate its original purpose as a protected area.
The letter, which was also signed by several former park superintendents and conservation organizations, emphasized the importance of preserving the area's unique geological and paleontological resources, including the Grand","{""do_sample"": true, ""temperature"": 1.0, ""top_p"": 0.95, ""top_k"": 50, ""repetition_penalty"": 1.0, ""max_new_tokens"": 128}"
kgw,1.0,0,1392,158,158,"October 30, 2017  Mancari offers stories of wandering and homecoming, colored by a determination to live, artistically, beyond the ","October 30, 2017  Mancari offers stories of wandering and homecoming, colored by a determination to live, artistically, beyond the 9-to-5.
October 16, 2017  In her collection, Lefkowitz explores the complexities of grief, family secrets and the search for identity.
September 11, 2017  In her novel, Moseley presents a richly detailed portrait of a young woman's experiences in pre-Civil War Georgia, exploring themes of slavery, class and identity.
June 26, 2017  In his debut novel, Khazan explores the complexities of race, class and identity in the lives of a multigenerational family.
May 15, 2017  In her","9-to-5.
October 16, 2017  In her collection, Lefkowitz explores the complexities of grief, family secrets and the search for identity.
September 11, 2017  In her novel, Moseley presents a richly detailed portrait of a young woman's experiences in pre-Civil War Georgia, exploring themes of slavery, class and identity.
June 26, 2017  In his debut novel, Khazan explores the complexities of race, class and identity in the lives of a multigenerational family.
May 15, 2017  In her","{""do_sample"": true, ""temperature"": 1.0, ""top_p"": 0.95, ""top_k"": 50, ""repetition_penalty"": 1.0, ""max_new_tokens"": 128}"
kgw,1.0,0,1394,160,160,"Since 2010, Microsoft has been working on a gaming display system so small that it wouldn't need to be sitting ","Since 2010, Microsoft has been working on a gaming display system so small that it wouldn't need to be sitting 6 feet away from the player. Instead, it would sit on the player's face, and be completely unobtrusive. And finally, the tech has reached a point where it's ready for mass production.
The system, which Microsoft is calling ""HoloLens,"" is a new type of computer that uses holographic technology to project a 3D image in front of the user. It's a bit like a heads-up display (HUD), but instead of just showing text and graphics, it shows fully-realized 3D objects and environments.
The HoloLens is designed to be worn like a pair of glasses, and","6 feet away from the player. Instead, it would sit on the player's face, and be completely unobtrusive. And finally, the tech has reached a point where it's ready for mass production.
The system, which Microsoft is calling ""HoloLens,"" is a new type of computer that uses holographic technology to project a 3D image in front of the user. It's a bit like a heads-up display (HUD), but instead of just showing text and graphics, it shows fully-realized 3D objects and environments.
The HoloLens is designed to be worn like a pair of glasses, and","{""do_sample"": true, ""temperature"": 1.0, ""top_p"": 0.95, ""top_k"": 50, ""repetition_penalty"": 1.0, ""max_new_tokens"": 128}"
kgw,1.0,0,1396,162,162,Dubai: The Dubai Financial Market (DFM) witnessed another round of selling on Monday as traders remained cautious ahead of a ,"Dubai: The Dubai Financial Market (DFM) witnessed another round of selling on Monday as traders remained cautious ahead of a 5-day break starting from Tuesday.
The Dubai Financial Market General Index shed 2.15 per cent to 2,444.86 points, erasing last Friday's gains.
The value of trades was worth Dh1.14 billion ($310 million), compared to Dh1.28 billion ($348 million) on Friday.
""It's natural to see some correction after Friday's gains,"" said Ahmed Ali, senior financial analyst at Al Mal Capital.
""Traders are taking profits and booking gains ahead of the Eid Al Adha holiday, which may impact trading activity in the coming days.""
The largest Dubai-listed bank, Emirates NBD,","5-day break starting from Tuesday.
The Dubai Financial Market General Index shed 2.15 per cent to 2,444.86 points, erasing last Friday's gains.
The value of trades was worth Dh1.14 billion ($310 million), compared to Dh1.28 billion ($348 million) on Friday.
""It's natural to see some correction after Friday's gains,"" said Ahmed Ali, senior financial analyst at Al Mal Capital.
""Traders are taking profits and booking gains ahead of the Eid Al Adha holiday, which may impact trading activity in the coming days.""
The largest Dubai-listed bank, Emirates NBD,","{""do_sample"": true, ""temperature"": 1.0, ""top_p"": 0.95, ""top_k"": 50, ""repetition_penalty"": 1.0, ""max_new_tokens"": 128}"
kgw,1.0,0,1398,164,164,"I didn’t notice, but I’ve been told George W, Bush delivered his latest speech smoothly, more so than most of ","I didn’t notice, but I’ve been told George W, Bush delivered his latest speech smoothly, more so than most of 2008 candidates. The guy just gets better with age.
A lot of people in this world don't want me to talk about the terrorist attacks on 9/11 and the wars in Iraq and Afghanistan. They say it's time to move on. But I will not forget. We must never forget the faces of the innocent people who were killed.
We are a nation that will never forget the sacrifices of our troops. We are a nation that will never forget the families who have lost loved ones. We are a nation that will never forget the friends and colleagues who were killed. We are a nation that will never forget the heroes who","2008 candidates. The guy just gets better with age.
A lot of people in this world don't want me to talk about the terrorist attacks on 9/11 and the wars in Iraq and Afghanistan. They say it's time to move on. But I will not forget. We must never forget the faces of the innocent people who were killed.
We are a nation that will never forget the sacrifices of our troops. We are a nation that will never forget the families who have lost loved ones. We are a nation that will never forget the friends and colleagues who were killed. We are a nation that will never forget the heroes who","{""do_sample"": true, ""temperature"": 1.0, ""top_p"": 0.95, ""top_k"": 50, ""repetition_penalty"": 1.0, ""max_new_tokens"": 128}"
kgw,1.0,0,1400,166,166,Seven-Year-Old Florida Boy Swallows Grill! This 7-year-old boy became the latest victim of hip-hop culture – as he was rushed ,"Seven-Year-Old Florida Boy Swallows Grill! This 7-year-old boy became the latest victim of hip-hop culture – as he was rushed  to a hospital after swallowing a grill he found in his backyard. The boy, who is recovering well, is an aspiring rapper. The grill was not functional but the boy had no idea what it was or what it was for. His mother discovered the grill lodged in his throat and rushed him to the emergency room. The family reported the incident to the local authorities, but no charges were filed as it was deemed an accident. The boy is now being home-schooled and his mother is making sure he stays focused on his education and not get distracted by the temptations of hip-hop. When asked about the incident, his mother said"," to a hospital after swallowing a grill he found in his backyard. The boy, who is recovering well, is an aspiring rapper. The grill was not functional but the boy had no idea what it was or what it was for. His mother discovered the grill lodged in his throat and rushed him to the emergency room. The family reported the incident to the local authorities, but no charges were filed as it was deemed an accident. The boy is now being home-schooled and his mother is making sure he stays focused on his education and not get distracted by the temptations of hip-hop. When asked about the incident, his mother said","{""do_sample"": true, ""temperature"": 1.0, ""top_p"": 0.95, ""top_k"": 50, ""repetition_penalty"": 1.0, ""max_new_tokens"": 128}"
kgw,1.0,0,1402,168,168,"Plan B has announced a nationwide UK tour this autumn. The rapper-turned-singer, who scored a UK Number One album with ","Plan B has announced a nationwide UK tour this autumn. The rapper-turned-singer, who scored a UK Number One album with 2006’s Who Needs Actions When You Got Words?, will hit the road in support of his latest album, Ill Manors.
The tour kicks off on September 17th at Glasgow Barrowland and finishes on October 6th at Brighton Concorde 2. In between, Plan B will stop off at major UK cities including Manchester, Leeds, Birmingham, London and Newcastle.
Plan B, real name Ben Drew, has undergone a significant career shift since his debut, trading in his hip-hop roots for a more singer-songwriter approach. His latest album, Ill Manors, received widespread critical acclaim upon its release earlier this year","2006’s Who Needs Actions When You Got Words?, will hit the road in support of his latest album, Ill Manors.
The tour kicks off on September 17th at Glasgow Barrowland and finishes on October 6th at Brighton Concorde 2. In between, Plan B will stop off at major UK cities including Manchester, Leeds, Birmingham, London and Newcastle.
Plan B, real name Ben Drew, has undergone a significant career shift since his debut, trading in his hip-hop roots for a more singer-songwriter approach. His latest album, Ill Manors, received widespread critical acclaim upon its release earlier this year","{""do_sample"": true, ""temperature"": 1.0, ""top_p"": 0.95, ""top_k"": 50, ""repetition_penalty"": 1.0, ""max_new_tokens"": 128}"
kgw,1.0,0,1404,170,170,"Do as I did, started my own business and see how much work it takes and then go from there. ","Do as I did, started my own business and see how much work it takes and then go from there. 1. We also have a list of requirements for each of the major parties. You can also get an estimate of your current level of burnout by asking yourself these questions: 1. I am always on call for my clients. The truth is, starting a business is a significant undertaking and requires a lot of effort, dedication, and perseverance. The people who are the most successful entrepreneurs are those who are willing to learn and adapt quickly. Do you have a plan for handling this? How do you handle stress and burnout? Most people are not prepared to handle the stress and burnout that comes with entrepreneurship. You can also think","1. We also have a list of requirements for each of the major parties. You can also get an estimate of your current level of burnout by asking yourself these questions: 1. I am always on call for my clients. The truth is, starting a business is a significant undertaking and requires a lot of effort, dedication, and perseverance. The people who are the most successful entrepreneurs are those who are willing to learn and adapt quickly. Do you have a plan for handling this? How do you handle stress and burnout? Most people are not prepared to handle the stress and burnout that comes with entrepreneurship. You can also think","{""do_sample"": true, ""temperature"": 1.0, ""top_p"": 0.95, ""top_k"": 50, ""repetition_penalty"": 1.0, ""max_new_tokens"": 128}"
kgw,1.0,0,1406,172,172,"A large, brand-new movie studio in Palm Beach County already has a potential box-office hit. Twentieth Century Fox will film ","A large, brand-new movie studio in Palm Beach County already has a potential box-office hit. Twentieth Century Fox will film 11 episodes of the popular TV series ""Bones"" at the new studio, which is being built in Lake Worth.
The show, starring Emily Deschanel and David Boreanaz, is a crime comedy-drama that has been a ratings winner for Fox for eight years. The studio, which is being developed by Florida Film & Sound Stages, will serve as the main production site for the show's 10th season, which is expected to premiere this fall.
The studio is expected to be completed in the summer and will offer a variety of filming locations, including soundstages, a backlot and exterior sets. It will","11 episodes of the popular TV series ""Bones"" at the new studio, which is being built in Lake Worth.
The show, starring Emily Deschanel and David Boreanaz, is a crime comedy-drama that has been a ratings winner for Fox for eight years. The studio, which is being developed by Florida Film & Sound Stages, will serve as the main production site for the show's 10th season, which is expected to premiere this fall.
The studio is expected to be completed in the summer and will offer a variety of filming locations, including soundstages, a backlot and exterior sets. It will","{""do_sample"": true, ""temperature"": 1.0, ""top_p"": 0.95, ""top_k"": 50, ""repetition_penalty"": 1.0, ""max_new_tokens"": 128}"
kgw,1.0,0,1408,174,174,Bengaluru — Gold prices rose on Thursday as the growing expectation that the US Federal Reserve will pause its rate ,"Bengaluru — Gold prices rose on Thursday as the growing expectation that the US Federal Reserve will pause its rate  hike cycle in coming months supported the safe-haven metal, but the gains were limited by a stronger dollar.
Spot gold rose 0.3% to $1,323.44 per ounce by 2:45 pm EST (1845 GMT). US gold futures climbed 0.5% to $1,325.30 per ounce.
The US dollar index, which measures the currency against six major peers, rose 0.2% to 96.15, making gold more expensive for investors who hold other currencies.
The Fed is expected to announce a rate hike at its meeting next week, but markets are pricing in"," hike cycle in coming months supported the safe-haven metal, but the gains were limited by a stronger dollar.
Spot gold rose 0.3% to $1,323.44 per ounce by 2:45 pm EST (1845 GMT). US gold futures climbed 0.5% to $1,325.30 per ounce.
The US dollar index, which measures the currency against six major peers, rose 0.2% to 96.15, making gold more expensive for investors who hold other currencies.
The Fed is expected to announce a rate hike at its meeting next week, but markets are pricing in","{""do_sample"": true, ""temperature"": 1.0, ""top_p"": 0.95, ""top_k"": 50, ""repetition_penalty"": 1.0, ""max_new_tokens"": 128}"
kgw,1.0,0,1410,176,176,"After your business is up and running, your focus naturally shifts to increasing efficiency. The small things you do to ","After your business is up and running, your focus naturally shifts to increasing efficiency. The small things you do to  make sure your operation runs smoothly, from streamlining processes to improving technology use, are all crucial. In this article, we will discuss some of the key elements that can help you optimize your business.
1. Automate tasks: The first step in optimizing your business is to identify tasks that can be automated. This will help reduce the time spent on manual tasks and improve efficiency. Consider using software tools to automate repetitive tasks, such as data entry, accounting, and inventory management.
2. Implement a scheduling system: A scheduling system is essential for streamlining your operations. It allows you to schedule tasks, appointments, and meetings efficiently. You"," make sure your operation runs smoothly, from streamlining processes to improving technology use, are all crucial. In this article, we will discuss some of the key elements that can help you optimize your business.
1. Automate tasks: The first step in optimizing your business is to identify tasks that can be automated. This will help reduce the time spent on manual tasks and improve efficiency. Consider using software tools to automate repetitive tasks, such as data entry, accounting, and inventory management.
2. Implement a scheduling system: A scheduling system is essential for streamlining your operations. It allows you to schedule tasks, appointments, and meetings efficiently. You","{""do_sample"": true, ""temperature"": 1.0, ""top_p"": 0.95, ""top_k"": 50, ""repetition_penalty"": 1.0, ""max_new_tokens"": 128}"
kgw,1.0,0,1412,178,178,"(Trinidad Guardian) It has been 42 days since Gan­gad­har Hanooman, 49, has been miss­ing and rel­a­tives in re­new­ing their calls ","(Trinidad Guardian) It has been 42 days since Gan­gad­har Hanooman, 49, has been miss­ing and rel­a­tives in re­new­ing their calls  for as­sis­tance from the po­lice to find the in­dicted busi­ness­man.
Hanooman, who was last seen leav­ing his of­fice at 24 St Clair Av­enue, Port of Spain, on May 20, was in­dicted in a $3 mil­lion fraud scheme by the Fi­nan­cial In­tel­li­gence Agency (FIA) and was fac­ing trial.
His fam­i­ly has been ques­tion­ing the pace of the in­ves­ti­ga­tion and seek­ing help from the"," for as­sis­tance from the po­lice to find the in­dicted busi­ness­man.
Hanooman, who was last seen leav­ing his of­fice at 24 St Clair Av­enue, Port of Spain, on May 20, was in­dicted in a $3 mil­lion fraud scheme by the Fi­nan­cial In­tel­li­gence Agency (FIA) and was fac­ing trial.
His fam­i­ly has been ques­tion­ing the pace of the in­ves­ti­ga­tion and seek­ing help from the","{""do_sample"": true, ""temperature"": 1.0, ""top_p"": 0.95, ""top_k"": 50, ""repetition_penalty"": 1.0, ""max_new_tokens"": 128}"
kgw,1.0,0,1414,180,180,"Maureen Hancock is an internationally renowned Spirit Medium, intuitive, teacher, lecturer, Holistic Healer, and author of the bestselling book, “The ","Maureen Hancock is an internationally renowned Spirit Medium, intuitive, teacher, lecturer, Holistic Healer, and author of the bestselling book, “The 5 Things That Cause Emotional Pain” – The Aha! Moment.
Maureen has been featured on several television shows, including “Ghost Hunters,” “Ghost Adventures” and “The Montel Williams Show.” She has also appeared on numerous radio shows, podcasts, and was a guest on the popular TV show, “The View” in 2013.
Maureen is a compassionate and empathetic spirit medium who has helped thousands of people around the world connect with loved ones who have passed on, heal from emotional pain and trauma, and find guidance and direction on their life journey. She is also an expert in the field of grief support and","5 Things That Cause Emotional Pain” – The Aha! Moment.
Maureen has been featured on several television shows, including “Ghost Hunters,” “Ghost Adventures” and “The Montel Williams Show.” She has also appeared on numerous radio shows, podcasts, and was a guest on the popular TV show, “The View” in 2013.
Maureen is a compassionate and empathetic spirit medium who has helped thousands of people around the world connect with loved ones who have passed on, heal from emotional pain and trauma, and find guidance and direction on their life journey. She is also an expert in the field of grief support and","{""do_sample"": true, ""temperature"": 1.0, ""top_p"": 0.95, ""top_k"": 50, ""repetition_penalty"": 1.0, ""max_new_tokens"": 128}"
kgw,1.0,0,1416,182,182,"Samoas and Thin Mints and Tagalongs, oh my! It's time to celebrate those little cookies that make diets shut right ","Samoas and Thin Mints and Tagalongs, oh my! It's time to celebrate those little cookies that make diets shut right 6 months of the year. Girl Scout Cookies are here! It's the most wonderful time of the year (for cookie lovers, that is). But with all the hype and enthusiasm, it can be easy to forget the real reason Girl Scout cookies exist: to support young entrepreneurs and teach important life skills.
Here are just a few reasons why Girl Scout cookies are more than just a tasty treat:
1. Entrepreneurial Spirit: Girl Scout cookies are a fundamental part of the Girl Scout program, teaching girls the ins and outs of entrepreneurship. They learn to set goals, work together, and make a profit. It's a great way to develop","6 months of the year. Girl Scout Cookies are here! It's the most wonderful time of the year (for cookie lovers, that is). But with all the hype and enthusiasm, it can be easy to forget the real reason Girl Scout cookies exist: to support young entrepreneurs and teach important life skills.
Here are just a few reasons why Girl Scout cookies are more than just a tasty treat:
1. Entrepreneurial Spirit: Girl Scout cookies are a fundamental part of the Girl Scout program, teaching girls the ins and outs of entrepreneurship. They learn to set goals, work together, and make a profit. It's a great way to develop","{""do_sample"": true, ""temperature"": 1.0, ""top_p"": 0.95, ""top_k"": 50, ""repetition_penalty"": 1.0, ""max_new_tokens"": 128}"
kgw,1.0,0,1418,184,184,"If it were ever possible to cram all the glittering boy-meets-girl, high-school-love-story stereotypes into one movie, A Cinderella Story does ","If it were ever possible to cram all the glittering boy-meets-girl, high-school-love-story stereotypes into one movie, A Cinderella Story does 99% of the heavy lifting. Hilary Duff and Chad Michael Murray star as Sam (Cinderella) Montgomery, the lovable but awkward new girl in school, and Austin Ames, the dashing football star. Both are vying for the attention of their respective BFFs, as Sam and Austin inexplicably cross paths during a school dance.
What follows is a predictable, feel-good romance, complete with requisite musical numbers, wacky side characters, and plot twists that defy probability (who needs science or logic when there are sparkles?). As Sam and Austin navigate love, social cliques, and, of course,","99% of the heavy lifting. Hilary Duff and Chad Michael Murray star as Sam (Cinderella) Montgomery, the lovable but awkward new girl in school, and Austin Ames, the dashing football star. Both are vying for the attention of their respective BFFs, as Sam and Austin inexplicably cross paths during a school dance.
What follows is a predictable, feel-good romance, complete with requisite musical numbers, wacky side characters, and plot twists that defy probability (who needs science or logic when there are sparkles?). As Sam and Austin navigate love, social cliques, and, of course,","{""do_sample"": true, ""temperature"": 1.0, ""top_p"": 0.95, ""top_k"": 50, ""repetition_penalty"": 1.0, ""max_new_tokens"": 128}"
kgw,1.0,0,1420,186,186,Readers may be familiar with the fundamental changes that took place in the Roman world as it converted from paganism ,"Readers may be familiar with the fundamental changes that took place in the Roman world as it converted from paganism  to Christianity. However, the process of Christianization of the Roman world was not uniform or straightforward. In fact, it was a gradual and complex process that spanned several centuries.
Christianity had been present in the Roman world since the early 1st century, but it wasn’t until the 4th century that it began to gain widespread acceptance as the official religion of the empire. Here are some key events and milestones that marked the Christianization of the Roman world:
1. Edict of Milan (313 CE): The Edict of Milan, issued by Emperor Constantine and his co-ruler Licinius, legalized Christianity"," to Christianity. However, the process of Christianization of the Roman world was not uniform or straightforward. In fact, it was a gradual and complex process that spanned several centuries.
Christianity had been present in the Roman world since the early 1st century, but it wasn’t until the 4th century that it began to gain widespread acceptance as the official religion of the empire. Here are some key events and milestones that marked the Christianization of the Roman world:
1. Edict of Milan (313 CE): The Edict of Milan, issued by Emperor Constantine and his co-ruler Licinius, legalized Christianity","{""do_sample"": true, ""temperature"": 1.0, ""top_p"": 0.95, ""top_k"": 50, ""repetition_penalty"": 1.0, ""max_new_tokens"": 128}"
kgw,1.0,0,1422,188,188,"A spokesman for the Red Crescent, Mahmoud al-Saadi, said Israeli forces opened fire on two young men who were traveling ","A spokesman for the Red Crescent, Mahmoud al-Saadi, said Israeli forces opened fire on two young men who were traveling 300 feet away from the fence, and they were critically injured.
The Israeli military has launched an investigation into the incident, said to have taken place in the northern West Bank city of Jenin, and has accused the wounded men of attempting to breach the fence.
A video released by the Red Crescent shows the two men, aged 24 and 25, lying on the ground, covered in blood, as medical workers try to treat their wounds.
Al-Saadi, the Red Crescent spokesman, said that an Israeli sniper fired directly at the two men, and that they were not in possession of any weapons.
""Medical workers rushed to the","300 feet away from the fence, and they were critically injured.
The Israeli military has launched an investigation into the incident, said to have taken place in the northern West Bank city of Jenin, and has accused the wounded men of attempting to breach the fence.
A video released by the Red Crescent shows the two men, aged 24 and 25, lying on the ground, covered in blood, as medical workers try to treat their wounds.
Al-Saadi, the Red Crescent spokesman, said that an Israeli sniper fired directly at the two men, and that they were not in possession of any weapons.
""Medical workers rushed to the","{""do_sample"": true, ""temperature"": 1.0, ""top_p"": 0.95, ""top_k"": 50, ""repetition_penalty"": 1.0, ""max_new_tokens"": 128}"
kgw,1.0,0,1424,190,190,"Can Container Store Start 2015 on a Positive Note? In 2014, it was hard to find bad-performing stocks, as the ","Can Container Store Start 2015 on a Positive Note? In 2014, it was hard to find bad-performing stocks, as the 2013-2014 bull run propelled many companies to all-time highs. But the tide may have turned in recent times, as...
Why Container Store Shares Plummeted Today Container Store (TCS) shares fell 14.1% today, in a sudden and steep decline that left investors questioning the company's future. In this article, we'll explore what might have triggered the...
The Container Store Group Inc (TCS): Are Hedge Funds Right About This Stock? In today's marketplace, it is more important than ever to analyze hedge funds' top consensus picks. At Insider Monkey, we follow the smart money to identify underval","2013-2014 bull run propelled many companies to all-time highs. But the tide may have turned in recent times, as...
Why Container Store Shares Plummeted Today Container Store (TCS) shares fell 14.1% today, in a sudden and steep decline that left investors questioning the company's future. In this article, we'll explore what might have triggered the...
The Container Store Group Inc (TCS): Are Hedge Funds Right About This Stock? In today's marketplace, it is more important than ever to analyze hedge funds' top consensus picks. At Insider Monkey, we follow the smart money to identify underval","{""do_sample"": true, ""temperature"": 1.0, ""top_p"": 0.95, ""top_k"": 50, ""repetition_penalty"": 1.0, ""max_new_tokens"": 128}"
kgw,1.0,0,1426,192,192,Packed WonderCon panel brings out stars and exclusive sneak peeks. Footage shown at WonderCon reveals what iconic monster looks like ,"Packed WonderCon panel brings out stars and exclusive sneak peeks. Footage shown at WonderCon reveals what iconic monster looks like 30 feet tall.
By Russ Breimer on April 2, 2017
This past weekend, San Diego’s Comic-Con event, WonderCon, came to Anaheim, and it was a weekend filled with panels, sneak peeks, and exclusive footage. Among the biggest panels was the one for the upcoming MonsterVerse film, “Kong: Skull Island,” which brought out the film’s stars, including Tom Hiddleston, Samuel L. Jackson, and Brie Larson, along with director Jordan Vogt-Roberts.
The panel was packed with fans, all eager to catch a glimpse of the film’s stars and get a","30 feet tall.
By Russ Breimer on April 2, 2017
This past weekend, San Diego’s Comic-Con event, WonderCon, came to Anaheim, and it was a weekend filled with panels, sneak peeks, and exclusive footage. Among the biggest panels was the one for the upcoming MonsterVerse film, “Kong: Skull Island,” which brought out the film’s stars, including Tom Hiddleston, Samuel L. Jackson, and Brie Larson, along with director Jordan Vogt-Roberts.
The panel was packed with fans, all eager to catch a glimpse of the film’s stars and get a","{""do_sample"": true, ""temperature"": 1.0, ""top_p"": 0.95, ""top_k"": 50, ""repetition_penalty"": 1.0, ""max_new_tokens"": 128}"
kgw,1.0,0,1428,194,194,10 diversity items for June 29: Unemployment up in most U.S. cities; Pew report shows diversity of U.S. Hispanics and ,"10 diversity items for June 29: Unemployment up in most U.S. cities; Pew report shows diversity of U.S. Hispanics and 9 more.
Unemployment rate increases in most U.S. cities, except Detroit: The seasonally adjusted unemployment rate increased in 76 percent of U.S. cities, according to the Labor Department. Only Detroit reported a decrease, with a rate of 13.6 percent compared to 14.2 percent in May. (Source: Bloomberg)
Pew report shows diversity of U.S. Hispanics: The Pew Research Center released a report highlighting the diversity of Hispanics in the U.S. It found that Hispanics are a mosaic of different cultures, with many being foreign-born and others being native-born, but identifying with different countries of origin.","9 more.
Unemployment rate increases in most U.S. cities, except Detroit: The seasonally adjusted unemployment rate increased in 76 percent of U.S. cities, according to the Labor Department. Only Detroit reported a decrease, with a rate of 13.6 percent compared to 14.2 percent in May. (Source: Bloomberg)
Pew report shows diversity of U.S. Hispanics: The Pew Research Center released a report highlighting the diversity of Hispanics in the U.S. It found that Hispanics are a mosaic of different cultures, with many being foreign-born and others being native-born, but identifying with different countries of origin.","{""do_sample"": true, ""temperature"": 1.0, ""top_p"": 0.95, ""top_k"": 50, ""repetition_penalty"": 1.0, ""max_new_tokens"": 128}"
kgw,1.0,0,1430,196,196,"Urban, born Jacques Pantaléon in Troyes c. 1200, was elected to the papacy in 1261. He studied canon law at ","Urban, born Jacques Pantaléon in Troyes c. 1200, was elected to the papacy in 1261. He studied canon law at 12 and was a member of the Order of Preachers (Dominicans) before being elected pope. Urban IV, known for his great zeal for the faith and his strong sense of justice, promulgated the Constitution 'Ad extirpanda' in 1259, which gave the inquisitors of heresy the right to use torture in interrogations. He also convened the second Council of Lyons in 1274, where he attempted to reconcile the Eastern and Western Roman Churches. Urban IV died on October 29, 1264, after a reign of two years and nine months. He is buried in the chapel of the","12 and was a member of the Order of Preachers (Dominicans) before being elected pope. Urban IV, known for his great zeal for the faith and his strong sense of justice, promulgated the Constitution 'Ad extirpanda' in 1259, which gave the inquisitors of heresy the right to use torture in interrogations. He also convened the second Council of Lyons in 1274, where he attempted to reconcile the Eastern and Western Roman Churches. Urban IV died on October 29, 1264, after a reign of two years and nine months. He is buried in the chapel of the","{""do_sample"": true, ""temperature"": 1.0, ""top_p"": 0.95, ""top_k"": 50, ""repetition_penalty"": 1.0, ""max_new_tokens"": 128}"
kgw,1.0,0,1432,198,198,"AMC Networks Earnings Beat Estimates, CEO Says 'Walking Dead' Franchise ""Will Have a Long Life"" AMC Networks on Thursday reported ","AMC Networks Earnings Beat Estimates, CEO Says 'Walking Dead' Franchise ""Will Have a Long Life"" AMC Networks on Thursday reported 2Q earnings that beat estimates, with a revenue decline less than expected. CEO Josh Sapan said the company's ""Walking Dead"" franchise ""will have a long life."" AMC Networks Earnings Beat Estimates, CEO Says 'Walking Dead' Franchise ""Will Have a Long Life"" AMC Networks on Thursday reported 2Q earnings that beat estimates, with a revenue decline less than expected. CEO Josh Sapan said the company's ""Walking Dead"" franchise ""will have a long life."" 2 hours ago - Variety
AMC Networks Earnings Beat Estimates, CEO Says 'Walking Dead' Franchise ""Will Have a Long Life""","2Q earnings that beat estimates, with a revenue decline less than expected. CEO Josh Sapan said the company's ""Walking Dead"" franchise ""will have a long life."" AMC Networks Earnings Beat Estimates, CEO Says 'Walking Dead' Franchise ""Will Have a Long Life"" AMC Networks on Thursday reported 2Q earnings that beat estimates, with a revenue decline less than expected. CEO Josh Sapan said the company's ""Walking Dead"" franchise ""will have a long life."" 2 hours ago - Variety
AMC Networks Earnings Beat Estimates, CEO Says 'Walking Dead' Franchise ""Will Have a Long Life""","{""do_sample"": true, ""temperature"": 1.0, ""top_p"": 0.95, ""top_k"": 50, ""repetition_penalty"": 1.0, ""max_new_tokens"": 128}"
