algo,delta,device,seed,prompt_index,prompt_id,prompt_text,full_text,continuation_text,gen_params_json
kgw,4.0,0,1234,0,0,"After the martyrdom of St. Boniface, Vergilius was made Bishop of Salzburg (766 or 767) and laboured successfully for the ","After the martyrdom of St. Boniface, Vergilius was made Bishop of Salzburg (766 or 767) and laboured successfully for the 0rganization of Christianity in the province. In 771 he visited Rome to receive papal approval, but Pope Adrian I died soon after, so it is unlikely that this occurred before 772. Back in Austria, Vergilius devoted himself to missionary work and the foundation of new monasteries.
His most famous pupil was Alcuin of York, who had come to Salzburg in 790 to learn under the wise old bishop (Alcuin was later to serve in the courts of Charlemagne and Charles the Bald, as head of the palace school at Aachen). Vergilius, though he was not an original writer","0rganization of Christianity in the province. In 771 he visited Rome to receive papal approval, but Pope Adrian I died soon after, so it is unlikely that this occurred before 772. Back in Austria, Vergilius devoted himself to missionary work and the foundation of new monasteries.
His most famous pupil was Alcuin of York, who had come to Salzburg in 790 to learn under the wise old bishop (Alcuin was later to serve in the courts of Charlemagne and Charles the Bald, as head of the palace school at Aachen). Vergilius, though he was not an original writer","{""do_sample"": true, ""temperature"": 1.0, ""top_p"": 0.95, ""top_k"": 50, ""repetition_penalty"": 1.0, ""max_new_tokens"": 128}"
kgw,4.0,0,1236,2,2,"8i announced today it has launched a web player, the 8i Portal, for its volumetric 3D video of people in ","8i announced today it has launched a web player, the 8i Portal, for its volumetric 3D video of people in 3D virtual space. According to 8i, its new portal provides a web-based platform for developers, marketers, and content creators to seamlessly integrate 3D video content into existing websites and apps, opening the door to new applications and revenue streams.

""8i's web player, the 8i Portal, breaks free from the constraints of traditional video and allows for immersive, 3D virtual experiences anywhere online,"" said Dr. Bluman, Founder and CEO of 8i. ""Developers, marketers and content creators can now easily incorporate 8i's volumetric video technology, featuring real people in 3D virtual","3D virtual space. According to 8i, its new portal provides a web-based platform for developers, marketers, and content creators to seamlessly integrate 3D video content into existing websites and apps, opening the door to new applications and revenue streams.

""8i's web player, the 8i Portal, breaks free from the constraints of traditional video and allows for immersive, 3D virtual experiences anywhere online,"" said Dr. Bluman, Founder and CEO of 8i. ""Developers, marketers and content creators can now easily incorporate 8i's volumetric video technology, featuring real people in 3D virtual","{""do_sample"": true, ""temperature"": 1.0, ""top_p"": 0.95, ""top_k"": 50, ""repetition_penalty"": 1.0, ""max_new_tokens"": 128}"
kgw,4.0,0,1238,4,4,"Karl Kispert, principal of cyber and information security, has more than 28 years of experience in selling, managing and delivering ","Karl Kispert, principal of cyber and information security, has more than 28 years of experience in selling, managing and delivering  cybersecurity products and services. His expertise spans risk assessment and analysis, vulnerability management, intrusion detection and response, incident management, and continuous monitoring.

Before joining CyberSheath, Karl spent over 15 years with Raytheon Technologies, most recently as a Business Development Principal leading the company's cybersecurity sales efforts. Prior to Raytheon, Karl worked at HP and IBM in various cybersecurity leadership and sales roles. His extensive background also includes management consulting experience at Accenture, focusing on IT security and risk management.

Throughout his career, Karl has worked with a wide range of organizations, from government agencies to major commercial companies, to identify and address their unique cybersecurity"," cybersecurity products and services. His expertise spans risk assessment and analysis, vulnerability management, intrusion detection and response, incident management, and continuous monitoring.

Before joining CyberSheath, Karl spent over 15 years with Raytheon Technologies, most recently as a Business Development Principal leading the company's cybersecurity sales efforts. Prior to Raytheon, Karl worked at HP and IBM in various cybersecurity leadership and sales roles. His extensive background also includes management consulting experience at Accenture, focusing on IT security and risk management.

Throughout his career, Karl has worked with a wide range of organizations, from government agencies to major commercial companies, to identify and address their unique cybersecurity","{""do_sample"": true, ""temperature"": 1.0, ""top_p"": 0.95, ""top_k"": 50, ""repetition_penalty"": 1.0, ""max_new_tokens"": 128}"
kgw,4.0,0,1240,6,6,"Shania Twain expected to break the charts with new album NOW! Even after a 15-year hiatus, she’s still the one! ","Shania Twain expected to break the charts with new album NOW! Even after a 15-year hiatus, she’s still the one! 2023-03-08
Shania Twain announced the release of her sixth studio album ""Now"" yesterday (Tuesday, March 7) and the anticipation...
Taylor Lautner and Shania Twain on set of Can't Say It Out Loud (2006) - Rare photos from their music project 2022-10-29
Taylor Lautner and Shania Twain fans will go wild when they discover these rare and unseen photos of the dynamic duo... on set of...
2022: Top Female Artists that made waves with their chart-topping hits & albums - From Shania to Taylor to Lady Gaga and","2023-03-08
Shania Twain announced the release of her sixth studio album ""Now"" yesterday (Tuesday, March 7) and the anticipation...
Taylor Lautner and Shania Twain on set of Can't Say It Out Loud (2006) - Rare photos from their music project 2022-10-29
Taylor Lautner and Shania Twain fans will go wild when they discover these rare and unseen photos of the dynamic duo... on set of...
2022: Top Female Artists that made waves with their chart-topping hits & albums - From Shania to Taylor to Lady Gaga and","{""do_sample"": true, ""temperature"": 1.0, ""top_p"": 0.95, ""top_k"": 50, ""repetition_penalty"": 1.0, ""max_new_tokens"": 128}"
kgw,4.0,0,1242,8,8,A blind man in his 60s is searching for the young man who pulled him back from an approaching train ,"A blind man in his 60s is searching for the young man who pulled him back from an approaching train 20 years ago. A visually impaired 60-year-old is in the hunt to thank the man who saved his life. With no leads, no memories, and no way of contacting him, he embarks on a quest for a second chance to express his gratitude.
When a blind retiree, with no prior experience in technology, sets out on an unknown journey to track down the man who saved his life, he faces more challenges than he ever imagined. With the aid of technology that is new to him and the assistance from various individuals, he manages to narrow down the list of potential leads.
As he struggles with physical and mental obstacles,","20 years ago. A visually impaired 60-year-old is in the hunt to thank the man who saved his life. With no leads, no memories, and no way of contacting him, he embarks on a quest for a second chance to express his gratitude.
When a blind retiree, with no prior experience in technology, sets out on an unknown journey to track down the man who saved his life, he faces more challenges than he ever imagined. With the aid of technology that is new to him and the assistance from various individuals, he manages to narrow down the list of potential leads.
As he struggles with physical and mental obstacles,","{""do_sample"": true, ""temperature"": 1.0, ""top_p"": 0.95, ""top_k"": 50, ""repetition_penalty"": 1.0, ""max_new_tokens"": 128}"
kgw,4.0,0,1244,10,10,This month some important Walmart news did not get the attention it deserved. The news wasn't some flashy announcement about ,"This month some important Walmart news did not get the attention it deserved. The news wasn't some flashy announcement about 1,000+ new jobs or a new store opening. Instead, it was a quiet move to invest heavily in its own logistics and transportation capabilities. The significance of this move is huge, but why should it matter to us?
Last week, Walmart announced it had purchased two major logistics companies, NewTruck Financing and Knight-Swift Transportation (formerly Swift). These purchases are part of a larger effort to streamline its supply chain, reduce costs, and gain greater control over inventory and delivery processes.

In case you missed it, here are three key implications of these acquisitions:

 **Increased Efficiency**: Walmart's ability to manage inventory, shipping,","1,000+ new jobs or a new store opening. Instead, it was a quiet move to invest heavily in its own logistics and transportation capabilities. The significance of this move is huge, but why should it matter to us?
Last week, Walmart announced it had purchased two major logistics companies, NewTruck Financing and Knight-Swift Transportation (formerly Swift). These purchases are part of a larger effort to streamline its supply chain, reduce costs, and gain greater control over inventory and delivery processes.

In case you missed it, here are three key implications of these acquisitions:

 **Increased Efficiency**: Walmart's ability to manage inventory, shipping,","{""do_sample"": true, ""temperature"": 1.0, ""top_p"": 0.95, ""top_k"": 50, ""repetition_penalty"": 1.0, ""max_new_tokens"": 128}"
kgw,4.0,0,1246,12,12,The Linux kernel now includes everything that is needed to use 3D acceleration with all GeForce graphics chips. Drivers have ,"The Linux kernel now includes everything that is needed to use 3D acceleration with all GeForce graphics chips. Drivers have 25% more performance improvement than the last release. So the 3D graphics performance improved compared with the previous version.
OpenGL and DirectX drivers, a Windows Vista 64 bit with a powerful graphics and display an image of text with clear and well. This means that any PC can have the same performance as the most advanced graphics card graphics card in terms of speed and versatility.
For users of NVIDIA graphics cards with Linux, this means you can now get better performance and better compatibility with games that use 3D graphics. It is very good for users of computers with graphics card who use Linux distribution. This new release of the 3D","25% more performance improvement than the last release. So the 3D graphics performance improved compared with the previous version.
OpenGL and DirectX drivers, a Windows Vista 64 bit with a powerful graphics and display an image of text with clear and well. This means that any PC can have the same performance as the most advanced graphics card graphics card in terms of speed and versatility.
For users of NVIDIA graphics cards with Linux, this means you can now get better performance and better compatibility with games that use 3D graphics. It is very good for users of computers with graphics card who use Linux distribution. This new release of the 3D","{""do_sample"": true, ""temperature"": 1.0, ""top_p"": 0.95, ""top_k"": 50, ""repetition_penalty"": 1.0, ""max_new_tokens"": 128}"
kgw,4.0,0,1248,14,14,Last summer I took a cross-country road trip with a group of people driving different types of electric vehicles. It ,"Last summer I took a cross-country road trip with a group of people driving different types of electric vehicles. It 2019 had some amazing EV options, so I decided to test out a Nissan LEAF, Chevrolet Bolt, Fiat 500e, Hyundai Kona Electric, and a Tesla Model S.
As the group set off across America from Los Angeles, I took the first leg to San Diego with a Nissan LEAF. The trip was about an hour and 30 minutes long, with the first 30 minutes of driving the LEAF in pure EV mode before switching to hybrid mode for the last hour to conserve battery. The car did a great job navigating the Pacific Coast Highway (PCH) with minimal wind noise and comfortable seating. I was","2019 had some amazing EV options, so I decided to test out a Nissan LEAF, Chevrolet Bolt, Fiat 500e, Hyundai Kona Electric, and a Tesla Model S.
As the group set off across America from Los Angeles, I took the first leg to San Diego with a Nissan LEAF. The trip was about an hour and 30 minutes long, with the first 30 minutes of driving the LEAF in pure EV mode before switching to hybrid mode for the last hour to conserve battery. The car did a great job navigating the Pacific Coast Highway (PCH) with minimal wind noise and comfortable seating. I was","{""do_sample"": true, ""temperature"": 1.0, ""top_p"": 0.95, ""top_k"": 50, ""repetition_penalty"": 1.0, ""max_new_tokens"": 128}"
kgw,4.0,0,1250,16,16,"According to Variety, one of the movies about the 1973 tennis match between Billie Jean King and Bobby Riggs is ","According to Variety, one of the movies about the 1973 tennis match between Billie Jean King and Bobby Riggs is 38 years old.
The biographical sports drama film ""Bobby"" (1979-80) is now in the public domain and available to download and watch.
It is not clear which version of the film is in the public domain, but there are several film adaptations about this match in the sports world. One of the most well-known is 1980's ""The Match,"" but it's unclear if any  of these movies or movies in development have entered public domain status. It seems that it may just depend on the copyright status of each 1980s film.
In 1979/80, there were two films","38 years old.
The biographical sports drama film ""Bobby"" (1979-80) is now in the public domain and available to download and watch.
It is not clear which version of the film is in the public domain, but there are several film adaptations about this match in the sports world. One of the most well-known is 1980's ""The Match,"" but it's unclear if any  of these movies or movies in development have entered public domain status. It seems that it may just depend on the copyright status of each 1980s film.
In 1979/80, there were two films","{""do_sample"": true, ""temperature"": 1.0, ""top_p"": 0.95, ""top_k"": 50, ""repetition_penalty"": 1.0, ""max_new_tokens"": 128}"
kgw,4.0,0,1252,18,18,"Politico, which broke the PR story, reports, “The group circulated a memo to reporters and producers late Monday that discouraged ","Politico, which broke the PR story, reports, “The group circulated a memo to reporters and producers late Monday that discouraged 14-minute takes, dubbed the 'Pompeo 45s,' and urged against using clips from interviews that were more than 3.5 minutes long. It also reminded reporters that Pompeo was a former CIA director, warning them against'rehashing' his tenure in that role."" The group also claimed that Pompeo is ""one of the most well-qualified, informed, and prepared secretaries of state in U.S. history.""
But many journalists and critics have taken aim at the memo, calling it an effort to stifle fair coverage and limit scrutiny of the secretary's actions and statements. Some have also noted the unusual tone","14-minute takes, dubbed the 'Pompeo 45s,' and urged against using clips from interviews that were more than 3.5 minutes long. It also reminded reporters that Pompeo was a former CIA director, warning them against'rehashing' his tenure in that role."" The group also claimed that Pompeo is ""one of the most well-qualified, informed, and prepared secretaries of state in U.S. history.""
But many journalists and critics have taken aim at the memo, calling it an effort to stifle fair coverage and limit scrutiny of the secretary's actions and statements. Some have also noted the unusual tone","{""do_sample"": true, ""temperature"": 1.0, ""top_p"": 0.95, ""top_k"": 50, ""repetition_penalty"": 1.0, ""max_new_tokens"": 128}"
kgw,4.0,0,1254,20,20,MAMADOU SAKHO remains unavailable for selection for Liverpool's Europa League semi-final first leg clash with Villarreal in Spain on Thursday ,"MAMADOU SAKHO remains unavailable for selection for Liverpool's Europa League semi-final first leg clash with Villarreal in Spain on Thursday 6th May.
The Senegal defender picked up a five-game ban for violent conduct during Liverpool's win at Everton and will not feature in the match at the El Madrigal Stadium.
The ban was given to Sakho for elbowing James McCarthy, and the centre-half must serve the entire suspension before he can return to action for the Reds.
The News of the World reports that Liverpool have a 25-strong squad for the game in Villarreal, but Sakho is the only player unavailable for selection.
Vital Liverpool users can predict the score and scoreline HERE.
Vital Liverpool users can have your say HERE about the likely","6th May.
The Senegal defender picked up a five-game ban for violent conduct during Liverpool's win at Everton and will not feature in the match at the El Madrigal Stadium.
The ban was given to Sakho for elbowing James McCarthy, and the centre-half must serve the entire suspension before he can return to action for the Reds.
The News of the World reports that Liverpool have a 25-strong squad for the game in Villarreal, but Sakho is the only player unavailable for selection.
Vital Liverpool users can predict the score and scoreline HERE.
Vital Liverpool users can have your say HERE about the likely","{""do_sample"": true, ""temperature"": 1.0, ""top_p"": 0.95, ""top_k"": 50, ""repetition_penalty"": 1.0, ""max_new_tokens"": 128}"
kgw,4.0,0,1256,22,22,"MK Moshe Feiglin in a Knesset committee meeting, next to MK Ahmad Tibi, in 2014. It appears Feiglin is on ","MK Moshe Feiglin in a Knesset committee meeting, next to MK Ahmad Tibi, in 2014. It appears Feiglin is on  right-wing Israel's new "" blacklist "" but his status is complex and disputed. The so-called ""blacklist"" was announced on July 27 by Israeli right-wing activists who accuse Feiglin, Kahanist rabbis and other perceived liberal or left-leaning figures of ""betraying"" Zionism and being agents of ""Islamic penetration"" or collaboration with ""the enemy"".
""Blacklisting"" has been a familiar theme in Israeli and Arab politics in recent years. Here it's a collection of alleged supporters of Palestinian rights or perceived ""soft"" Zionists.  The ""blacklist"" is  Knesset Member"," right-wing Israel's new "" blacklist "" but his status is complex and disputed. The so-called ""blacklist"" was announced on July 27 by Israeli right-wing activists who accuse Feiglin, Kahanist rabbis and other perceived liberal or left-leaning figures of ""betraying"" Zionism and being agents of ""Islamic penetration"" or collaboration with ""the enemy"".
""Blacklisting"" has been a familiar theme in Israeli and Arab politics in recent years. Here it's a collection of alleged supporters of Palestinian rights or perceived ""soft"" Zionists.  The ""blacklist"" is  Knesset Member","{""do_sample"": true, ""temperature"": 1.0, ""top_p"": 0.95, ""top_k"": 50, ""repetition_penalty"": 1.0, ""max_new_tokens"": 128}"
kgw,4.0,0,1258,24,24,"What’s the news? A couple of weeks ago, Instagram promised you’d be able to download your data from its servers. ","What’s the news? A couple of weeks ago, Instagram promised you’d be able to download your data from its servers. 2 days later, people are still waiting, and there are reports of strange errors and an API that refuses to cooperate. #Instagram #GDPR #DataPrivacy

#GDPR
#India #IndiaToday
#Instagram #TechNews

This is an update to my earlier post on the #GDPR and what it is, as well as how it affects you, my friends. As of June 1, #Instagram announced that it would allow its users to download their personal data, in compliance #GDPR. However, less than

...

Source: what's the news? – Pocket

Check out the latest updates on the","2 days later, people are still waiting, and there are reports of strange errors and an API that refuses to cooperate. #Instagram #GDPR #DataPrivacy

#GDPR
#India #IndiaToday
#Instagram #TechNews

This is an update to my earlier post on the #GDPR and what it is, as well as how it affects you, my friends. As of June 1, #Instagram announced that it would allow its users to download their personal data, in compliance #GDPR. However, less than

...

Source: what's the news? – Pocket

Check out the latest updates on the","{""do_sample"": true, ""temperature"": 1.0, ""top_p"": 0.95, ""top_k"": 50, ""repetition_penalty"": 1.0, ""max_new_tokens"": 128}"
kgw,4.0,0,1260,26,26,"So you might ask yourself, “What is going on?” How can things be so bad that educators feel the need ","So you might ask yourself, “What is going on?” How can things be so bad that educators feel the need  to leave the field they love? What is causing them to become  “burned out” and “disillusioned?” I will attempt  to provide some insights.
To begin, let’s talk about the issues that are causing the crisis in education. First and foremost is the constant pressure and stress from administrators, testing and evaluation, and an overwhelming workload. Teachers are constantly being asked  to do more with less, from reducing staff numbers to budget cuts.
On top of these concerns, the culture of  standardization and  siloed learning is prevalent.  This includes curriculum mandates,  high"," to leave the field they love? What is causing them to become  “burned out” and “disillusioned?” I will attempt  to provide some insights.
To begin, let’s talk about the issues that are causing the crisis in education. First and foremost is the constant pressure and stress from administrators, testing and evaluation, and an overwhelming workload. Teachers are constantly being asked  to do more with less, from reducing staff numbers to budget cuts.
On top of these concerns, the culture of  standardization and  siloed learning is prevalent.  This includes curriculum mandates,  high","{""do_sample"": true, ""temperature"": 1.0, ""top_p"": 0.95, ""top_k"": 50, ""repetition_penalty"": 1.0, ""max_new_tokens"": 128}"
kgw,4.0,0,1262,28,28,Come test your luck on the best slot machine app in the app store. Great graphics make this app so ,"Come test your luck on the best slot machine app in the app store. Great graphics make this app so 4 stars. Casino slot games, free slot machines, and best casino apps for Android. The app is well designed and offers. Casino slot machine game that you can play on your mobile device. Here is our list of recommended mobile slot machines apps for Android and iOS devices. The games have different themes like. Las Vegas or ancient civilizations. The best free casino slots apps. Get ready to play the best slot machines like Wheel of Fortune or The Walking Dead. The game offers many. This is the best slots app out there.
Casino Slot Games Download for Android - Review & Gameplay
It's very important to test and identify any issues","4 stars. Casino slot games, free slot machines, and best casino apps for Android. The app is well designed and offers. Casino slot machine game that you can play on your mobile device. Here is our list of recommended mobile slot machines apps for Android and iOS devices. The games have different themes like. Las Vegas or ancient civilizations. The best free casino slots apps. Get ready to play the best slot machines like Wheel of Fortune or The Walking Dead. The game offers many. This is the best slots app out there.
Casino Slot Games Download for Android - Review & Gameplay
It's very important to test and identify any issues","{""do_sample"": true, ""temperature"": 1.0, ""top_p"": 0.95, ""top_k"": 50, ""repetition_penalty"": 1.0, ""max_new_tokens"": 128}"
kgw,4.0,0,1264,30,30,"(HOST) As the season for summer blockbuster movies about super heroes and rings of power approaches, commentator Willem Lange is ","(HOST) As the season for summer blockbuster movies about super heroes and rings of power approaches, commentator Willem Lange is  thinking about the stories of old. In particular, the myths of ancient cultures.
(Willem Lange) My friend, the late novelist Louis Auchinclos, used to remark on the curious fact that all the great myths of old were about ordinary people in extraordinary circumstances. Not like today, when every movie has a space battleship, a ray gun, and a heroic hunk of a leading man.

Achilles’ heel, for example. You know the story – Odysseus on Iliad, the greatest hero of Troy and his near destruction by a vulnerable spot on his ankle, left exposed when his mother Th"," thinking about the stories of old. In particular, the myths of ancient cultures.
(Willem Lange) My friend, the late novelist Louis Auchinclos, used to remark on the curious fact that all the great myths of old were about ordinary people in extraordinary circumstances. Not like today, when every movie has a space battleship, a ray gun, and a heroic hunk of a leading man.

Achilles’ heel, for example. You know the story – Odysseus on Iliad, the greatest hero of Troy and his near destruction by a vulnerable spot on his ankle, left exposed when his mother Th","{""do_sample"": true, ""temperature"": 1.0, ""top_p"": 0.95, ""top_k"": 50, ""repetition_penalty"": 1.0, ""max_new_tokens"": 128}"
kgw,4.0,0,1266,32,32,"numerous aunts, uncles and cousins. She attended Shanksville Stonycreek High School and was a member of St. Paul's Lutheran Church, ","numerous aunts, uncles and cousins. She attended Shanksville Stonycreek High School and was a member of St. Paul's Lutheran Church, 1015 N.E.
... in 1946. She was preceded in death by her parents and two aunts, Edna K. (Riley) Brown and Jean W. (Riley) Johnson. She is survived by her husband of 54 years, Robert J. Reising, and two children, their spouses and two grandchildren. The funeral service was held.
She is survived by her sister-in-law, Jane Riley; nieces and nephews. She was preceded in death by her parents and three aunts, Edna K. (Riley) Brown, Margaret M. (Riley) Stahl and Jean","1015 N.E.
... in 1946. She was preceded in death by her parents and two aunts, Edna K. (Riley) Brown and Jean W. (Riley) Johnson. She is survived by her husband of 54 years, Robert J. Reising, and two children, their spouses and two grandchildren. The funeral service was held.
She is survived by her sister-in-law, Jane Riley; nieces and nephews. She was preceded in death by her parents and three aunts, Edna K. (Riley) Brown, Margaret M. (Riley) Stahl and Jean","{""do_sample"": true, ""temperature"": 1.0, ""top_p"": 0.95, ""top_k"": 50, ""repetition_penalty"": 1.0, ""max_new_tokens"": 128}"
kgw,4.0,0,1268,34,34,"No, Trump can’t pardon himself. The Constitution tells us so. Correction: An earlier version of this op-ed misspelled the name ","No, Trump can’t pardon himself. The Constitution tells us so. Correction: An earlier version of this op-ed misspelled the name 14th, which is the relevant amendment. A long-running myth about self-pardon. In December, Trump again suggested that he has the authority to grant himself a presidential pardon, claiming that a president ""can. Article II of the US. This is the case even if the statute or the treaty was passed or made before he took office. There are, however, several key limits on. The Constitution explicitly grants pardons, except in cases of impeachment, in Article II, Section 2: ""The President shall have Power to grant Reprieves and Pardons for Offenses against the United States, except in Cases of Im","14th, which is the relevant amendment. A long-running myth about self-pardon. In December, Trump again suggested that he has the authority to grant himself a presidential pardon, claiming that a president ""can. Article II of the US. This is the case even if the statute or the treaty was passed or made before he took office. There are, however, several key limits on. The Constitution explicitly grants pardons, except in cases of impeachment, in Article II, Section 2: ""The President shall have Power to grant Reprieves and Pardons for Offenses against the United States, except in Cases of Im","{""do_sample"": true, ""temperature"": 1.0, ""top_p"": 0.95, ""top_k"": 50, ""repetition_penalty"": 1.0, ""max_new_tokens"": 128}"
kgw,4.0,0,1270,36,36,Jerry Springer says he is still deciding whether he will run for Ohio governor in 2018. Speculation around Springer’s potential ,"Jerry Springer says he is still deciding whether he will run for Ohio governor in 2018. Speculation around Springer’s potential 2018 gubernatorial bid began last week when a report by Cleveland Plain Dealer columnist Bobby George claimed the former TV host was considering a run for governor. Springer has since confirmed that he has considered a run, but says a decision is still several months off.
Springer told Columbus-based TV station WBNS on Tuesday that he will take his time before deciding on whether to run for governor. ""I'm looking at it, I'm considering it,"" he said. ""I'm taking my time. I think I'll make a decision in the spring.""
The 2018 election is still a year and a half away, but Springer knows that","2018 gubernatorial bid began last week when a report by Cleveland Plain Dealer columnist Bobby George claimed the former TV host was considering a run for governor. Springer has since confirmed that he has considered a run, but says a decision is still several months off.
Springer told Columbus-based TV station WBNS on Tuesday that he will take his time before deciding on whether to run for governor. ""I'm looking at it, I'm considering it,"" he said. ""I'm taking my time. I think I'll make a decision in the spring.""
The 2018 election is still a year and a half away, but Springer knows that","{""do_sample"": true, ""temperature"": 1.0, ""top_p"": 0.95, ""top_k"": 50, ""repetition_penalty"": 1.0, ""max_new_tokens"": 128}"
kgw,4.0,0,1272,38,38,"This mildly racy spot introduces us to the character of the brown M&M, who only looks like she’s not wearing ","This mildly racy spot introduces us to the character of the brown M&M, who only looks like she’s not wearing 50 pounds of makeup because of the way the lighting is set. She’s trying to get her man’s attention in a crowd, but he seems oblivious to her over-the-top attempts at flirting.
Megan's been writing for as long as she can remember, and for the most part, she still really enjoys it (even on those long, sweaty nights spent in coffee shops trying to meet deadlines). Her favorite topics include pop culture, social justice, mental health, and all things sci-fi and fantasy. When not writing, she can often be found re-watching her favorite TV shows, playing with her cats, or trying to perfect her","50 pounds of makeup because of the way the lighting is set. She’s trying to get her man’s attention in a crowd, but he seems oblivious to her over-the-top attempts at flirting.
Megan's been writing for as long as she can remember, and for the most part, she still really enjoys it (even on those long, sweaty nights spent in coffee shops trying to meet deadlines). Her favorite topics include pop culture, social justice, mental health, and all things sci-fi and fantasy. When not writing, she can often be found re-watching her favorite TV shows, playing with her cats, or trying to perfect her","{""do_sample"": true, ""temperature"": 1.0, ""top_p"": 0.95, ""top_k"": 50, ""repetition_penalty"": 1.0, ""max_new_tokens"": 128}"
kgw,4.0,0,1274,40,40,"Located near all that the Catskills has to offer! Close to Hunter Mountain, Wyndham, state land, antiquing and many other ","Located near all that the Catskills has to offer! Close to Hunter Mountain, Wyndham, state land, antiquing and many other 4 season activities!
This well-maintained chalet style home features 3 large bedrooms with plenty of closet space, 1.5 modern bathrooms, and a spacious open floor plan perfect for entertaining. The master bedroom boasts a large walk-in closet, vaulted ceiling and en-suite bathroom.
The open living room features vaulted ceilings, a large stone fireplace, and large windows that offer stunning views of the surrounding mountains. The dining room is adjacent and has sliding glass doors leading out to a spacious outdoor patio and hot tub perfect for enjoying a refreshing summer evening or relaxing after a long day on the mountain.
The modern kitchen is equipped with","4 season activities!
This well-maintained chalet style home features 3 large bedrooms with plenty of closet space, 1.5 modern bathrooms, and a spacious open floor plan perfect for entertaining. The master bedroom boasts a large walk-in closet, vaulted ceiling and en-suite bathroom.
The open living room features vaulted ceilings, a large stone fireplace, and large windows that offer stunning views of the surrounding mountains. The dining room is adjacent and has sliding glass doors leading out to a spacious outdoor patio and hot tub perfect for enjoying a refreshing summer evening or relaxing after a long day on the mountain.
The modern kitchen is equipped with","{""do_sample"": true, ""temperature"": 1.0, ""top_p"": 0.95, ""top_k"": 50, ""repetition_penalty"": 1.0, ""max_new_tokens"": 128}"
kgw,4.0,0,1276,42,42,"NORTH BRUNSWICK, N.J. — Body cameras captured the moment a North Brunswick police officer climbed up a burning building to ","NORTH BRUNSWICK, N.J. — Body cameras captured the moment a North Brunswick police officer climbed up a burning building to 72-year-old James Hickey's apartment to rescue him.
The dramatic video shows Officer Scott McGuire, with flames licking at his legs, pulling Hickey out of the window of his third-floor apartment at about 3:30 a.m. on Jan. 9, according to reports.
Firefighters had arrived at the scene shortly after receiving the call. McGuire, who was on scene as part of his routine patrol route, rushed into the building to help.
Hickey, a veteran who served in the U.S. Marine Corps, had called emergency services to report that a fire had begun in his apartment.
As McGuire entered","72-year-old James Hickey's apartment to rescue him.
The dramatic video shows Officer Scott McGuire, with flames licking at his legs, pulling Hickey out of the window of his third-floor apartment at about 3:30 a.m. on Jan. 9, according to reports.
Firefighters had arrived at the scene shortly after receiving the call. McGuire, who was on scene as part of his routine patrol route, rushed into the building to help.
Hickey, a veteran who served in the U.S. Marine Corps, had called emergency services to report that a fire had begun in his apartment.
As McGuire entered","{""do_sample"": true, ""temperature"": 1.0, ""top_p"": 0.95, ""top_k"": 50, ""repetition_penalty"": 1.0, ""max_new_tokens"": 128}"
kgw,4.0,0,1278,44,44,"The NHS is still running Windows XP en masse, two and a half years after Microsoft stopped delivering bug fixes ","The NHS is still running Windows XP en masse, two and a half years after Microsoft stopped delivering bug fixes 3 years after general support ended. That's because switching to a modern OS would require a significant investment in hardware upgrades and staff training.
According to a report in The Telegraph, around 3,000 NHS trusts and foundation trusts, out of a total of 3,400, are still running Windows XP. It's a significant issue, especially given the vulnerabilities in Windows XP that hackers can use to exploit the system. The NHS has had its share of cyber-attacks and security incidents, and Windows XP's outdated software certainly contributes to those risks.
""Clearly, the NHS trusts need significant investment to upgrade their IT systems,"" an IT expert","3 years after general support ended. That's because switching to a modern OS would require a significant investment in hardware upgrades and staff training.
According to a report in The Telegraph, around 3,000 NHS trusts and foundation trusts, out of a total of 3,400, are still running Windows XP. It's a significant issue, especially given the vulnerabilities in Windows XP that hackers can use to exploit the system. The NHS has had its share of cyber-attacks and security incidents, and Windows XP's outdated software certainly contributes to those risks.
""Clearly, the NHS trusts need significant investment to upgrade their IT systems,"" an IT expert","{""do_sample"": true, ""temperature"": 1.0, ""top_p"": 0.95, ""top_k"": 50, ""repetition_penalty"": 1.0, ""max_new_tokens"": 128}"
kgw,4.0,0,1280,46,46,"OKLAHOMA CITY - Kevin Durant scored 25 points, James Harden added a spark with 23 points off the bench while ","OKLAHOMA CITY - Kevin Durant scored 25 points, James Harden added a spark with 23 points off the bench while 3/4 of the 2011-12 Oklahoma City Thunder team came back together to defeat the 1995-96 Seattle SuperSonics, the original team they were drafted into. But with such a strong showing in his return to Seattle, why did Durant struggle to find a consistent role with Russia? Find more information about the Oklahoma City Thunder and their return to Seattle. Here is an overview of their history and how they came to play in Oklahoma City.
The NBA first...
Related topics : Seattle SuperSonics / Kevin Durant Oklahoma City Thunder / Oklahoma City Thunder history / James Harden Oklahoma City Thunder / NBA draft Oklahoma City Thunder
","3/4 of the 2011-12 Oklahoma City Thunder team came back together to defeat the 1995-96 Seattle SuperSonics, the original team they were drafted into. But with such a strong showing in his return to Seattle, why did Durant struggle to find a consistent role with Russia? Find more information about the Oklahoma City Thunder and their return to Seattle. Here is an overview of their history and how they came to play in Oklahoma City.
The NBA first...
Related topics : Seattle SuperSonics / Kevin Durant Oklahoma City Thunder / Oklahoma City Thunder history / James Harden Oklahoma City Thunder / NBA draft Oklahoma City Thunder
","{""do_sample"": true, ""temperature"": 1.0, ""top_p"": 0.95, ""top_k"": 50, ""repetition_penalty"": 1.0, ""max_new_tokens"": 128}"
kgw,4.0,0,1282,48,48,"1 Then the people of the land took Jehoahaz the son of Josiah, and made him king in his father's ","1 Then the people of the land took Jehoahaz the son of Josiah, and made him king in his father's  place. Jehoahaz  was twenty  three years old when he started to reign, and three  months he reigned in Jeru  salem. 24 The king of Egypt  took  hold of him,  and carried J o  sahah az away to Egypt, where he  died.
1 After Jehoa  h az  was removed, Jehoiakim the  son of  Joiak  im, who  became co   ruler with the king of Egypt in  Jeru  salem, reigned  eleven  years. Heb  11: 15- 16  He did "," place. Jehoahaz  was twenty  three years old when he started to reign, and three  months he reigned in Jeru  salem. 24 The king of Egypt  took  hold of him,  and carried J o  sahah az away to Egypt, where he  died.
1 After Jehoa  h az  was removed, Jehoiakim the  son of  Joiak  im, who  became co   ruler with the king of Egypt in  Jeru  salem, reigned  eleven  years. Heb  11: 15- 16  He did ","{""do_sample"": true, ""temperature"": 1.0, ""top_p"": 0.95, ""top_k"": 50, ""repetition_penalty"": 1.0, ""max_new_tokens"": 128}"
kgw,4.0,0,1284,50,50,This bicycle sprocket hub and sprockets from the Wright Bicycle Co. are on display at the National Museum of the ,"This bicycle sprocket hub and sprockets from the Wright Bicycle Co. are on display at the National Museum of the 15th District in France. This hub dates back to the late 1800s. The Wright Bicycle Co. started producing the sprockets and other bicycle parts using their innovative chain ring technology. In the late 1880s they even began to experiment and test their theories with flying. This hub has a unique feature that is unlike the rest, it has a different ring on its rim, with five chain rings instead of the single toothed gear commonly used at the time.
This bicycle sprocket hub is made of steel and is attached to a hub of the bicycle, it has four sprockets of different sizes","15th District in France. This hub dates back to the late 1800s. The Wright Bicycle Co. started producing the sprockets and other bicycle parts using their innovative chain ring technology. In the late 1880s they even began to experiment and test their theories with flying. This hub has a unique feature that is unlike the rest, it has a different ring on its rim, with five chain rings instead of the single toothed gear commonly used at the time.
This bicycle sprocket hub is made of steel and is attached to a hub of the bicycle, it has four sprockets of different sizes","{""do_sample"": true, ""temperature"": 1.0, ""top_p"": 0.95, ""top_k"": 50, ""repetition_penalty"": 1.0, ""max_new_tokens"": 128}"
kgw,4.0,0,1286,52,52,"Elvis Costello played a two-hour, 25-song show that touched on phases throughout his career, both deep cuts and hits, as ","Elvis Costello played a two-hour, 25-song show that touched on phases throughout his career, both deep cuts and hits, as 1,200 people danced and sang along in the intimate setting of the iconic Ryman Auditorium in Nashville.
The concert, part of Costello's Imperfect Teenagers of America tour, featured songs that spanned from his early days with the Attractions (known for their raw, new-wave-inspired rock sound) to his later work as a roots-rock musician, and his collaborations with The Roots, Burt Bacharach, and other artists. The crowd enthusiastically responded with applause, hollers, and even a group ""Happy Birthday"" shout-out to Costello on his current tour.
The show's opening segment featured songs from his","1,200 people danced and sang along in the intimate setting of the iconic Ryman Auditorium in Nashville.
The concert, part of Costello's Imperfect Teenagers of America tour, featured songs that spanned from his early days with the Attractions (known for their raw, new-wave-inspired rock sound) to his later work as a roots-rock musician, and his collaborations with The Roots, Burt Bacharach, and other artists. The crowd enthusiastically responded with applause, hollers, and even a group ""Happy Birthday"" shout-out to Costello on his current tour.
The show's opening segment featured songs from his","{""do_sample"": true, ""temperature"": 1.0, ""top_p"": 0.95, ""top_k"": 50, ""repetition_penalty"": 1.0, ""max_new_tokens"": 128}"
kgw,4.0,0,1288,54,54,"With its eye on Western next-gen gamers, the Japanese publisher pays $15 million for Secret Level. Sega Holdings of USA ","With its eye on Western next-gen gamers, the Japanese publisher pays $15 million for Secret Level. Sega Holdings of USA 3, LLC, subsidiary of the Japanese video game developer and publisher Sega Corporation, has acquired Secret Level, Inc., a San Diego-based game development studio known for their work on the Marvel Trading Card Game and Marvel Heroes. According to the announcement made on Monday, the acquisition price was $15 million.
Secret Level will be integrated into Sega's existing global network, with its employees and facilities relocated to various locations, including offices in Tokyo and California. The acquired studio will continue to work on mobile and PC-based titles, focusing on digital content and leveraging Sega's intellectual property (IP).
Sega has been expanding its presence in the American gaming market","3, LLC, subsidiary of the Japanese video game developer and publisher Sega Corporation, has acquired Secret Level, Inc., a San Diego-based game development studio known for their work on the Marvel Trading Card Game and Marvel Heroes. According to the announcement made on Monday, the acquisition price was $15 million.
Secret Level will be integrated into Sega's existing global network, with its employees and facilities relocated to various locations, including offices in Tokyo and California. The acquired studio will continue to work on mobile and PC-based titles, focusing on digital content and leveraging Sega's intellectual property (IP).
Sega has been expanding its presence in the American gaming market","{""do_sample"": true, ""temperature"": 1.0, ""top_p"": 0.95, ""top_k"": 50, ""repetition_penalty"": 1.0, ""max_new_tokens"": 128}"
kgw,4.0,0,1290,56,56,Two recently published reports shed damning light on the high cost of low wages in the fast food industry – ,"Two recently published reports shed damning light on the high cost of low wages in the fast food industry – 12.5 million workers strong – and the devastating consequences for workers, their families, and their communities.
The first report, ""The State of Wage Theft in the Fast Food Industry,"" published in August by the National Employment Law Project (NELP) and the University of California, Berkeley Labor Center, reveals that fast food workers in 25 major cities are being stolen from, with an average annual wage theft rate of nearly 40%. Wage theft refers to illegal or illegal tactics employers use to cheat workers out of their pay, benefits, or protections.
The report finds that workers in some of the country's largest fast food chains – including McDonald","12.5 million workers strong – and the devastating consequences for workers, their families, and their communities.
The first report, ""The State of Wage Theft in the Fast Food Industry,"" published in August by the National Employment Law Project (NELP) and the University of California, Berkeley Labor Center, reveals that fast food workers in 25 major cities are being stolen from, with an average annual wage theft rate of nearly 40%. Wage theft refers to illegal or illegal tactics employers use to cheat workers out of their pay, benefits, or protections.
The report finds that workers in some of the country's largest fast food chains – including McDonald","{""do_sample"": true, ""temperature"": 1.0, ""top_p"": 0.95, ""top_k"": 50, ""repetition_penalty"": 1.0, ""max_new_tokens"": 128}"
kgw,4.0,0,1292,58,58,"Every morning on The Style Blog, we celebrate the best footwear weve come across. Now, for your benefit, its all ","Every morning on The Style Blog, we celebrate the best footwear weve come across. Now, for your benefit, its all 1 more on the bottom of the webpage, but here's your go-to spot, with the most recent of my favorites listed at the top!
New Arrivals This is a new one, and it already had a spot in my heart. At once elegant and edgy, these black ankle boots feature a stunning buckling detail and can elevate even the easiest of outfits into a fashion-forward statement. 1,495 at (Limited availability, but also in black, brown, and metallic shades).
For the perfect blend of comfort and chicness, look no further than this stylish pair of white sneakers. Featuring a sleek design, rounded toe,","1 more on the bottom of the webpage, but here's your go-to spot, with the most recent of my favorites listed at the top!
New Arrivals This is a new one, and it already had a spot in my heart. At once elegant and edgy, these black ankle boots feature a stunning buckling detail and can elevate even the easiest of outfits into a fashion-forward statement. 1,495 at (Limited availability, but also in black, brown, and metallic shades).
For the perfect blend of comfort and chicness, look no further than this stylish pair of white sneakers. Featuring a sleek design, rounded toe,","{""do_sample"": true, ""temperature"": 1.0, ""top_p"": 0.95, ""top_k"": 50, ""repetition_penalty"": 1.0, ""max_new_tokens"": 128}"
kgw,4.0,0,1294,60,60,"LOS ANGELES – A lawsuit filed Wednesday against ABC (search) and ""American Idol"" judge Simon Cowell (search) alleges they conspired ","LOS ANGELES – A lawsuit filed Wednesday against ABC (search) and ""American Idol"" judge Simon Cowell (search) alleges they conspired 10 finalists on last season's show, and accuses Cowell of using his position to bully and belittle contestants.
Plaintiff Corey Clark claims he was deliberately eliminated from the show's third season in May 2004, after Cowell used his influence with the producers and the other judges to sabotage his performances.
According to the lawsuit, Cowell and other producers on the show conspired to ensure that certain singers were placed high or low on the scoreboard each week, effectively dooming some contestants, including Clark, from advancing in the competition.
The suit alleges that Clark was a strong contender and was receiving high praise from the judges and the","10 finalists on last season's show, and accuses Cowell of using his position to bully and belittle contestants.
Plaintiff Corey Clark claims he was deliberately eliminated from the show's third season in May 2004, after Cowell used his influence with the producers and the other judges to sabotage his performances.
According to the lawsuit, Cowell and other producers on the show conspired to ensure that certain singers were placed high or low on the scoreboard each week, effectively dooming some contestants, including Clark, from advancing in the competition.
The suit alleges that Clark was a strong contender and was receiving high praise from the judges and the","{""do_sample"": true, ""temperature"": 1.0, ""top_p"": 0.95, ""top_k"": 50, ""repetition_penalty"": 1.0, ""max_new_tokens"": 128}"
kgw,4.0,0,1296,62,62,"Seren Rayne Frank Sutherland, a six lb., eight oz., girl, was born Saturday, Dec. 3, 2016, at Yavapai Regional Medical ","Seren Rayne Frank Sutherland, a six lb., eight oz., girl, was born Saturday, Dec. 3, 2016, at Yavapai Regional Medical 24/7 news, 3-2015. I am now the proud owner of three of these loveliest of creatures, but it was before then the journey began. No matter whether it happens in-person or virtually.
Publisher: HarperTeen; First Edition edition (May 2, 2016)
ISBN-10: 9780062271441
Publisher: HarperTeen; First Edition edition (May 2, 2016)
ISBN-10: 9780062271441
The End of Alzheimer's: The Science That... by Dr Jeffrey... book review.
I can go on and say more but it","24/7 news, 3-2015. I am now the proud owner of three of these loveliest of creatures, but it was before then the journey began. No matter whether it happens in-person or virtually.
Publisher: HarperTeen; First Edition edition (May 2, 2016)
ISBN-10: 9780062271441
Publisher: HarperTeen; First Edition edition (May 2, 2016)
ISBN-10: 9780062271441
The End of Alzheimer's: The Science That... by Dr Jeffrey... book review.
I can go on and say more but it","{""do_sample"": true, ""temperature"": 1.0, ""top_p"": 0.95, ""top_k"": 50, ""repetition_penalty"": 1.0, ""max_new_tokens"": 128}"
kgw,4.0,0,1298,64,64,Adventist HealthCare seeks to hire a Med Surg Registered Nurse who will embrace our mission to extend God's care through ,"Adventist HealthCare seeks to hire a Med Surg Registered Nurse who will embrace our mission to extend God's care through  the healing ministry of Jesus Christ.

**Responsibilities:**
* Provides high-quality patient care in a Med Surgical department
* Assesses, plans, implements, and evaluates patient care in collaboration with the healthcare team
* Develops and implements individualized care plans based on patient needs and preferences
* Demonstrates a patient-centered care approach by communicating with patients and families in a caring and respectful manner
* Participates in quality improvement processes and patient safety initiatives
* Supports and maintains a safe and clean environment of patient care

**Requirements:**
* Current Maryland Registered Nurse (RN) licensure
* Bachelor's degree in Nursing (or"," the healing ministry of Jesus Christ.

**Responsibilities:**
* Provides high-quality patient care in a Med Surgical department
* Assesses, plans, implements, and evaluates patient care in collaboration with the healthcare team
* Develops and implements individualized care plans based on patient needs and preferences
* Demonstrates a patient-centered care approach by communicating with patients and families in a caring and respectful manner
* Participates in quality improvement processes and patient safety initiatives
* Supports and maintains a safe and clean environment of patient care

**Requirements:**
* Current Maryland Registered Nurse (RN) licensure
* Bachelor's degree in Nursing (or","{""do_sample"": true, ""temperature"": 1.0, ""top_p"": 0.95, ""top_k"": 50, ""repetition_penalty"": 1.0, ""max_new_tokens"": 128}"
kgw,4.0,0,1300,66,66,"Check out the Charleston Parks Conservancy's newest glow-up project at their inaugural Hampton Park culinary event, Shucked + Sauced, Sat. ","Check out the Charleston Parks Conservancy's newest glow-up project at their inaugural Hampton Park culinary event, Shucked + Sauced, Sat. 6-9pm Oct 1. $60 tix will get you a night of local eats, adult drinks, and live tunes in the park's new outdoor kitchen and bar, set up among the historic live oaks. More deets and tix at charlestonparksconservancy.org. #ShuckedSauced #CharlestonParksConservancy #HamptonPark #FoodDrink #Music #CommunityFirst
Event Highlights:
Enjoy local eats, drinks, and live music in Hampton Park's new outdoor kitchen and bar
Savor dishes from Charleston's best chefs and food vendors
Sample a curated selection of","6-9pm Oct 1. $60 tix will get you a night of local eats, adult drinks, and live tunes in the park's new outdoor kitchen and bar, set up among the historic live oaks. More deets and tix at charlestonparksconservancy.org. #ShuckedSauced #CharlestonParksConservancy #HamptonPark #FoodDrink #Music #CommunityFirst
Event Highlights:
Enjoy local eats, drinks, and live music in Hampton Park's new outdoor kitchen and bar
Savor dishes from Charleston's best chefs and food vendors
Sample a curated selection of","{""do_sample"": true, ""temperature"": 1.0, ""top_p"": 0.95, ""top_k"": 50, ""repetition_penalty"": 1.0, ""max_new_tokens"": 128}"
kgw,4.0,0,1302,68,68,Adweek: So what’s a digital-media tyro like you doing at a fusty old-media company like CBS? Jim Lanzone: I don’t ,"Adweek: So what’s a digital-media tyro like you doing at a fusty old-media company like CBS? Jim Lanzone: I don’t ﻿
Adweek: So what’s a digital-media tyro like you doing at a fusty old-media company like CBS?
Jim Lanzone: I don’t think of CBS as an old-media company, I think of it as a great brand with a rich history that is adapting and evolving just like the industry itself. And I believe my background and experience in the digital space can be an asset in helping that process.
Adweek: How does your approach to digital media differ from the old ways at CBS?
Jim Lanzone: Well first and foremost, I believe we need to think more mobile-first and think more like a digital company rather","﻿
Adweek: So what’s a digital-media tyro like you doing at a fusty old-media company like CBS?
Jim Lanzone: I don’t think of CBS as an old-media company, I think of it as a great brand with a rich history that is adapting and evolving just like the industry itself. And I believe my background and experience in the digital space can be an asset in helping that process.
Adweek: How does your approach to digital media differ from the old ways at CBS?
Jim Lanzone: Well first and foremost, I believe we need to think more mobile-first and think more like a digital company rather","{""do_sample"": true, ""temperature"": 1.0, ""top_p"": 0.95, ""top_k"": 50, ""repetition_penalty"": 1.0, ""max_new_tokens"": 128}"
kgw,4.0,0,1304,70,70,A live events and bespoke creative technical solutions company based in Loughborough is seeking a technical project manager to join ,"A live events and bespoke creative technical solutions company based in Loughborough is seeking a technical project manager to join their team. With a passion for live events, creative technical solutions, and a knack for bringing people together, their company delivers a wide range of events across the UK and internationally.
As a Technical Project Manager, you will be responsible for managing the delivery of large scale events and technical productions. This is an exciting opportunity to work on a diverse range of events, from corporate conferences to live music performances and festivals. If you have experience in technical project management and a passion for live events, this role is an excellent fit for you. You will be the key point of contact for the event teams, clients and contractors and will need to possess excellent","their team. With a passion for live events, creative technical solutions, and a knack for bringing people together, their company delivers a wide range of events across the UK and internationally.
As a Technical Project Manager, you will be responsible for managing the delivery of large scale events and technical productions. This is an exciting opportunity to work on a diverse range of events, from corporate conferences to live music performances and festivals. If you have experience in technical project management and a passion for live events, this role is an excellent fit for you. You will be the key point of contact for the event teams, clients and contractors and will need to possess excellent","{""do_sample"": true, ""temperature"": 1.0, ""top_p"": 0.95, ""top_k"": 50, ""repetition_penalty"": 1.0, ""max_new_tokens"": 128}"
kgw,4.0,0,1306,72,72,The latest report from Violence Policy Center. I find it ironic and sad that the very day an annual report ,"The latest report from Violence Policy Center. I find it ironic and sad that the very day an annual report  from the Violence Policy Center, which exposes horrific gun violence in the U.S., a mass shooting kills over 20 people in the Las Vegas Strip.
The report highlights the devastating impact of gun violence in the United States. 2017 was one of the deadliest years on record, with 39,773 deaths from firearm injuries.
Highlights of the report:
1. Firearm deaths in the US have risen 14% in the past year: In 2017, the gun violence mortality rate in the US hit its highest level since 1995.
2. Mass shootings account for just 1.2% of firearm deaths,"," from the Violence Policy Center, which exposes horrific gun violence in the U.S., a mass shooting kills over 20 people in the Las Vegas Strip.
The report highlights the devastating impact of gun violence in the United States. 2017 was one of the deadliest years on record, with 39,773 deaths from firearm injuries.
Highlights of the report:
1. Firearm deaths in the US have risen 14% in the past year: In 2017, the gun violence mortality rate in the US hit its highest level since 1995.
2. Mass shootings account for just 1.2% of firearm deaths,","{""do_sample"": true, ""temperature"": 1.0, ""top_p"": 0.95, ""top_k"": 50, ""repetition_penalty"": 1.0, ""max_new_tokens"": 128}"
kgw,4.0,0,1308,74,74,Thorpe of the New York Trucking and Delivery Association says the decision to raise penalties won’t solve the parking crisis. ,"Thorpe of the New York Trucking and Delivery Association says the decision to raise penalties won’t solve the parking crisis. 2021, is the current season for the CBA! I hope I can find a new career. The main objectives are as followings:-. The truckers are asking to waive the $63,000 fine, which they claim is excessive and would put them out of business.
He believes that other solutions such as improving parking availability, reducing truck traffic in residential areas and implementing congestion pricing would be more effective.
It is a big one. “This not just about a fine.
Focusing on the impact of parking issues on small and family-owned trucking companies. You will find more information on the impact to trucking operations and drivers","2021, is the current season for the CBA! I hope I can find a new career. The main objectives are as followings:-. The truckers are asking to waive the $63,000 fine, which they claim is excessive and would put them out of business.
He believes that other solutions such as improving parking availability, reducing truck traffic in residential areas and implementing congestion pricing would be more effective.
It is a big one. “This not just about a fine.
Focusing on the impact of parking issues on small and family-owned trucking companies. You will find more information on the impact to trucking operations and drivers","{""do_sample"": true, ""temperature"": 1.0, ""top_p"": 0.95, ""top_k"": 50, ""repetition_penalty"": 1.0, ""max_new_tokens"": 128}"
kgw,4.0,0,1310,76,76,A District Court decision overturning major provisions of three Executive Orders has been appealed. Here is a summary of the ,"A District Court decision overturning major provisions of three Executive Orders has been appealed. Here is a summary of the 30-page Memorandum Opinion.
On March 27, the District Court issued a Memorandum Opinion and Order granting the Plaintiffs' Motion for Summary Judgment in the case brought by 21 states and several organizations challenging the President's Executive Orders (EO) 13768 (Restraining Entry of Aliens Subject to Restrictions Under E.O. 13224 of September 23, 2001), EO 13780 (Protecting the Nation from Foreign Terrorist Entry Into the United States) and EO 13783 (Enhancing Public Safety in the Interior of the United States). The Court's ruling was in favor of the Plaintiffs,","30-page Memorandum Opinion.
On March 27, the District Court issued a Memorandum Opinion and Order granting the Plaintiffs' Motion for Summary Judgment in the case brought by 21 states and several organizations challenging the President's Executive Orders (EO) 13768 (Restraining Entry of Aliens Subject to Restrictions Under E.O. 13224 of September 23, 2001), EO 13780 (Protecting the Nation from Foreign Terrorist Entry Into the United States) and EO 13783 (Enhancing Public Safety in the Interior of the United States). The Court's ruling was in favor of the Plaintiffs,","{""do_sample"": true, ""temperature"": 1.0, ""top_p"": 0.95, ""top_k"": 50, ""repetition_penalty"": 1.0, ""max_new_tokens"": 128}"
kgw,4.0,0,1312,78,78,"The democratization of data is a real phenomenon, but building a sustainable data democracy means truly giving power to the ","The democratization of data is a real phenomenon, but building a sustainable data democracy means truly giving power to the 99%, not just the 1%. That’s the idea driving the Data Transparency Lab (DTL), a new research initiative led by Professor John Kelly of New York University’s Center for Data Science.

Based on the idea that large amounts of data can make power more accessible to the many rather than just a few, DTL is a collaborative space for data scientists, civic organizers, and community activists to work together towards creating more open, transparent, and equitable uses of data.

According to Professor Kelly, ""The goal of the Data Transparency Lab is to help create a data democracy, where all members of a society have equal access to power and","99%, not just the 1%. That’s the idea driving the Data Transparency Lab (DTL), a new research initiative led by Professor John Kelly of New York University’s Center for Data Science.

Based on the idea that large amounts of data can make power more accessible to the many rather than just a few, DTL is a collaborative space for data scientists, civic organizers, and community activists to work together towards creating more open, transparent, and equitable uses of data.

According to Professor Kelly, ""The goal of the Data Transparency Lab is to help create a data democracy, where all members of a society have equal access to power and","{""do_sample"": true, ""temperature"": 1.0, ""top_p"": 0.95, ""top_k"": 50, ""repetition_penalty"": 1.0, ""max_new_tokens"": 128}"
kgw,4.0,0,1314,80,80,"The Council of PR Firms yesterday urged PR firms to ""pledge"" to Wikipedia that they will only submit materials to ","The Council of PR Firms yesterday urged PR firms to ""pledge"" to Wikipedia that they will only submit materials to 100,000+ articles on the online encyclopedia.
In an email to member firms, the PR Council wrote: ""Wikipedia has launched a 'Pledge initiative' aimed at ensuring the quality and accuracy of Wikipedia articles and combating vandalism. They are asking PR professionals, as responsible stewards of public discourse, to only add content to Wikipedia articles with at least 100,000 views.
The PR Council also urged its member firms to ""educate"" their staff on the importance of Wikipedia's policies and procedures.

The pledge includes four core elements:

1. Respect the fundamental principles of the Internet and Wikipedia
2. Follow Wikipedia policies and guidelines","100,000+ articles on the online encyclopedia.
In an email to member firms, the PR Council wrote: ""Wikipedia has launched a 'Pledge initiative' aimed at ensuring the quality and accuracy of Wikipedia articles and combating vandalism. They are asking PR professionals, as responsible stewards of public discourse, to only add content to Wikipedia articles with at least 100,000 views.
The PR Council also urged its member firms to ""educate"" their staff on the importance of Wikipedia's policies and procedures.

The pledge includes four core elements:

1. Respect the fundamental principles of the Internet and Wikipedia
2. Follow Wikipedia policies and guidelines","{""do_sample"": true, ""temperature"": 1.0, ""top_p"": 0.95, ""top_k"": 50, ""repetition_penalty"": 1.0, ""max_new_tokens"": 128}"
kgw,4.0,0,1316,82,82,"He and a neighbor managed to lure the horse toward them with a handful of grass, Sickinger said, and they ","He and a neighbor managed to lure the horse toward them with a handful of grass, Sickinger said, and they iced him up with cold packs to help stop any bleeding.The 32-year-old Sickinger said that in a move that would make any horse owner proud, he talked to the horse, stroking its neck and telling it ""it was okay"" until help arrived.Some 20 minutes later, a veterinarian arrived and the injured horse, which was not critically injured, could receive proper treatment.The whole situation turned into something of an adventure for the trio, who decided to take the injured horse to its home in a trailer, with Sickinger documenting their journey to Facebook, where it quickly gained widespread attention.Anyway, no updates on the horse's health","iced him up with cold packs to help stop any bleeding.The 32-year-old Sickinger said that in a move that would make any horse owner proud, he talked to the horse, stroking its neck and telling it ""it was okay"" until help arrived.Some 20 minutes later, a veterinarian arrived and the injured horse, which was not critically injured, could receive proper treatment.The whole situation turned into something of an adventure for the trio, who decided to take the injured horse to its home in a trailer, with Sickinger documenting their journey to Facebook, where it quickly gained widespread attention.Anyway, no updates on the horse's health","{""do_sample"": true, ""temperature"": 1.0, ""top_p"": 0.95, ""top_k"": 50, ""repetition_penalty"": 1.0, ""max_new_tokens"": 128}"
kgw,4.0,0,1318,84,84,"Wolf, 33, joined the Africa Mercy crew in March, taking a short leave from her job as a registered nurse ","Wolf, 33, joined the Africa Mercy crew in March, taking a short leave from her job as a registered nurse 16 years to care for people in need.
She will spend two years working on the Africa Mercy, treating people with facial tumours, cleft lips and other conditions that are causing them physical and social pain. It is the third Africa Mercy crew to include an Australian on board.
The Africa Mercy, run by the Mercy Ships organisation, offers life-changing medical care and hope to the people of West and Central Africa.
Ms Wolf, who hails from the small town of Walgett in western NSW, has been driven by a desire to make a difference in the world since a young age. She was influenced by her parents, both medical professionals","16 years to care for people in need.
She will spend two years working on the Africa Mercy, treating people with facial tumours, cleft lips and other conditions that are causing them physical and social pain. It is the third Africa Mercy crew to include an Australian on board.
The Africa Mercy, run by the Mercy Ships organisation, offers life-changing medical care and hope to the people of West and Central Africa.
Ms Wolf, who hails from the small town of Walgett in western NSW, has been driven by a desire to make a difference in the world since a young age. She was influenced by her parents, both medical professionals","{""do_sample"": true, ""temperature"": 1.0, ""top_p"": 0.95, ""top_k"": 50, ""repetition_penalty"": 1.0, ""max_new_tokens"": 128}"
kgw,4.0,0,1320,86,86,"A Chicago judge on Thursday dismissed a patent case between Apple and Motorola because, he said, neither side could adequately ","A Chicago judge on Thursday dismissed a patent case between Apple and Motorola because, he said, neither side could adequately 2/6/13 11:14 PM PT - The case is over: Apple and Motorola have settled their long-running patent battle. In court today, a Chicago judge ordered the two companies to pay a combined $0, according to court documents filed in the U. Closes case for a while.
Apple today dismissed its antitrust lawsuit against Samsung Electronics, the rival. 31 October 2007: Judge Richard A Posner of the U. District Court of Northern Illinois rules.
Circuit in case No. Apple, Inc v.
How is the Apple-Motorola lawsuit unfolding: Apple sues Motorola for allegedly. A","2/6/13 11:14 PM PT - The case is over: Apple and Motorola have settled their long-running patent battle. In court today, a Chicago judge ordered the two companies to pay a combined $0, according to court documents filed in the U. Closes case for a while.
Apple today dismissed its antitrust lawsuit against Samsung Electronics, the rival. 31 October 2007: Judge Richard A Posner of the U. District Court of Northern Illinois rules.
Circuit in case No. Apple, Inc v.
How is the Apple-Motorola lawsuit unfolding: Apple sues Motorola for allegedly. A","{""do_sample"": true, ""temperature"": 1.0, ""top_p"": 0.95, ""top_k"": 50, ""repetition_penalty"": 1.0, ""max_new_tokens"": 128}"
kgw,4.0,0,1322,88,88,"Ford is building cars that ""talk"" with traffic lights, road signs and pedestrians. At CES 2019 in Las Vegas on ","Ford is building cars that ""talk"" with traffic lights, road signs and pedestrians. At CES 2019 in Las Vegas on 9th January, Ford unveiled an advanced technology called Ford City of Tomorrow, aimed at reducing traffic congestion, improving safety and making urban driving more enjoyable and connected.
The Ford City of Tomorrow project includes a smart vehicle, called the C-Sync vehicle prototype, which uses a variety of sensors and cameras to share data with other vehicles, road infrastructure and other devices. The vehicle can exchange data with traffic lights to optimize traffic flow, and with road signs to warn drivers of potential hazards.
But that’s not all. The Ford prototype also features advanced pedestrian and cyclist detection, which allows it to adjust its behavior around vulnerable road users. The vehicle can","9th January, Ford unveiled an advanced technology called Ford City of Tomorrow, aimed at reducing traffic congestion, improving safety and making urban driving more enjoyable and connected.
The Ford City of Tomorrow project includes a smart vehicle, called the C-Sync vehicle prototype, which uses a variety of sensors and cameras to share data with other vehicles, road infrastructure and other devices. The vehicle can exchange data with traffic lights to optimize traffic flow, and with road signs to warn drivers of potential hazards.
But that’s not all. The Ford prototype also features advanced pedestrian and cyclist detection, which allows it to adjust its behavior around vulnerable road users. The vehicle can","{""do_sample"": true, ""temperature"": 1.0, ""top_p"": 0.95, ""top_k"": 50, ""repetition_penalty"": 1.0, ""max_new_tokens"": 128}"
kgw,4.0,0,1324,90,90,"Things get a bit messy in a new brand campaign from Chobani. Centered on the tag ""Love This Life,"" its ","Things get a bit messy in a new brand campaign from Chobani. Centered on the tag ""Love This Life,"" its 15-minute film showcases a series of vignettes featuring real people from around the world enjoying breakfast, having fun with friends, exploring the outdoors, or simply taking a moment for themselves.

The campaign, created in partnership with 72andSunny New York, highlights different aspects of Chobani's brand, including its philosophy of kindness, community and respect for the land. While breakfast is still at the heart of things, this campaign expands the scope to emphasize the connections between food, love, family, and life in general.

The film is a bit over-stuffed with content and at times may be hard to follow, but the overall message","15-minute film showcases a series of vignettes featuring real people from around the world enjoying breakfast, having fun with friends, exploring the outdoors, or simply taking a moment for themselves.

The campaign, created in partnership with 72andSunny New York, highlights different aspects of Chobani's brand, including its philosophy of kindness, community and respect for the land. While breakfast is still at the heart of things, this campaign expands the scope to emphasize the connections between food, love, family, and life in general.

The film is a bit over-stuffed with content and at times may be hard to follow, but the overall message","{""do_sample"": true, ""temperature"": 1.0, ""top_p"": 0.95, ""top_k"": 50, ""repetition_penalty"": 1.0, ""max_new_tokens"": 128}"
kgw,4.0,0,1326,92,92,Trump's new immigration ad was panned as racist. Turns out it was also based on a falsehood. - Hartford Courant ,"Trump's new immigration ad was panned as racist. Turns out it was also based on a falsehood. - Hartford Courant 24 min 17 sec ago... More news... More international...
Gordon Sondland: Key moments from his testimony - BBC News 24 min 17 sec ago... More news... More international...
Hong Kong protesters storm government building as calls for governorâs resignation intensify - Washington Post 25 min 18 sec ago... More news... More international...
Facebook says it removed a network of accounts linked to the Philippines government - CNN 26 min 20 sec ago... More news... More international...
Honduras election candidate murdered, amid concerns over violence and fraud - Guardian News & Media Ltd 28 min 22 sec","24 min 17 sec ago... More news... More international...
Gordon Sondland: Key moments from his testimony - BBC News 24 min 17 sec ago... More news... More international...
Hong Kong protesters storm government building as calls for governorâs resignation intensify - Washington Post 25 min 18 sec ago... More news... More international...
Facebook says it removed a network of accounts linked to the Philippines government - CNN 26 min 20 sec ago... More news... More international...
Honduras election candidate murdered, amid concerns over violence and fraud - Guardian News & Media Ltd 28 min 22 sec","{""do_sample"": true, ""temperature"": 1.0, ""top_p"": 0.95, ""top_k"": 50, ""repetition_penalty"": 1.0, ""max_new_tokens"": 128}"
kgw,4.0,0,1328,94,94,• Engage with other SRA functions to support the evidence gathering and credible deterrence approach of the SRA. The role ,"• Engage with other SRA functions to support the evidence gathering and credible deterrence approach of the SRA. The role  will require collaboration  with other SRA departments such as Data Analysis, Forensic Accounting and Financial Investigations to achieve effective enforcement outcomes.
This job will involve working in a fast-paced environment, managing multiple competing priorities and meeting tight deadlines. The ability to think critically, solve problems and work independently and as part of a team is essential.
• Strong analytical and critical thinking skills.
• Ability to quickly learn and adapt to new systems and processes.
If you believe you meet the requirements of this role, please submit your cover letter and CV to: jobs@sfaa.org.au. Please ensure that your cover letter addresses the selection criteria as outlined above."," will require collaboration  with other SRA departments such as Data Analysis, Forensic Accounting and Financial Investigations to achieve effective enforcement outcomes.
This job will involve working in a fast-paced environment, managing multiple competing priorities and meeting tight deadlines. The ability to think critically, solve problems and work independently and as part of a team is essential.
• Strong analytical and critical thinking skills.
• Ability to quickly learn and adapt to new systems and processes.
If you believe you meet the requirements of this role, please submit your cover letter and CV to: jobs@sfaa.org.au. Please ensure that your cover letter addresses the selection criteria as outlined above.","{""do_sample"": true, ""temperature"": 1.0, ""top_p"": 0.95, ""top_k"": 50, ""repetition_penalty"": 1.0, ""max_new_tokens"": 128}"
kgw,4.0,0,1330,96,96,"MidMichigan Health plans to restructure and re-align its work force in the coming months, and the changes could mean laying ","MidMichigan Health plans to restructure and re-align its work force in the coming months, and the changes could mean laying 150 employees.
The company announced its intentions to restructure and re-align its workforce through a letter to its employees last week. The changes are expected to take effect in the coming months, although the exact timeline is still unclear.
According to the letter, the restructuring efforts are intended to better align MidMichigan Health's workforce with its strategic priorities, which include improving patient care and improving operational efficiency.
In order to achieve these goals, MidMichigan Health plans to realign jobs, eliminate some positions and create new roles. This could result in the elimination of up to 150 employee positions, the company reported.
""We recognize that these changes can be challenging","150 employees.
The company announced its intentions to restructure and re-align its workforce through a letter to its employees last week. The changes are expected to take effect in the coming months, although the exact timeline is still unclear.
According to the letter, the restructuring efforts are intended to better align MidMichigan Health's workforce with its strategic priorities, which include improving patient care and improving operational efficiency.
In order to achieve these goals, MidMichigan Health plans to realign jobs, eliminate some positions and create new roles. This could result in the elimination of up to 150 employee positions, the company reported.
""We recognize that these changes can be challenging","{""do_sample"": true, ""temperature"": 1.0, ""top_p"": 0.95, ""top_k"": 50, ""repetition_penalty"": 1.0, ""max_new_tokens"": 128}"
kgw,4.0,0,1332,98,98,Tennessee farmers are cashing in on the local food movement. The federal government never measured just how much Tennessee farmers ,"Tennessee farmers are cashing in on the local food movement. The federal government never measured just how much Tennessee farmers 2014. A study by the United States Department of Agriculture did look at the impact of local food systems. It found.
May 17, 2019  · Tennessee Farmers Market Road Trip: A Seasonal Taste Guide. There are many farmers markets throughout Tennessee that offer a taste of the state’s diverse produce, meats, baked goods and more. Here’s a.
The Tennessee Farmers Market Association (TFMA) is a 501(c)(6) non-profit organization that represents farmers’ markets throughout the state of Tennessee. TFMA works to promote and support local food systems by advocating for policies that benefit farmers’ markets, providing","2014. A study by the United States Department of Agriculture did look at the impact of local food systems. It found.
May 17, 2019  · Tennessee Farmers Market Road Trip: A Seasonal Taste Guide. There are many farmers markets throughout Tennessee that offer a taste of the state’s diverse produce, meats, baked goods and more. Here’s a.
The Tennessee Farmers Market Association (TFMA) is a 501(c)(6) non-profit organization that represents farmers’ markets throughout the state of Tennessee. TFMA works to promote and support local food systems by advocating for policies that benefit farmers’ markets, providing","{""do_sample"": true, ""temperature"": 1.0, ""top_p"": 0.95, ""top_k"": 50, ""repetition_penalty"": 1.0, ""max_new_tokens"": 128}"
kgw,4.0,0,1334,100,100,Ozier Muhammad/The New York TimesReynaldo Rodriguez of the Care Coordination program counseled a patient with H.I.V. on how to adhere ,"Ozier Muhammad/The New York TimesReynaldo Rodriguez of the Care Coordination program counseled a patient with H.I.V. on how to adhere 22 prescription medications a day.
As the opioid crisis has worsened, the nation's health providers have been scrambling to find new ways to manage complex patients with chronic conditions, like opioid use disorders, mental health issues and substance abuse problems.
One key strategy has been the expansion of care coordination programs, which bring together health professionals from multiple disciplines to provide individualized support to patients who have multiple chronic conditions. These programs were originally designed to manage patients with HIV, diabetes and other chronic illnesses, but they are increasingly being used to help people struggling with addiction.
The goal is to help patients navigate a tangled web of services, such as counseling, medication","22 prescription medications a day.
As the opioid crisis has worsened, the nation's health providers have been scrambling to find new ways to manage complex patients with chronic conditions, like opioid use disorders, mental health issues and substance abuse problems.
One key strategy has been the expansion of care coordination programs, which bring together health professionals from multiple disciplines to provide individualized support to patients who have multiple chronic conditions. These programs were originally designed to manage patients with HIV, diabetes and other chronic illnesses, but they are increasingly being used to help people struggling with addiction.
The goal is to help patients navigate a tangled web of services, such as counseling, medication","{""do_sample"": true, ""temperature"": 1.0, ""top_p"": 0.95, ""top_k"": 50, ""repetition_penalty"": 1.0, ""max_new_tokens"": 128}"
kgw,4.0,0,1336,102,102,"Talking to the press people here at the Heliport on Saturday, the National BJP leader, while stating the Naga issue ","Talking to the press people here at the Heliport on Saturday, the National BJP leader, while stating the Naga issue 90% resolved. He categorically mentioned that there will be no further negotiations on the agreement.
The statement sparked controversy, and the people are divided, as some feel that the assurance given by the National BJP leader can bring finality to the decades-old Naga issue. While some are of the opinion that, it is premature, as the NRC and citizenship issues are yet to be addressed. The 21st century NRC is not even complete.
Naga political organisations in coordination with other civil society organisations have taken out rallies, holding placards and banners, to protest, the statement. This is being seen as an attempt to disrupt","90% resolved. He categorically mentioned that there will be no further negotiations on the agreement.
The statement sparked controversy, and the people are divided, as some feel that the assurance given by the National BJP leader can bring finality to the decades-old Naga issue. While some are of the opinion that, it is premature, as the NRC and citizenship issues are yet to be addressed. The 21st century NRC is not even complete.
Naga political organisations in coordination with other civil society organisations have taken out rallies, holding placards and banners, to protest, the statement. This is being seen as an attempt to disrupt","{""do_sample"": true, ""temperature"": 1.0, ""top_p"": 0.95, ""top_k"": 50, ""repetition_penalty"": 1.0, ""max_new_tokens"": 128}"
kgw,4.0,0,1338,104,104,"Famously tight-lipped about her Scientology faith, The Handmaid’s Tale star Elisabeth Moss has opened up in a candid new interview. ","Famously tight-lipped about her Scientology faith, The Handmaid’s Tale star Elisabeth Moss has opened up in a candid new interview. 2020 12:45 am. So, what happens to Offred's handmaiden? In ""The Handmaid's Tale"" episode ""Fighting Right,"" Offred (Elisabeth Moss) learns that her handmaiden, Ofglen (Anna Chlumsky), was secretly working for the resistance. Elisabeth Moss, star of The Handmaid's Tale, has spoken out about her experience being a handmaiden to a powerful businessman before rising up and becoming the commander of the resistance movement. The Handmaid's Tale's most recent episode, ""Sisters in Law,"" has sparked a major twist for Offred","2020 12:45 am. So, what happens to Offred's handmaiden? In ""The Handmaid's Tale"" episode ""Fighting Right,"" Offred (Elisabeth Moss) learns that her handmaiden, Ofglen (Anna Chlumsky), was secretly working for the resistance. Elisabeth Moss, star of The Handmaid's Tale, has spoken out about her experience being a handmaiden to a powerful businessman before rising up and becoming the commander of the resistance movement. The Handmaid's Tale's most recent episode, ""Sisters in Law,"" has sparked a major twist for Offred","{""do_sample"": true, ""temperature"": 1.0, ""top_p"": 0.95, ""top_k"": 50, ""repetition_penalty"": 1.0, ""max_new_tokens"": 128}"
kgw,4.0,0,1340,106,106,Madore received the package along with three crosses she had ordered in memory of her son Christopher Medina who died ,"Madore received the package along with three crosses she had ordered in memory of her son Christopher Medina who died 14 years ago.
""I opened the box and my eyes got teary because it was beautiful, it was perfect, and I just knew that Christopher would have loved it because it's exactly what he would have wanted for his mom,"" Madore said.
Madore said it wasn't just a beautiful piece of jewelry; it reminded her of her son's love, strength and resilience, just like the cross did for her friends who had also lost loved ones.
The cross, made of sterling silver, has a small etching of a dove and an eagle, symbolizing love, peace and strength.
Madore said it has become a symbol of","14 years ago.
""I opened the box and my eyes got teary because it was beautiful, it was perfect, and I just knew that Christopher would have loved it because it's exactly what he would have wanted for his mom,"" Madore said.
Madore said it wasn't just a beautiful piece of jewelry; it reminded her of her son's love, strength and resilience, just like the cross did for her friends who had also lost loved ones.
The cross, made of sterling silver, has a small etching of a dove and an eagle, symbolizing love, peace and strength.
Madore said it has become a symbol of","{""do_sample"": true, ""temperature"": 1.0, ""top_p"": 0.95, ""top_k"": 50, ""repetition_penalty"": 1.0, ""max_new_tokens"": 128}"
kgw,4.0,0,1342,108,108,"France is in a difficult position. It has not had a sufficient spur to reform, despite the platitudes by both ","France is in a difficult position. It has not had a sufficient spur to reform, despite the platitudes by both  candidates for the upcoming presidential election. It has been stuck for years in a deep malaise that nobody really knows how to overcome. Macrons’ attempts at reform have fallen flat, while Marine Le Pen's far right message has not filled the void.
This lack of progress has been reflected in economic and societal stagnation, as well as rising discontent and social unrest. It is difficult to overstate the importance of this problem: France has traditionally been the driver of economic growth in the EU and it continues to be one the world's fifth-largest economy. If it falters, there are serious consequences for the global economy and the EU"," candidates for the upcoming presidential election. It has been stuck for years in a deep malaise that nobody really knows how to overcome. Macrons’ attempts at reform have fallen flat, while Marine Le Pen's far right message has not filled the void.
This lack of progress has been reflected in economic and societal stagnation, as well as rising discontent and social unrest. It is difficult to overstate the importance of this problem: France has traditionally been the driver of economic growth in the EU and it continues to be one the world's fifth-largest economy. If it falters, there are serious consequences for the global economy and the EU","{""do_sample"": true, ""temperature"": 1.0, ""top_p"": 0.95, ""top_k"": 50, ""repetition_penalty"": 1.0, ""max_new_tokens"": 128}"
kgw,4.0,0,1344,110,110,"Nelson Mandela statue in Westminster, London. ""Comrade Mandela's release was achieved through our struggles that had pushed the apartheid regime ","Nelson Mandela statue in Westminster, London. ""Comrade Mandela's release was achieved through our struggles that had pushed the apartheid regime 24 hours a day, 7 days a week, to crack us down, but ultimately breaking us down. It took us many a tear, much pain & blood & sacrifice to achieve that moment. But it was a moment that brought us to where we are today, & it was a moment that set an African Country Free."" - Winnie Madikizela-Mandela (Ex-Wife of Nelson Mandela)
Winnie Madikizela-Mandela (Ex-Wife of Nelson Mandela)
Winnie Madikizela-Mandela (Ex-Wife of Nelson Mandela)
Winnie Madikizela-Mandela (","24 hours a day, 7 days a week, to crack us down, but ultimately breaking us down. It took us many a tear, much pain & blood & sacrifice to achieve that moment. But it was a moment that brought us to where we are today, & it was a moment that set an African Country Free."" - Winnie Madikizela-Mandela (Ex-Wife of Nelson Mandela)
Winnie Madikizela-Mandela (Ex-Wife of Nelson Mandela)
Winnie Madikizela-Mandela (Ex-Wife of Nelson Mandela)
Winnie Madikizela-Mandela (","{""do_sample"": true, ""temperature"": 1.0, ""top_p"": 0.95, ""top_k"": 50, ""repetition_penalty"": 1.0, ""max_new_tokens"": 128}"
kgw,4.0,0,1346,112,112,"Back in 1982, the Endangered Species Act took the ocelot under its protection. The ocelot is a vulnerable creature, susceptible ","Back in 1982, the Endangered Species Act took the ocelot under its protection. The ocelot is a vulnerable creature, susceptible  to various threats including loss of habitat and fragmentation, human-ocelot conflict, and the consequences of environmental degradation.
Efforts to conserve the ocelot population are underway. For example, the United States Fish and Wildlife Service has designated critical habitat for the ocelot, stretching across parts of Texas, Mexico, and Louisiana. Additionally, organizations like the Save the Ocelot organization are working to protect ocelots and their habitat, as well as support research and education about these majestic creatures.
The ocelot, also referred to as a "" wild cat "", is known for its striking markings and beautiful appearance. Unfortunately,"," to various threats including loss of habitat and fragmentation, human-ocelot conflict, and the consequences of environmental degradation.
Efforts to conserve the ocelot population are underway. For example, the United States Fish and Wildlife Service has designated critical habitat for the ocelot, stretching across parts of Texas, Mexico, and Louisiana. Additionally, organizations like the Save the Ocelot organization are working to protect ocelots and their habitat, as well as support research and education about these majestic creatures.
The ocelot, also referred to as a "" wild cat "", is known for its striking markings and beautiful appearance. Unfortunately,","{""do_sample"": true, ""temperature"": 1.0, ""top_p"": 0.95, ""top_k"": 50, ""repetition_penalty"": 1.0, ""max_new_tokens"": 128}"
kgw,4.0,0,1348,114,114,"Assembly Minority Leader Pat Hickey, R-Reno, will have a GOP primary election opponent in 2014. Richard Fineberg, a retired lawyer ","Assembly Minority Leader Pat Hickey, R-Reno, will have a GOP primary election opponent in 2014. Richard Fineberg, a retired lawyer 55 years into a 60-year sentence for a crime he claims was a setup, announced Wednesday he's running against Hickey in the June 10 primary.
Fineberg, a former Democratic candidate, is known for his...um... colorful campaign antics, including a lawsuit against the Nevada Supreme Court and a protest in which he wore a chicken suit. His candidacy against Hickey could shake things up, to say the least. Here's the news release from Fineberg's campaign, which includes a hint that he'll focus on reforming Nevada's criminal justice system:
""Fineberg announced that he is leaving the Democratic Party and switching his affiliation","55 years into a 60-year sentence for a crime he claims was a setup, announced Wednesday he's running against Hickey in the June 10 primary.
Fineberg, a former Democratic candidate, is known for his...um... colorful campaign antics, including a lawsuit against the Nevada Supreme Court and a protest in which he wore a chicken suit. His candidacy against Hickey could shake things up, to say the least. Here's the news release from Fineberg's campaign, which includes a hint that he'll focus on reforming Nevada's criminal justice system:
""Fineberg announced that he is leaving the Democratic Party and switching his affiliation","{""do_sample"": true, ""temperature"": 1.0, ""top_p"": 0.95, ""top_k"": 50, ""repetition_penalty"": 1.0, ""max_new_tokens"": 128}"
kgw,4.0,0,1350,116,116,"Friday Night Live: Hilarious Improv Comedy featuring live music from pianist Keith Munslow! Get beside yourself with FNL’s interactive scenes, ","Friday Night Live: Hilarious Improv Comedy featuring live music from pianist Keith Munslow! Get beside yourself with FNL’s interactive scenes, 100mph gameplay, and a healthy dose of ridiculous suggestions! We are thrilled to announce our headlining musician Keith Munsworth (just kidding, that’s Munslow)!! Not really, but his music will be on point!
Friday Night Live
Friday Night Live: Hilarious Improv Comedy featuring live music from pianist Keith Munslow! Get beside yourself with FNL's interactive scenes, 100mph gameplay, and a healthy dose of ridiculous suggestions! We are thrilled to announce our headlining musician Keith Munsworth (just kidding, that’s Munslow)!! Not really, but his music will be on point!
Friday Night Live","100mph gameplay, and a healthy dose of ridiculous suggestions! We are thrilled to announce our headlining musician Keith Munsworth (just kidding, that’s Munslow)!! Not really, but his music will be on point!
Friday Night Live
Friday Night Live: Hilarious Improv Comedy featuring live music from pianist Keith Munslow! Get beside yourself with FNL's interactive scenes, 100mph gameplay, and a healthy dose of ridiculous suggestions! We are thrilled to announce our headlining musician Keith Munsworth (just kidding, that’s Munslow)!! Not really, but his music will be on point!
Friday Night Live","{""do_sample"": true, ""temperature"": 1.0, ""top_p"": 0.95, ""top_k"": 50, ""repetition_penalty"": 1.0, ""max_new_tokens"": 128}"
kgw,4.0,0,1352,118,118,Do Twinkle and mum Dimple share a wardrobe? The star wife was missing for a greater part of the year ,"Do Twinkle and mum Dimple share a wardrobe? The star wife was missing for a greater part of the year 2022, and fans were left wondering where she was.
Her partner, Twinkle Khanna, who is also a popular actress, author, and interior designer, managed the Instagram account of their daughter Anshula, which left fans curious.
In an exclusive chat with ETimes, Dimple Kapadia's manager clarified her absence, citing reasons like her health and personal issues. The manager said, ""Yes, it's true. Mrs. Kapadia has been away, due to her health issues and personal reasons. Family time is essential, and during this period, it was her priority.""

Do Twinkle and mum Dimple share a","2022, and fans were left wondering where she was.
Her partner, Twinkle Khanna, who is also a popular actress, author, and interior designer, managed the Instagram account of their daughter Anshula, which left fans curious.
In an exclusive chat with ETimes, Dimple Kapadia's manager clarified her absence, citing reasons like her health and personal issues. The manager said, ""Yes, it's true. Mrs. Kapadia has been away, due to her health issues and personal reasons. Family time is essential, and during this period, it was her priority.""

Do Twinkle and mum Dimple share a","{""do_sample"": true, ""temperature"": 1.0, ""top_p"": 0.95, ""top_k"": 50, ""repetition_penalty"": 1.0, ""max_new_tokens"": 128}"
kgw,4.0,0,1354,120,120,the World Challenge a year ago. He won at Hilton Head on the U.S. Championships in Doral and Shanghai. the ,"the World Challenge a year ago. He won at Hilton Head on the U.S. Championships in Doral and Shanghai. the 2018 BMW PGA Championship.
Here's the PGA Tour. I'll have to start my watch now.
I've already had a couple of holes to watch, just to make sure.
of the way he played at the World Challenge a year ago. He won at Hilton Head on the U.S. Open and Shanghai. the 2018 BMW PGA Championship.
It's hard to believe he won at Shanghai, where it is known as Shangri-La, a place he called the ultimate test. It was his first and only World Challenge win, which made him the first player ever to capture two majors before 27, if you can","2018 BMW PGA Championship.
Here's the PGA Tour. I'll have to start my watch now.
I've already had a couple of holes to watch, just to make sure.
of the way he played at the World Challenge a year ago. He won at Hilton Head on the U.S. Open and Shanghai. the 2018 BMW PGA Championship.
It's hard to believe he won at Shanghai, where it is known as Shangri-La, a place he called the ultimate test. It was his first and only World Challenge win, which made him the first player ever to capture two majors before 27, if you can","{""do_sample"": true, ""temperature"": 1.0, ""top_p"": 0.95, ""top_k"": 50, ""repetition_penalty"": 1.0, ""max_new_tokens"": 128}"
kgw,4.0,0,1356,122,122,2 bedroom home with extra room for office or 3rd bedroom. Kitchen features Oak cabinets. Home features wood flooring in ,"2 bedroom home with extra room for office or 3rd bedroom. Kitchen features Oak cabinets. Home features wood flooring in 2 main areas. Back patio and fenced yard for outside entertaining and pets. Community offers pool and tennis court. Close to shopping, dining and schools.
Listing courtesy of RE/MAX Preferred. Selling Office: RE/MAX Preferred.","2 main areas. Back patio and fenced yard for outside entertaining and pets. Community offers pool and tennis court. Close to shopping, dining and schools.
Listing courtesy of RE/MAX Preferred. Selling Office: RE/MAX Preferred.","{""do_sample"": true, ""temperature"": 1.0, ""top_p"": 0.95, ""top_k"": 50, ""repetition_penalty"": 1.0, ""max_new_tokens"": 128}"
kgw,4.0,0,1358,124,124,"Following her acceptance into iPOP! after try-outs in Fort Walton Beach, Michelle Bryant is talking positively about her fast-approaching opportunity. ","Following her acceptance into iPOP! after try-outs in Fort Walton Beach, Michelle Bryant is talking positively about her fast-approaching opportunity. 2012 summer program participant, and currently signed with her manager, Rachel Stein Management, says, iPOP! was amazing. I had a life-changing experience.
The experience Michelle got from being part of iPOP!'s intensive training program in Los Angeles helped her gain confidence in her performance skills. Michelle mentioned that, iPop! provided her the exposure she needed in order to become the best version of herself as an entertainer. The program's networking opportunities with industry experts and other young talent have significantly helped her, even after graduating from the program.
This successful summer program's formula of providing talent with an outstanding training, performance opportunities and valuable","2012 summer program participant, and currently signed with her manager, Rachel Stein Management, says, iPOP! was amazing. I had a life-changing experience.
The experience Michelle got from being part of iPOP!'s intensive training program in Los Angeles helped her gain confidence in her performance skills. Michelle mentioned that, iPop! provided her the exposure she needed in order to become the best version of herself as an entertainer. The program's networking opportunities with industry experts and other young talent have significantly helped her, even after graduating from the program.
This successful summer program's formula of providing talent with an outstanding training, performance opportunities and valuable","{""do_sample"": true, ""temperature"": 1.0, ""top_p"": 0.95, ""top_k"": 50, ""repetition_penalty"": 1.0, ""max_new_tokens"": 128}"
kgw,4.0,0,1360,126,126,"In the past 11 months, Mauti has had to rely on his words unlike any other time in his life. ","In the past 11 months, Mauti has had to rely on his words unlike any other time in his life. 13 months removed from suffering a torn Achilles tendon during Penn State football’s 2012 season, the 26-year old linebacker is finally able to return to the practice field, albeit in a limited capacity. Mauti, the Nitt...
Read More ""Mike Mauti’s Inspiring Recovery Includes a Message of Perseverance""
Mike Mauti, the 2012 NFL draft selection and former Penn State linebacker, is eager to make a comeback in his football career. A torn Achilles tendon cut his rookie campaign short last season, leaving many wondering if the 2012 third-round draft pick would ever return to the field","13 months removed from suffering a torn Achilles tendon during Penn State football’s 2012 season, the 26-year old linebacker is finally able to return to the practice field, albeit in a limited capacity. Mauti, the Nitt...
Read More ""Mike Mauti’s Inspiring Recovery Includes a Message of Perseverance""
Mike Mauti, the 2012 NFL draft selection and former Penn State linebacker, is eager to make a comeback in his football career. A torn Achilles tendon cut his rookie campaign short last season, leaving many wondering if the 2012 third-round draft pick would ever return to the field","{""do_sample"": true, ""temperature"": 1.0, ""top_p"": 0.95, ""top_k"": 50, ""repetition_penalty"": 1.0, ""max_new_tokens"": 128}"
kgw,4.0,0,1362,128,128,The FINANCIAL (AD) -- ProCredit Bank has donated a unique ex libris collection to the National Centre of Manuscripts. This ,"The FINANCIAL (AD) -- ProCredit Bank has donated a unique ex libris collection to the National Centre of Manuscripts. This 400-book book collection represents a wide-ranging overview of financial literacy, money management and entrepreneurship, and is designed to help readers expand their knowledge and skills in the field. The books are of high quality and are intended for personal reading and professional studies, as well as being a useful resource for libraries, educational establishments and institutions of higher learning.
The FINANCIAL is an international financial newspaper, which offers news and financial analytics to over 300000 subscribers worldwide. We cover key financial markets, business and economy, providing insights and information to professional and institutional investors, as well as private investors and financial market participants. The FINANCIAL provides analysis,","400-book book collection represents a wide-ranging overview of financial literacy, money management and entrepreneurship, and is designed to help readers expand their knowledge and skills in the field. The books are of high quality and are intended for personal reading and professional studies, as well as being a useful resource for libraries, educational establishments and institutions of higher learning.
The FINANCIAL is an international financial newspaper, which offers news and financial analytics to over 300000 subscribers worldwide. We cover key financial markets, business and economy, providing insights and information to professional and institutional investors, as well as private investors and financial market participants. The FINANCIAL provides analysis,","{""do_sample"": true, ""temperature"": 1.0, ""top_p"": 0.95, ""top_k"": 50, ""repetition_penalty"": 1.0, ""max_new_tokens"": 128}"
kgw,4.0,0,1364,130,130,These two healthcare REITs are trading for dirt-cheap valuations despite high dividends and a solid history of growth. Investing in ,"These two healthcare REITs are trading for dirt-cheap valuations despite high dividends and a solid history of growth. Investing in 2022 is all about fundamentals, so let’s dive deeper.
I'm talking about Welltower (NYSE: HCF) and Healthcare Trust of America (NYSE:HTA). While their valuations may be low, don't confuse that with their potential to provide high returns. Both of these healthcare REITs have proven themselves as quality investments, with strong dividend growth and a long track record of increasing income.
Let's look at some key metrics to see how cheaply we can buy into their future potential:
1. Welltower:
Welltower, as the largest healthcare REIT, provides a stable source of long-term cash flows.","2022 is all about fundamentals, so let’s dive deeper.
I'm talking about Welltower (NYSE: HCF) and Healthcare Trust of America (NYSE:HTA). While their valuations may be low, don't confuse that with their potential to provide high returns. Both of these healthcare REITs have proven themselves as quality investments, with strong dividend growth and a long track record of increasing income.
Let's look at some key metrics to see how cheaply we can buy into their future potential:
1. Welltower:
Welltower, as the largest healthcare REIT, provides a stable source of long-term cash flows.","{""do_sample"": true, ""temperature"": 1.0, ""top_p"": 0.95, ""top_k"": 50, ""repetition_penalty"": 1.0, ""max_new_tokens"": 128}"
kgw,4.0,0,1366,132,132,Young Lions skipper Brad Galvin isn’t afraid of taking his side’s ‘scrappy’ style of play into Sunday’s semi final clash ,"Young Lions skipper Brad Galvin isn’t afraid of taking his side’s ‘scrappy’ style of play into Sunday’s semi final clash  with arch rivals Hougang United.
The 21-year-old, who made his professional debut for Gombak last season, believes his team can spring a few surprises by using their physicality and quick transitions to catch Hougang off guard.
“We know that Hougang are a good team and they have a lot of quality, but we’re happy to take the game to them,” said Galvin, who has captained Young Lions since the start of the current S-League campaign.
“We’re a scrappy team and we like to think that our pressing game and quick transitions can give us the edge.
“We just need to be clinical"," with arch rivals Hougang United.
The 21-year-old, who made his professional debut for Gombak last season, believes his team can spring a few surprises by using their physicality and quick transitions to catch Hougang off guard.
“We know that Hougang are a good team and they have a lot of quality, but we’re happy to take the game to them,” said Galvin, who has captained Young Lions since the start of the current S-League campaign.
“We’re a scrappy team and we like to think that our pressing game and quick transitions can give us the edge.
“We just need to be clinical","{""do_sample"": true, ""temperature"": 1.0, ""top_p"": 0.95, ""top_k"": 50, ""repetition_penalty"": 1.0, ""max_new_tokens"": 128}"
kgw,4.0,0,1368,134,134,"For a career that once seemed so good on paper, the crisis in teacher recruitment is now hardly ever out ","For a career that once seemed so good on paper, the crisis in teacher recruitment is now hardly ever out  #TeacherShortages #TeachingCrisis #EdPolicy
For a career that once seemed so good on paper, the crisis in teacher recruitment is now hardly ever out of the headlines. Despite the challenges, there are still many who choose to pursue a teaching career. In fact, according to the Department of Education, nearly 30 per cent of all students in schools in England will be taught by a graduate who has not yet taken up a teaching route.
It’s crucial that we not only attract more teachers into this critical profession but also ensure they are equipped with the skills and support they need to succeed.
In recent years, teacher"," #TeacherShortages #TeachingCrisis #EdPolicy
For a career that once seemed so good on paper, the crisis in teacher recruitment is now hardly ever out of the headlines. Despite the challenges, there are still many who choose to pursue a teaching career. In fact, according to the Department of Education, nearly 30 per cent of all students in schools in England will be taught by a graduate who has not yet taken up a teaching route.
It’s crucial that we not only attract more teachers into this critical profession but also ensure they are equipped with the skills and support they need to succeed.
In recent years, teacher","{""do_sample"": true, ""temperature"": 1.0, ""top_p"": 0.95, ""top_k"": 50, ""repetition_penalty"": 1.0, ""max_new_tokens"": 128}"
kgw,4.0,0,1370,136,136,councilors at the USC Annenberg School for Communication. Arkansas governor and congressman who joined the board in 2006. renewed attention ,"councilors at the USC Annenberg School for Communication. Arkansas governor and congressman who joined the board in 2006. renewed attention 1977-present
council at the University of California, Berkeley, the. is a
of research, education, and service. Ann Arbor area. of students. University, to enhance. The
council at Penn State. The. Board of the. at a. also served on
board at the University, in. is a board member at the.
council at Arizona State University. members include: University of Illinois.
in and. The board at.
University of California, San Diego, the and. and. The and.
board of visitors at. at and.
counselors at the at. the and.","1977-present
council at the University of California, Berkeley, the. is a
of research, education, and service. Ann Arbor area. of students. University, to enhance. The
council at Penn State. The. Board of the. at a. also served on
board at the University, in. is a board member at the.
council at Arizona State University. members include: University of Illinois.
in and. The board at.
University of California, San Diego, the and. and. The and.
board of visitors at. at and.
counselors at the at. the and.","{""do_sample"": true, ""temperature"": 1.0, ""top_p"": 0.95, ""top_k"": 50, ""repetition_penalty"": 1.0, ""max_new_tokens"": 128}"
kgw,4.0,0,1372,138,138,The Las Vegas real estate market got a small reprieve in February; with sales volume at a four-year high for ,"The Las Vegas real estate market got a small reprieve in February; with sales volume at a four-year high for 2020.
A total of 3,343 homes and apartments were sold in the Las Vegas metropolitan area in February, according to the Greater Las Vegas Association of Realtors. That is an increase of 4.2 percent compared to January and a 14.3 percent increase over last February.
February is typically a slower month for home sales because of the weather, according to GLVAR President Andrea Alden. ""However, it's encouraging to see sales volumes increase this month, especially considering that it's the slowest month of the year for home sales.""
The median price of single-family homes sold last month was $280,000","2020.
A total of 3,343 homes and apartments were sold in the Las Vegas metropolitan area in February, according to the Greater Las Vegas Association of Realtors. That is an increase of 4.2 percent compared to January and a 14.3 percent increase over last February.
February is typically a slower month for home sales because of the weather, according to GLVAR President Andrea Alden. ""However, it's encouraging to see sales volumes increase this month, especially considering that it's the slowest month of the year for home sales.""
The median price of single-family homes sold last month was $280,000","{""do_sample"": true, ""temperature"": 1.0, ""top_p"": 0.95, ""top_k"": 50, ""repetition_penalty"": 1.0, ""max_new_tokens"": 128}"
kgw,4.0,0,1374,140,140,Rafael Nadal became the first man to win eight titles at the same Grand Slam tournament after beating fellow Spaniard ,"Rafael Nadal became the first man to win eight titles at the same Grand Slam tournament after beating fellow Spaniard 17-year-old Carlos Alcaraz 1-6, 7-5, 6-4 in the US Open final.
The world number two Nadal, 36, claimed his 22nd major title to move within one of Roger Federer’s record.
Nadal, who had not dropped a set in the tournament until the final, saved a set point in the second set and then broke Alcaraz to take the lead.
Alcaraz, who was making his first Grand Slam final appearance, struggled with Nadal’s consistency and power.
In a post-match press conference, Nadal praised Alcaraz, saying","17-year-old Carlos Alcaraz 1-6, 7-5, 6-4 in the US Open final.
The world number two Nadal, 36, claimed his 22nd major title to move within one of Roger Federer’s record.
Nadal, who had not dropped a set in the tournament until the final, saved a set point in the second set and then broke Alcaraz to take the lead.
Alcaraz, who was making his first Grand Slam final appearance, struggled with Nadal’s consistency and power.
In a post-match press conference, Nadal praised Alcaraz, saying","{""do_sample"": true, ""temperature"": 1.0, ""top_p"": 0.95, ""top_k"": 50, ""repetition_penalty"": 1.0, ""max_new_tokens"": 128}"
kgw,4.0,0,1376,142,142,"No longer limited to calling other Jaxtr users, the service is taking cue from Skype for its revenue strategy. Jaxtr, ","No longer limited to calling other Jaxtr users, the service is taking cue from Skype for its revenue strategy. Jaxtr, 24 months old, claims that it has 1.3 million registered users, and is generating revenue through a mix of advertising, premium services and partnerships with other companies.
"" Jaxtr is not a traditional phone service,"" explains Jambunathan K. Ramanujam, CTO of Jaxtr, an Indian entrepreneur with a PhD in Computer Science. ""Its value proposition is to provide an alternative to traditional phone calling, with the flexibility of voice and instant messaging.""
Launched in 2006, Jaxtr allows users to make voice, text, and video conversations with other Jaxtr users across more than ","24 months old, claims that it has 1.3 million registered users, and is generating revenue through a mix of advertising, premium services and partnerships with other companies.
"" Jaxtr is not a traditional phone service,"" explains Jambunathan K. Ramanujam, CTO of Jaxtr, an Indian entrepreneur with a PhD in Computer Science. ""Its value proposition is to provide an alternative to traditional phone calling, with the flexibility of voice and instant messaging.""
Launched in 2006, Jaxtr allows users to make voice, text, and video conversations with other Jaxtr users across more than ","{""do_sample"": true, ""temperature"": 1.0, ""top_p"": 0.95, ""top_k"": 50, ""repetition_penalty"": 1.0, ""max_new_tokens"": 128}"
kgw,4.0,0,1378,144,144,A three member bench of the Supreme Court has adjourned the hearing of Orange Line Metro Train case till Friday. ,"A three member bench of the Supreme Court has adjourned the hearing of Orange Line Metro Train case till Friday.  The court was expected to announce its judgment in the case today.
The judgment is now expected after three days as a three-member bench headed by Chief Justice of Pakistan Justice Mian Saqib Nisar was not able to decide the case due to certain issues and disagreements.
The court had earlier reserved the verdict on August 30, after which, the government had filed a new petition saying the court did not possess jurisdiction over the matter. The government had sought a stay on the judgement.
The Orange Line Metro Train project was stuck for months due to a controversy over the construction contract and the payment to the Korean consortium. A case was filed"," The court was expected to announce its judgment in the case today.
The judgment is now expected after three days as a three-member bench headed by Chief Justice of Pakistan Justice Mian Saqib Nisar was not able to decide the case due to certain issues and disagreements.
The court had earlier reserved the verdict on August 30, after which, the government had filed a new petition saying the court did not possess jurisdiction over the matter. The government had sought a stay on the judgement.
The Orange Line Metro Train project was stuck for months due to a controversy over the construction contract and the payment to the Korean consortium. A case was filed","{""do_sample"": true, ""temperature"": 1.0, ""top_p"": 0.95, ""top_k"": 50, ""repetition_penalty"": 1.0, ""max_new_tokens"": 128}"
kgw,4.0,0,1380,146,146,"A primary school caretaker has been found guilty of attacking a group of teenagers. Karl Lucas, 27, of Manor Fields, ","A primary school caretaker has been found guilty of attacking a group of teenagers. Karl Lucas, 27, of Manor Fields, 35-year-old man, was convicted of wounding with intent and two counts of section 20 Grievous bodily harm (GBH).
He was found guilty by a majority of the jury after a four-day trial at Bristol Crown Court. The jury delivered the guilty verdict on Friday.
Lucas, a primary school caretaker, attacked the group of teenagers in a serious and unprovoked manner, causing them to sustain significant injuries.
The victims were attacked with a baseball bat, with the defendant striking them repeatedly in a fast and sustained manner, leading to serious lacerations and injuries.
During the trial, the court heard that Lucas and","35-year-old man, was convicted of wounding with intent and two counts of section 20 Grievous bodily harm (GBH).
He was found guilty by a majority of the jury after a four-day trial at Bristol Crown Court. The jury delivered the guilty verdict on Friday.
Lucas, a primary school caretaker, attacked the group of teenagers in a serious and unprovoked manner, causing them to sustain significant injuries.
The victims were attacked with a baseball bat, with the defendant striking them repeatedly in a fast and sustained manner, leading to serious lacerations and injuries.
During the trial, the court heard that Lucas and","{""do_sample"": true, ""temperature"": 1.0, ""top_p"": 0.95, ""top_k"": 50, ""repetition_penalty"": 1.0, ""max_new_tokens"": 128}"
kgw,4.0,0,1382,148,148,"It's not always easy to keep mentally focused during running. Focus requires discipline and a certain level of mental toughness, ","It's not always easy to keep mentally focused during running. Focus requires discipline and a certain level of mental toughness, 1 that some may not find, at least initially. What helps to maintain focus during running? When you focus on your breathing, movement, and surroundings, you can better maintain your mental focus while running.
In the run itself, for example, focus on your form and posture. Pay attention to how your body responds, not to let any discomfort become an excuse for a negative mental state. In the process of running, the body is constantly reacting to different stimuli. It is essential to remain mentally calm to maintain control.
Additionally, focus on your breathing as you run. The right breathing patterns and rhythms will contribute significantly to a sense of calm","1 that some may not find, at least initially. What helps to maintain focus during running? When you focus on your breathing, movement, and surroundings, you can better maintain your mental focus while running.
In the run itself, for example, focus on your form and posture. Pay attention to how your body responds, not to let any discomfort become an excuse for a negative mental state. In the process of running, the body is constantly reacting to different stimuli. It is essential to remain mentally calm to maintain control.
Additionally, focus on your breathing as you run. The right breathing patterns and rhythms will contribute significantly to a sense of calm","{""do_sample"": true, ""temperature"": 1.0, ""top_p"": 0.95, ""top_k"": 50, ""repetition_penalty"": 1.0, ""max_new_tokens"": 128}"
kgw,4.0,0,1384,150,150,"Amazingly, half of all Americans say they don’t care about government surveillance — and during a random sampling of people ","Amazingly, half of all Americans say they don’t care about government surveillance — and during a random sampling of people 25 and older in the U.S., a full 1 in 5 individuals claimed they had “absolutely no interest” in the topic. [ source ]
Isn’t that something? A staggering number of people in the United States don’t care about the surveillance of their own government! It’s as if they don’t believe the notion that the government is capable of, or even would dare to spy on its citizens on such a massive scale.
What do you guys think? Am I being paranoid, or is this a situation that we should be concerned about? Share your thoughts!
What's Your Take? Cancel reply
This site is protected","25 and older in the U.S., a full 1 in 5 individuals claimed they had “absolutely no interest” in the topic. [ source ]
Isn’t that something? A staggering number of people in the United States don’t care about the surveillance of their own government! It’s as if they don’t believe the notion that the government is capable of, or even would dare to spy on its citizens on such a massive scale.
What do you guys think? Am I being paranoid, or is this a situation that we should be concerned about? Share your thoughts!
What's Your Take? Cancel reply
This site is protected","{""do_sample"": true, ""temperature"": 1.0, ""top_p"": 0.95, ""top_k"": 50, ""repetition_penalty"": 1.0, ""max_new_tokens"": 128}"
kgw,4.0,0,1386,152,152,"Ubuntu 10.04 LTS Lucid Lynx is the latest Linux operating system from Canonical, aimed at consumers. It's free, but is ","Ubuntu 10.04 LTS Lucid Lynx is the latest Linux operating system from Canonical, aimed at consumers. It's free, but is 64 bits (x86-64).

Install on a virtualized machine:

    1. Download Ubuntu 10.04 LTS Lucid Lynx from Canonical.
    Install into a virtualized machine, I will use Virtualbox here:

      https://www.virtualbox.org/wiki/Downloads

        Install VirtualBox.
        Create new Machine, name as'Ubuntu10.4', make sure the OS is Linux and type  'Linux'
        Set the virtual hard disc capacity, and set to IDE drive for CD drive.
    Install the Ubuntu 10.04 LTS:

      https://www.linuxfordevices.com/torsors","64 bits (x86-64).

Install on a virtualized machine:

    1. Download Ubuntu 10.04 LTS Lucid Lynx from Canonical.
    Install into a virtualized machine, I will use Virtualbox here:

      https://www.virtualbox.org/wiki/Downloads

        Install VirtualBox.
        Create new Machine, name as'Ubuntu10.4', make sure the OS is Linux and type  'Linux'
        Set the virtual hard disc capacity, and set to IDE drive for CD drive.
    Install the Ubuntu 10.04 LTS:

      https://www.linuxfordevices.com/torsors","{""do_sample"": true, ""temperature"": 1.0, ""top_p"": 0.95, ""top_k"": 50, ""repetition_penalty"": 1.0, ""max_new_tokens"": 128}"
kgw,4.0,0,1388,154,154,"New York’s bike share really does attract way more commuters than tourists. Since its debut last year, New York City’s ","New York’s bike share really does attract way more commuters than tourists. Since its debut last year, New York City’s 24,000-strong Velomobility has seen an estimated 20,000 daily trips from people who ride the bike for their daily commutes to work.
This isn't surprising if we consider that New York is one of the most congested and traffic-choked cities in the world, and cycling offers an attractive and efficient alternative. In addition to the convenience, bike sharing has also been shown to improve air quality, reduce traffic congestion, and enhance overall quality of life. Plus, it allows people who might otherwise take public transportation to get more fresh air and some light exercise.

It will be interested to see the long-term impact of bike","24,000-strong Velomobility has seen an estimated 20,000 daily trips from people who ride the bike for their daily commutes to work.
This isn't surprising if we consider that New York is one of the most congested and traffic-choked cities in the world, and cycling offers an attractive and efficient alternative. In addition to the convenience, bike sharing has also been shown to improve air quality, reduce traffic congestion, and enhance overall quality of life. Plus, it allows people who might otherwise take public transportation to get more fresh air and some light exercise.

It will be interested to see the long-term impact of bike","{""do_sample"": true, ""temperature"": 1.0, ""top_p"": 0.95, ""top_k"": 50, ""repetition_penalty"": 1.0, ""max_new_tokens"": 128}"
kgw,4.0,0,1390,156,156,"On Jan. 15, nine of 12 members of the National Park System Advisory Board sent a letter to Interior Secretary ","On Jan. 15, nine of 12 members of the National Park System Advisory Board sent a letter to Interior Secretary  Deb Haaland  resigning from their positions. The board provides advice on the administration and management of national parks, wildlife refuges and other conservation areas.

The board, which was established in the 1936, has 12 members who serve six-year terms. Before Jan. 20, the board had never seen mass resignations, with the last being a single resignation in 2020.

Why are they resigning?
The nine members, who represent a wide range of backgrounds and interests, cited several reasons for their resignation, including:

1. Lack of transparency: The board feels they are not being kept adequately"," Deb Haaland  resigning from their positions. The board provides advice on the administration and management of national parks, wildlife refuges and other conservation areas.

The board, which was established in the 1936, has 12 members who serve six-year terms. Before Jan. 20, the board had never seen mass resignations, with the last being a single resignation in 2020.

Why are they resigning?
The nine members, who represent a wide range of backgrounds and interests, cited several reasons for their resignation, including:

1. Lack of transparency: The board feels they are not being kept adequately","{""do_sample"": true, ""temperature"": 1.0, ""top_p"": 0.95, ""top_k"": 50, ""repetition_penalty"": 1.0, ""max_new_tokens"": 128}"
kgw,4.0,0,1392,158,158,"October 30, 2017  Mancari offers stories of wandering and homecoming, colored by a determination to live, artistically, beyond the ","October 30, 2017  Mancari offers stories of wandering and homecoming, colored by a determination to live, artistically, beyond the 3:15 p.m. quitting time.
September 11, 2017  The award-winning musician, singer and songwriter's 10th album, ""I'll Never Get Out of This World Alive,"" explores themes of mortality, family, love and the search for meaning.
May 9, 2017  The award-winning musician, singer and songwriter's 10th album, ""I'll Never Get Out of This World Alive,"" explores themes of mortality, family, love and the search for meaning.
May 15, 2007  Singer-songwriter Chris Knight has been making music for nearly 30 years","3:15 p.m. quitting time.
September 11, 2017  The award-winning musician, singer and songwriter's 10th album, ""I'll Never Get Out of This World Alive,"" explores themes of mortality, family, love and the search for meaning.
May 9, 2017  The award-winning musician, singer and songwriter's 10th album, ""I'll Never Get Out of This World Alive,"" explores themes of mortality, family, love and the search for meaning.
May 15, 2007  Singer-songwriter Chris Knight has been making music for nearly 30 years","{""do_sample"": true, ""temperature"": 1.0, ""top_p"": 0.95, ""top_k"": 50, ""repetition_penalty"": 1.0, ""max_new_tokens"": 128}"
kgw,4.0,0,1394,160,160,"Since 2010, Microsoft has been working on a gaming display system so small that it wouldn't need to be sitting ","Since 2010, Microsoft has been working on a gaming display system so small that it wouldn't need to be sitting 6-8 feet away like a traditional TV. They aim to let gamers play with their screens close up, almost touching their nose, which could revolutionize how we play video games.
What can you tell me about this innovative technology?
Do you have any reservations or concerns about the future of this project? I'd love to share my thoughts with someone!
The technology you're referring to is known as ""Holographic Displays"" developed by Microsoft's HoloLens team. The goal is to create a more immersive, interactive, and personal experience by projecting holographic images that appear to float in mid-air.

Some benefits include:

1.","6-8 feet away like a traditional TV. They aim to let gamers play with their screens close up, almost touching their nose, which could revolutionize how we play video games.
What can you tell me about this innovative technology?
Do you have any reservations or concerns about the future of this project? I'd love to share my thoughts with someone!
The technology you're referring to is known as ""Holographic Displays"" developed by Microsoft's HoloLens team. The goal is to create a more immersive, interactive, and personal experience by projecting holographic images that appear to float in mid-air.

Some benefits include:

1.","{""do_sample"": true, ""temperature"": 1.0, ""top_p"": 0.95, ""top_k"": 50, ""repetition_penalty"": 1.0, ""max_new_tokens"": 128}"
kgw,4.0,0,1396,162,162,Dubai: The Dubai Financial Market (DFM) witnessed another round of selling on Monday as traders remained cautious ahead of a ,"Dubai: The Dubai Financial Market (DFM) witnessed another round of selling on Monday as traders remained cautious ahead of a 15th anniversary celebration of the bourse, with major indexes ending lower by 0.13 per cent.
The Emirates Securities Group, which holds 17.45 per cent stake in DFM, was the biggest loser, falling 2.32 per cent. The Group, which has been under pressure due to the recent sell-off in shares of Bank al Habib and Bank of Baroda, witnessed significant selling as traders continued to worry about its outlook.
The Dubai index, DFM General Index ended the trading session at 1,654.63 points, down 0.87 per cent from its Friday closing levels. Trading volumes","15th anniversary celebration of the bourse, with major indexes ending lower by 0.13 per cent.
The Emirates Securities Group, which holds 17.45 per cent stake in DFM, was the biggest loser, falling 2.32 per cent. The Group, which has been under pressure due to the recent sell-off in shares of Bank al Habib and Bank of Baroda, witnessed significant selling as traders continued to worry about its outlook.
The Dubai index, DFM General Index ended the trading session at 1,654.63 points, down 0.87 per cent from its Friday closing levels. Trading volumes","{""do_sample"": true, ""temperature"": 1.0, ""top_p"": 0.95, ""top_k"": 50, ""repetition_penalty"": 1.0, ""max_new_tokens"": 128}"
kgw,4.0,0,1398,164,164,"I didn’t notice, but I’ve been told George W, Bush delivered his latest speech smoothly, more so than most of ","I didn’t notice, but I’ve been told George W, Bush delivered his latest speech smoothly, more so than most of 7th-graders. I am yet to hear anything from George, but I think I can relate. Well, not really, I am a woman (haha!). Anyway, here are my thoughts on what he must have talked about:

I hope he talked about the progress of rebuilding those communities damaged by natural disasters. We’ve had some tough times, and it was great that we have leaders who make it their top priority to help those who lost everything. You know, it's one thing to sit there comfortably, thinking life goes on as usual, but when those disasters strike, you realize how lucky you are. So, thank you","7th-graders. I am yet to hear anything from George, but I think I can relate. Well, not really, I am a woman (haha!). Anyway, here are my thoughts on what he must have talked about:

I hope he talked about the progress of rebuilding those communities damaged by natural disasters. We’ve had some tough times, and it was great that we have leaders who make it their top priority to help those who lost everything. You know, it's one thing to sit there comfortably, thinking life goes on as usual, but when those disasters strike, you realize how lucky you are. So, thank you","{""do_sample"": true, ""temperature"": 1.0, ""top_p"": 0.95, ""top_k"": 50, ""repetition_penalty"": 1.0, ""max_new_tokens"": 128}"
kgw,4.0,0,1400,166,166,Seven-Year-Old Florida Boy Swallows Grill! This 7-year-old boy became the latest victim of hip-hop culture – as he was rushed ,"Seven-Year-Old Florida Boy Swallows Grill! This 7-year-old boy became the latest victim of hip-hop culture – as he was rushed  to a Florida ER after accidentally swallowing a grill!  Talk about a hot summer incident!  So, this boy's parents were trying to get some quality time on the grill when the young lad...
This 7-year-old boy became the latest victim of hip-hop culture – as he was rushed  to a Florida ER after accidentally swallowing a grill!  Talk about a hot summer incident!  So, this boy's parents were trying to get some quality time on the grill when the young lad managed to grab something that wasn't edible – a grill, yeah you know, grill!
According to reports, the"," to a Florida ER after accidentally swallowing a grill!  Talk about a hot summer incident!  So, this boy's parents were trying to get some quality time on the grill when the young lad...
This 7-year-old boy became the latest victim of hip-hop culture – as he was rushed  to a Florida ER after accidentally swallowing a grill!  Talk about a hot summer incident!  So, this boy's parents were trying to get some quality time on the grill when the young lad managed to grab something that wasn't edible – a grill, yeah you know, grill!
According to reports, the","{""do_sample"": true, ""temperature"": 1.0, ""top_p"": 0.95, ""top_k"": 50, ""repetition_penalty"": 1.0, ""max_new_tokens"": 128}"
kgw,4.0,0,1402,168,168,"Plan B has announced a nationwide UK tour this autumn. The rapper-turned-singer, who scored a UK Number One album with ","Plan B has announced a nationwide UK tour this autumn. The rapper-turned-singer, who scored a UK Number One album with 2006's ""Who Needs Action?!, will bring his latest album, ""Straydog"", to a theatre near you.
The ""Straydog Tour"", which kicks off on September 29th, promises to showcase a more introspective and vulnerable side to Plan B, with many songs from the new album getting their live debut.
Plan B, real name Ben Drew, said of the tour: ""I'm excited to finally bring this new material out and share it with everyone in an intimate setting. The last couple of years have been a huge learning curve for me as a person and an artist, and I feel like I've","2006's ""Who Needs Action?!, will bring his latest album, ""Straydog"", to a theatre near you.
The ""Straydog Tour"", which kicks off on September 29th, promises to showcase a more introspective and vulnerable side to Plan B, with many songs from the new album getting their live debut.
Plan B, real name Ben Drew, said of the tour: ""I'm excited to finally bring this new material out and share it with everyone in an intimate setting. The last couple of years have been a huge learning curve for me as a person and an artist, and I feel like I've","{""do_sample"": true, ""temperature"": 1.0, ""top_p"": 0.95, ""top_k"": 50, ""repetition_penalty"": 1.0, ""max_new_tokens"": 128}"
kgw,4.0,0,1404,170,170,"Do as I did, started my own business and see how much work it takes and then go from there. ","Do as I did, started my own business and see how much work it takes and then go from there. 1. We also have a list of requirements for each job to get an idea about the person that wants to apply, so it's easier and fair for both parties. Here are some tips to help your entry-level employee become more productive: 1. Encourage communication: Open-door policy is good to promote free discussion and suggestions. But the best part is that my boss is always supportive and willing to help me learn and grow as an employee. The last thing you want to do is make a bad hire based on an interview. Most companies are looking for entry level candidates who are willing to learn and take on new responsibilities as they grow","1. We also have a list of requirements for each job to get an idea about the person that wants to apply, so it's easier and fair for both parties. Here are some tips to help your entry-level employee become more productive: 1. Encourage communication: Open-door policy is good to promote free discussion and suggestions. But the best part is that my boss is always supportive and willing to help me learn and grow as an employee. The last thing you want to do is make a bad hire based on an interview. Most companies are looking for entry level candidates who are willing to learn and take on new responsibilities as they grow","{""do_sample"": true, ""temperature"": 1.0, ""top_p"": 0.95, ""top_k"": 50, ""repetition_penalty"": 1.0, ""max_new_tokens"": 128}"
kgw,4.0,0,1406,172,172,"A large, brand-new movie studio in Palm Beach County already has a potential box-office hit. Twentieth Century Fox will film ","A large, brand-new movie studio in Palm Beach County already has a potential box-office hit. Twentieth Century Fox will film 11 episodes of the new series ""Red Band Society"" in West Palm Beach and surrounding areas. The series, which premiered in the fall, is a drama... Continue reading
The Palm Beach County Convention Center is set to undergo a major expansion and renovation project, and the city of West Palm Beach is working with architects and contractors to make it happen. The project will add about 100,000 square feet of space to the center... Continue reading
It's time to get your Shop Local On! West Palm Beach is kicking off its holiday shopping season with a series of events and deals starting November 26. Here are some of the ways","11 episodes of the new series ""Red Band Society"" in West Palm Beach and surrounding areas. The series, which premiered in the fall, is a drama... Continue reading
The Palm Beach County Convention Center is set to undergo a major expansion and renovation project, and the city of West Palm Beach is working with architects and contractors to make it happen. The project will add about 100,000 square feet of space to the center... Continue reading
It's time to get your Shop Local On! West Palm Beach is kicking off its holiday shopping season with a series of events and deals starting November 26. Here are some of the ways","{""do_sample"": true, ""temperature"": 1.0, ""top_p"": 0.95, ""top_k"": 50, ""repetition_penalty"": 1.0, ""max_new_tokens"": 128}"
kgw,4.0,0,1408,174,174,Bengaluru — Gold prices rose on Thursday as the growing expectation that the US Federal Reserve will pause its rate ,"Bengaluru — Gold prices rose on Thursday as the growing expectation that the US Federal Reserve will pause its rate ıncreases amid slowing global economic growth boosted demand for safe-haven assets. Gold futures ıncrease (SPC24) were last up $4.10 at $1,319.50 per troy ounce in late US trading, after hitting an intraday peak of $1,324.50, their highest level in over five weeks. Spot gold prices were also in demand, gaining $3.50 to $1,315.90 at 1050 GMT (1050 IST). “Investors may be positioning themselves for potential market volatility as the global economy shows signs of slowing, which could lead them to diversify","ıncreases amid slowing global economic growth boosted demand for safe-haven assets. Gold futures ıncrease (SPC24) were last up $4.10 at $1,319.50 per troy ounce in late US trading, after hitting an intraday peak of $1,324.50, their highest level in over five weeks. Spot gold prices were also in demand, gaining $3.50 to $1,315.90 at 1050 GMT (1050 IST). “Investors may be positioning themselves for potential market volatility as the global economy shows signs of slowing, which could lead them to diversify","{""do_sample"": true, ""temperature"": 1.0, ""top_p"": 0.95, ""top_k"": 50, ""repetition_penalty"": 1.0, ""max_new_tokens"": 128}"
kgw,4.0,0,1410,176,176,"After your business is up and running, your focus naturally shifts to increasing efficiency. The small things you do to ","After your business is up and running, your focus naturally shifts to increasing efficiency. The small things you do to 24/7 data center efficiency, maintenance, and the monitoring of critical systems, to improve overall effectiveness. In this article, we will go through the key factors of data center efficiency and discuss how to increase it.

1. Energy Efficiency:
Reduce Energy Consumption:
	* Identify areas where energy consumption is high (e.g., servers, storage devices)
	* Upgrade to energy-efficient hardware
	* Set up a power management solution to dynamically adjust energy consumption
	* Enable a sleep or shutdown state for unused equipment
2. Optimize Cooling:
	* Utilize air-side and row-based cooling systems
	* Consider using free cooling","24/7 data center efficiency, maintenance, and the monitoring of critical systems, to improve overall effectiveness. In this article, we will go through the key factors of data center efficiency and discuss how to increase it.

1. Energy Efficiency:
Reduce Energy Consumption:
	* Identify areas where energy consumption is high (e.g., servers, storage devices)
	* Upgrade to energy-efficient hardware
	* Set up a power management solution to dynamically adjust energy consumption
	* Enable a sleep or shutdown state for unused equipment
2. Optimize Cooling:
	* Utilize air-side and row-based cooling systems
	* Consider using free cooling","{""do_sample"": true, ""temperature"": 1.0, ""top_p"": 0.95, ""top_k"": 50, ""repetition_penalty"": 1.0, ""max_new_tokens"": 128}"
kgw,4.0,0,1412,178,178,"(Trinidad Guardian) It has been 42 days since Gan­gad­har Hanooman, 49, has been miss­ing and rel­a­tives in re­new­ing their calls ","(Trinidad Guardian) It has been 42 days since Gan­gad­har Hanooman, 49, has been miss­ing and rel­a­tives in re­new­ing their calls  for the pro­tec­tive ser­vices, in par­tic­u­lar, the Transi­tional Smuggling and Ex­change com­mit­tee to take action to find out the fate of their loved one.
In a press con­fer­ence yes­ter­day, Hanooman’s broth­er, Sri Kishan Singh said that they have lost all hopes and feel that no one is tak­ing their plight seri­ous­ly.
He claimed that they have met with var­i­ous of­fi­cials and mem­bers of par­lia­ment"," for the pro­tec­tive ser­vices, in par­tic­u­lar, the Transi­tional Smuggling and Ex­change com­mit­tee to take action to find out the fate of their loved one.
In a press con­fer­ence yes­ter­day, Hanooman’s broth­er, Sri Kishan Singh said that they have lost all hopes and feel that no one is tak­ing their plight seri­ous­ly.
He claimed that they have met with var­i­ous of­fi­cials and mem­bers of par­lia­ment","{""do_sample"": true, ""temperature"": 1.0, ""top_p"": 0.95, ""top_k"": 50, ""repetition_penalty"": 1.0, ""max_new_tokens"": 128}"
kgw,4.0,0,1414,180,180,"Maureen Hancock is an internationally renowned Spirit Medium, intuitive, teacher, lecturer, Holistic Healer, and author of the bestselling book, “The ","Maureen Hancock is an internationally renowned Spirit Medium, intuitive, teacher, lecturer, Holistic Healer, and author of the bestselling book, “The 10 Things I Wish I’d Known About The Ghost World Before Becoming One Of Itself”. Maureen is also host of her own podcast, “Ghost Girl” and is a frequent guest on national television and radio shows.
With over 25 years of experience as a medium, Maureen has helped thousands of individuals find closure, peace and healing through her connection to the spirit world. Her unique gift is not just about connecting with loved ones who have passed, but also in empowering people to release emotional blocks, find their true path and live with greater joy and abundance.

Maureen's work has taken her to various countries, where she has","10 Things I Wish I’d Known About The Ghost World Before Becoming One Of Itself”. Maureen is also host of her own podcast, “Ghost Girl” and is a frequent guest on national television and radio shows.
With over 25 years of experience as a medium, Maureen has helped thousands of individuals find closure, peace and healing through her connection to the spirit world. Her unique gift is not just about connecting with loved ones who have passed, but also in empowering people to release emotional blocks, find their true path and live with greater joy and abundance.

Maureen's work has taken her to various countries, where she has","{""do_sample"": true, ""temperature"": 1.0, ""top_p"": 0.95, ""top_k"": 50, ""repetition_penalty"": 1.0, ""max_new_tokens"": 128}"
kgw,4.0,0,1416,182,182,"Samoas and Thin Mints and Tagalongs, oh my! It's time to celebrate those little cookies that make diets shut right ","Samoas and Thin Mints and Tagalongs, oh my! It's time to celebrate those little cookies that make diets shut right 6 months of the year.
The official Girl Scout Cookie program is underway in our community and the timing couldn't be more perfect, given the frigid weather. There's nothing quite like snuggling up with a plate of freshly baked cookies on a cold winter's night.
The variety of Girl Scout cookies is staggering. In addition to the classic Samoas, Thin Mints, and Tagalongs, there's also the newer Do-si-dos (peanut butter sandwich) and Trefoil shortbread cookies.
For some cookie enthusiasts, the selection process can be overwhelming. So here's a simple guide to help you navigate the cookie","6 months of the year.
The official Girl Scout Cookie program is underway in our community and the timing couldn't be more perfect, given the frigid weather. There's nothing quite like snuggling up with a plate of freshly baked cookies on a cold winter's night.
The variety of Girl Scout cookies is staggering. In addition to the classic Samoas, Thin Mints, and Tagalongs, there's also the newer Do-si-dos (peanut butter sandwich) and Trefoil shortbread cookies.
For some cookie enthusiasts, the selection process can be overwhelming. So here's a simple guide to help you navigate the cookie","{""do_sample"": true, ""temperature"": 1.0, ""top_p"": 0.95, ""top_k"": 50, ""repetition_penalty"": 1.0, ""max_new_tokens"": 128}"
kgw,4.0,0,1418,184,184,"If it were ever possible to cram all the glittering boy-meets-girl, high-school-love-story stereotypes into one movie, A Cinderella Story does ","If it were ever possible to cram all the glittering boy-meets-girl, high-school-love-story stereotypes into one movie, A Cinderella Story does 99 per cent of the work. The other percentage goes to the soundtrack - more of which in a minute. The movie follows Sam, the ""normal"" and ""quirky"" girl (Hilary Duff) who's besotted with popular, über-popular (to the point of annoyance) Austin (Chad Michael Murray, but let's focus on Hilary for now). When the lovely pair meet, it's like the skies part and a chorus of ""omg"" sing their own sweet tune.
Sam is on her first semester of high school, which, naturally, holds immense drama. Her wicked step-parents,","99 per cent of the work. The other percentage goes to the soundtrack - more of which in a minute. The movie follows Sam, the ""normal"" and ""quirky"" girl (Hilary Duff) who's besotted with popular, über-popular (to the point of annoyance) Austin (Chad Michael Murray, but let's focus on Hilary for now). When the lovely pair meet, it's like the skies part and a chorus of ""omg"" sing their own sweet tune.
Sam is on her first semester of high school, which, naturally, holds immense drama. Her wicked step-parents,","{""do_sample"": true, ""temperature"": 1.0, ""top_p"": 0.95, ""top_k"": 50, ""repetition_penalty"": 1.0, ""max_new_tokens"": 128}"
kgw,4.0,0,1420,186,186,Readers may be familiar with the fundamental changes that took place in the Roman world as it converted from paganism ,"Readers may be familiar with the fundamental changes that took place in the Roman world as it converted from paganism  to Christianity in the centuries immediately before and after 400 CE. But what about the other main monotheistic religion of the time? What was the Jewish experience during this period? What developments did Jewish religious life undergo as the Roman world transformed around them? How did Jewish society respond to the challenges of this tumultuous period? And how did these developments impact their interactions with Christians and other non-Jews?
The Jewish Experience During Late Antiquity: A Look Back
During the late ancient period (around 300-600 CE), Jewish society faced a variety of challenges. The rise of Christianity as a dominant force in the Roman Empire"," to Christianity in the centuries immediately before and after 400 CE. But what about the other main monotheistic religion of the time? What was the Jewish experience during this period? What developments did Jewish religious life undergo as the Roman world transformed around them? How did Jewish society respond to the challenges of this tumultuous period? And how did these developments impact their interactions with Christians and other non-Jews?
The Jewish Experience During Late Antiquity: A Look Back
During the late ancient period (around 300-600 CE), Jewish society faced a variety of challenges. The rise of Christianity as a dominant force in the Roman Empire","{""do_sample"": true, ""temperature"": 1.0, ""top_p"": 0.95, ""top_k"": 50, ""repetition_penalty"": 1.0, ""max_new_tokens"": 128}"
kgw,4.0,0,1422,188,188,"A spokesman for the Red Crescent, Mahmoud al-Saadi, said Israeli forces opened fire on two young men who were traveling ","A spokesman for the Red Crescent, Mahmoud al-Saadi, said Israeli forces opened fire on two young men who were traveling 300 feet away. One was killed, the other seriously wounded.
""The Israeli forces fired on the two young men who were 100 meters (109 feet) from our position in the field. One person was killed instantly, the other was wounded seriously.""
The Gaza Health Ministry confirmed the killing and reported the other casualty is in serious condition.
The Israeli military has launched airstrikes and launched land and sea attacks against the coastal strip, citing the need to protect its citizens from Gaza's rocket and mortar attacks.
According to the Israeli military, 65 rockets hit Israel today and there were at least two mortars fired at Erez Crossing, which serves as","300 feet away. One was killed, the other seriously wounded.
""The Israeli forces fired on the two young men who were 100 meters (109 feet) from our position in the field. One person was killed instantly, the other was wounded seriously.""
The Gaza Health Ministry confirmed the killing and reported the other casualty is in serious condition.
The Israeli military has launched airstrikes and launched land and sea attacks against the coastal strip, citing the need to protect its citizens from Gaza's rocket and mortar attacks.
According to the Israeli military, 65 rockets hit Israel today and there were at least two mortars fired at Erez Crossing, which serves as","{""do_sample"": true, ""temperature"": 1.0, ""top_p"": 0.95, ""top_k"": 50, ""repetition_penalty"": 1.0, ""max_new_tokens"": 128}"
kgw,4.0,0,1424,190,190,"Can Container Store Start 2015 on a Positive Note? In 2014, it was hard to find bad-performing stocks, as the ","Can Container Store Start 2015 on a Positive Note? In 2014, it was hard to find bad-performing stocks, as the 2014 market rally propelled many companies' stock prices higher. One exception, however, was Container Store (TCS) - Get Report. After going public in June 2013, TCS stock struggled to gain traction and ultimately declined by around 20% in 2014, as same-store sales growth faltered.
Will 2015 Be a Different Story?
On Thursday morning, TSC will release its fourth-quarter 2014 earnings report and first-quarter 2015 guidance. As we wait for the numbers, let's consider a few factors that could impact the stock in 2015. Here are a few things that can","2014 market rally propelled many companies' stock prices higher. One exception, however, was Container Store (TCS) - Get Report. After going public in June 2013, TCS stock struggled to gain traction and ultimately declined by around 20% in 2014, as same-store sales growth faltered.
Will 2015 Be a Different Story?
On Thursday morning, TSC will release its fourth-quarter 2014 earnings report and first-quarter 2015 guidance. As we wait for the numbers, let's consider a few factors that could impact the stock in 2015. Here are a few things that can","{""do_sample"": true, ""temperature"": 1.0, ""top_p"": 0.95, ""top_k"": 50, ""repetition_penalty"": 1.0, ""max_new_tokens"": 128}"
kgw,4.0,0,1426,192,192,Packed WonderCon panel brings out stars and exclusive sneak peeks. Footage shown at WonderCon reveals what iconic monster looks like ,"Packed WonderCon panel brings out stars and exclusive sneak peeks. Footage shown at WonderCon reveals what iconic monster looks like 30 feet tall.
Get ready for a Marvel-ous adventure! It was announced today that Elizabeth Olsen is returning to play Scarlet Witch in the Marvel Cinematic Universe.
At today's WonderCon panel in Anaheim, Marvel Studios' Kevin Feige, Guardians of the Galaxy director James Gunn, and Marvel's Chief Creative Officer, Joe Quesada presented some jaw-dropping announcements and exclusives. One of the biggest news that broke the Internet is Thor's introduction in his new form, The Mighty Thor! Yes, you heard that right! A 30-foot-tall Thor took center stage at the WonderCon, sending fans into a frenzy!","30 feet tall.
Get ready for a Marvel-ous adventure! It was announced today that Elizabeth Olsen is returning to play Scarlet Witch in the Marvel Cinematic Universe.
At today's WonderCon panel in Anaheim, Marvel Studios' Kevin Feige, Guardians of the Galaxy director James Gunn, and Marvel's Chief Creative Officer, Joe Quesada presented some jaw-dropping announcements and exclusives. One of the biggest news that broke the Internet is Thor's introduction in his new form, The Mighty Thor! Yes, you heard that right! A 30-foot-tall Thor took center stage at the WonderCon, sending fans into a frenzy!","{""do_sample"": true, ""temperature"": 1.0, ""top_p"": 0.95, ""top_k"": 50, ""repetition_penalty"": 1.0, ""max_new_tokens"": 128}"
kgw,4.0,0,1428,194,194,10 diversity items for June 29: Unemployment up in most U.S. cities; Pew report shows diversity of U.S. Hispanics and ,"10 diversity items for June 29: Unemployment up in most U.S. cities; Pew report shows diversity of U.S. Hispanics and 9 other news items
Here are 10 diversity and inclusion news items for your consideration on Friday, June 29, 2018:
1.  Unemployment up in most U.S. cities: The unemployment rate increased from 5.5% to 6.5% in May for the majority of the nation’s 36 largest cities, according to a report from the Bureau of Labor Statistics.
2. Pew Report Highlights Diversity of U.S. Hispanics: Pew Research Center released a new analysis highlighting the diversity of Hispanics across various characteristics, including country of origin, language spoken, education, and more. “Diverse and Growing","9 other news items
Here are 10 diversity and inclusion news items for your consideration on Friday, June 29, 2018:
1.  Unemployment up in most U.S. cities: The unemployment rate increased from 5.5% to 6.5% in May for the majority of the nation’s 36 largest cities, according to a report from the Bureau of Labor Statistics.
2. Pew Report Highlights Diversity of U.S. Hispanics: Pew Research Center released a new analysis highlighting the diversity of Hispanics across various characteristics, including country of origin, language spoken, education, and more. “Diverse and Growing","{""do_sample"": true, ""temperature"": 1.0, ""top_p"": 0.95, ""top_k"": 50, ""repetition_penalty"": 1.0, ""max_new_tokens"": 128}"
kgw,4.0,0,1430,196,196,"Urban, born Jacques Pantaléon in Troyes c. 1200, was elected to the papacy in 1261. He studied canon law at ","Urban, born Jacques Pantaléon in Troyes c. 1200, was elected to the papacy in 1261. He studied canon law at 16 and later became an advocate in the papal Curia. He became Pope after a 15-month interregnum, which left Rome and the Church in chaos. Urban re-established order by promulgating the Constitution of Uguisdati and establishing an inquiry into the murders committed during the prior papacy.
Urban IV also took a number of measures to promote church reform and unity. In 1264, he issued the papal bull ""Firmunterruit"", in which he established a regular calendar of saints and declared November 1, All Saints' Day, a holy day of obligation. He also started the construction of the","16 and later became an advocate in the papal Curia. He became Pope after a 15-month interregnum, which left Rome and the Church in chaos. Urban re-established order by promulgating the Constitution of Uguisdati and establishing an inquiry into the murders committed during the prior papacy.
Urban IV also took a number of measures to promote church reform and unity. In 1264, he issued the papal bull ""Firmunterruit"", in which he established a regular calendar of saints and declared November 1, All Saints' Day, a holy day of obligation. He also started the construction of the","{""do_sample"": true, ""temperature"": 1.0, ""top_p"": 0.95, ""top_k"": 50, ""repetition_penalty"": 1.0, ""max_new_tokens"": 128}"
kgw,4.0,0,1432,198,198,"AMC Networks Earnings Beat Estimates, CEO Says 'Walking Dead' Franchise ""Will Have a Long Life"" AMC Networks on Thursday reported ","AMC Networks Earnings Beat Estimates, CEO Says 'Walking Dead' Franchise ""Will Have a Long Life"" AMC Networks on Thursday reported 2nd-quarter earnings that beat analysts' expectations, driven by the success of its TV shows like ""The Walking Dead."" Shares of the company rose nearly 5% in premarket trading. Chief Financial Officer Sean Sullivan attributed the company's success to its diverse portfolio of...
AMC Networks CEO Says He Expects 'The Walking Dead' Franchise to Continue for Years to Come ""The Walking Dead"" franchise will have a long life, AMC Networks CEO Adam Aron predicted during an earnings call Thursday. Aron, who has led the company since November, said that the show has consistently delivered strong ratings and has ""a loyal fan base that","2nd-quarter earnings that beat analysts' expectations, driven by the success of its TV shows like ""The Walking Dead."" Shares of the company rose nearly 5% in premarket trading. Chief Financial Officer Sean Sullivan attributed the company's success to its diverse portfolio of...
AMC Networks CEO Says He Expects 'The Walking Dead' Franchise to Continue for Years to Come ""The Walking Dead"" franchise will have a long life, AMC Networks CEO Adam Aron predicted during an earnings call Thursday. Aron, who has led the company since November, said that the show has consistently delivered strong ratings and has ""a loyal fan base that","{""do_sample"": true, ""temperature"": 1.0, ""top_p"": 0.95, ""top_k"": 50, ""repetition_penalty"": 1.0, ""max_new_tokens"": 128}"
