algo,delta,device,seed,prompt_index,prompt_id,prompt_text,full_text,continuation_text,gen_params_json
kgw,3.0,0,1234,0,0,"After the martyrdom of St. Boniface, Vergilius was made Bishop of Salzburg (766 or 767) and laboured successfully for the ","After the martyrdom of St. Boniface, Vergilius was made Bishop of Salzburg (766 or 767) and laboured successfully for the 0rganization of Christianity in the province. He also fought against paganism by constructing churches and dedicating them to the Apostles and other saints.
Vergilius attended the council of Aachen in 797, where he opposed Charlemagne's attempts to restrict the jurisdiction of his church and the rights of the episcopacy. He was a strong advocate for the authority of Rome and the supremacy of the Holy See. This opposition to the Frankish king's views resulted in the restriction of Vergilius' ecclesiastical authority and the limitation of his jurisdiction to his own diocese of Salzburg.
In his final days","0rganization of Christianity in the province. He also fought against paganism by constructing churches and dedicating them to the Apostles and other saints.
Vergilius attended the council of Aachen in 797, where he opposed Charlemagne's attempts to restrict the jurisdiction of his church and the rights of the episcopacy. He was a strong advocate for the authority of Rome and the supremacy of the Holy See. This opposition to the Frankish king's views resulted in the restriction of Vergilius' ecclesiastical authority and the limitation of his jurisdiction to his own diocese of Salzburg.
In his final days","{""do_sample"": true, ""temperature"": 1.0, ""top_p"": 0.95, ""top_k"": 50, ""repetition_penalty"": 1.0, ""max_new_tokens"": 128}"
kgw,3.0,0,1236,2,2,"8i announced today it has launched a web player, the 8i Portal, for its volumetric 3D video of people in ","8i announced today it has launched a web player, the 8i Portal, for its volumetric 3D video of people in 3D virtual space. The new player is designed to let viewers experience 8i's volumetric video in a web environment for the first time.
The new player allows users to view and navigate 3D scenes in a browser, including the ability to move around the 3D environment, tilt, and zoom. The player supports 8i's volumetric video content, which is recorded in 3D virtual space using the company's proprietary capture technology.
8i's 3D virtual space technology allows for a more immersive and interactive viewing experience. The player will enable new use cases and applications such as 360-degree videos for","3D virtual space. The new player is designed to let viewers experience 8i's volumetric video in a web environment for the first time.
The new player allows users to view and navigate 3D scenes in a browser, including the ability to move around the 3D environment, tilt, and zoom. The player supports 8i's volumetric video content, which is recorded in 3D virtual space using the company's proprietary capture technology.
8i's 3D virtual space technology allows for a more immersive and interactive viewing experience. The player will enable new use cases and applications such as 360-degree videos for","{""do_sample"": true, ""temperature"": 1.0, ""top_p"": 0.95, ""top_k"": 50, ""repetition_penalty"": 1.0, ""max_new_tokens"": 128}"
kgw,3.0,0,1238,4,4,"Karl Kispert, principal of cyber and information security, has more than 28 years of experience in selling, managing and delivering ","Karl Kispert, principal of cyber and information security, has more than 28 years of experience in selling, managing and delivering  cybersecurity products and services. His expertise spans risk management, threat intelligence, incident response, identity and access management, as well as security operations centers and managed security services. Karl is an industry thought-leader, frequent speaker and author of articles and whitepapers on cybersecurity topics.
Mr. Kispert worked at Symantec prior to joining K2 Intelligence, where he served as the Chief Technology Officer (CTO) of the Cyber Security Services division. He was responsible for defining and delivering Symantec's cyber security services and managed security services, including threat intelligence, threat hunting, penetration testing and incident response.

Before Symantec, Karl"," cybersecurity products and services. His expertise spans risk management, threat intelligence, incident response, identity and access management, as well as security operations centers and managed security services. Karl is an industry thought-leader, frequent speaker and author of articles and whitepapers on cybersecurity topics.
Mr. Kispert worked at Symantec prior to joining K2 Intelligence, where he served as the Chief Technology Officer (CTO) of the Cyber Security Services division. He was responsible for defining and delivering Symantec's cyber security services and managed security services, including threat intelligence, threat hunting, penetration testing and incident response.

Before Symantec, Karl","{""do_sample"": true, ""temperature"": 1.0, ""top_p"": 0.95, ""top_k"": 50, ""repetition_penalty"": 1.0, ""max_new_tokens"": 128}"
kgw,3.0,0,1240,6,6,"Shania Twain expected to break the charts with new album NOW! Even after a 15-year hiatus, she’s still the one! ","Shania Twain expected to break the charts with new album NOW! Even after a 15-year hiatus, she’s still the one! 2023-03-08
Shania Twain announced the release of her sixth studio album ""Now"" yesterday (Tuesday, March 7) and we can confidently say she's expected to take over the charts once again! After a 15-year hiatus, the legendary Queen of Country Pop is back with her most anticipated album in years, featuring a mix of country, pop, rock, and even a hint of R&B.
With her unique blend of sass, humor, and vulnerability, Shania Twain has always been known for crafting memorable, sing-along choruses and relatable lyrics that speak to her devoted fanbase and","2023-03-08
Shania Twain announced the release of her sixth studio album ""Now"" yesterday (Tuesday, March 7) and we can confidently say she's expected to take over the charts once again! After a 15-year hiatus, the legendary Queen of Country Pop is back with her most anticipated album in years, featuring a mix of country, pop, rock, and even a hint of R&B.
With her unique blend of sass, humor, and vulnerability, Shania Twain has always been known for crafting memorable, sing-along choruses and relatable lyrics that speak to her devoted fanbase and","{""do_sample"": true, ""temperature"": 1.0, ""top_p"": 0.95, ""top_k"": 50, ""repetition_penalty"": 1.0, ""max_new_tokens"": 128}"
kgw,3.0,0,1242,8,8,A blind man in his 60s is searching for the young man who pulled him back from an approaching train ,"A blind man in his 60s is searching for the young man who pulled him back from an approaching train 20 years ago. A visually impaired 60-year-old is in desperate need to find someone he owes a deep debt of gratitude, and he is not prepared to retire from the search until he finds him. The scene shifts from the streets of New York to the streets of Los Angeles as this man, Joe Baylor, continues his pursuit of the life he almost lost that one fateful day.
A visually impaired 60-year-old is in desperate need to find someone he owes a deep debt of gratitude, and he is not prepared to retire from the search until he finds him.
In his 60s, a blind man is still searching for","20 years ago. A visually impaired 60-year-old is in desperate need to find someone he owes a deep debt of gratitude, and he is not prepared to retire from the search until he finds him. The scene shifts from the streets of New York to the streets of Los Angeles as this man, Joe Baylor, continues his pursuit of the life he almost lost that one fateful day.
A visually impaired 60-year-old is in desperate need to find someone he owes a deep debt of gratitude, and he is not prepared to retire from the search until he finds him.
In his 60s, a blind man is still searching for","{""do_sample"": true, ""temperature"": 1.0, ""top_p"": 0.95, ""top_k"": 50, ""repetition_penalty"": 1.0, ""max_new_tokens"": 128}"
kgw,3.0,0,1244,10,10,This month some important Walmart news did not get the attention it deserved. The news wasn't some flashy announcement about ,"This month some important Walmart news did not get the attention it deserved. The news wasn't some flashy announcement about 1,000 new jobs or a fancy tech partnership. No, the real importance of the news is that it shows that Walmart is committed to improving conditions for its workers and customers alike.

In late November, the Walton family - Walmart's largest shareholders - announced a major overhaul of the retailer's board of directors. Out are two members, and in come two new voices with strong backgrounds in corporate social responsibility and labor issues.

These new board members are Judy Missal, former Chief HR Officer for Target Corporation, and Steve Stevens, a partner with the consulting firm Mercer. Both will bring a unique perspective to the Walmart boardroom, with an","1,000 new jobs or a fancy tech partnership. No, the real importance of the news is that it shows that Walmart is committed to improving conditions for its workers and customers alike.

In late November, the Walton family - Walmart's largest shareholders - announced a major overhaul of the retailer's board of directors. Out are two members, and in come two new voices with strong backgrounds in corporate social responsibility and labor issues.

These new board members are Judy Missal, former Chief HR Officer for Target Corporation, and Steve Stevens, a partner with the consulting firm Mercer. Both will bring a unique perspective to the Walmart boardroom, with an","{""do_sample"": true, ""temperature"": 1.0, ""top_p"": 0.95, ""top_k"": 50, ""repetition_penalty"": 1.0, ""max_new_tokens"": 128}"
kgw,3.0,0,1246,12,12,The Linux kernel now includes everything that is needed to use 3D acceleration with all GeForce graphics chips. Drivers have ,"The Linux kernel now includes everything that is needed to use 3D acceleration with all GeForce graphics chips. Drivers have 25% more performance improvement than the last release. So the 3D graphics performance improved compared with the previous version.
OpenGL and DirectX drivers, a Windows Vista 64 bit with a powerful graphics and display an image of a powerful graphics card. 3D graphics acceleration, you have already described. A 3D graphics acceleration, you have already described. A Windows Vista 64 bit with a powerful graphics and display an image of. 3D graphics acceleration, you have already described. 3D graphics acceleration, you have already described.
In addition, to the 3D graphics acceleration, you have already described. The performance","25% more performance improvement than the last release. So the 3D graphics performance improved compared with the previous version.
OpenGL and DirectX drivers, a Windows Vista 64 bit with a powerful graphics and display an image of a powerful graphics card. 3D graphics acceleration, you have already described. A 3D graphics acceleration, you have already described. A Windows Vista 64 bit with a powerful graphics and display an image of. 3D graphics acceleration, you have already described. 3D graphics acceleration, you have already described.
In addition, to the 3D graphics acceleration, you have already described. The performance","{""do_sample"": true, ""temperature"": 1.0, ""top_p"": 0.95, ""top_k"": 50, ""repetition_penalty"": 1.0, ""max_new_tokens"": 128}"
kgw,3.0,0,1248,14,14,Last summer I took a cross-country road trip with a group of people driving different types of electric vehicles. It ,"Last summer I took a cross-country road trip with a group of people driving different types of electric vehicles. It 2019 had some amazing EV options, so I decided to test out a Nissan Leaf as one of the cars. It turned out to be an incredible choice! We had 11 people driving EVs, but everyone else chose some of the more expensive options like Teslas or Leafs with longer range batteries. I opted for a used 2015 Nissan Leaf S model with 60 miles of range. And let me tell you, it wasn't a bad choice at all!

Of course, the shorter range was a concern, but the cost of the car was greatly reduced. I paid around $10,000 for my 2015 Leaf","2019 had some amazing EV options, so I decided to test out a Nissan Leaf as one of the cars. It turned out to be an incredible choice! We had 11 people driving EVs, but everyone else chose some of the more expensive options like Teslas or Leafs with longer range batteries. I opted for a used 2015 Nissan Leaf S model with 60 miles of range. And let me tell you, it wasn't a bad choice at all!

Of course, the shorter range was a concern, but the cost of the car was greatly reduced. I paid around $10,000 for my 2015 Leaf","{""do_sample"": true, ""temperature"": 1.0, ""top_p"": 0.95, ""top_k"": 50, ""repetition_penalty"": 1.0, ""max_new_tokens"": 128}"
kgw,3.0,0,1250,16,16,"According to Variety, one of the movies about the 1973 tennis match between Billie Jean King and Bobby Riggs is ","According to Variety, one of the movies about the 1973 tennis match between Billie Jean King and Bobby Riggs is 38 years old.
The biographical sports drama film ""Bobby"" (1979) was directed by Clint Eastwood and stared Matt Ross, Don Cheadle, and Gabriel Mann.
But there have been many other projects on the same subject, including the film ""Battle of the Sexes"" (2017), directed by Valerie Faris and Jonathan Dayton, starring Emma Stone as Billie Jean King and Steve Carell as Bobby Riggs, as well as TV movies like ""The Matches They Made in Heaven"" (1980) and ""Billie Jean"" (1985).
The 2017 film ""Battle of the Sex","38 years old.
The biographical sports drama film ""Bobby"" (1979) was directed by Clint Eastwood and stared Matt Ross, Don Cheadle, and Gabriel Mann.
But there have been many other projects on the same subject, including the film ""Battle of the Sexes"" (2017), directed by Valerie Faris and Jonathan Dayton, starring Emma Stone as Billie Jean King and Steve Carell as Bobby Riggs, as well as TV movies like ""The Matches They Made in Heaven"" (1980) and ""Billie Jean"" (1985).
The 2017 film ""Battle of the Sex","{""do_sample"": true, ""temperature"": 1.0, ""top_p"": 0.95, ""top_k"": 50, ""repetition_penalty"": 1.0, ""max_new_tokens"": 128}"
kgw,3.0,0,1252,18,18,"Politico, which broke the PR story, reports, “The group circulated a memo to reporters and producers late Monday that discouraged ","Politico, which broke the PR story, reports, “The group circulated a memo to reporters and producers late Monday that discouraged 14-minute takes, dubbed the 'Pompeo 45,' because they can ‘feel like an eternity to viewers who are watching.’""
In a statement, the Trump administration said, ""The White House welcomes constructive criticism, but we believe this is a minor issue. The fact is that we have received rave reviews from the media and the public on the length and content of Secretary Pompeo's press conferences, which is to provide accurate and timely information on important national security and foreign policy issues. We understand that some people may have different opinions on the ideal length, but ultimately it is about providing the American people with the information they deserve.""
","14-minute takes, dubbed the 'Pompeo 45,' because they can ‘feel like an eternity to viewers who are watching.’""
In a statement, the Trump administration said, ""The White House welcomes constructive criticism, but we believe this is a minor issue. The fact is that we have received rave reviews from the media and the public on the length and content of Secretary Pompeo's press conferences, which is to provide accurate and timely information on important national security and foreign policy issues. We understand that some people may have different opinions on the ideal length, but ultimately it is about providing the American people with the information they deserve.""
","{""do_sample"": true, ""temperature"": 1.0, ""top_p"": 0.95, ""top_k"": 50, ""repetition_penalty"": 1.0, ""max_new_tokens"": 128}"
kgw,3.0,0,1254,20,20,MAMADOU SAKHO remains unavailable for selection for Liverpool's Europa League semi-final first leg clash with Villarreal in Spain on Thursday ,"MAMADOU SAKHO remains unavailable for selection for Liverpool's Europa League semi-final first leg clash with Villarreal in Spain on Thursday 6th May.
The Senegal international suffered a serious knee injury in the Reds' league match against Stoke City back in February and has been working on his recovery since undergoing surgery.
Manager Brendan Rodgers has suggested that Sakho's return could come in pre-season or at the start of the new campaign, and it appears as though he will not feature in any more matches for the Reds this season.
Liverpool are already missing several players for the trip to Villarreal, including Joe Gomez and Martin Skrtel, who are both injured. However, Rodgers has insisted that his team are well-equipped to cope without Sakho and the other injured players","6th May.
The Senegal international suffered a serious knee injury in the Reds' league match against Stoke City back in February and has been working on his recovery since undergoing surgery.
Manager Brendan Rodgers has suggested that Sakho's return could come in pre-season or at the start of the new campaign, and it appears as though he will not feature in any more matches for the Reds this season.
Liverpool are already missing several players for the trip to Villarreal, including Joe Gomez and Martin Skrtel, who are both injured. However, Rodgers has insisted that his team are well-equipped to cope without Sakho and the other injured players","{""do_sample"": true, ""temperature"": 1.0, ""top_p"": 0.95, ""top_k"": 50, ""repetition_penalty"": 1.0, ""max_new_tokens"": 128}"
kgw,3.0,0,1256,22,22,"MK Moshe Feiglin in a Knesset committee meeting, next to MK Ahmad Tibi, in 2014. It appears Feiglin is on ","MK Moshe Feiglin in a Knesset committee meeting, next to MK Ahmad Tibi, in 2014. It appears Feiglin is on  right-wing Israel's new "" blacklist "" but his status is complex and disputed. The so-called ""blacklist"" was announced on July 27 by Israeli right-wing activists who accuse Feiglin, among others, of promoting political correctness and anti-Zionist activities.
The so-called ""blacklist"" is the brainchild of a group calling itself ""Im Tirtzu"", which literally means ""If You Will It"", a reference to the iconic phrase ""If you will it, it is no dream"" by Theodor Herzl, the father of Zionism.  However, Im Tirtzu is not a mainstream organization"," right-wing Israel's new "" blacklist "" but his status is complex and disputed. The so-called ""blacklist"" was announced on July 27 by Israeli right-wing activists who accuse Feiglin, among others, of promoting political correctness and anti-Zionist activities.
The so-called ""blacklist"" is the brainchild of a group calling itself ""Im Tirtzu"", which literally means ""If You Will It"", a reference to the iconic phrase ""If you will it, it is no dream"" by Theodor Herzl, the father of Zionism.  However, Im Tirtzu is not a mainstream organization","{""do_sample"": true, ""temperature"": 1.0, ""top_p"": 0.95, ""top_k"": 50, ""repetition_penalty"": 1.0, ""max_new_tokens"": 128}"
kgw,3.0,0,1258,24,24,"What’s the news? A couple of weeks ago, Instagram promised you’d be able to download your data from its servers. ","What’s the news? A couple of weeks ago, Instagram promised you’d be able to download your data from its servers. 2 days later, people are still waiting, and there are reports of strange errors and an API that refuses to cooperate. #Instagram #GDPR #DataPrivacy

#GDPR
#SocialMedia

What’s the news? A couple of weeks ago, Instagram promised you’d be able to download your data from its servers. 2 days later, people are still waiting, and there are reports of strange errors and an API that refuses to cooperate. #Instagram #GDPR #DataPrivacy

Instagram is facing backlash over its handling of its promised Data Download feature. The feature was introduced as part of the General Data Protection Regulation (GD","2 days later, people are still waiting, and there are reports of strange errors and an API that refuses to cooperate. #Instagram #GDPR #DataPrivacy

#GDPR
#SocialMedia

What’s the news? A couple of weeks ago, Instagram promised you’d be able to download your data from its servers. 2 days later, people are still waiting, and there are reports of strange errors and an API that refuses to cooperate. #Instagram #GDPR #DataPrivacy

Instagram is facing backlash over its handling of its promised Data Download feature. The feature was introduced as part of the General Data Protection Regulation (GD","{""do_sample"": true, ""temperature"": 1.0, ""top_p"": 0.95, ""top_k"": 50, ""repetition_penalty"": 1.0, ""max_new_tokens"": 128}"
kgw,3.0,0,1260,26,26,"So you might ask yourself, “What is going on?” How can things be so bad that educators feel the need ","So you might ask yourself, “What is going on?” How can things be so bad that educators feel the need  to leave the field they love? What is causing them to become  “burned out” and “disillusioned?” I will attempt to answer these questions by discussing the systemic  challenges faced by educators  and exploring the impact of these challenges on their mental health, job satisfaction, and overall well-being.

**Systemic Challenges: A Perfect Storm**

Several factors converge to create an environment that is detrimental to the well-being and job satisfaction of educators. Some of these factors include:

1. **High Expectations**: Teachers are expected to meet the educational needs of students from diverse backgrounds, cultures,  and"," to leave the field they love? What is causing them to become  “burned out” and “disillusioned?” I will attempt to answer these questions by discussing the systemic  challenges faced by educators  and exploring the impact of these challenges on their mental health, job satisfaction, and overall well-being.

**Systemic Challenges: A Perfect Storm**

Several factors converge to create an environment that is detrimental to the well-being and job satisfaction of educators. Some of these factors include:

1. **High Expectations**: Teachers are expected to meet the educational needs of students from diverse backgrounds, cultures,  and","{""do_sample"": true, ""temperature"": 1.0, ""top_p"": 0.95, ""top_k"": 50, ""repetition_penalty"": 1.0, ""max_new_tokens"": 128}"
kgw,3.0,0,1262,28,28,Come test your luck on the best slot machine app in the app store. Great graphics make this app so ,"Come test your luck on the best slot machine app in the app store. Great graphics make this app so 4 stars. Casino slot games, free slot machines, and best casino apps for Android. The app is well designed and has a good user interface 5 stars. Download Casino Slot Games for Mobile.
Casino slot machines have been a popular form of entertainment for many years. The thrill of spinning the reels and waiting to see if you'll strike it rich is something that many people enjoy. With the rise of mobile devices, casino slot machines can now be played on the go with many different apps available.
In this app, you'll be able to enjoy a variety of different casino slot machines. From classic slots like fruit and bars, to","4 stars. Casino slot games, free slot machines, and best casino apps for Android. The app is well designed and has a good user interface 5 stars. Download Casino Slot Games for Mobile.
Casino slot machines have been a popular form of entertainment for many years. The thrill of spinning the reels and waiting to see if you'll strike it rich is something that many people enjoy. With the rise of mobile devices, casino slot machines can now be played on the go with many different apps available.
In this app, you'll be able to enjoy a variety of different casino slot machines. From classic slots like fruit and bars, to","{""do_sample"": true, ""temperature"": 1.0, ""top_p"": 0.95, ""top_k"": 50, ""repetition_penalty"": 1.0, ""max_new_tokens"": 128}"
kgw,3.0,0,1264,30,30,"(HOST) As the season for summer blockbuster movies about super heroes and rings of power approaches, commentator Willem Lange is ","(HOST) As the season for summer blockbuster movies about super heroes and rings of power approaches, commentator Willem Lange is  thinking about the stories that truly shape our lives. And he says it starts in our own imaginations.
(LANGE) Ah, but what do these movies really have to do with us, anyway? Are they really the stuff that dreams are made of? I think they are... sort of.
The real stories that shape our lives are the ones we tell ourselves, the ones we invent in our minds. We're wired to imagine, to create, to make sense of this crazy, mixed-up world. We make stories about ourselves, our relationships, our places in the universe. We're making movies in our minds all the time.
"," thinking about the stories that truly shape our lives. And he says it starts in our own imaginations.
(LANGE) Ah, but what do these movies really have to do with us, anyway? Are they really the stuff that dreams are made of? I think they are... sort of.
The real stories that shape our lives are the ones we tell ourselves, the ones we invent in our minds. We're wired to imagine, to create, to make sense of this crazy, mixed-up world. We make stories about ourselves, our relationships, our places in the universe. We're making movies in our minds all the time.
","{""do_sample"": true, ""temperature"": 1.0, ""top_p"": 0.95, ""top_k"": 50, ""repetition_penalty"": 1.0, ""max_new_tokens"": 128}"
kgw,3.0,0,1266,32,32,"numerous aunts, uncles and cousins. She attended Shanksville Stonycreek High School and was a member of St. Paul's Lutheran Church, ","numerous aunts, uncles and cousins. She attended Shanksville Stonycreek High School and was a member of St. Paul's Lutheran Church, 1015 N.E.
... in 1946. She was preceded in death by her parents and two aunts, Edna K. (Riley) Brown and Helen (Riley) Himes. Surviving are: her... [more]
... in 1973. She was a member of St. Paul's Lutheran Church and was preceded in death by her parents and aunts, Edna K. (Riley) Brown and Helen (Riley) Himes. Surviving are: her... [more] ]
Edna K. Riley Brown: 1010 West Main St, Johnstown,... ; (","1015 N.E.
... in 1946. She was preceded in death by her parents and two aunts, Edna K. (Riley) Brown and Helen (Riley) Himes. Surviving are: her... [more]
... in 1973. She was a member of St. Paul's Lutheran Church and was preceded in death by her parents and aunts, Edna K. (Riley) Brown and Helen (Riley) Himes. Surviving are: her... [more] ]
Edna K. Riley Brown: 1010 West Main St, Johnstown,... ; (","{""do_sample"": true, ""temperature"": 1.0, ""top_p"": 0.95, ""top_k"": 50, ""repetition_penalty"": 1.0, ""max_new_tokens"": 128}"
kgw,3.0,0,1268,34,34,"No, Trump can’t pardon himself. The Constitution tells us so. Correction: An earlier version of this op-ed misspelled the name ","No, Trump can’t pardon himself. The Constitution tells us so. Correction: An earlier version of this op-ed misspelled the name 14th, which is the relevant amendment in the case at hand.
The President has, of course, pardoned many people while in office. The President’s clemency powers are granted by Article II, Section 2 of the Constitution. But the question whether a President can pardon themselves is different.
Congress is not the only entity with powers under Article I. The Supreme Court, the fourth coequal branch, has also exercised that power by granting certiorari (agreeing to hear) a petition for review in cases involving questions of law.
The relevant constitutional provision is Article II, Section 4, which states that a President can","14th, which is the relevant amendment in the case at hand.
The President has, of course, pardoned many people while in office. The President’s clemency powers are granted by Article II, Section 2 of the Constitution. But the question whether a President can pardon themselves is different.
Congress is not the only entity with powers under Article I. The Supreme Court, the fourth coequal branch, has also exercised that power by granting certiorari (agreeing to hear) a petition for review in cases involving questions of law.
The relevant constitutional provision is Article II, Section 4, which states that a President can","{""do_sample"": true, ""temperature"": 1.0, ""top_p"": 0.95, ""top_k"": 50, ""repetition_penalty"": 1.0, ""max_new_tokens"": 128}"
kgw,3.0,0,1270,36,36,Jerry Springer says he is still deciding whether he will run for Ohio governor in 2018. Speculation around Springer’s potential ,"Jerry Springer says he is still deciding whether he will run for Ohio governor in 2018. Speculation around Springer’s potential 2018 gubernatorial bid began last week when a report by Cleveland Plain Dealer columnist Thomas Suddes suggested the former TV host was considering a run for the governorship. Springer, a Democrat, later told reporters that… Read More
Jerry Springer says he is still deciding whether he will run for Ohio governor in 2018. Speculation around Springer’s potential 2018 gubernatorial bid began last week when a report by Cleveland Plain Dealer columnist Thomas Suddes suggested the former TV host was considering a run for the governorship. Springer, a Democrat, later told reporters that… Read More
I love Jerry Springer, the TV host","2018 gubernatorial bid began last week when a report by Cleveland Plain Dealer columnist Thomas Suddes suggested the former TV host was considering a run for the governorship. Springer, a Democrat, later told reporters that… Read More
Jerry Springer says he is still deciding whether he will run for Ohio governor in 2018. Speculation around Springer’s potential 2018 gubernatorial bid began last week when a report by Cleveland Plain Dealer columnist Thomas Suddes suggested the former TV host was considering a run for the governorship. Springer, a Democrat, later told reporters that… Read More
I love Jerry Springer, the TV host","{""do_sample"": true, ""temperature"": 1.0, ""top_p"": 0.95, ""top_k"": 50, ""repetition_penalty"": 1.0, ""max_new_tokens"": 128}"
kgw,3.0,0,1272,38,38,"This mildly racy spot introduces us to the character of the brown M&M, who only looks like she’s not wearing ","This mildly racy spot introduces us to the character of the brown M&M, who only looks like she’s not wearing 50 pounds of makeup because of the way the lighting is set. She’s trying to get her man’s attention in a crowd, but he seems oblivious to her charms (which, let’s face it, are considerable). Enter some funky music and some hilariously exaggerated comedy bits, and we’re off and running. The M&M even busts out some slick dance moves to get his goat. The ad ends with a tagline that is completely unnecessary, but who cares? We just want to see more of this sultry M&M in action.
I give it a 10 out of 10 in the ""fun to watch"" category","50 pounds of makeup because of the way the lighting is set. She’s trying to get her man’s attention in a crowd, but he seems oblivious to her charms (which, let’s face it, are considerable). Enter some funky music and some hilariously exaggerated comedy bits, and we’re off and running. The M&M even busts out some slick dance moves to get his goat. The ad ends with a tagline that is completely unnecessary, but who cares? We just want to see more of this sultry M&M in action.
I give it a 10 out of 10 in the ""fun to watch"" category","{""do_sample"": true, ""temperature"": 1.0, ""top_p"": 0.95, ""top_k"": 50, ""repetition_penalty"": 1.0, ""max_new_tokens"": 128}"
kgw,3.0,0,1274,40,40,"Located near all that the Catskills has to offer! Close to Hunter Mountain, Wyndham, state land, antiquing and many other ","Located near all that the Catskills has to offer! Close to Hunter Mountain, Wyndham, state land, antiquing and many other 4 season activities!
This well-maintained chalet style home features 3 large bedrooms with plenty of closet space, 1.5 bathrooms, living room with fireplace, eat-in kitchen with lots of cabinets and counter space, large screened porch with outdoor furniture, and a detached 2-car garage with additional storage. Partially fenced yard with plenty of room to play or have a BBQ.
Additionally, this home boasts a metal roof and has a whole-house generator for added security during any outages. It is also located just a short drive from Hunter Mountain and the Wyndham ski resorts, and there are countless state lands, parks","4 season activities!
This well-maintained chalet style home features 3 large bedrooms with plenty of closet space, 1.5 bathrooms, living room with fireplace, eat-in kitchen with lots of cabinets and counter space, large screened porch with outdoor furniture, and a detached 2-car garage with additional storage. Partially fenced yard with plenty of room to play or have a BBQ.
Additionally, this home boasts a metal roof and has a whole-house generator for added security during any outages. It is also located just a short drive from Hunter Mountain and the Wyndham ski resorts, and there are countless state lands, parks","{""do_sample"": true, ""temperature"": 1.0, ""top_p"": 0.95, ""top_k"": 50, ""repetition_penalty"": 1.0, ""max_new_tokens"": 128}"
kgw,3.0,0,1276,42,42,"NORTH BRUNSWICK, N.J. — Body cameras captured the moment a North Brunswick police officer climbed up a burning building to ","NORTH BRUNSWICK, N.J. — Body cameras captured the moment a North Brunswick police officer climbed up a burning building to 72-year-old James Hickey's apartment to rescue him.
The dramatic video shows Officer Scott McGuire, a 10-year veteran of the force, sprinting towards the burning building and using his fireproof suit to protect himself from the flames.
The footage shows McGuire shouting ""Stay with me! I'm coming!"" as Hickey appears in the window. McGuire then grabs hold of Hickey and pulls him to safety as the flames engulf the building.
""I didn't think he was going to make it out,"" Hickey said in a statement after the rescue. ""I was crying and I was screaming and I thought it was all","72-year-old James Hickey's apartment to rescue him.
The dramatic video shows Officer Scott McGuire, a 10-year veteran of the force, sprinting towards the burning building and using his fireproof suit to protect himself from the flames.
The footage shows McGuire shouting ""Stay with me! I'm coming!"" as Hickey appears in the window. McGuire then grabs hold of Hickey and pulls him to safety as the flames engulf the building.
""I didn't think he was going to make it out,"" Hickey said in a statement after the rescue. ""I was crying and I was screaming and I thought it was all","{""do_sample"": true, ""temperature"": 1.0, ""top_p"": 0.95, ""top_k"": 50, ""repetition_penalty"": 1.0, ""max_new_tokens"": 128}"
kgw,3.0,0,1278,44,44,"The NHS is still running Windows XP en masse, two and a half years after Microsoft stopped delivering bug fixes ","The NHS is still running Windows XP en masse, two and a half years after Microsoft stopped delivering bug fixes 3 years ago.
According to a freedom of information request filed by The Register, over 11% of NHS trusts are still running Windows XP as their primary operating system.
That's 67 out of 597 trusts, which translates to around 1,100 machines. The NHS is one of the biggest employers in the UK, with a vast IT infrastructure, but it seems many trusts are still hanging onto the aging OS.
In fact, some NHS trusts still have more than 500 XP-based computers in use. One, in particular, the Royal Free London NHS Foundation Trust, had over 900 XP-based machines. The trust has said","3 years ago.
According to a freedom of information request filed by The Register, over 11% of NHS trusts are still running Windows XP as their primary operating system.
That's 67 out of 597 trusts, which translates to around 1,100 machines. The NHS is one of the biggest employers in the UK, with a vast IT infrastructure, but it seems many trusts are still hanging onto the aging OS.
In fact, some NHS trusts still have more than 500 XP-based computers in use. One, in particular, the Royal Free London NHS Foundation Trust, had over 900 XP-based machines. The trust has said","{""do_sample"": true, ""temperature"": 1.0, ""top_p"": 0.95, ""top_k"": 50, ""repetition_penalty"": 1.0, ""max_new_tokens"": 128}"
kgw,3.0,0,1280,46,46,"OKLAHOMA CITY - Kevin Durant scored 25 points, James Harden added a spark with 23 points off the bench while ","OKLAHOMA CITY - Kevin Durant scored 25 points, James Harden added a spark with 23 points off the bench while 3/4 of the 2011-12 Oklahoma City Thunder team came back together to defeat the 1995-96 Seattle SuperSonics, 105-101, in a non-NBA sanctioned basketball game Monday night at The Peak entertainment center.
Ray Allen, who started at shooting guard for the Thunder, scored 16 points while Serge Ibaka and Kendrick Perkins combined for 15 rebounds off the bench. The bench came up big with 38 total points and a +15 point differential for the game.
The Sonics, led by Gary Payton and Shawn Kemp, had a spirited effort, but came up short in the end","3/4 of the 2011-12 Oklahoma City Thunder team came back together to defeat the 1995-96 Seattle SuperSonics, 105-101, in a non-NBA sanctioned basketball game Monday night at The Peak entertainment center.
Ray Allen, who started at shooting guard for the Thunder, scored 16 points while Serge Ibaka and Kendrick Perkins combined for 15 rebounds off the bench. The bench came up big with 38 total points and a +15 point differential for the game.
The Sonics, led by Gary Payton and Shawn Kemp, had a spirited effort, but came up short in the end","{""do_sample"": true, ""temperature"": 1.0, ""top_p"": 0.95, ""top_k"": 50, ""repetition_penalty"": 1.0, ""max_new_tokens"": 128}"
kgw,3.0,0,1282,48,48,"1 Then the people of the land took Jehoahaz the son of Josiah, and made him king in his father's ","1 Then the people of the land took Jehoahaz the son of Josiah, and made him king in his father's  place in Jerusalem.
2 Jehoahaz was twenty-three years old when he began to reign, and he reigned three months in Jerusalem.
3 Then the king of Egypt came again and took Jehoahaz, and brought him out of Jerusalem, and placed him in Egypt and made Eliakim his  brother king, instead of him over Judah, and took the people of Judah and carried  away to Egypt, so that they were at ease near to  Egypt.
4 So Eliakim changed his  name to Jehoiakim, and the king of Egypt took him with  the gold and silver and precious things from"," place in Jerusalem.
2 Jehoahaz was twenty-three years old when he began to reign, and he reigned three months in Jerusalem.
3 Then the king of Egypt came again and took Jehoahaz, and brought him out of Jerusalem, and placed him in Egypt and made Eliakim his  brother king, instead of him over Judah, and took the people of Judah and carried  away to Egypt, so that they were at ease near to  Egypt.
4 So Eliakim changed his  name to Jehoiakim, and the king of Egypt took him with  the gold and silver and precious things from","{""do_sample"": true, ""temperature"": 1.0, ""top_p"": 0.95, ""top_k"": 50, ""repetition_penalty"": 1.0, ""max_new_tokens"": 128}"
kgw,3.0,0,1284,50,50,This bicycle sprocket hub and sprockets from the Wright Bicycle Co. are on display at the National Museum of the ,"This bicycle sprocket hub and sprockets from the Wright Bicycle Co. are on display at the National Museum of the 15th District in France. The Wright brothers, Orville and Wilbur, were avid bicyclists before they turned their attention to building an airplane. In fact, their experience with the mechanics of bicycles helped them to design and build the first powered, heavier-than-air aircraft.
The Wright brothers designed the hub to have a variable tooth count for different sprockets, which allowed the rider to shift gears while pedaling. This innovation was a key factor in the success of the bicycle, as it made it easier for riders of all levels of experience to pedal up hills or through challenging terrain.
The Wright brothers' work on the bicycle","15th District in France. The Wright brothers, Orville and Wilbur, were avid bicyclists before they turned their attention to building an airplane. In fact, their experience with the mechanics of bicycles helped them to design and build the first powered, heavier-than-air aircraft.
The Wright brothers designed the hub to have a variable tooth count for different sprockets, which allowed the rider to shift gears while pedaling. This innovation was a key factor in the success of the bicycle, as it made it easier for riders of all levels of experience to pedal up hills or through challenging terrain.
The Wright brothers' work on the bicycle","{""do_sample"": true, ""temperature"": 1.0, ""top_p"": 0.95, ""top_k"": 50, ""repetition_penalty"": 1.0, ""max_new_tokens"": 128}"
kgw,3.0,0,1286,52,52,"Elvis Costello played a two-hour, 25-song show that touched on phases throughout his career, both deep cuts and hits, as ","Elvis Costello played a two-hour, 25-song show that touched on phases throughout his career, both deep cuts and hits, as 1,200 people danced and sang along in the intimate setting of the iconic Ryman Auditorium in Nashville.
The concert, part of Costello's Imperfect Teenagers of America tour, featured songs that spanned his early days with the Attractions, solo work, collaborations, and newer material, such as his recent albums, ""Hey Clockface"" and ""Spanish Model.""
Costello, 69, was in fine form throughout, displaying his trademark wit and humor between songs and getting down to business on guitar. His wife, Diana Krall, joined him on stage several times for duets, and they added a touch of class","1,200 people danced and sang along in the intimate setting of the iconic Ryman Auditorium in Nashville.
The concert, part of Costello's Imperfect Teenagers of America tour, featured songs that spanned his early days with the Attractions, solo work, collaborations, and newer material, such as his recent albums, ""Hey Clockface"" and ""Spanish Model.""
Costello, 69, was in fine form throughout, displaying his trademark wit and humor between songs and getting down to business on guitar. His wife, Diana Krall, joined him on stage several times for duets, and they added a touch of class","{""do_sample"": true, ""temperature"": 1.0, ""top_p"": 0.95, ""top_k"": 50, ""repetition_penalty"": 1.0, ""max_new_tokens"": 128}"
kgw,3.0,0,1288,54,54,"With its eye on Western next-gen gamers, the Japanese publisher pays $15 million for Secret Level. Sega Holdings of USA ","With its eye on Western next-gen gamers, the Japanese publisher pays $15 million for Secret Level. Sega Holdings of USA 3, LLC, a subsidiary of Sega Sammy Holdings Inc., has announced the acquisition of video game development company Secret Level. Per the terms of the agreement, Secret Level will become an independent, fully-owned subsidiary of Sega. Read the details on IGN. While it may seem odd to see a Japanese publisher expanding into the US market with a Western-based developer, the move could indicate Sega's strategy for the Western next-generation game market. What do you think about this acquisition? Do you see potential in this partnership? Share your thoughts with us in the comment section.... [read more]
Tags: Acquisition, Business, News, Partner, Sega","3, LLC, a subsidiary of Sega Sammy Holdings Inc., has announced the acquisition of video game development company Secret Level. Per the terms of the agreement, Secret Level will become an independent, fully-owned subsidiary of Sega. Read the details on IGN. While it may seem odd to see a Japanese publisher expanding into the US market with a Western-based developer, the move could indicate Sega's strategy for the Western next-generation game market. What do you think about this acquisition? Do you see potential in this partnership? Share your thoughts with us in the comment section.... [read more]
Tags: Acquisition, Business, News, Partner, Sega","{""do_sample"": true, ""temperature"": 1.0, ""top_p"": 0.95, ""top_k"": 50, ""repetition_penalty"": 1.0, ""max_new_tokens"": 128}"
kgw,3.0,0,1290,56,56,Two recently published reports shed damning light on the high cost of low wages in the fast food industry – ,"Two recently published reports shed damning light on the high cost of low wages in the fast food industry – 12.5 million workers strong – and the devastating consequences for workers, their families, and their communities.
The first report, ""The State of Working in the Fast Food Industry,"" by the National Employment Law Project (NELP) and the Center for Popular Democracy (CPD), highlights the staggering lack of access to benefits, job security, and fair compensation for fast food workers. The report finds that:
More than 90% of workers report struggling to make ends meet
75% of workers have to work multiple jobs just to get by
60% of workers rely on government programs like food stamps to help cover expenses
The report also","12.5 million workers strong – and the devastating consequences for workers, their families, and their communities.
The first report, ""The State of Working in the Fast Food Industry,"" by the National Employment Law Project (NELP) and the Center for Popular Democracy (CPD), highlights the staggering lack of access to benefits, job security, and fair compensation for fast food workers. The report finds that:
More than 90% of workers report struggling to make ends meet
75% of workers have to work multiple jobs just to get by
60% of workers rely on government programs like food stamps to help cover expenses
The report also","{""do_sample"": true, ""temperature"": 1.0, ""top_p"": 0.95, ""top_k"": 50, ""repetition_penalty"": 1.0, ""max_new_tokens"": 128}"
kgw,3.0,0,1292,58,58,"Every morning on The Style Blog, we celebrate the best footwear weve come across. Now, for your benefit, its all ","Every morning on The Style Blog, we celebrate the best footwear weve come across. Now, for your benefit, its all 1 place on one page.
You can find shoes from all over the Internet, from high-end designer brands to affordable, fast-fashion labels.
Read More: A selection of stylish shoes for men and women
For more shoe styles and updates, follow us on:
Discover the most iconic sneaker designs in the world!
For more sneaker styles and updates, follow us on:
Get fashion advice and tips from the best stylists
Every morning on The Style Blog, we celebrate the best shoes of the moment for you, in our exclusive column...
A collection of trendy and stylish flats
Every morning on The Style Blog, we celebrate the best","1 place on one page.
You can find shoes from all over the Internet, from high-end designer brands to affordable, fast-fashion labels.
Read More: A selection of stylish shoes for men and women
For more shoe styles and updates, follow us on:
Discover the most iconic sneaker designs in the world!
For more sneaker styles and updates, follow us on:
Get fashion advice and tips from the best stylists
Every morning on The Style Blog, we celebrate the best shoes of the moment for you, in our exclusive column...
A collection of trendy and stylish flats
Every morning on The Style Blog, we celebrate the best","{""do_sample"": true, ""temperature"": 1.0, ""top_p"": 0.95, ""top_k"": 50, ""repetition_penalty"": 1.0, ""max_new_tokens"": 128}"
kgw,3.0,0,1294,60,60,"LOS ANGELES – A lawsuit filed Wednesday against ABC (search) and ""American Idol"" judge Simon Cowell (search) alleges they conspired ","LOS ANGELES – A lawsuit filed Wednesday against ABC (search) and ""American Idol"" judge Simon Cowell (search) alleges they conspired 10 finalists on last season's show, and accuses Cowell of using his position to bully and belittle contestants.

The lawsuit, filed in Los Angeles Superior Court on behalf of contestant Corey Clark, claims that Cowell and other producers manipulated the voting process and favored a ""specific type"" of contestant over others.

The lawsuit also alleges that Cowell made racist and sexist comments to Clark, and that the show's producers conspired to keep Clark off the show during the season.

Clark, who was a semifinalist on the show's second season, alleges that he was the victim of ""harassment, bullying, humiliation and mental cruelty","10 finalists on last season's show, and accuses Cowell of using his position to bully and belittle contestants.

The lawsuit, filed in Los Angeles Superior Court on behalf of contestant Corey Clark, claims that Cowell and other producers manipulated the voting process and favored a ""specific type"" of contestant over others.

The lawsuit also alleges that Cowell made racist and sexist comments to Clark, and that the show's producers conspired to keep Clark off the show during the season.

Clark, who was a semifinalist on the show's second season, alleges that he was the victim of ""harassment, bullying, humiliation and mental cruelty","{""do_sample"": true, ""temperature"": 1.0, ""top_p"": 0.95, ""top_k"": 50, ""repetition_penalty"": 1.0, ""max_new_tokens"": 128}"
kgw,3.0,0,1296,62,62,"Seren Rayne Frank Sutherland, a six lb., eight oz., girl, was born Saturday, Dec. 3, 2016, at Yavapai Regional Medical ","Seren Rayne Frank Sutherland, a six lb., eight oz., girl, was born Saturday, Dec. 3, 2016, at Yavapai Regional Medical 24/7 news, 3-2015. I am now the proud owner of three of these lovelies, and I am happy to say that they have become an integral part of my life. Thank you for your support, guidance, and example.
The 2020-2021 school year for Maricopa County's largest district, Mesa Public Schools, is expected to be busy as the district continues to take steps to ensure the safety of students and staff amid the ongoing. The program, set to launch in 2022, will provide a more integrated learning experience for students in kindergarten to 5th grade.
The","24/7 news, 3-2015. I am now the proud owner of three of these lovelies, and I am happy to say that they have become an integral part of my life. Thank you for your support, guidance, and example.
The 2020-2021 school year for Maricopa County's largest district, Mesa Public Schools, is expected to be busy as the district continues to take steps to ensure the safety of students and staff amid the ongoing. The program, set to launch in 2022, will provide a more integrated learning experience for students in kindergarten to 5th grade.
The","{""do_sample"": true, ""temperature"": 1.0, ""top_p"": 0.95, ""top_k"": 50, ""repetition_penalty"": 1.0, ""max_new_tokens"": 128}"
kgw,3.0,0,1298,64,64,Adventist HealthCare seeks to hire a Med Surg Registered Nurse who will embrace our mission to extend God's care through ,"Adventist HealthCare seeks to hire a Med Surg Registered Nurse who will embrace our mission to extend God's care through  the healing ministry of Jesus Christ. We offer a competitive wage and benefits package as well as an excellent work environment.
The Med-Surg department at Adventist HealthCare Shady Grove Medical Center is a 36-bed unit that provides care to patients with a variety of medical and surgical diagnoses. Our nurses work closely with physicians and other healthcare team members to provide high-quality, compassionate care to our patients and their families.
The ideal candidate will be a licensed, registered nurse with at least one year of Med-Surg experience. Bachelors degree in Nursing is preferred. Certification in Medical-Surgical Nursing (CMSRN) is also preferred.
About"," the healing ministry of Jesus Christ. We offer a competitive wage and benefits package as well as an excellent work environment.
The Med-Surg department at Adventist HealthCare Shady Grove Medical Center is a 36-bed unit that provides care to patients with a variety of medical and surgical diagnoses. Our nurses work closely with physicians and other healthcare team members to provide high-quality, compassionate care to our patients and their families.
The ideal candidate will be a licensed, registered nurse with at least one year of Med-Surg experience. Bachelors degree in Nursing is preferred. Certification in Medical-Surgical Nursing (CMSRN) is also preferred.
About","{""do_sample"": true, ""temperature"": 1.0, ""top_p"": 0.95, ""top_k"": 50, ""repetition_penalty"": 1.0, ""max_new_tokens"": 128}"
kgw,3.0,0,1300,66,66,"Check out the Charleston Parks Conservancy's newest glow-up project at their inaugural Hampton Park culinary event, Shucked + Sauced, Sat. ","Check out the Charleston Parks Conservancy's newest glow-up project at their inaugural Hampton Park culinary event, Shucked + Sauced, Sat. 6-9pm Oct 1. $60 tix will get you a night of live music, local brews, and farm-to-table bites amidst the twinkling lights of Hampton Park.
""Come for the views, stay for the food,"" promises the CPCS, featuring a curated menu from local chefs and restaurateurs, plus craft cocktails, wine, and, of course, fresh oysters and other tasty treats.
Tickets available now at charlestonparksconservancy.org or at the gate. Proceeds benefit the CPCS's work in maintaining and improving Charleston's park systems. See you there! #ShuckedSauc","6-9pm Oct 1. $60 tix will get you a night of live music, local brews, and farm-to-table bites amidst the twinkling lights of Hampton Park.
""Come for the views, stay for the food,"" promises the CPCS, featuring a curated menu from local chefs and restaurateurs, plus craft cocktails, wine, and, of course, fresh oysters and other tasty treats.
Tickets available now at charlestonparksconservancy.org or at the gate. Proceeds benefit the CPCS's work in maintaining and improving Charleston's park systems. See you there! #ShuckedSauc","{""do_sample"": true, ""temperature"": 1.0, ""top_p"": 0.95, ""top_k"": 50, ""repetition_penalty"": 1.0, ""max_new_tokens"": 128}"
kgw,3.0,0,1302,68,68,Adweek: So what’s a digital-media tyro like you doing at a fusty old-media company like CBS? Jim Lanzone: I don’t ,"Adweek: So what’s a digital-media tyro like you doing at a fusty old-media company like CBS? Jim Lanzone: I don’t 100% identify as a digital media tyro anymore. I’m a little older, wiser and maybe a bit more gray – but still feeling the excitement of the digital landscape. I think CBS is actually one of the most exciting places for me to be because it’s a company with a rich history that is still open to embracing change and innovation....We’re not just a broadcast network anymore; we’re a digital media company with a massive reach across platforms.
WWD: How do you see the consumer landscape evolving, particularly when it comes to tech and advertising? Lanzone: I think the consumer is getting more demanding. They want","100% identify as a digital media tyro anymore. I’m a little older, wiser and maybe a bit more gray – but still feeling the excitement of the digital landscape. I think CBS is actually one of the most exciting places for me to be because it’s a company with a rich history that is still open to embracing change and innovation....We’re not just a broadcast network anymore; we’re a digital media company with a massive reach across platforms.
WWD: How do you see the consumer landscape evolving, particularly when it comes to tech and advertising? Lanzone: I think the consumer is getting more demanding. They want","{""do_sample"": true, ""temperature"": 1.0, ""top_p"": 0.95, ""top_k"": 50, ""repetition_penalty"": 1.0, ""max_new_tokens"": 128}"
kgw,3.0,0,1304,70,70,A live events and bespoke creative technical solutions company based in Loughborough is seeking a technical project manager to join ,"A live events and bespoke creative technical solutions company based in Loughborough is seeking a technical project manager to join their team. The company works with high-profile clients to provide technical solutions for live events, concerts, and exhibitions.
As a technical project manager, you will work with the production team to deliver a range of live events, concerts, and exhibitions. Your responsibilities will include:
Managing the technical aspects of live events, including stage setup, sound and lighting, and video.
Collaborating with the production team to ensure that events are delivered on time and within budget.
Ensuring that events meet the client's technical requirements and expectations.
Troubleshooting any technical issues that arise during an event.
Building relationships with clients and suppliers.
Maintaining a high","their team. The company works with high-profile clients to provide technical solutions for live events, concerts, and exhibitions.
As a technical project manager, you will work with the production team to deliver a range of live events, concerts, and exhibitions. Your responsibilities will include:
Managing the technical aspects of live events, including stage setup, sound and lighting, and video.
Collaborating with the production team to ensure that events are delivered on time and within budget.
Ensuring that events meet the client's technical requirements and expectations.
Troubleshooting any technical issues that arise during an event.
Building relationships with clients and suppliers.
Maintaining a high","{""do_sample"": true, ""temperature"": 1.0, ""top_p"": 0.95, ""top_k"": 50, ""repetition_penalty"": 1.0, ""max_new_tokens"": 128}"
kgw,3.0,0,1306,72,72,The latest report from Violence Policy Center. I find it ironic and sad that the very day an annual report ,"The latest report from Violence Policy Center. I find it ironic and sad that the very day an annual report  from the Violence Policy Center, which exposes the lies and distortions from the gun lobby, the news of yet another mass shooting breaks, this time at a grocery store in Boulder, Colorado, killing at least 10 people.
Here is the latest report from the Violence Policy Center:
Firearm Males: An Analysis of NICS Data on Male Perpetrators in Public Mass Shootings, 2006-2019
The latest research from the Violence Policy Center, released today, examines the data on public mass shooting perpetrators in the United States from 2006 to 2019, analyzing the information on firearm use, perpetrator"," from the Violence Policy Center, which exposes the lies and distortions from the gun lobby, the news of yet another mass shooting breaks, this time at a grocery store in Boulder, Colorado, killing at least 10 people.
Here is the latest report from the Violence Policy Center:
Firearm Males: An Analysis of NICS Data on Male Perpetrators in Public Mass Shootings, 2006-2019
The latest research from the Violence Policy Center, released today, examines the data on public mass shooting perpetrators in the United States from 2006 to 2019, analyzing the information on firearm use, perpetrator","{""do_sample"": true, ""temperature"": 1.0, ""top_p"": 0.95, ""top_k"": 50, ""repetition_penalty"": 1.0, ""max_new_tokens"": 128}"
kgw,3.0,0,1308,74,74,Thorpe of the New York Trucking and Delivery Association says the decision to raise penalties won’t solve the parking crisis. ,"Thorpe of the New York Trucking and Delivery Association says the decision to raise penalties won’t solve the parking crisis. 2021, is the current season for the CBA. I'm saying that the idea that the Raiders are somehow ""better"" off because they drafted Mariota with the No. And the people who are impacted will just be those the league cares about the most. If there is a player in this system who can do that, I think he can have a significant impact. "", Meanwhile, NFL Players Association executive director DeMaurice Smith has also expressed skepticism about the union's role in the discussions and the potential for penalties to be enforced without input from players. I'm just one of those guys that's always pushing for the rules to","2021, is the current season for the CBA. I'm saying that the idea that the Raiders are somehow ""better"" off because they drafted Mariota with the No. And the people who are impacted will just be those the league cares about the most. If there is a player in this system who can do that, I think he can have a significant impact. "", Meanwhile, NFL Players Association executive director DeMaurice Smith has also expressed skepticism about the union's role in the discussions and the potential for penalties to be enforced without input from players. I'm just one of those guys that's always pushing for the rules to","{""do_sample"": true, ""temperature"": 1.0, ""top_p"": 0.95, ""top_k"": 50, ""repetition_penalty"": 1.0, ""max_new_tokens"": 128}"
kgw,3.0,0,1310,76,76,A District Court decision overturning major provisions of three Executive Orders has been appealed. Here is a summary of the ,"A District Court decision overturning major provisions of three Executive Orders has been appealed. Here is a summary of the 30-page Memorandum Opinion.
The decision, written by Judge Leon, held that President Trump's EO-13 (January 25, 2017), EO-25 (March 6, 2017), and EO-13 (February 24, 2017) are unlawful in part because they:
1. Overstepped the President's statutory authority under the INA (Immigration and Nationality Act) to restrict entry into the US;
2. Discriminated against individuals based on their religion, which violates the First Amendment's Establishment Clause;
3. Violated the Equal Protection Clause of the Fifth Amendment by favoring certain religions","30-page Memorandum Opinion.
The decision, written by Judge Leon, held that President Trump's EO-13 (January 25, 2017), EO-25 (March 6, 2017), and EO-13 (February 24, 2017) are unlawful in part because they:
1. Overstepped the President's statutory authority under the INA (Immigration and Nationality Act) to restrict entry into the US;
2. Discriminated against individuals based on their religion, which violates the First Amendment's Establishment Clause;
3. Violated the Equal Protection Clause of the Fifth Amendment by favoring certain religions","{""do_sample"": true, ""temperature"": 1.0, ""top_p"": 0.95, ""top_k"": 50, ""repetition_penalty"": 1.0, ""max_new_tokens"": 128}"
kgw,3.0,0,1312,78,78,"The democratization of data is a real phenomenon, but building a sustainable data democracy means truly giving power to the ","The democratization of data is a real phenomenon, but building a sustainable data democracy means truly giving power to the 99%, not just the 1%. That’s the idea driving the Data Transparency Lab (DTL), a new research initiative led by Professor John Kelly of New York University’s Center for Data Science.

Based on the idea that data transparency and fairness are essential for social and economic equity, DTL is a collaborative venture that brings together academics, data engineers, policymakers, community organizations, and activists to design and develop tools, technologies, and policies that support informed decision-making and participation in data-driven societies.

In an interview with The Data Standard, Professor Kelly shared his vision for creating a more inclusive data democracy and the opportunities and challenges that come with","99%, not just the 1%. That’s the idea driving the Data Transparency Lab (DTL), a new research initiative led by Professor John Kelly of New York University’s Center for Data Science.

Based on the idea that data transparency and fairness are essential for social and economic equity, DTL is a collaborative venture that brings together academics, data engineers, policymakers, community organizations, and activists to design and develop tools, technologies, and policies that support informed decision-making and participation in data-driven societies.

In an interview with The Data Standard, Professor Kelly shared his vision for creating a more inclusive data democracy and the opportunities and challenges that come with","{""do_sample"": true, ""temperature"": 1.0, ""top_p"": 0.95, ""top_k"": 50, ""repetition_penalty"": 1.0, ""max_new_tokens"": 128}"
kgw,3.0,0,1314,80,80,"The Council of PR Firms yesterday urged PR firms to ""pledge"" to Wikipedia that they will only submit materials to ","The Council of PR Firms yesterday urged PR firms to ""pledge"" to Wikipedia that they will only submit materials to 100,000+ articles on the online encyclopedia.
The Council of PR Firms, which represents about 400 PR agencies worldwide, is urging member agencies to sign up for the Wikimedia's ""Content Partners"" program. As part of the program, PR firms agree to only submit content to Wikipedia articles that have more than 100,000 views and are not currently involved in any conflict of interest issues.
The Council of PR Firms argued in a statement that this will help maintain the credibility and integrity of the online encyclopedia. ""We believe it is crucial that public relations professionals, who are often entrusted with communicating sensitive information to the public, adhere","100,000+ articles on the online encyclopedia.
The Council of PR Firms, which represents about 400 PR agencies worldwide, is urging member agencies to sign up for the Wikimedia's ""Content Partners"" program. As part of the program, PR firms agree to only submit content to Wikipedia articles that have more than 100,000 views and are not currently involved in any conflict of interest issues.
The Council of PR Firms argued in a statement that this will help maintain the credibility and integrity of the online encyclopedia. ""We believe it is crucial that public relations professionals, who are often entrusted with communicating sensitive information to the public, adhere","{""do_sample"": true, ""temperature"": 1.0, ""top_p"": 0.95, ""top_k"": 50, ""repetition_penalty"": 1.0, ""max_new_tokens"": 128}"
kgw,3.0,0,1316,82,82,"He and a neighbor managed to lure the horse toward them with a handful of grass, Sickinger said, and they ","He and a neighbor managed to lure the horse toward them with a handful of grass, Sickinger said, and they iced him up with cold packs to help stop any bleeding.
""We got there pretty quick,"" Sickinger said. ""I'm pretty sure that horse was on its last leg. If we had gotten there any later... who knows what could have happened.""
The horse, a yearling, was eventually taken to a nearby veterinarian for further treatment and was expected to recover, Sickinger said. He and the neighbor have since been praised for their quick thinking and bravery in helping the horse.
""That's just what you would expect from a good neighbor,"" said Ken Bresner, a nearby resident who helped with the effort. ""They're just nice","iced him up with cold packs to help stop any bleeding.
""We got there pretty quick,"" Sickinger said. ""I'm pretty sure that horse was on its last leg. If we had gotten there any later... who knows what could have happened.""
The horse, a yearling, was eventually taken to a nearby veterinarian for further treatment and was expected to recover, Sickinger said. He and the neighbor have since been praised for their quick thinking and bravery in helping the horse.
""That's just what you would expect from a good neighbor,"" said Ken Bresner, a nearby resident who helped with the effort. ""They're just nice","{""do_sample"": true, ""temperature"": 1.0, ""top_p"": 0.95, ""top_k"": 50, ""repetition_penalty"": 1.0, ""max_new_tokens"": 128}"
kgw,3.0,0,1318,84,84,"Wolf, 33, joined the Africa Mercy crew in March, taking a short leave from her job as a registered nurse ","Wolf, 33, joined the Africa Mercy crew in March, taking a short leave from her job as a registered nurse 16 years to care for people in need.
She will dedicate the next several years to helping treat and care for the hundreds of people on the West African country of Cameroon who are in need of surgical interventions due to cleft lip, palate and other facial deformities.
Wolf said she applied to Mercy Ships because she wanted to use her nursing skills for God. She believes her experience will not only benefit the patients she treats but will also give her a deeper understanding of the needs of the people she serves and a stronger faith in the power of God.
'I want to use my nursing skills to glorify Him,' Wolf said. 'I believe this","16 years to care for people in need.
She will dedicate the next several years to helping treat and care for the hundreds of people on the West African country of Cameroon who are in need of surgical interventions due to cleft lip, palate and other facial deformities.
Wolf said she applied to Mercy Ships because she wanted to use her nursing skills for God. She believes her experience will not only benefit the patients she treats but will also give her a deeper understanding of the needs of the people she serves and a stronger faith in the power of God.
'I want to use my nursing skills to glorify Him,' Wolf said. 'I believe this","{""do_sample"": true, ""temperature"": 1.0, ""top_p"": 0.95, ""top_k"": 50, ""repetition_penalty"": 1.0, ""max_new_tokens"": 128}"
kgw,3.0,0,1320,86,86,"A Chicago judge on Thursday dismissed a patent case between Apple and Motorola because, he said, neither side could adequately ","A Chicago judge on Thursday dismissed a patent case between Apple and Motorola because, he said, neither side could adequately 2/6/2012 (AP) - A judge has dismissed a case between Apple and Motorola over the ownership of a patent for technology used in smartphones and other devices 16 Feb 2012 - A US District Court judge has ruled that Apple and Motorola are in a legal standoff after failing to reach a settlement in the ongoing 2, 2012 - A Chicago federal judge on Thursday dismissed a patent lawsuit between Apple and Motorola, citing failure to reach a settlement as the reason.
20 Feb 2012 - A US judge has dismissed a lawsuit between Apple and Motorola over patents, citing a failure to reach a settlement. Judge Richard","2/6/2012 (AP) - A judge has dismissed a case between Apple and Motorola over the ownership of a patent for technology used in smartphones and other devices 16 Feb 2012 - A US District Court judge has ruled that Apple and Motorola are in a legal standoff after failing to reach a settlement in the ongoing 2, 2012 - A Chicago federal judge on Thursday dismissed a patent lawsuit between Apple and Motorola, citing failure to reach a settlement as the reason.
20 Feb 2012 - A US judge has dismissed a lawsuit between Apple and Motorola over patents, citing a failure to reach a settlement. Judge Richard","{""do_sample"": true, ""temperature"": 1.0, ""top_p"": 0.95, ""top_k"": 50, ""repetition_penalty"": 1.0, ""max_new_tokens"": 128}"
kgw,3.0,0,1322,88,88,"Ford is building cars that ""talk"" with traffic lights, road signs and pedestrians. At CES 2019 in Las Vegas on ","Ford is building cars that ""talk"" with traffic lights, road signs and pedestrians. At CES 2019 in Las Vegas on 9th January, Ford unveiled an advanced technology called Ford City of Tomorrow, aimed at reducing traffic congestion, improving safety and making urban driving more enjoyable and connected.
The Ford City of Tomorrow project includes a smart vehicle, called the C-Suite Concept Vehicle, which uses a variety of sensors and cameras to read traffic signs, detect pedestrians and vehicles, and provide real-time information to help the driver navigate more safely and efficiently. For example, the C-Suite Concept Vehicle can detect a red light ahead and automatically adjust the driver's speed to avoid a collision, and can alert the driver when a pedestrian or cyclist is in the road.
The Ford","9th January, Ford unveiled an advanced technology called Ford City of Tomorrow, aimed at reducing traffic congestion, improving safety and making urban driving more enjoyable and connected.
The Ford City of Tomorrow project includes a smart vehicle, called the C-Suite Concept Vehicle, which uses a variety of sensors and cameras to read traffic signs, detect pedestrians and vehicles, and provide real-time information to help the driver navigate more safely and efficiently. For example, the C-Suite Concept Vehicle can detect a red light ahead and automatically adjust the driver's speed to avoid a collision, and can alert the driver when a pedestrian or cyclist is in the road.
The Ford","{""do_sample"": true, ""temperature"": 1.0, ""top_p"": 0.95, ""top_k"": 50, ""repetition_penalty"": 1.0, ""max_new_tokens"": 128}"
kgw,3.0,0,1324,90,90,"Things get a bit messy in a new brand campaign from Chobani. Centered on the tag ""Love This Life,"" its ","Things get a bit messy in a new brand campaign from Chobani. Centered on the tag ""Love This Life,"" its 15-second spots feature everyday people, including celebrities and real-life heroes, expressing their gratitude and enthusiasm for the simple things in life – like a tasty cup of yogurt.
One ad stars Chrissy Metz, star of the TV show ""This Is Us,"" enjoying a cup of Chobani's oat milk variety with a friend. Another showcases Paralympic athlete and gold medalist Bebe Vio enjoying a snack with fellow athletes. There's also a spot featuring real-life everyday hero, a volunteer firefighter, enjoying a quick energy boost on the go.
""We believe that the best life is one that is lived fully and with purpose,""","15-second spots feature everyday people, including celebrities and real-life heroes, expressing their gratitude and enthusiasm for the simple things in life – like a tasty cup of yogurt.
One ad stars Chrissy Metz, star of the TV show ""This Is Us,"" enjoying a cup of Chobani's oat milk variety with a friend. Another showcases Paralympic athlete and gold medalist Bebe Vio enjoying a snack with fellow athletes. There's also a spot featuring real-life everyday hero, a volunteer firefighter, enjoying a quick energy boost on the go.
""We believe that the best life is one that is lived fully and with purpose,""","{""do_sample"": true, ""temperature"": 1.0, ""top_p"": 0.95, ""top_k"": 50, ""repetition_penalty"": 1.0, ""max_new_tokens"": 128}"
kgw,3.0,0,1326,92,92,Trump's new immigration ad was panned as racist. Turns out it was also based on a falsehood. - Hartford Courant ,"Trump's new immigration ad was panned as racist. Turns out it was also based on a falsehood. - Hartford Courant 24 min 17 sec ago... More news... More international...
Gordon Sondland: Key moments from his testimony - BBC News 24 min 17 sec ago... More news... More international...
Hong Kong protesters storm government building as violence escalates - CNN 24 min 17 sec ago... More news... More international...
Turkey's electoral board orders recount of Istanbul mayoral election - The Guardian 24 min 17 sec ago... More news... More international...
A United States ambassador to Ukraine told investigators on Wednesday he was following a direct order from President Donald Trump to investigate the son of former Vice President Joe Biden, whose family","24 min 17 sec ago... More news... More international...
Gordon Sondland: Key moments from his testimony - BBC News 24 min 17 sec ago... More news... More international...
Hong Kong protesters storm government building as violence escalates - CNN 24 min 17 sec ago... More news... More international...
Turkey's electoral board orders recount of Istanbul mayoral election - The Guardian 24 min 17 sec ago... More news... More international...
A United States ambassador to Ukraine told investigators on Wednesday he was following a direct order from President Donald Trump to investigate the son of former Vice President Joe Biden, whose family","{""do_sample"": true, ""temperature"": 1.0, ""top_p"": 0.95, ""top_k"": 50, ""repetition_penalty"": 1.0, ""max_new_tokens"": 128}"
kgw,3.0,0,1328,94,94,• Engage with other SRA functions to support the evidence gathering and credible deterrence approach of the SRA. The role ,"• Engage with other SRA functions to support the evidence gathering and credible deterrence approach of the SRA. The role  will require collaboration with legal, compliance, audit and risk, and external relations teams to achieve this.
• Develop strong working relationships with key internal stakeholders and maintain regular communications with the Board of Directors, Executive Team, and other senior leaders to ensure alignment and understanding of the SRA's objectives and activities.
• Support the development of strategic plans, objectives and priorities, in conjunction with other relevant teams and stakeholders, to ensure a coordinated and impactful approach to the SRA's goals.
• Develop, maintain and update risk assessment frameworks, risk-based plans, and mitigating controls to ensure the SRA's approach remains relevant and effective in the face of"," will require collaboration with legal, compliance, audit and risk, and external relations teams to achieve this.
• Develop strong working relationships with key internal stakeholders and maintain regular communications with the Board of Directors, Executive Team, and other senior leaders to ensure alignment and understanding of the SRA's objectives and activities.
• Support the development of strategic plans, objectives and priorities, in conjunction with other relevant teams and stakeholders, to ensure a coordinated and impactful approach to the SRA's goals.
• Develop, maintain and update risk assessment frameworks, risk-based plans, and mitigating controls to ensure the SRA's approach remains relevant and effective in the face of","{""do_sample"": true, ""temperature"": 1.0, ""top_p"": 0.95, ""top_k"": 50, ""repetition_penalty"": 1.0, ""max_new_tokens"": 128}"
kgw,3.0,0,1330,96,96,"MidMichigan Health plans to restructure and re-align its work force in the coming months, and the changes could mean laying ","MidMichigan Health plans to restructure and re-align its work force in the coming months, and the changes could mean laying 150 employees.
The company announced its plans in a memo to employees on Wednesday, citing the need to adapt to changes in the healthcare industry and the need to improve efficiency.
The restructuring will focus on eliminating redundant jobs and consolidating responsibilities, with the goal of creating a more agile and effective organization, according to the memo.
""We are committed to doing everything we can to minimize the impact on our employees and to provide support during this transition,"" said Brent Fletcher, MidMichigan Health's President and Chief Executive Officer.
Fletcher added that the restructuring is necessary to ensure the organization's long-term sustainability and ability to continue providing high-quality healthcare services to the","150 employees.
The company announced its plans in a memo to employees on Wednesday, citing the need to adapt to changes in the healthcare industry and the need to improve efficiency.
The restructuring will focus on eliminating redundant jobs and consolidating responsibilities, with the goal of creating a more agile and effective organization, according to the memo.
""We are committed to doing everything we can to minimize the impact on our employees and to provide support during this transition,"" said Brent Fletcher, MidMichigan Health's President and Chief Executive Officer.
Fletcher added that the restructuring is necessary to ensure the organization's long-term sustainability and ability to continue providing high-quality healthcare services to the","{""do_sample"": true, ""temperature"": 1.0, ""top_p"": 0.95, ""top_k"": 50, ""repetition_penalty"": 1.0, ""max_new_tokens"": 128}"
kgw,3.0,0,1332,98,98,Tennessee farmers are cashing in on the local food movement. The federal government never measured just how much Tennessee farmers ,"Tennessee farmers are cashing in on the local food movement. The federal government never measured just how much Tennessee farmers 2014. A study by the United States Department of Agriculture did look at the impact of local food systems. It found.
May 17, 2019  · Tennessee Farmers Market Road Trip: A Foodie’s Guide. are a ton of great farmers markets in the state. Visit these markets and taste the freshness of Tennessee. You can also find some delicious local.
It is not a comprehensive review of all farmers’ markets in Tennessee. Visit the Tennessee Farmers Market Guide website (Tn.gov/farmersmarkets) for more information. If the market name you are searching.
Tennessee Farmers Market Guide: Tennessee.gov/farm","2014. A study by the United States Department of Agriculture did look at the impact of local food systems. It found.
May 17, 2019  · Tennessee Farmers Market Road Trip: A Foodie’s Guide. are a ton of great farmers markets in the state. Visit these markets and taste the freshness of Tennessee. You can also find some delicious local.
It is not a comprehensive review of all farmers’ markets in Tennessee. Visit the Tennessee Farmers Market Guide website (Tn.gov/farmersmarkets) for more information. If the market name you are searching.
Tennessee Farmers Market Guide: Tennessee.gov/farm","{""do_sample"": true, ""temperature"": 1.0, ""top_p"": 0.95, ""top_k"": 50, ""repetition_penalty"": 1.0, ""max_new_tokens"": 128}"
kgw,3.0,0,1334,100,100,Ozier Muhammad/The New York TimesReynaldo Rodriguez of the Care Coordination program counseled a patient with H.I.V. on how to adhere ,"Ozier Muhammad/The New York TimesReynaldo Rodriguez of the Care Coordination program counseled a patient with H.I.V. on how to adhere  More Oizzer Muhammad/The New York Times Re
The program, which started in 2013, is one part of the city's overall push to make medical care more responsive to people with HIV. CreditOzier Muhammad/The New York TimesReynaldo Rodriguez of the Care Coordination program counseled a patient with H.I.V. on how to adhere  More
The Care Coordination program, which started in 2013, is one part of the city's overall push to make medical care more responsive to people with HIV.
NEW YORK — With the advent of combination antiretroviral therapy, the treatment of"," More Oizzer Muhammad/The New York Times Re
The program, which started in 2013, is one part of the city's overall push to make medical care more responsive to people with HIV. CreditOzier Muhammad/The New York TimesReynaldo Rodriguez of the Care Coordination program counseled a patient with H.I.V. on how to adhere  More
The Care Coordination program, which started in 2013, is one part of the city's overall push to make medical care more responsive to people with HIV.
NEW YORK — With the advent of combination antiretroviral therapy, the treatment of","{""do_sample"": true, ""temperature"": 1.0, ""top_p"": 0.95, ""top_k"": 50, ""repetition_penalty"": 1.0, ""max_new_tokens"": 128}"
kgw,3.0,0,1336,102,102,"Talking to the press people here at the Heliport on Saturday, the National BJP leader, while stating the Naga issue ","Talking to the press people here at the Heliport on Saturday, the National BJP leader, while stating the Naga issue 90% resolved. He categorically stated that the issue is nearing a final settlement, considering several rounds of talks have been held. He expressed his optimism that the final resolution would be seen soon. It is expected that the resolution will happen before the parliamentary polls and this could bring a significant change in politics.
It might bring a ray of hope for the people waiting eagerly for the solution, who have been caught in a limbo for decades. It is still to be seen, whether it would be in the form of granting statehood or something else. It is expected that the resolution would be in tune with the ground reality of Nagaland,","90% resolved. He categorically stated that the issue is nearing a final settlement, considering several rounds of talks have been held. He expressed his optimism that the final resolution would be seen soon. It is expected that the resolution will happen before the parliamentary polls and this could bring a significant change in politics.
It might bring a ray of hope for the people waiting eagerly for the solution, who have been caught in a limbo for decades. It is still to be seen, whether it would be in the form of granting statehood or something else. It is expected that the resolution would be in tune with the ground reality of Nagaland,","{""do_sample"": true, ""temperature"": 1.0, ""top_p"": 0.95, ""top_k"": 50, ""repetition_penalty"": 1.0, ""max_new_tokens"": 128}"
kgw,3.0,0,1338,104,104,"Famously tight-lipped about her Scientology faith, The Handmaid’s Tale star Elisabeth Moss has opened up in a candid new interview. ","Famously tight-lipped about her Scientology faith, The Handmaid’s Tale star Elisabeth Moss has opened up in a candid new interview. 2020 12:45 am. So, what happens to Offred's baby at the end of The Handmaid's Tale, and what does it mean? Offred's Baby, The Handmaid's Tale: What Happened to Baby Nichol at the End. As we all saw at the end of the season finale of The Handmaid's Tale, Offred (Elisabeth Moss) gave birth to a baby boy, Nichol. The Handmaid's Tale Season 4, Episode 10:... the doctor who helps Offred deliver the baby in the operating room. Offred and her friends have been trying to","2020 12:45 am. So, what happens to Offred's baby at the end of The Handmaid's Tale, and what does it mean? Offred's Baby, The Handmaid's Tale: What Happened to Baby Nichol at the End. As we all saw at the end of the season finale of The Handmaid's Tale, Offred (Elisabeth Moss) gave birth to a baby boy, Nichol. The Handmaid's Tale Season 4, Episode 10:... the doctor who helps Offred deliver the baby in the operating room. Offred and her friends have been trying to","{""do_sample"": true, ""temperature"": 1.0, ""top_p"": 0.95, ""top_k"": 50, ""repetition_penalty"": 1.0, ""max_new_tokens"": 128}"
kgw,3.0,0,1340,106,106,Madore received the package along with three crosses she had ordered in memory of her son Christopher Medina who died ,"Madore received the package along with three crosses she had ordered in memory of her son Christopher Medina who died 14 years ago.
""I was very touched when I saw it,"" Madore said of the gift in a telephone interview with the Herald. ""I knew it was a special piece and wanted to display it.""
Madore said she believes the package was a mistake, but the gesture and the thought behind it were kind. ""I'm grateful for the person's kindness and generosity,"" she said.
In a statement, the Catholic Diocese of Fall River acknowledged the incident and said it was investigating the matter.
""We are aware of the situation and we are taking it seriously,"" said the Rev. John C. Denning, vicar general for the","14 years ago.
""I was very touched when I saw it,"" Madore said of the gift in a telephone interview with the Herald. ""I knew it was a special piece and wanted to display it.""
Madore said she believes the package was a mistake, but the gesture and the thought behind it were kind. ""I'm grateful for the person's kindness and generosity,"" she said.
In a statement, the Catholic Diocese of Fall River acknowledged the incident and said it was investigating the matter.
""We are aware of the situation and we are taking it seriously,"" said the Rev. John C. Denning, vicar general for the","{""do_sample"": true, ""temperature"": 1.0, ""top_p"": 0.95, ""top_k"": 50, ""repetition_penalty"": 1.0, ""max_new_tokens"": 128}"
kgw,3.0,0,1342,108,108,"France is in a difficult position. It has not had a sufficient spur to reform, despite the platitudes by both ","France is in a difficult position. It has not had a sufficient spur to reform, despite the platitudes by both  candidates for the upcoming presidential election. It has been stuck in its ways for too long and change must be forced upon it.
In the meantime, Emmanuel Macron's opponents have done the minimum required to make some noise and appear as if they are doing something, while his allies have been lukewarm and weak. He has been able to coast through on momentum, despite there being very little concrete achievement on the ground...
How France is likely to fare in the current economic outlook is far from clear. But what we do know is that it has no chance of improvement without a major reform effort, a la the one made by Margaret Thatcher in"," candidates for the upcoming presidential election. It has been stuck in its ways for too long and change must be forced upon it.
In the meantime, Emmanuel Macron's opponents have done the minimum required to make some noise and appear as if they are doing something, while his allies have been lukewarm and weak. He has been able to coast through on momentum, despite there being very little concrete achievement on the ground...
How France is likely to fare in the current economic outlook is far from clear. But what we do know is that it has no chance of improvement without a major reform effort, a la the one made by Margaret Thatcher in","{""do_sample"": true, ""temperature"": 1.0, ""top_p"": 0.95, ""top_k"": 50, ""repetition_penalty"": 1.0, ""max_new_tokens"": 128}"
kgw,3.0,0,1344,110,110,"Nelson Mandela statue in Westminster, London. ""Comrade Mandela's release was achieved through our struggles that had pushed the apartheid regime ","Nelson Mandela statue in Westminster, London. ""Comrade Mandela's release was achieved through our struggles that had pushed the apartheid regime 24 hours a day, 7 days a week, to the brink of collapse."" From Mandela: His Life and Times, written by Fatima Meer (1995)
Nelson Mandela statue in Westminster, London.
""Comrade Mandela's release was achieved through our struggles that had pushed the apartheid regime 24 hours a day, 7 days a week, to the brink of collapse.""
From Mandela: His Life and Times, written by Fatima Meer (1995)
“Comrade Mandela's release was achieved through our struggles that had pushed the apartheid regime 24 hours a day, 7 days a week, to the brink of","24 hours a day, 7 days a week, to the brink of collapse."" From Mandela: His Life and Times, written by Fatima Meer (1995)
Nelson Mandela statue in Westminster, London.
""Comrade Mandela's release was achieved through our struggles that had pushed the apartheid regime 24 hours a day, 7 days a week, to the brink of collapse.""
From Mandela: His Life and Times, written by Fatima Meer (1995)
“Comrade Mandela's release was achieved through our struggles that had pushed the apartheid regime 24 hours a day, 7 days a week, to the brink of","{""do_sample"": true, ""temperature"": 1.0, ""top_p"": 0.95, ""top_k"": 50, ""repetition_penalty"": 1.0, ""max_new_tokens"": 128}"
kgw,3.0,0,1346,112,112,"Back in 1982, the Endangered Species Act took the ocelot under its protection. The ocelot is a vulnerable creature, susceptible ","Back in 1982, the Endangered Species Act took the ocelot under its protection. The ocelot is a vulnerable creature, susceptible  to various threats including loss of habitat and fragmentation, poaching,  and disease. Since that time, conservation efforts by organizations such  as the Wildlife Conservation Society, The Nature Conservancy, and the U.S.  Fish and Wildlife Service have worked to protect the ocelot and its habitat  in the United States, particularly in Texas and Mexico.

In Texas, ocelots  are primarily found in the southern part of the state, particularly in  the Rio Grande Valley and areas near the Mexico-U.S. border. The  population is estimated to be around 50-100 individuals. Habitat"," to various threats including loss of habitat and fragmentation, poaching,  and disease. Since that time, conservation efforts by organizations such  as the Wildlife Conservation Society, The Nature Conservancy, and the U.S.  Fish and Wildlife Service have worked to protect the ocelot and its habitat  in the United States, particularly in Texas and Mexico.

In Texas, ocelots  are primarily found in the southern part of the state, particularly in  the Rio Grande Valley and areas near the Mexico-U.S. border. The  population is estimated to be around 50-100 individuals. Habitat","{""do_sample"": true, ""temperature"": 1.0, ""top_p"": 0.95, ""top_k"": 50, ""repetition_penalty"": 1.0, ""max_new_tokens"": 128}"
kgw,3.0,0,1348,114,114,"Assembly Minority Leader Pat Hickey, R-Reno, will have a GOP primary election opponent in 2014. Richard Fineberg, a retired lawyer ","Assembly Minority Leader Pat Hickey, R-Reno, will have a GOP primary election opponent in 2014. Richard Fineberg, a retired lawyer 55 years into a 60-year sentence for a crime he claims he did not commit, announced Tuesday he would challenge Hickey in the June 10 primary.
Fineberg, a former Democratic candidate, switched his party registration from Democrat to Republican last week to run for Hickey's Assembly seat. He claims Hickey has not done enough to address the issue of wrongful convictions.
""I'm a fighter, and I believe in accountability,"" Fineberg said in a press release. ""Pat Hickey has not done enough to address the issue of wrongful convictions, and I intend to do something about it.""
Hickey, first elected to the Assembly in","55 years into a 60-year sentence for a crime he claims he did not commit, announced Tuesday he would challenge Hickey in the June 10 primary.
Fineberg, a former Democratic candidate, switched his party registration from Democrat to Republican last week to run for Hickey's Assembly seat. He claims Hickey has not done enough to address the issue of wrongful convictions.
""I'm a fighter, and I believe in accountability,"" Fineberg said in a press release. ""Pat Hickey has not done enough to address the issue of wrongful convictions, and I intend to do something about it.""
Hickey, first elected to the Assembly in","{""do_sample"": true, ""temperature"": 1.0, ""top_p"": 0.95, ""top_k"": 50, ""repetition_penalty"": 1.0, ""max_new_tokens"": 128}"
kgw,3.0,0,1350,116,116,"Friday Night Live: Hilarious Improv Comedy featuring live music from pianist Keith Munslow! Get beside yourself with FNL’s interactive scenes, ","Friday Night Live: Hilarious Improv Comedy featuring live music from pianist Keith Munslow! Get beside yourself with FNL’s interactive scenes, 100mph gameplay, and a healthy dose of silliness. Music from pianist Keith Munslow will set the tone for the wild and wacky world of FNL!
The FNL cast consists of veteran improv comedians from all over the country. Each show is unique and promises an unforgettable experience. Keith Munslow is a musician and comedian from Providence, Rhode Island who plays a wide range of music styles, including pop, jazz, and rock. He will be playing live during the show, adding an exciting element to the night’s festivities.
Friday Night Live shows are held at the Carolina Theatre and doors open at 7 PM. The","100mph gameplay, and a healthy dose of silliness. Music from pianist Keith Munslow will set the tone for the wild and wacky world of FNL!
The FNL cast consists of veteran improv comedians from all over the country. Each show is unique and promises an unforgettable experience. Keith Munslow is a musician and comedian from Providence, Rhode Island who plays a wide range of music styles, including pop, jazz, and rock. He will be playing live during the show, adding an exciting element to the night’s festivities.
Friday Night Live shows are held at the Carolina Theatre and doors open at 7 PM. The","{""do_sample"": true, ""temperature"": 1.0, ""top_p"": 0.95, ""top_k"": 50, ""repetition_penalty"": 1.0, ""max_new_tokens"": 128}"
kgw,3.0,0,1352,118,118,Do Twinkle and mum Dimple share a wardrobe? The star wife was missing for a greater part of the year ,"Do Twinkle and mum Dimple share a wardrobe? The star wife was missing for a greater part of the year 2022, and fans were left wondering where she was.
Her partner, Twinkle Khanna, who is also a popular actress, author, and interior designer, managed the social media accounts, leaving her absence a mystery.
Recently, Twinkle Khanna addressed the rumors in a funny tweet, where she quipped, ""Rumor alert! I didn't divorce her or abandon her to the wolves, but yeah, @dimplekapadia was on a long break from social media! She's back, brighter than ever!""
Dimple didn't provide a detailed explanation for her absence but seems to have been recharging her batteries. We","2022, and fans were left wondering where she was.
Her partner, Twinkle Khanna, who is also a popular actress, author, and interior designer, managed the social media accounts, leaving her absence a mystery.
Recently, Twinkle Khanna addressed the rumors in a funny tweet, where she quipped, ""Rumor alert! I didn't divorce her or abandon her to the wolves, but yeah, @dimplekapadia was on a long break from social media! She's back, brighter than ever!""
Dimple didn't provide a detailed explanation for her absence but seems to have been recharging her batteries. We","{""do_sample"": true, ""temperature"": 1.0, ""top_p"": 0.95, ""top_k"": 50, ""repetition_penalty"": 1.0, ""max_new_tokens"": 128}"
kgw,3.0,0,1354,120,120,the World Challenge a year ago. He won at Hilton Head on the U.S. Championships in Doral and Shanghai. the ,"the World Challenge a year ago. He won at Hilton Head on the U.S. Championships in Doral and Shanghai. the 2018 BMW PGA Championship.
He is expected to make a big name for himself on the U.S. circuit in 2018-19.
Bland finished second to Justin Thomas at the 2017 WGC-HSBC Champions.
World Challenge. His best finish in that event is a T14 in the 2006 tournament. In 2013. he has five Top 10s on the season and is second in greens in regulation (.77). 4 in Memphis to start the season. he finished 18-under 270 at the 2011 U.S. Open and finished solo-second 13 strokes behind winner Rory","2018 BMW PGA Championship.
He is expected to make a big name for himself on the U.S. circuit in 2018-19.
Bland finished second to Justin Thomas at the 2017 WGC-HSBC Champions.
World Challenge. His best finish in that event is a T14 in the 2006 tournament. In 2013. he has five Top 10s on the season and is second in greens in regulation (.77). 4 in Memphis to start the season. he finished 18-under 270 at the 2011 U.S. Open and finished solo-second 13 strokes behind winner Rory","{""do_sample"": true, ""temperature"": 1.0, ""top_p"": 0.95, ""top_k"": 50, ""repetition_penalty"": 1.0, ""max_new_tokens"": 128}"
kgw,3.0,0,1356,122,122,2 bedroom home with extra room for office or 3rd bedroom. Kitchen features Oak cabinets. Home features wood flooring in ,"2 bedroom home with extra room for office or 3rd bedroom. Kitchen features Oak cabinets. Home features wood flooring in 2 main areas. Back patio and fenced yard. Located near downtown Holland and nearby beaches. Call today to schedule a showing! 616-395-3333. Asking price: $175,000.00. **Possible 1031 Exchange for an investor or consider this as a fixer upper project. Seller motivated!**. 2017 roof, 2018 water heater. Updated electrical panel.
IDX provided courtesy of Midwest Real Pro Systems, Inc. and its subsellors. Data last updated 04/26/2019 03:32 PM CST.","2 main areas. Back patio and fenced yard. Located near downtown Holland and nearby beaches. Call today to schedule a showing! 616-395-3333. Asking price: $175,000.00. **Possible 1031 Exchange for an investor or consider this as a fixer upper project. Seller motivated!**. 2017 roof, 2018 water heater. Updated electrical panel.
IDX provided courtesy of Midwest Real Pro Systems, Inc. and its subsellors. Data last updated 04/26/2019 03:32 PM CST.","{""do_sample"": true, ""temperature"": 1.0, ""top_p"": 0.95, ""top_k"": 50, ""repetition_penalty"": 1.0, ""max_new_tokens"": 128}"
kgw,3.0,0,1358,124,124,"Following her acceptance into iPOP! after try-outs in Fort Walton Beach, Michelle Bryant is talking positively about her fast-approaching opportunity. ","Following her acceptance into iPOP! after try-outs in Fort Walton Beach, Michelle Bryant is talking positively about her fast-approaching opportunity. 2012 summer program participant, and currently signed with her manager, Rachel Stein Management, says, iPOP! was amazing. I had a life-changing experience.
Michelle Bryant, from Niceville, Florida, will be joining other young performers in Los Angeles to participate in a two-week intensive program designed to prepare students for a career in the entertainment industry. Bryant says, I was blown away by the professionalism, expertise, and dedication of the instructors and mentors. I felt like I was exactly where I was supposed to be.
With an experience that she will never forget, and already signed with her manager, Michelle Bryant is now focusing on the next","2012 summer program participant, and currently signed with her manager, Rachel Stein Management, says, iPOP! was amazing. I had a life-changing experience.
Michelle Bryant, from Niceville, Florida, will be joining other young performers in Los Angeles to participate in a two-week intensive program designed to prepare students for a career in the entertainment industry. Bryant says, I was blown away by the professionalism, expertise, and dedication of the instructors and mentors. I felt like I was exactly where I was supposed to be.
With an experience that she will never forget, and already signed with her manager, Michelle Bryant is now focusing on the next","{""do_sample"": true, ""temperature"": 1.0, ""top_p"": 0.95, ""top_k"": 50, ""repetition_penalty"": 1.0, ""max_new_tokens"": 128}"
kgw,3.0,0,1360,126,126,"In the past 11 months, Mauti has had to rely on his words unlike any other time in his life. ","In the past 11 months, Mauti has had to rely on his words unlike any other time in his life. 13 months removed from his last snap, the former Penn State and Washington Redskins linebacker is still working to rebuild his body.
Despite his determination and strong will, Mauti knows there are limitations to his progress. The 28-year-old, who suffered a pair of ACL tears during his NFL career, has a better understanding of how his body functions now than ever before. The frustration mounts when he tries to put the pain aside and push harder, knowing his body may be telling him it can't keep up.
""I'm a fighter, so I'm not going to give up, but I also know when my body is telling me it's","13 months removed from his last snap, the former Penn State and Washington Redskins linebacker is still working to rebuild his body.
Despite his determination and strong will, Mauti knows there are limitations to his progress. The 28-year-old, who suffered a pair of ACL tears during his NFL career, has a better understanding of how his body functions now than ever before. The frustration mounts when he tries to put the pain aside and push harder, knowing his body may be telling him it can't keep up.
""I'm a fighter, so I'm not going to give up, but I also know when my body is telling me it's","{""do_sample"": true, ""temperature"": 1.0, ""top_p"": 0.95, ""top_k"": 50, ""repetition_penalty"": 1.0, ""max_new_tokens"": 128}"
kgw,3.0,0,1362,128,128,The FINANCIAL (AD) -- ProCredit Bank has donated a unique ex libris collection to the National Centre of Manuscripts. This ,"The FINANCIAL (AD) -- ProCredit Bank has donated a unique ex libris collection to the National Centre of Manuscripts. This 400-book collection is dedicated to the history and development of banking and money, and is a rare...
The FINANCIAL (AD) -- The Government has launched a new ""Tourism and Hospitality Development Strategy 2015-2020"". The strategy aims to develop tourism and hospitality as a sector with significant contribution to the country's economic...
The FINANCIAL (AD) -- The Union of Agricultural Producers has demanded greater support for agriculture and farmers at the EU level. A meeting of agricultural organizations and experts was held in Brussels, attended also by Georgian farmers....
The FINANCIAL (AD) -- The US Congress has approved new","400-book collection is dedicated to the history and development of banking and money, and is a rare...
The FINANCIAL (AD) -- The Government has launched a new ""Tourism and Hospitality Development Strategy 2015-2020"". The strategy aims to develop tourism and hospitality as a sector with significant contribution to the country's economic...
The FINANCIAL (AD) -- The Union of Agricultural Producers has demanded greater support for agriculture and farmers at the EU level. A meeting of agricultural organizations and experts was held in Brussels, attended also by Georgian farmers....
The FINANCIAL (AD) -- The US Congress has approved new","{""do_sample"": true, ""temperature"": 1.0, ""top_p"": 0.95, ""top_k"": 50, ""repetition_penalty"": 1.0, ""max_new_tokens"": 128}"
kgw,3.0,0,1364,130,130,These two healthcare REITs are trading for dirt-cheap valuations despite high dividends and a solid history of growth. Investing in ,"These two healthcare REITs are trading for dirt-cheap valuations despite high dividends and a solid history of growth. Investing in 2022 is all about finding those bargains, right? | Getty Images
The healthcare real estate investment trusts (REITs) — Caretrust REIT (CTRE) and Omega Healthcare Investors (OHI) — have taken a hit recently, causing their stock prices to drop significantly. This has led to a mismatch between their stock prices and the underlying value of their portfolios, making them compelling buys for income seekers.
Let's dig into these two healthcare REITs and explore why they're attractive at these current prices.

## Caretrust REIT (CTRE)

Caretrust REIT is a healthcare REIT that focuses on long","2022 is all about finding those bargains, right? | Getty Images
The healthcare real estate investment trusts (REITs) — Caretrust REIT (CTRE) and Omega Healthcare Investors (OHI) — have taken a hit recently, causing their stock prices to drop significantly. This has led to a mismatch between their stock prices and the underlying value of their portfolios, making them compelling buys for income seekers.
Let's dig into these two healthcare REITs and explore why they're attractive at these current prices.

## Caretrust REIT (CTRE)

Caretrust REIT is a healthcare REIT that focuses on long","{""do_sample"": true, ""temperature"": 1.0, ""top_p"": 0.95, ""top_k"": 50, ""repetition_penalty"": 1.0, ""max_new_tokens"": 128}"
kgw,3.0,0,1366,132,132,Young Lions skipper Brad Galvin isn’t afraid of taking his side’s ‘scrappy’ style of play into Sunday’s semi final clash ,"Young Lions skipper Brad Galvin isn’t afraid of taking his side’s ‘scrappy’ style of play into Sunday’s semi final clash  with arch rivals Hougang United.
The 21-year-old midfielder and his teammates have developed a reputation for being physical opponents, who aren’t afraid to get stuck in and battle for every ball.
And Galvin believes this approach is a big reason why Young Lions have been able to overcome bigger teams and make it to the last four of the Singapore Cup.
“We are a scrappy team, we don’t have a lot of flair, but we make up for it with our physicality and our ability to grind out results,” said Galvin, who has captained the side to victory in their last three matches.
“I think it"," with arch rivals Hougang United.
The 21-year-old midfielder and his teammates have developed a reputation for being physical opponents, who aren’t afraid to get stuck in and battle for every ball.
And Galvin believes this approach is a big reason why Young Lions have been able to overcome bigger teams and make it to the last four of the Singapore Cup.
“We are a scrappy team, we don’t have a lot of flair, but we make up for it with our physicality and our ability to grind out results,” said Galvin, who has captained the side to victory in their last three matches.
“I think it","{""do_sample"": true, ""temperature"": 1.0, ""top_p"": 0.95, ""top_k"": 50, ""repetition_penalty"": 1.0, ""max_new_tokens"": 128}"
kgw,3.0,0,1368,134,134,"For a career that once seemed so good on paper, the crisis in teacher recruitment is now hardly ever out ","For a career that once seemed so good on paper, the crisis in teacher recruitment is now hardly ever out 0f the headlines. With many schools struggling to find qualified candidates to fill vacant positions, what does the future hold for this critically important profession? Here are three potential scenarios.
The first potential scenario is that the crisis could become an opportunity for innovation and change in the teaching profession. As the demand for qualified teachers outstrips supply, schools and education providers could be incentivized to rethink their approaches to teacher recruitment and retention. This could involve embracing new technologies, re-evaluating teacher training programs, and experimenting with non-traditional routes to a teaching career.
One such approach is the growing trend of alternative certification programs, which allow individuals","0f the headlines. With many schools struggling to find qualified candidates to fill vacant positions, what does the future hold for this critically important profession? Here are three potential scenarios.
The first potential scenario is that the crisis could become an opportunity for innovation and change in the teaching profession. As the demand for qualified teachers outstrips supply, schools and education providers could be incentivized to rethink their approaches to teacher recruitment and retention. This could involve embracing new technologies, re-evaluating teacher training programs, and experimenting with non-traditional routes to a teaching career.
One such approach is the growing trend of alternative certification programs, which allow individuals","{""do_sample"": true, ""temperature"": 1.0, ""top_p"": 0.95, ""top_k"": 50, ""repetition_penalty"": 1.0, ""max_new_tokens"": 128}"
kgw,3.0,0,1370,136,136,councilors at the USC Annenberg School for Communication. Arkansas governor and congressman who joined the board in 2006. renewed attention ,"councilors at the USC Annenberg School for Communication. Arkansas governor and congressman who joined the board in 2006. renewed attention 1977-present
council at the University of California, Berkeley, the. is a
of research, education, and service. Ann Arbor and Detroit, and is a prominent
councils at other universities, including the University of
Michigan, the University of Illinois, and Stanford University,
and is a member
Copenhagen, and other cities around
Copenhagen, and other
of a research
of research, education, and
and is a
and service.
is a
council
is a
the University
and is
of the
and in
with
as well
with
in the
","1977-present
council at the University of California, Berkeley, the. is a
of research, education, and service. Ann Arbor and Detroit, and is a prominent
councils at other universities, including the University of
Michigan, the University of Illinois, and Stanford University,
and is a member
Copenhagen, and other cities around
Copenhagen, and other
of a research
of research, education, and
and is a
and service.
is a
council
is a
the University
and is
of the
and in
with
as well
with
in the
","{""do_sample"": true, ""temperature"": 1.0, ""top_p"": 0.95, ""top_k"": 50, ""repetition_penalty"": 1.0, ""max_new_tokens"": 128}"
kgw,3.0,0,1372,138,138,The Las Vegas real estate market got a small reprieve in February; with sales volume at a four-year high for ,"The Las Vegas real estate market got a small reprieve in February; with sales volume at a four-year high for 2023. The median home price for a resale home dropped 0.3 percent to $320,000. The number of new listings rose by 15.8 percent in the past year. While demand remains sluggish, the number of active listings is slowly increasing. This reduction of unsold inventory might be enough to keep prices steady for now.
According to The Las Vegas Realtors Association, 2,454 single-family resale homes sold in February, which marks a 14% increase over the same month in 2022. Even though the median sales price dipped slightly, it's still 8.9 percent higher year-over-year","2023. The median home price for a resale home dropped 0.3 percent to $320,000. The number of new listings rose by 15.8 percent in the past year. While demand remains sluggish, the number of active listings is slowly increasing. This reduction of unsold inventory might be enough to keep prices steady for now.
According to The Las Vegas Realtors Association, 2,454 single-family resale homes sold in February, which marks a 14% increase over the same month in 2022. Even though the median sales price dipped slightly, it's still 8.9 percent higher year-over-year","{""do_sample"": true, ""temperature"": 1.0, ""top_p"": 0.95, ""top_k"": 50, ""repetition_penalty"": 1.0, ""max_new_tokens"": 128}"
kgw,3.0,0,1374,140,140,Rafael Nadal became the first man to win eight titles at the same Grand Slam tournament after beating fellow Spaniard ,"Rafael Nadal became the first man to win eight titles at the same Grand Slam tournament after beating fellow Spaniard 17-year-old Carlos Alcaraz 1-6, 7-5, 6-4 in the US Open final.
The world number two Nadal, 36, claimed his 22nd major title to move within one of Roger Federer’s record.
Nadal, who had not dropped a set in the tournament until the final, saved a set point in the second set and then broke Alcaraz to take the lead.
Alcaraz, who was making his Grand Slam debut, had beaten fifth seed Stefanos Tsitsipas and 10th seed Frances Tiafoe en route to the final.
","17-year-old Carlos Alcaraz 1-6, 7-5, 6-4 in the US Open final.
The world number two Nadal, 36, claimed his 22nd major title to move within one of Roger Federer’s record.
Nadal, who had not dropped a set in the tournament until the final, saved a set point in the second set and then broke Alcaraz to take the lead.
Alcaraz, who was making his Grand Slam debut, had beaten fifth seed Stefanos Tsitsipas and 10th seed Frances Tiafoe en route to the final.
","{""do_sample"": true, ""temperature"": 1.0, ""top_p"": 0.95, ""top_k"": 50, ""repetition_penalty"": 1.0, ""max_new_tokens"": 128}"
kgw,3.0,0,1376,142,142,"No longer limited to calling other Jaxtr users, the service is taking cue from Skype for its revenue strategy. Jaxtr, ","No longer limited to calling other Jaxtr users, the service is taking cue from Skype for its revenue strategy. Jaxtr, 24 months old, claims that it has 1.3 million registered users, and is generating revenue through a mix of advertising, premium services and partnerships with other companies.
"" Jaxtr is not a traditional phone service,"" explains Jambunathan Kandavel, the co-founder and COO of Jaxtr. ""We are a platform that enables voice and video communications across the web, mobile, and landlines. We are taking a cue from Skype, but our focus is on the US and emerging markets, while Skype has a stronger presence in mature markets.""
To use Jaxtr, users sign up for an account and","24 months old, claims that it has 1.3 million registered users, and is generating revenue through a mix of advertising, premium services and partnerships with other companies.
"" Jaxtr is not a traditional phone service,"" explains Jambunathan Kandavel, the co-founder and COO of Jaxtr. ""We are a platform that enables voice and video communications across the web, mobile, and landlines. We are taking a cue from Skype, but our focus is on the US and emerging markets, while Skype has a stronger presence in mature markets.""
To use Jaxtr, users sign up for an account and","{""do_sample"": true, ""temperature"": 1.0, ""top_p"": 0.95, ""top_k"": 50, ""repetition_penalty"": 1.0, ""max_new_tokens"": 128}"
kgw,3.0,0,1378,144,144,A three member bench of the Supreme Court has adjourned the hearing of Orange Line Metro Train case till Friday. ,"A three member bench of the Supreme Court has adjourned the hearing of Orange Line Metro Train case till Friday.  The court was expected to announce its judgment in the case today.
The judgment is now expected on Friday as the judges have sought time to finalize the decision.
The Orange Line Metro Train project was initially planned to be completed by end of 2017 but its construction has been facing several delays due to various reasons including protests from local communities and technical issues.
The Supreme Court had taken suo moto notice of the issue after a request from one of the contractors working on the project.
During the last hearing, the chief engineer of the Pakistan Railway Ministry told the court that the Orange Line project was 75 percent complete and it will be completed by end of"," The court was expected to announce its judgment in the case today.
The judgment is now expected on Friday as the judges have sought time to finalize the decision.
The Orange Line Metro Train project was initially planned to be completed by end of 2017 but its construction has been facing several delays due to various reasons including protests from local communities and technical issues.
The Supreme Court had taken suo moto notice of the issue after a request from one of the contractors working on the project.
During the last hearing, the chief engineer of the Pakistan Railway Ministry told the court that the Orange Line project was 75 percent complete and it will be completed by end of","{""do_sample"": true, ""temperature"": 1.0, ""top_p"": 0.95, ""top_k"": 50, ""repetition_penalty"": 1.0, ""max_new_tokens"": 128}"
kgw,3.0,0,1380,146,146,"A primary school caretaker has been found guilty of attacking a group of teenagers. Karl Lucas, 27, of Manor Fields, ","A primary school caretaker has been found guilty of attacking a group of teenagers. Karl Lucas, 27, of Manor Fields, 35-year-old man, was convicted of wounding with intent and two counts of assault occasioning actual bodily harm. The incident occurred on October 1, 2016, when Lucas confronted and attacked the teenagers in Dibden Purlieu. The court heard how the group, all under 18 years of age, were playing in the area near Lucas's home when he confronted them. He attacked them with a stick, causing injuries and leaving some with lasting scars. Lucas was found guilty of wounding with intent in relation to one 17-year-old victim who suffered a cut to her forehead. He was also convicted of two counts","35-year-old man, was convicted of wounding with intent and two counts of assault occasioning actual bodily harm. The incident occurred on October 1, 2016, when Lucas confronted and attacked the teenagers in Dibden Purlieu. The court heard how the group, all under 18 years of age, were playing in the area near Lucas's home when he confronted them. He attacked them with a stick, causing injuries and leaving some with lasting scars. Lucas was found guilty of wounding with intent in relation to one 17-year-old victim who suffered a cut to her forehead. He was also convicted of two counts","{""do_sample"": true, ""temperature"": 1.0, ""top_p"": 0.95, ""top_k"": 50, ""repetition_penalty"": 1.0, ""max_new_tokens"": 128}"
kgw,3.0,0,1382,148,148,"It's not always easy to keep mentally focused during running. Focus requires discipline and a certain level of mental toughness, ","It's not always easy to keep mentally focused during running. Focus requires discipline and a certain level of mental toughness, 1. The ability of a mental focus can give the brain the ability to make decisions, evaluate risks, and prioritize goals. In other words, mental focus is the brain's capacity to regulate itself and make effective decisions.
How to develop a mental focus on long runs? Before you head out for your next run, follow these 7 steps to develop a mental focus that will keep you motivated and on track. Developing mental focus before your next long run can be achieved in several ways, 1. Here are some tips to help you mentally prepare for a long run and maintain mental focus.
1. Preparation Beforehand: Preparation before hand can","1. The ability of a mental focus can give the brain the ability to make decisions, evaluate risks, and prioritize goals. In other words, mental focus is the brain's capacity to regulate itself and make effective decisions.
How to develop a mental focus on long runs? Before you head out for your next run, follow these 7 steps to develop a mental focus that will keep you motivated and on track. Developing mental focus before your next long run can be achieved in several ways, 1. Here are some tips to help you mentally prepare for a long run and maintain mental focus.
1. Preparation Beforehand: Preparation before hand can","{""do_sample"": true, ""temperature"": 1.0, ""top_p"": 0.95, ""top_k"": 50, ""repetition_penalty"": 1.0, ""max_new_tokens"": 128}"
kgw,3.0,0,1384,150,150,"Amazingly, half of all Americans say they don’t care about government surveillance — and during a random sampling of people ","Amazingly, half of all Americans say they don’t care about government surveillance — and during a random sampling of people 25 and older in the U.S., a full 1 in 5 individuals claimed they had “absolutely no interest” in the topic. [ source ]
Isn’t that something? A staggering number of people in the United States don’t care about the surveillance of their own government! It’s as if they don’t believe the notion that the government is capable of, or even would dare to, spy on them. The concept of “Big Brother” has clearly become passé, a topic relegated to the realm of science fiction.
I think there are a few reasons for this apathy. Firstly, the subject matter may be dry or seem","25 and older in the U.S., a full 1 in 5 individuals claimed they had “absolutely no interest” in the topic. [ source ]
Isn’t that something? A staggering number of people in the United States don’t care about the surveillance of their own government! It’s as if they don’t believe the notion that the government is capable of, or even would dare to, spy on them. The concept of “Big Brother” has clearly become passé, a topic relegated to the realm of science fiction.
I think there are a few reasons for this apathy. Firstly, the subject matter may be dry or seem","{""do_sample"": true, ""temperature"": 1.0, ""top_p"": 0.95, ""top_k"": 50, ""repetition_penalty"": 1.0, ""max_new_tokens"": 128}"
kgw,3.0,0,1386,152,152,"Ubuntu 10.04 LTS Lucid Lynx is the latest Linux operating system from Canonical, aimed at consumers. It's free, but is ","Ubuntu 10.04 LTS Lucid Lynx is the latest Linux operating system from Canonical, aimed at consumers. It's free, but is 64-bit, which can cause issues with some hardware.
Ubuntu 10.04 LTS Lucid Lynx is the latest Linux operating system from Canonical, aimed at consumers. It's free, and is available for both 32-bit and 64-bit platforms. But, is the latest version worth upgrading to?
Ubuntu 10.04 LTS, codenamed Lucid Lynx, brings several significant changes to the distribution. In this article, we will look at the new features, changes, and what it means to upgrade.
New in Ubuntu 10.04 LTS:
There are several new features in Ubuntu 10.04 LTS:
","64-bit, which can cause issues with some hardware.
Ubuntu 10.04 LTS Lucid Lynx is the latest Linux operating system from Canonical, aimed at consumers. It's free, and is available for both 32-bit and 64-bit platforms. But, is the latest version worth upgrading to?
Ubuntu 10.04 LTS, codenamed Lucid Lynx, brings several significant changes to the distribution. In this article, we will look at the new features, changes, and what it means to upgrade.
New in Ubuntu 10.04 LTS:
There are several new features in Ubuntu 10.04 LTS:
","{""do_sample"": true, ""temperature"": 1.0, ""top_p"": 0.95, ""top_k"": 50, ""repetition_penalty"": 1.0, ""max_new_tokens"": 128}"
kgw,3.0,0,1388,154,154,"New York’s bike share really does attract way more commuters than tourists. Since its debut last year, New York City’s ","New York’s bike share really does attract way more commuters than tourists. Since its debut last year, New York City’s 24,000-strong bike fleet has experienced significant usage by people traveling to and from work, a new report reveals. According to data collected from the first year of Citi Bike (the bike share program is sponsored by Citi), commuters account for 75% of bike-share usage, while tourists make up just 5%.
The data collected over the past year, which spanned from May 2013 to May 2014, suggests that New Yorkers have indeed adopted the bike-share system to make their daily commutes more convenient and environmentally friendly. While tourists do take advantage of bike-sharing during their stay, it appears that the majority of","24,000-strong bike fleet has experienced significant usage by people traveling to and from work, a new report reveals. According to data collected from the first year of Citi Bike (the bike share program is sponsored by Citi), commuters account for 75% of bike-share usage, while tourists make up just 5%.
The data collected over the past year, which spanned from May 2013 to May 2014, suggests that New Yorkers have indeed adopted the bike-share system to make their daily commutes more convenient and environmentally friendly. While tourists do take advantage of bike-sharing during their stay, it appears that the majority of","{""do_sample"": true, ""temperature"": 1.0, ""top_p"": 0.95, ""top_k"": 50, ""repetition_penalty"": 1.0, ""max_new_tokens"": 128}"
kgw,3.0,0,1390,156,156,"On Jan. 15, nine of 12 members of the National Park System Advisory Board sent a letter to Interior Secretary ","On Jan. 15, nine of 12 members of the National Park System Advisory Board sent a letter to Interior Secretary  Deb Haaland  resigning from their positions. The board provides advice on the administration and management of national parks, wildlife refuges and other national conservation areas.

The resignations were prompted by a provision in the Omnibus Public Land Management Act of 2009 that requires the secretary to ""take into account"" the board's advice when making decisions, but does not require adherence to it. The board members argued that this provision renders the board ineffective, as it cannot ensure its recommendations are implemented.

The resigning members included:

• Dr. Julie Dodd, Chair, National Park System Advisory Board
• Robert G. Anderson"," Deb Haaland  resigning from their positions. The board provides advice on the administration and management of national parks, wildlife refuges and other national conservation areas.

The resignations were prompted by a provision in the Omnibus Public Land Management Act of 2009 that requires the secretary to ""take into account"" the board's advice when making decisions, but does not require adherence to it. The board members argued that this provision renders the board ineffective, as it cannot ensure its recommendations are implemented.

The resigning members included:

• Dr. Julie Dodd, Chair, National Park System Advisory Board
• Robert G. Anderson","{""do_sample"": true, ""temperature"": 1.0, ""top_p"": 0.95, ""top_k"": 50, ""repetition_penalty"": 1.0, ""max_new_tokens"": 128}"
kgw,3.0,0,1392,158,158,"October 30, 2017  Mancari offers stories of wandering and homecoming, colored by a determination to live, artistically, beyond the ","October 30, 2017  Mancari offers stories of wandering and homecoming, colored by a determination to live, artistically, beyond the 3:15 p.m. quitting time.
September 11, 2017  The award-winning musician, singer and songwriter's 10th album, ""I'll Never Get Out of This World Alive,"" explores themes of mortality, family, love and the search for meaning.
May 9, 2017  The award-winning musician, singer and songwriter's 10th album, ""I'll Never Get Out of This World Alive,"" explores themes of mortality, family, love and the search for meaning.
May 15, 2017  In his album ""Lamentations"", Peter Mulvey's songs tackle","3:15 p.m. quitting time.
September 11, 2017  The award-winning musician, singer and songwriter's 10th album, ""I'll Never Get Out of This World Alive,"" explores themes of mortality, family, love and the search for meaning.
May 9, 2017  The award-winning musician, singer and songwriter's 10th album, ""I'll Never Get Out of This World Alive,"" explores themes of mortality, family, love and the search for meaning.
May 15, 2017  In his album ""Lamentations"", Peter Mulvey's songs tackle","{""do_sample"": true, ""temperature"": 1.0, ""top_p"": 0.95, ""top_k"": 50, ""repetition_penalty"": 1.0, ""max_new_tokens"": 128}"
kgw,3.0,0,1394,160,160,"Since 2010, Microsoft has been working on a gaming display system so small that it wouldn't need to be sitting ","Since 2010, Microsoft has been working on a gaming display system so small that it wouldn't need to be sitting 6-8 feet away like a traditional TV. They aim to let gamers play with their screens close up, almost touching their nose. For instance, if you need to look up a strategy guide while playing a game, you can do so without having to get off your couch and walk away from the TV.

Microsoft has made significant progress in this area, with the development of a small, see-through ""optical combiner"" display that uses a micro-LED technology called a "" spatial light modulator (SLM)"".

Source: Engadget

https://www.engadget.com/2010/09/17/microsoft-working-on","6-8 feet away like a traditional TV. They aim to let gamers play with their screens close up, almost touching their nose. For instance, if you need to look up a strategy guide while playing a game, you can do so without having to get off your couch and walk away from the TV.

Microsoft has made significant progress in this area, with the development of a small, see-through ""optical combiner"" display that uses a micro-LED technology called a "" spatial light modulator (SLM)"".

Source: Engadget

https://www.engadget.com/2010/09/17/microsoft-working-on","{""do_sample"": true, ""temperature"": 1.0, ""top_p"": 0.95, ""top_k"": 50, ""repetition_penalty"": 1.0, ""max_new_tokens"": 128}"
kgw,3.0,0,1396,162,162,Dubai: The Dubai Financial Market (DFM) witnessed another round of selling on Monday as traders remained cautious ahead of a ,"Dubai: The Dubai Financial Market (DFM) witnessed another round of selling on Monday as traders remained cautious ahead of a 15% stake sale of Emirates National Oil Company (ENOC) which is expected to be launched on Tuesday.
The market capitalisation of the DFM decreased by Dh1.4 billion or 1.4% to reach Dh956.6 billion.
The trading volume increased by 23.6% to reach 133.1 million shares, while the value traded rose by 14.1% to Dh564.3 million.
The index fell by 1.1% to close at 2,354.46 points as 44 of the 54 listed stocks ended in the red.
Among the most actively traded stocks were","15% stake sale of Emirates National Oil Company (ENOC) which is expected to be launched on Tuesday.
The market capitalisation of the DFM decreased by Dh1.4 billion or 1.4% to reach Dh956.6 billion.
The trading volume increased by 23.6% to reach 133.1 million shares, while the value traded rose by 14.1% to Dh564.3 million.
The index fell by 1.1% to close at 2,354.46 points as 44 of the 54 listed stocks ended in the red.
Among the most actively traded stocks were","{""do_sample"": true, ""temperature"": 1.0, ""top_p"": 0.95, ""top_k"": 50, ""repetition_penalty"": 1.0, ""max_new_tokens"": 128}"
kgw,3.0,0,1398,164,164,"I didn’t notice, but I’ve been told George W, Bush delivered his latest speech smoothly, more so than most of ","I didn’t notice, but I’ve been told George W, Bush delivered his latest speech smoothly, more so than most of 2009.
In his speech today, Obama offered a compromise solution to the current crisis.
An agreement reached between Republican and Democratic leaders to implement a new budget framework includes a 10-1 ratio of spending cuts to tax breaks, and a temporary extension of the estate tax, as well as several key policy victories for the White House.
Under this framework, the estate tax will be extended to affect estates worth more than $1 million.
This is an important development, and it's a sign of the progress we can achieve when Democrats and Republicans work together.
He made his point, did he not?
Today, I want to talk to you","2009.
In his speech today, Obama offered a compromise solution to the current crisis.
An agreement reached between Republican and Democratic leaders to implement a new budget framework includes a 10-1 ratio of spending cuts to tax breaks, and a temporary extension of the estate tax, as well as several key policy victories for the White House.
Under this framework, the estate tax will be extended to affect estates worth more than $1 million.
This is an important development, and it's a sign of the progress we can achieve when Democrats and Republicans work together.
He made his point, did he not?
Today, I want to talk to you","{""do_sample"": true, ""temperature"": 1.0, ""top_p"": 0.95, ""top_k"": 50, ""repetition_penalty"": 1.0, ""max_new_tokens"": 128}"
kgw,3.0,0,1400,166,166,Seven-Year-Old Florida Boy Swallows Grill! This 7-year-old boy became the latest victim of hip-hop culture – as he was rushed ,"Seven-Year-Old Florida Boy Swallows Grill! This 7-year-old boy became the latest victim of hip-hop culture – as he was rushed  to a Florida ER after accidentally swallowing a grill!  Talk about a hot summer incident!  So, this boy's parents were trying to get him to play some basketball when he apparently got too close to... Read More
When Hip-Hop Goes Too Far: 3 Shocking Stories
When Hip-Hop Goes Too Far: 3 Shocking Stories
When Hip-Hop Goes Too Far: 3 Shocking Stories Hip-hop culture has always pushed boundaries, but sometimes it goes too far! Here are three shocking stories that......Read More
Losing It: When Social Media Becomes Too Much!
L"," to a Florida ER after accidentally swallowing a grill!  Talk about a hot summer incident!  So, this boy's parents were trying to get him to play some basketball when he apparently got too close to... Read More
When Hip-Hop Goes Too Far: 3 Shocking Stories
When Hip-Hop Goes Too Far: 3 Shocking Stories
When Hip-Hop Goes Too Far: 3 Shocking Stories Hip-hop culture has always pushed boundaries, but sometimes it goes too far! Here are three shocking stories that......Read More
Losing It: When Social Media Becomes Too Much!
L","{""do_sample"": true, ""temperature"": 1.0, ""top_p"": 0.95, ""top_k"": 50, ""repetition_penalty"": 1.0, ""max_new_tokens"": 128}"
kgw,3.0,0,1402,168,168,"Plan B has announced a nationwide UK tour this autumn. The rapper-turned-singer, who scored a UK Number One album with ","Plan B has announced a nationwide UK tour this autumn. The rapper-turned-singer, who scored a UK Number One album with 2006's ""Who Needs Action?!, will bring his latest album, ""Straydog"", to a theatre near you.
The ""Straydog Tour"", which kicks off on September 29th, promises to showcase a more introspective and soulful Plan B, who recently stated in a NME interview: ""My new album is more introspective, it's more me, it's more honest. It's like the layers of the onion, and people are going to see a different side to me.""
Support acts for the tour have yet to be announced, but we're told to expect some special guests to join Plan B","2006's ""Who Needs Action?!, will bring his latest album, ""Straydog"", to a theatre near you.
The ""Straydog Tour"", which kicks off on September 29th, promises to showcase a more introspective and soulful Plan B, who recently stated in a NME interview: ""My new album is more introspective, it's more me, it's more honest. It's like the layers of the onion, and people are going to see a different side to me.""
Support acts for the tour have yet to be announced, but we're told to expect some special guests to join Plan B","{""do_sample"": true, ""temperature"": 1.0, ""top_p"": 0.95, ""top_k"": 50, ""repetition_penalty"": 1.0, ""max_new_tokens"": 128}"
kgw,3.0,0,1404,170,170,"Do as I did, started my own business and see how much work it takes and then go from there. ","Do as I did, started my own business and see how much work it takes and then go from there. 1. We also have a list of requirements for each job to get an idea about the work load, skill required and so many things. To create an effective work breakdown structure, follow these steps: Step 1: Identify the goal or objective of the project. With this information, you can create a detailed plan for your work, set realistic deadlines and expectations, and prioritize your tasks accordingly. Do not forget to ask your colleagues or seniors who have experienced something similar in the past.
Breakdown the task into smaller tasks and assign the tasks to the person who is most skilled to complete them. Your approach of having a checklist helps in organizing","1. We also have a list of requirements for each job to get an idea about the work load, skill required and so many things. To create an effective work breakdown structure, follow these steps: Step 1: Identify the goal or objective of the project. With this information, you can create a detailed plan for your work, set realistic deadlines and expectations, and prioritize your tasks accordingly. Do not forget to ask your colleagues or seniors who have experienced something similar in the past.
Breakdown the task into smaller tasks and assign the tasks to the person who is most skilled to complete them. Your approach of having a checklist helps in organizing","{""do_sample"": true, ""temperature"": 1.0, ""top_p"": 0.95, ""top_k"": 50, ""repetition_penalty"": 1.0, ""max_new_tokens"": 128}"
kgw,3.0,0,1406,172,172,"A large, brand-new movie studio in Palm Beach County already has a potential box-office hit. Twentieth Century Fox will film ","A large, brand-new movie studio in Palm Beach County already has a potential box-office hit. Twentieth Century Fox will film 11 episodes of the new series ""Red Band Society"" at the Okeeheelee Studios, which opened last year.
The show, a drama about a group of teenagers living together in a hospital's pediatric ward, will start shooting its first season in June and is set to premiere this fall. It features an all-new cast, including octuplet mom Nadya Suleman's daughter, Noa Holt.
The studio's owner, Jayne Greco, said in a statement that she is excited to be working with Twentieth Century Fox on the new series. ""We are thrilled to bring this new and exciting show to the","11 episodes of the new series ""Red Band Society"" at the Okeeheelee Studios, which opened last year.
The show, a drama about a group of teenagers living together in a hospital's pediatric ward, will start shooting its first season in June and is set to premiere this fall. It features an all-new cast, including octuplet mom Nadya Suleman's daughter, Noa Holt.
The studio's owner, Jayne Greco, said in a statement that she is excited to be working with Twentieth Century Fox on the new series. ""We are thrilled to bring this new and exciting show to the","{""do_sample"": true, ""temperature"": 1.0, ""top_p"": 0.95, ""top_k"": 50, ""repetition_penalty"": 1.0, ""max_new_tokens"": 128}"
kgw,3.0,0,1408,174,174,Bengaluru — Gold prices rose on Thursday as the growing expectation that the US Federal Reserve will pause its rate ,"Bengaluru — Gold prices rose on Thursday as the growing expectation that the US Federal Reserve will pause its rate ıncrease cycle in coming months supported the metal, while concerns over Brexit and fresh trade tensions between the US and China also lifted demand. Spot gold was up 0.3% at $1,295.80 per ounce, having earlier touched its highest level since June 24.
US gold futures were up 0.5% at $1,295.50 per ounce.
“Expectation that the Fed might pause rate hikes has increased, and gold is benefiting from the uncertainty in the markets, which makes the haven asset more appealing,” said David Meger, director of precious metals trading at HVNT.
Britain and the EU began","ıncrease cycle in coming months supported the metal, while concerns over Brexit and fresh trade tensions between the US and China also lifted demand. Spot gold was up 0.3% at $1,295.80 per ounce, having earlier touched its highest level since June 24.
US gold futures were up 0.5% at $1,295.50 per ounce.
“Expectation that the Fed might pause rate hikes has increased, and gold is benefiting from the uncertainty in the markets, which makes the haven asset more appealing,” said David Meger, director of precious metals trading at HVNT.
Britain and the EU began","{""do_sample"": true, ""temperature"": 1.0, ""top_p"": 0.95, ""top_k"": 50, ""repetition_penalty"": 1.0, ""max_new_tokens"": 128}"
kgw,3.0,0,1410,176,176,"After your business is up and running, your focus naturally shifts to increasing efficiency. The small things you do to ","After your business is up and running, your focus naturally shifts to increasing efficiency. The small things you do to 24/7 support your customers, improve processes, and make data analysis simpler could mean a big difference in the long term. So, without further ado, let's dive into the ultimate checklist for small business efficiency.
1. Implement Process Automation
Streamline repetitive tasks and manual workflows using workflow automation software or tools. This can save you and your team valuable time and energy.
2. Invest in Productivity Software
Choose a project management tool to manage your team, projects, and tasks effectively. This will help reduce confusion and keep everyone on the same page.
3. Create SOPs for Daily Operations
Standardize your daily operations to ensure","24/7 support your customers, improve processes, and make data analysis simpler could mean a big difference in the long term. So, without further ado, let's dive into the ultimate checklist for small business efficiency.
1. Implement Process Automation
Streamline repetitive tasks and manual workflows using workflow automation software or tools. This can save you and your team valuable time and energy.
2. Invest in Productivity Software
Choose a project management tool to manage your team, projects, and tasks effectively. This will help reduce confusion and keep everyone on the same page.
3. Create SOPs for Daily Operations
Standardize your daily operations to ensure","{""do_sample"": true, ""temperature"": 1.0, ""top_p"": 0.95, ""top_k"": 50, ""repetition_penalty"": 1.0, ""max_new_tokens"": 128}"
kgw,3.0,0,1412,178,178,"(Trinidad Guardian) It has been 42 days since Gan­gad­har Hanooman, 49, has been miss­ing and rel­a­tives in re­new­ing their calls ","(Trinidad Guardian) It has been 42 days since Gan­gad­har Hanooman, 49, has been miss­ing and rel­a­tives in re­new­ing their calls  for the pro­tec­tion of in­di­gent Trinidad and Tobago na­tion­als in the Unit­ed States of Amer­ica (US).

Hanooman, a cit­i­zen and re­sident of the USA, left his resid­ence in Brook­lyn, New York, on June 21 to vis­it his sis­ter in Florida, but has not been seen or heard from since.

His sis­ter, who has been lead­ing the search ef­forts, told the T&T Guardian yes­ter­day, that the fam­i­ly is be­com­ing"," for the pro­tec­tion of in­di­gent Trinidad and Tobago na­tion­als in the Unit­ed States of Amer­ica (US).

Hanooman, a cit­i­zen and re­sident of the USA, left his resid­ence in Brook­lyn, New York, on June 21 to vis­it his sis­ter in Florida, but has not been seen or heard from since.

His sis­ter, who has been lead­ing the search ef­forts, told the T&T Guardian yes­ter­day, that the fam­i­ly is be­com­ing","{""do_sample"": true, ""temperature"": 1.0, ""top_p"": 0.95, ""top_k"": 50, ""repetition_penalty"": 1.0, ""max_new_tokens"": 128}"
kgw,3.0,0,1414,180,180,"Maureen Hancock is an internationally renowned Spirit Medium, intuitive, teacher, lecturer, Holistic Healer, and author of the bestselling book, “The ","Maureen Hancock is an internationally renowned Spirit Medium, intuitive, teacher, lecturer, Holistic Healer, and author of the bestselling book, “The 10 Things I Wish I’d Known About The Ghost World Before Becoming One Of Them”. Hancock’s work and reputation have been featured in various media outlets such as CBS News, FOX News, The Oprah Magazine, The Boston Globe, and numerous other national and international publications. As a medium, Hancock connects with loved ones on the other side, delivering critical information to those in need of closure and guidance. She also helps individuals grow spiritually, encouraging them to tap into their own power and inner wisdom.
The concept of the afterlife varies across cultures and religions; however, Maureen Hancock offers a fresh perspective, drawing from her years of research and","10 Things I Wish I’d Known About The Ghost World Before Becoming One Of Them”. Hancock’s work and reputation have been featured in various media outlets such as CBS News, FOX News, The Oprah Magazine, The Boston Globe, and numerous other national and international publications. As a medium, Hancock connects with loved ones on the other side, delivering critical information to those in need of closure and guidance. She also helps individuals grow spiritually, encouraging them to tap into their own power and inner wisdom.
The concept of the afterlife varies across cultures and religions; however, Maureen Hancock offers a fresh perspective, drawing from her years of research and","{""do_sample"": true, ""temperature"": 1.0, ""top_p"": 0.95, ""top_k"": 50, ""repetition_penalty"": 1.0, ""max_new_tokens"": 128}"
kgw,3.0,0,1416,182,182,"Samoas and Thin Mints and Tagalongs, oh my! It's time to celebrate those little cookies that make diets shut right ","Samoas and Thin Mints and Tagalongs, oh my! It's time to celebrate those little cookies that make diets shut right 6 months of the year.
The official Girl Scout Cookie program is underway, with the iconic treats available now through March 22 in many areas.
This year's lineup includes six classic flavors, each with its own unique twist:
1. Samoas: The classic caramel-coated cookie topped with toasted coconut and sprinkles.
2. Thin Mints: The chocolate mint cookies that start the obsession early.
3. Tagalongs: The peanut butter cookie with a milk chocolate coating.
4. Do-si-dos: The peanut butter sandwich cookie with a chocolate coating.
5. Trefoil: The shortbread-like cookie with a hint","6 months of the year.
The official Girl Scout Cookie program is underway, with the iconic treats available now through March 22 in many areas.
This year's lineup includes six classic flavors, each with its own unique twist:
1. Samoas: The classic caramel-coated cookie topped with toasted coconut and sprinkles.
2. Thin Mints: The chocolate mint cookies that start the obsession early.
3. Tagalongs: The peanut butter cookie with a milk chocolate coating.
4. Do-si-dos: The peanut butter sandwich cookie with a chocolate coating.
5. Trefoil: The shortbread-like cookie with a hint","{""do_sample"": true, ""temperature"": 1.0, ""top_p"": 0.95, ""top_k"": 50, ""repetition_penalty"": 1.0, ""max_new_tokens"": 128}"
kgw,3.0,0,1418,184,184,"If it were ever possible to cram all the glittering boy-meets-girl, high-school-love-story stereotypes into one movie, A Cinderella Story does ","If it were ever possible to cram all the glittering boy-meets-girl, high-school-love-story stereotypes into one movie, A Cinderella Story does 99.9% of it.
This ""comedy-romance"" has a healthy dose of Mean Girls'squeezing-in-to-jeans"", as the protagonist, Samantha ""Sam"" Montgomery, played by Hilary Duff, uses magic (AKA mom's old credit cards) to buy a prom dress that will change her life.
Enter our leading (handsome, of course) man, Austin Ames, played by Chad Michael Murray. Austin's the star football player who falls in love with Sam, or should I say, her alter ego, ""Amy Spencer"", as Sam's computer-savvy skills allow","99.9% of it.
This ""comedy-romance"" has a healthy dose of Mean Girls'squeezing-in-to-jeans"", as the protagonist, Samantha ""Sam"" Montgomery, played by Hilary Duff, uses magic (AKA mom's old credit cards) to buy a prom dress that will change her life.
Enter our leading (handsome, of course) man, Austin Ames, played by Chad Michael Murray. Austin's the star football player who falls in love with Sam, or should I say, her alter ego, ""Amy Spencer"", as Sam's computer-savvy skills allow","{""do_sample"": true, ""temperature"": 1.0, ""top_p"": 0.95, ""top_k"": 50, ""repetition_penalty"": 1.0, ""max_new_tokens"": 128}"
kgw,3.0,0,1420,186,186,Readers may be familiar with the fundamental changes that took place in the Roman world as it converted from paganism ,"Readers may be familiar with the fundamental changes that took place in the Roman world as it converted from paganism  to Christianity in the 4th to 6th centuries CE. One of the most striking changes was in funerary practices, as pagans gave way to the belief in an afterlife and the Christian emphasis on baptism and resurrection.

Prior to the Christianization of the Roman world, death was seen as the end of life, with no possibility of an afterlife or judgment. The deceased were buried with goods and offerings to ensure a happy afterlife, known as the ‘Felix Infernum’. The ancient Roman funeral was a grand affair, involving processions, sacrifices, and feasting.

With the rise of Christianity, death"," to Christianity in the 4th to 6th centuries CE. One of the most striking changes was in funerary practices, as pagans gave way to the belief in an afterlife and the Christian emphasis on baptism and resurrection.

Prior to the Christianization of the Roman world, death was seen as the end of life, with no possibility of an afterlife or judgment. The deceased were buried with goods and offerings to ensure a happy afterlife, known as the ‘Felix Infernum’. The ancient Roman funeral was a grand affair, involving processions, sacrifices, and feasting.

With the rise of Christianity, death","{""do_sample"": true, ""temperature"": 1.0, ""top_p"": 0.95, ""top_k"": 50, ""repetition_penalty"": 1.0, ""max_new_tokens"": 128}"
kgw,3.0,0,1422,188,188,"A spokesman for the Red Crescent, Mahmoud al-Saadi, said Israeli forces opened fire on two young men who were traveling ","A spokesman for the Red Crescent, Mahmoud al-Saadi, said Israeli forces opened fire on two young men who were traveling 300 feet away from the fence, and they were unable to breach the border.
The latest fatalities bring the total number of Palestinians killed at the Gaza-Israel border to over 130, with thousands more wounded, since the protests began on March 30.
The violence comes ahead of a major American-led conference on the Middle East in Bahrain next week, which will focus on ways to achieve peace and prosperity in the region through economic development, and is likely to be opposed by Palestinian groups.
Meanwhile, Gaza's Health Ministry has announced that it has launched a campaign to donate blood to aid the wounded Palestinians.
The ministry appealed to all donors, including international","300 feet away from the fence, and they were unable to breach the border.
The latest fatalities bring the total number of Palestinians killed at the Gaza-Israel border to over 130, with thousands more wounded, since the protests began on March 30.
The violence comes ahead of a major American-led conference on the Middle East in Bahrain next week, which will focus on ways to achieve peace and prosperity in the region through economic development, and is likely to be opposed by Palestinian groups.
Meanwhile, Gaza's Health Ministry has announced that it has launched a campaign to donate blood to aid the wounded Palestinians.
The ministry appealed to all donors, including international","{""do_sample"": true, ""temperature"": 1.0, ""top_p"": 0.95, ""top_k"": 50, ""repetition_penalty"": 1.0, ""max_new_tokens"": 128}"
kgw,3.0,0,1424,190,190,"Can Container Store Start 2015 on a Positive Note? In 2014, it was hard to find bad-performing stocks, as the ","Can Container Store Start 2015 on a Positive Note? In 2014, it was hard to find bad-performing stocks, as the 2014 market rally propelled many companies' stock prices higher. One exception, however, was Container Store (TCS) - Get Report. After going public in June 2013, TCS stock struggled to gain traction and ultimately declined by around 20% in 2014, as same-store sales growth faltered.
Will 2015 Be a Different Story?
On Thursday morning, TSC will release its fourth-quarter 2014 earnings report and first-quarter 2015 guidance. As we wait for the numbers, let's consider a few factors that could impact the stock in the near term:
  1. Sales trends:","2014 market rally propelled many companies' stock prices higher. One exception, however, was Container Store (TCS) - Get Report. After going public in June 2013, TCS stock struggled to gain traction and ultimately declined by around 20% in 2014, as same-store sales growth faltered.
Will 2015 Be a Different Story?
On Thursday morning, TSC will release its fourth-quarter 2014 earnings report and first-quarter 2015 guidance. As we wait for the numbers, let's consider a few factors that could impact the stock in the near term:
  1. Sales trends:","{""do_sample"": true, ""temperature"": 1.0, ""top_p"": 0.95, ""top_k"": 50, ""repetition_penalty"": 1.0, ""max_new_tokens"": 128}"
kgw,3.0,0,1426,192,192,Packed WonderCon panel brings out stars and exclusive sneak peeks. Footage shown at WonderCon reveals what iconic monster looks like ,"Packed WonderCon panel brings out stars and exclusive sneak peeks. Footage shown at WonderCon reveals what iconic monster looks like 30 feet tall.
Get ready for a Marvel-ous adventure! It was announced today that Marvel Studios' Black Widow, starring Scarlett Johansson, will hit theaters on May 1, 2020.
The latest Marvel Studios' movie, Captain Marvel, opens March 8, starring Brie Larson as Carol Danvers, a.k.a. Captain Marvel, alongside Samuel L.
It seems that Marvel fans are still reeling from the reveals made at SDCC. With a fresh wave of excitement after the Avengers: Endgame trailer and Spider-Man: Far From Home teases, the anticipation is palpable for what else is in store.
","30 feet tall.
Get ready for a Marvel-ous adventure! It was announced today that Marvel Studios' Black Widow, starring Scarlett Johansson, will hit theaters on May 1, 2020.
The latest Marvel Studios' movie, Captain Marvel, opens March 8, starring Brie Larson as Carol Danvers, a.k.a. Captain Marvel, alongside Samuel L.
It seems that Marvel fans are still reeling from the reveals made at SDCC. With a fresh wave of excitement after the Avengers: Endgame trailer and Spider-Man: Far From Home teases, the anticipation is palpable for what else is in store.
","{""do_sample"": true, ""temperature"": 1.0, ""top_p"": 0.95, ""top_k"": 50, ""repetition_penalty"": 1.0, ""max_new_tokens"": 128}"
kgw,3.0,0,1428,194,194,10 diversity items for June 29: Unemployment up in most U.S. cities; Pew report shows diversity of U.S. Hispanics and ,"10 diversity items for June 29: Unemployment up in most U.S. cities; Pew report shows diversity of U.S. Hispanics and 9 other news items
Here are 10 diversity and inclusion news items for June 29:
Unemployment rate increases in most U.S. cities, except Detroit, which sees largest decrease - The Wall Street Journal
A new report shows that the U.S. unemployment rate increased in 87% of U.S. cities between May and June, except for Detroit, which had the largest decrease in unemployment.
Hispanics in the United States: Facts and figures - Pew Research Center
The Pew Research Center released a new report highlighting the diversity of Hispanics in the U.S., including their language, education, income, and employment levels.
Netflix","9 other news items
Here are 10 diversity and inclusion news items for June 29:
Unemployment rate increases in most U.S. cities, except Detroit, which sees largest decrease - The Wall Street Journal
A new report shows that the U.S. unemployment rate increased in 87% of U.S. cities between May and June, except for Detroit, which had the largest decrease in unemployment.
Hispanics in the United States: Facts and figures - Pew Research Center
The Pew Research Center released a new report highlighting the diversity of Hispanics in the U.S., including their language, education, income, and employment levels.
Netflix","{""do_sample"": true, ""temperature"": 1.0, ""top_p"": 0.95, ""top_k"": 50, ""repetition_penalty"": 1.0, ""max_new_tokens"": 128}"
kgw,3.0,0,1430,196,196,"Urban, born Jacques Pantaléon in Troyes c. 1200, was elected to the papacy in 1261. He studied canon law at ","Urban, born Jacques Pantaléon in Troyes c. 1200, was elected to the papacy in 1261. He studied canon law at 16 and later became an advocate in the papal Curia. He became a papal diplomat, serving in numerous diplomatic capacities before ascending to the papacy.
As a reform-minded pope, Urban V aimed to implement the decrees of the Third Lateran Council (1179) and the Fourth Lateran Council (1215), which called for ecclesiastical reforms. He sought to curb the power of the Roman nobility and promote the independence of the papacy. Urban V also supported the establishment of monastic schools and universities, promoting a revival of classical learning.
Urban V was a strong supporter of the University of Paris, establishing","16 and later became an advocate in the papal Curia. He became a papal diplomat, serving in numerous diplomatic capacities before ascending to the papacy.
As a reform-minded pope, Urban V aimed to implement the decrees of the Third Lateran Council (1179) and the Fourth Lateran Council (1215), which called for ecclesiastical reforms. He sought to curb the power of the Roman nobility and promote the independence of the papacy. Urban V also supported the establishment of monastic schools and universities, promoting a revival of classical learning.
Urban V was a strong supporter of the University of Paris, establishing","{""do_sample"": true, ""temperature"": 1.0, ""top_p"": 0.95, ""top_k"": 50, ""repetition_penalty"": 1.0, ""max_new_tokens"": 128}"
kgw,3.0,0,1432,198,198,"AMC Networks Earnings Beat Estimates, CEO Says 'Walking Dead' Franchise ""Will Have a Long Life"" AMC Networks on Thursday reported ","AMC Networks Earnings Beat Estimates, CEO Says 'Walking Dead' Franchise ""Will Have a Long Life"" AMC Networks on Thursday reported 2nd-quarter earnings that beat analysts' expectations, driven by the success of its cable networks and a strong showing from its movie operations. In a post-earnings call, CEO Josh Sapan said the ""The Walking Dead"" franchise will continue to thrive. Here are some highlights from the earnings release and the call:
Total operating income reached $206.6 million, up 34.5% from the same period last year. Net income increased 44.3% to $71.9 million.
Advertising revenue rose 18.4% to $141.8 million, due in part to strong ad demand across its networks,","2nd-quarter earnings that beat analysts' expectations, driven by the success of its cable networks and a strong showing from its movie operations. In a post-earnings call, CEO Josh Sapan said the ""The Walking Dead"" franchise will continue to thrive. Here are some highlights from the earnings release and the call:
Total operating income reached $206.6 million, up 34.5% from the same period last year. Net income increased 44.3% to $71.9 million.
Advertising revenue rose 18.4% to $141.8 million, due in part to strong ad demand across its networks,","{""do_sample"": true, ""temperature"": 1.0, ""top_p"": 0.95, ""top_k"": 50, ""repetition_penalty"": 1.0, ""max_new_tokens"": 128}"
