algo,device,model_path,unbiased_config,seed,prompt_id,c4_source_path,c4_source_line,prompt_text,c4_source_head,full_text,continuation_text,gen_params_json
unbiased,cuda:1,../Meta-Llama-3-8B-Instruct,config/Unbiased.json,1235,1,,-1,"""Whoever gets him, they'll be getting a good one,"" David Montgomery said. INDIANAPOLIS — Hakeem Butler has been surrounded by ",,"""Whoever gets him, they'll be getting a good one,"" David Montgomery said. INDIANAPOLIS — Hakeem Butler has been surrounded by 12. A lot of 12s. He's had a dozen offers from various agents. He's been talking to a dozen teams. The first-round prospect from Iowa State...
Hakeem Butler's decision to stay in school a year too long might actually pay off in the long run. The receiver from Iowa State has been flying up draft boards after a strong Combine performance, and he could now be a first-round pick. In fact, Ian Rapoport of NFL Network reports that... The post Hakeem Butler could be a...
Iowa State's Hakeem Butler had a big game in the Cyclones' bowl win","12. A lot of 12s. He's had a dozen offers from various agents. He's been talking to a dozen teams. The first-round prospect from Iowa State...
Hakeem Butler's decision to stay in school a year too long might actually pay off in the long run. The receiver from Iowa State has been flying up draft boards after a strong Combine performance, and he could now be a first-round pick. In fact, Ian Rapoport of NFL Network reports that... The post Hakeem Butler could be a...
Iowa State's Hakeem Butler had a big game in the Cyclones' bowl win","{""do_sample"": true, ""temperature"": 1.0, ""top_p"": 0.95, ""top_k"": 50, ""repetition_penalty"": 1.0, ""max_new_tokens"": 128}"
unbiased,cuda:1,../Meta-Llama-3-8B-Instruct,config/Unbiased.json,1237,3,,-1,The Arlington County Board plans to vote Saturday afternoon on giving Amazon $23 million and other incentives to build a ,,"The Arlington County Board plans to vote Saturday afternoon on giving Amazon $23 million and other incentives to build a 1.2 million square-foot delivery hub at the Pentagon City Mall.
The vote will take place at the County Board meeting scheduled to start at 1 p.m. at the Arlington County Office Building, located at 2100 Clarendon Blvd.

The deal, which has been months in the making, would provide Amazon with a significant economic boost, including:

* A $23 million cash grant from the County’s Economic Development Authority
* A 75% property tax abatement for the first 10 years of the project
* A 50% property tax abatement for an additional 5 years
* Infrastructure improvements,","1.2 million square-foot delivery hub at the Pentagon City Mall.
The vote will take place at the County Board meeting scheduled to start at 1 p.m. at the Arlington County Office Building, located at 2100 Clarendon Blvd.

The deal, which has been months in the making, would provide Amazon with a significant economic boost, including:

* A $23 million cash grant from the County’s Economic Development Authority
* A 75% property tax abatement for the first 10 years of the project
* A 50% property tax abatement for an additional 5 years
* Infrastructure improvements,","{""do_sample"": true, ""temperature"": 1.0, ""top_p"": 0.95, ""top_k"": 50, ""repetition_penalty"": 1.0, ""max_new_tokens"": 128}"
unbiased,cuda:1,../Meta-Llama-3-8B-Instruct,config/Unbiased.json,1239,5,,-1,The Hawaii man who was fired after issuing the false ballistic missile alert in mid-January told reporters Friday that he ,,"The Hawaii man who was fired after issuing the false ballistic missile alert in mid-January told reporters Friday that he  felt a great sense of relief when the alert was finally recalled and that he was ""crushed"" by the negative feedback.
""I felt a sense of relief because I didn't have to carry that weight anymore, and I knew that the emergency management officials were handling the situation,"" Mr. Misao, a civilian worker at the Hawaii Emergency Management Agency (HI-EMA), said. ""But at the same time, I was also crushed by the negative feedback. I didn't expect it to be that harsh.""
Mr. Misao, who did not provide his full name, said he was the only person who received the false alarm,"," felt a great sense of relief when the alert was finally recalled and that he was ""crushed"" by the negative feedback.
""I felt a sense of relief because I didn't have to carry that weight anymore, and I knew that the emergency management officials were handling the situation,"" Mr. Misao, a civilian worker at the Hawaii Emergency Management Agency (HI-EMA), said. ""But at the same time, I was also crushed by the negative feedback. I didn't expect it to be that harsh.""
Mr. Misao, who did not provide his full name, said he was the only person who received the false alarm,","{""do_sample"": true, ""temperature"": 1.0, ""top_p"": 0.95, ""top_k"": 50, ""repetition_penalty"": 1.0, ""max_new_tokens"": 128}"
unbiased,cuda:1,../Meta-Llama-3-8B-Instruct,config/Unbiased.json,1241,7,,-1,"A version of this article appeared in the print edition of The Daily Star on July 12, 2018, on page ",,"A version of this article appeared in the print edition of The Daily Star on July 12, 2018, on page 15.
BEIRUT: On a sweltering summer day, a group of Syrian refugees gathered in the parking lot of a Beirut church to receive vital assistance.
The refugees, mostly women and children, had fled their war-torn homeland in search of a better life in Lebanon. But despite their best efforts, they often struggle to make ends meet, forced to rely on the kindness of strangers for basic necessities like food and medicine.
That's where Father Samaan Massar, a Catholic priest from the nearby Church of St. Anthony, comes in.
For years, Father Massar has dedicated himself to helping the Syrian refugee community in","15.
BEIRUT: On a sweltering summer day, a group of Syrian refugees gathered in the parking lot of a Beirut church to receive vital assistance.
The refugees, mostly women and children, had fled their war-torn homeland in search of a better life in Lebanon. But despite their best efforts, they often struggle to make ends meet, forced to rely on the kindness of strangers for basic necessities like food and medicine.
That's where Father Samaan Massar, a Catholic priest from the nearby Church of St. Anthony, comes in.
For years, Father Massar has dedicated himself to helping the Syrian refugee community in","{""do_sample"": true, ""temperature"": 1.0, ""top_p"": 0.95, ""top_k"": 50, ""repetition_penalty"": 1.0, ""max_new_tokens"": 128}"
unbiased,cuda:1,../Meta-Llama-3-8B-Instruct,config/Unbiased.json,1243,9,,-1,"After Kevin’s horrific leg injury, everyone is asking: will he ever play basketball again? Dr. Glashow, co-chief of sports medicine ",,"After Kevin’s horrific leg injury, everyone is asking: will he ever play basketball again? Dr. Glashow, co-chief of sports medicine  at Hospital for Special Surgery, weighs in on Kevin Durant’s recovery and whether he’ll return to the court.
Dr. David Glashow, Hospital for Special Surgery
""So, first of all, it's unfortunate for Kevin Durant to have suffered such a severe injury. The good news is that it's treatable, and with proper rehabilitation, he has a good chance of returning to full function. The injury is a ruptured Achilles tendon, which is a common injury, especially in basketball players. It's often associated with significant swelling, pain, and limited mobility.

The initial treatment for this type of injury is usually a series of"," at Hospital for Special Surgery, weighs in on Kevin Durant’s recovery and whether he’ll return to the court.
Dr. David Glashow, Hospital for Special Surgery
""So, first of all, it's unfortunate for Kevin Durant to have suffered such a severe injury. The good news is that it's treatable, and with proper rehabilitation, he has a good chance of returning to full function. The injury is a ruptured Achilles tendon, which is a common injury, especially in basketball players. It's often associated with significant swelling, pain, and limited mobility.

The initial treatment for this type of injury is usually a series of","{""do_sample"": true, ""temperature"": 1.0, ""top_p"": 0.95, ""top_k"": 50, ""repetition_penalty"": 1.0, ""max_new_tokens"": 128}"
unbiased,cuda:1,../Meta-Llama-3-8B-Instruct,config/Unbiased.json,1245,11,,-1,University of Utah track and field athlete Lauren McCluskey was found shot dead Monday night in the backseat of a ,,"University of Utah track and field athlete Lauren McCluskey was found shot dead Monday night in the backseat of a 2014 Chevrolet Malibu parked near her apartment complex in Salt Lake City, according to police and reports.
UHP officers arrived at the scene around 9:30 p.m. to find McCluskey, 21, unresponsive in the car. She was pronounced dead at the scene, according to a release from the Salt Lake City Police Department.
Lauren McCluskey was a 21-year-old student athlete, sprinter and distance runner. She was shot and killed in her car near her apartment complex in Salt Lake City, Utah.
Lauren McCluskey was a 21-year-old student athlete, sprinter and distance","2014 Chevrolet Malibu parked near her apartment complex in Salt Lake City, according to police and reports.
UHP officers arrived at the scene around 9:30 p.m. to find McCluskey, 21, unresponsive in the car. She was pronounced dead at the scene, according to a release from the Salt Lake City Police Department.
Lauren McCluskey was a 21-year-old student athlete, sprinter and distance runner. She was shot and killed in her car near her apartment complex in Salt Lake City, Utah.
Lauren McCluskey was a 21-year-old student athlete, sprinter and distance","{""do_sample"": true, ""temperature"": 1.0, ""top_p"": 0.95, ""top_k"": 50, ""repetition_penalty"": 1.0, ""max_new_tokens"": 128}"
unbiased,cuda:1,../Meta-Llama-3-8B-Instruct,config/Unbiased.json,1247,13,,-1,"The location of the July 15, 2002 flare is shown at left. The other panels compare the scale of Earth ",,"The location of the July 15, 2002 flare is shown at left. The other panels compare the scale of Earth 1 with the X-ray and gamma-ray sources detected by the Chandra X-ray Observatory (bottom) and the Compton Gamma Ray Observatory (top). The scale of Earth 1 is roughly 100 miles (160 kilometers) across.
NASA's Chandra X-ray Observatory and the Compton Gamma Ray Observatory have captured images of a massive solar flare in X-rays and gamma-rays, respectively. The flare occurred on July 15, 2002, and is seen erupting from the Sun at the left in the image. The blue color represents X-ray emission detected by Chandra, while the red color represents gamma-ray emission detected by the","1 with the X-ray and gamma-ray sources detected by the Chandra X-ray Observatory (bottom) and the Compton Gamma Ray Observatory (top). The scale of Earth 1 is roughly 100 miles (160 kilometers) across.
NASA's Chandra X-ray Observatory and the Compton Gamma Ray Observatory have captured images of a massive solar flare in X-rays and gamma-rays, respectively. The flare occurred on July 15, 2002, and is seen erupting from the Sun at the left in the image. The blue color represents X-ray emission detected by Chandra, while the red color represents gamma-ray emission detected by the","{""do_sample"": true, ""temperature"": 1.0, ""top_p"": 0.95, ""top_k"": 50, ""repetition_penalty"": 1.0, ""max_new_tokens"": 128}"
unbiased,cuda:1,../Meta-Llama-3-8B-Instruct,config/Unbiased.json,1249,15,,-1,"Larry checks in with KPCC reporter Sharon McNary, who’s been hitting up several polling stations in Orange County and Los ",,"Larry checks in with KPCC reporter Sharon McNary, who’s been hitting up several polling stations in Orange County and Los  more »
By Sharon McNary, KPCC
ORANGE COUNTY (KPCC) — Election Day is here and voters in Orange County are casting their ballots. KPCC reporter Sharon McNary has been visiting several polling stations across the county and found a mix of excitement and enthusiasm.
At the O.C. Fair and Event Center in Costa Mesa, volunteers handed out flags and campaign buttons to passersby. ""Vote yes on Measure V!"" shouted one volunteer, referencing the ballot measure that would establish a new sales tax for transportation projects.
Outside the polling station in Irvine's University Town Center, voter Christine Lee said she's excited to cast"," more »
By Sharon McNary, KPCC
ORANGE COUNTY (KPCC) — Election Day is here and voters in Orange County are casting their ballots. KPCC reporter Sharon McNary has been visiting several polling stations across the county and found a mix of excitement and enthusiasm.
At the O.C. Fair and Event Center in Costa Mesa, volunteers handed out flags and campaign buttons to passersby. ""Vote yes on Measure V!"" shouted one volunteer, referencing the ballot measure that would establish a new sales tax for transportation projects.
Outside the polling station in Irvine's University Town Center, voter Christine Lee said she's excited to cast","{""do_sample"": true, ""temperature"": 1.0, ""top_p"": 0.95, ""top_k"": 50, ""repetition_penalty"": 1.0, ""max_new_tokens"": 128}"
unbiased,cuda:1,../Meta-Llama-3-8B-Instruct,config/Unbiased.json,1251,17,,-1,Health authorities in New Zealand said that about 200 passengers on the Dawn Princess ship became infected with the norovirus. ,,"Health authorities in New Zealand said that about 200 passengers on the Dawn Princess ship became infected with the norovirus. 600 passengers were on board the ship.
The ship, which was operated by Carnival Corporation's P&O Cruises Australia, docked in Auckland on Wednesday after it was forced to cancel its previous port of call in Australia due to the outbreak.
All passengers who fell ill were treated by the ship's medical staff and were in ""good condition,"" said New Zealand's Ministry of Health in a statement. No serious cases were reported, and no passengers were hospitalized.
The ship will remain docked in Auckland for the next few days to allow for a thorough cleaning and disinfection of the vessel.
Cruise ships are particularly vulnerable to norovirus","600 passengers were on board the ship.
The ship, which was operated by Carnival Corporation's P&O Cruises Australia, docked in Auckland on Wednesday after it was forced to cancel its previous port of call in Australia due to the outbreak.
All passengers who fell ill were treated by the ship's medical staff and were in ""good condition,"" said New Zealand's Ministry of Health in a statement. No serious cases were reported, and no passengers were hospitalized.
The ship will remain docked in Auckland for the next few days to allow for a thorough cleaning and disinfection of the vessel.
Cruise ships are particularly vulnerable to norovirus","{""do_sample"": true, ""temperature"": 1.0, ""top_p"": 0.95, ""top_k"": 50, ""repetition_penalty"": 1.0, ""max_new_tokens"": 128}"
unbiased,cuda:1,../Meta-Llama-3-8B-Instruct,config/Unbiased.json,1253,19,,-1,NEW YORK (AP) — Could the U.S. lose its top credit rating even if a deal is reached to raise ,,"NEW YORK (AP) — Could the U.S. lose its top credit rating even if a deal is reached to raise  the debt ceiling?
The answer is yes, though it's not a certainty. Moody's Investors Service, one of the major credit rating agencies, said Tuesday that the U.S. could still lose its top-rated Aaa credit rating even if Congress agrees to increase the debt ceiling.
Moody's analysts said they would consider factors such as the length of time it takes to raise the debt ceiling, the size of the increase and whether the deal includes measures to reduce the deficit or improve the nation's fiscal outlook.
""We would view a short-term solution as being less credit-positive than a more durable and sustainable solution that addresses the underlying drivers of"," the debt ceiling?
The answer is yes, though it's not a certainty. Moody's Investors Service, one of the major credit rating agencies, said Tuesday that the U.S. could still lose its top-rated Aaa credit rating even if Congress agrees to increase the debt ceiling.
Moody's analysts said they would consider factors such as the length of time it takes to raise the debt ceiling, the size of the increase and whether the deal includes measures to reduce the deficit or improve the nation's fiscal outlook.
""We would view a short-term solution as being less credit-positive than a more durable and sustainable solution that addresses the underlying drivers of","{""do_sample"": true, ""temperature"": 1.0, ""top_p"": 0.95, ""top_k"": 50, ""repetition_penalty"": 1.0, ""max_new_tokens"": 128}"
unbiased,cuda:1,../Meta-Llama-3-8B-Instruct,config/Unbiased.json,1255,21,,-1,"IHS Markit INFO, -0.02% a world leader in critical information, analytics and solutions, expanded its alternative data offering for asset ",,"IHS Markit INFO, -0.02% a world leader in critical information, analytics and solutions, expanded its alternative data offering for asset 2020-10-28 14:30:00
IHS Markit INFO, -0.02% a world leader in critical information, analytics and solutions, expanded its alternative data offering for asset managers, 2020-10-28 14:30:00
IHS Markit INFO, -0.02% a world leader in critical information, analytics and solutions, expanded its alternative data offering for asset managers, 2020-10-28 14:30:00
IHS Markit INFO, -0.02% a world leader in critical information, analytics and solutions, expanded its alternative","2020-10-28 14:30:00
IHS Markit INFO, -0.02% a world leader in critical information, analytics and solutions, expanded its alternative data offering for asset managers, 2020-10-28 14:30:00
IHS Markit INFO, -0.02% a world leader in critical information, analytics and solutions, expanded its alternative data offering for asset managers, 2020-10-28 14:30:00
IHS Markit INFO, -0.02% a world leader in critical information, analytics and solutions, expanded its alternative","{""do_sample"": true, ""temperature"": 1.0, ""top_p"": 0.95, ""top_k"": 50, ""repetition_penalty"": 1.0, ""max_new_tokens"": 128}"
unbiased,cuda:1,../Meta-Llama-3-8B-Instruct,config/Unbiased.json,1257,23,,-1,SOUND FORGE Audio Cleaning Lab can be used to record any sound you can hear on your computer - from ,,"SOUND FORGE Audio Cleaning Lab can be used to record any sound you can hear on your computer - from 16-bit stereo to 24-bit, 96 kHz surround sound. If you're recording a song, you can also use SOUND FORGE to edit the recording, by trimming the beginning and end, removing unwanted noise and static, and adjusting the level of the recording.
SOUND FORGE is also great for editing audio from video, and can be used to edit dialogue and sound effects from movie and video files.
SOUND FORGE allows you to adjust the levels, EQ, and compression of your audio tracks, which can really help improve the quality and clarity of your recordings. You can also use SOUND FORGE to create and edit audio","16-bit stereo to 24-bit, 96 kHz surround sound. If you're recording a song, you can also use SOUND FORGE to edit the recording, by trimming the beginning and end, removing unwanted noise and static, and adjusting the level of the recording.
SOUND FORGE is also great for editing audio from video, and can be used to edit dialogue and sound effects from movie and video files.
SOUND FORGE allows you to adjust the levels, EQ, and compression of your audio tracks, which can really help improve the quality and clarity of your recordings. You can also use SOUND FORGE to create and edit audio","{""do_sample"": true, ""temperature"": 1.0, ""top_p"": 0.95, ""top_k"": 50, ""repetition_penalty"": 1.0, ""max_new_tokens"": 128}"
unbiased,cuda:1,../Meta-Llama-3-8B-Instruct,config/Unbiased.json,1259,25,,-1,"President Donald Trump returned to Washington, DC on Monday for a very important event. It was not for a meeting ",,"President Donald Trump returned to Washington, DC on Monday for a very important event. It was not for a meeting  about climate change, a discussion about healthcare reform, or a press conference about Russian collusion. No, it was for something much more pressing.
President Trump returned to Washington, DC on Monday to... (wait for it)... award the Presidential Medal of Freedom to 2017 World Series Champion and Baseball Legend, Tony Gwynn.
Gwynn, who passed away in 2014, was a legendary baseball player who spent his entire 20-year career with the San Diego Padres. He was a five-time National League batting champion, a 15-time All-Star, and won eight Gold Glove Awards for his defensive prowess.
In"," about climate change, a discussion about healthcare reform, or a press conference about Russian collusion. No, it was for something much more pressing.
President Trump returned to Washington, DC on Monday to... (wait for it)... award the Presidential Medal of Freedom to 2017 World Series Champion and Baseball Legend, Tony Gwynn.
Gwynn, who passed away in 2014, was a legendary baseball player who spent his entire 20-year career with the San Diego Padres. He was a five-time National League batting champion, a 15-time All-Star, and won eight Gold Glove Awards for his defensive prowess.
In","{""do_sample"": true, ""temperature"": 1.0, ""top_p"": 0.95, ""top_k"": 50, ""repetition_penalty"": 1.0, ""max_new_tokens"": 128}"
unbiased,cuda:1,../Meta-Llama-3-8B-Instruct,config/Unbiased.json,1261,27,,-1,"ST. JOHNS COUNTY, Fla. - Commissioners in St. Johns County voted unanimously to postpone any legislative action against a localized ",,"ST. JOHNS COUNTY, Fla. - Commissioners in St. Johns County voted unanimously to postpone any legislative action against a localized 10-cent increase in the county's hotel and motel tax for the next three months.
The measure would have raised the tax from 4.5% to 4.6% on March 1. According to county officials, the additional revenue would be used to support infrastructure projects, such as road improvements and public safety initiatives.
Commissioners opted to delay action on the measure until June, saying they need more information on the county's budget and potential projects that could benefit from the increased revenue.
""This is just a temporary pause,"" said Commissioner Jeb Smith. ""We're not saying we're against the tax increase. We just want to make","10-cent increase in the county's hotel and motel tax for the next three months.
The measure would have raised the tax from 4.5% to 4.6% on March 1. According to county officials, the additional revenue would be used to support infrastructure projects, such as road improvements and public safety initiatives.
Commissioners opted to delay action on the measure until June, saying they need more information on the county's budget and potential projects that could benefit from the increased revenue.
""This is just a temporary pause,"" said Commissioner Jeb Smith. ""We're not saying we're against the tax increase. We just want to make","{""do_sample"": true, ""temperature"": 1.0, ""top_p"": 0.95, ""top_k"": 50, ""repetition_penalty"": 1.0, ""max_new_tokens"": 128}"
unbiased,cuda:1,../Meta-Llama-3-8B-Instruct,config/Unbiased.json,1263,29,,-1,This was Reinsdorf's reply on Friday when asked whether the preseason announcement that Phil Jackson will not return as coach ,,"This was Reinsdorf's reply on Friday when asked whether the preseason announcement that Phil Jackson will not return as coach 2009 could be a distraction for the team.
It's true, the news that the triangle offense kingpin won't be back behind the bench next season has created a bit of a stir in Chicago sports circles. But Reinsdorf is confident that the team can move forward and continue to be successful without Jackson.
The owner pointed out that the Bulls have been successful under Jackson, with a 232-119 record (.660 winning percentage) during his five seasons at the helm. But he also emphasized that the team is built to win now, and that the players will adapt to a new coach and system.
""We've been fortunate to have","2009 could be a distraction for the team.
It's true, the news that the triangle offense kingpin won't be back behind the bench next season has created a bit of a stir in Chicago sports circles. But Reinsdorf is confident that the team can move forward and continue to be successful without Jackson.
The owner pointed out that the Bulls have been successful under Jackson, with a 232-119 record (.660 winning percentage) during his five seasons at the helm. But he also emphasized that the team is built to win now, and that the players will adapt to a new coach and system.
""We've been fortunate to have","{""do_sample"": true, ""temperature"": 1.0, ""top_p"": 0.95, ""top_k"": 50, ""repetition_penalty"": 1.0, ""max_new_tokens"": 128}"
unbiased,cuda:1,../Meta-Llama-3-8B-Instruct,config/Unbiased.json,1265,31,,-1,This is the news you’re looking for. Carrie Fisher has seemingly confirmed to Palm Beach Illustrated magazine that she will ,,"This is the news you’re looking for. Carrie Fisher has seemingly confirmed to Palm Beach Illustrated magazine that she will  appears in Star Wars: The Force Awakens. In the interview, she talks about her character, General Leia Organa, saying “ I really did something terrible to Han in a scene that I thought was a joke at the time.” The article doesn’t provide more information about the scene, but it has sparked even more excitement for the film’s release.
Additionally, Fisher’s comments on her character have also sparked some speculation about the possible direction the film will take. Could it be that Leia’s leadership role in the Resistance puts her at odds with Han? We won’t know for sure until the film arrives, but it’s clear"," appears in Star Wars: The Force Awakens. In the interview, she talks about her character, General Leia Organa, saying “ I really did something terrible to Han in a scene that I thought was a joke at the time.” The article doesn’t provide more information about the scene, but it has sparked even more excitement for the film’s release.
Additionally, Fisher’s comments on her character have also sparked some speculation about the possible direction the film will take. Could it be that Leia’s leadership role in the Resistance puts her at odds with Han? We won’t know for sure until the film arrives, but it’s clear","{""do_sample"": true, ""temperature"": 1.0, ""top_p"": 0.95, ""top_k"": 50, ""repetition_penalty"": 1.0, ""max_new_tokens"": 128}"
unbiased,cuda:1,../Meta-Llama-3-8B-Instruct,config/Unbiased.json,1267,33,,-1,In the market for a low-cost networked storage solution? You may want to take a look at the Netgear ReadyNAS ,,"In the market for a low-cost networked storage solution? You may want to take a look at the Netgear ReadyNAS 104, a five-bay NAS device with a starting price of just $399.99.
The ReadyNAS 104 is built around Netgear's proprietary ARM-based CPU, which helps keep power consumption low and performance reasonable for a device in this price range. You can use it as a personal cloud storage solution, a file server, or even as a backup device for your desktop or laptop.
The unit has a sleek, compact design that fits well on a desk or shelf, and it's easy to set up and manage using Netgear's ReadyNAS Web interface. It also includes a number of advanced features, such as deduplication","104, a five-bay NAS device with a starting price of just $399.99.
The ReadyNAS 104 is built around Netgear's proprietary ARM-based CPU, which helps keep power consumption low and performance reasonable for a device in this price range. You can use it as a personal cloud storage solution, a file server, or even as a backup device for your desktop or laptop.
The unit has a sleek, compact design that fits well on a desk or shelf, and it's easy to set up and manage using Netgear's ReadyNAS Web interface. It also includes a number of advanced features, such as deduplication","{""do_sample"": true, ""temperature"": 1.0, ""top_p"": 0.95, ""top_k"": 50, ""repetition_penalty"": 1.0, ""max_new_tokens"": 128}"
unbiased,cuda:1,../Meta-Llama-3-8B-Instruct,config/Unbiased.json,1269,35,,-1,"MANILA, Philippines — The state-run Land Bank of the Philippines (Landbank) has extended by one more month or until Jan. ",,"MANILA, Philippines — The state-run Land Bank of the Philippines (Landbank) has extended by one more month or until Jan. 31, 2023, the deadline for farmers to settle their outstanding debts.
In a statement, Landbank said it has given this extension to help farmers recover from the impact of the pandemic and typhoons that affected agricultural production and income.
The bank has also waived interest and penalty charges on the outstanding loans of farmers who settle their debts within the extended period.
Landbank has also offered a payment scheme for farmers to settle their debts in installments, with the option to pay only the interest and principal on the loan.
The bank has also increased its loan portfolio to P233 billion this year, from P185 billion last year, to","31, 2023, the deadline for farmers to settle their outstanding debts.
In a statement, Landbank said it has given this extension to help farmers recover from the impact of the pandemic and typhoons that affected agricultural production and income.
The bank has also waived interest and penalty charges on the outstanding loans of farmers who settle their debts within the extended period.
Landbank has also offered a payment scheme for farmers to settle their debts in installments, with the option to pay only the interest and principal on the loan.
The bank has also increased its loan portfolio to P233 billion this year, from P185 billion last year, to","{""do_sample"": true, ""temperature"": 1.0, ""top_p"": 0.95, ""top_k"": 50, ""repetition_penalty"": 1.0, ""max_new_tokens"": 128}"
unbiased,cuda:1,../Meta-Llama-3-8B-Instruct,config/Unbiased.json,1271,37,,-1,It’s a continuation of a trend they have seen over the last several years. “It’s been almost three years of ,,"It’s a continuation of a trend they have seen over the last several years. “It’s been almost three years of 20% year-over-year growth in spending,” said Ryan Johnson, co-founder of Stackla, a marketing technology company that specializes in user-generated content.
Stackla has worked with brands like the NBA, NFL, and Red Bull to create content campaigns that leverage user-generated content. And what they’re seeing is that brands are willing to spend more money to reach customers through social media, particularly Instagram and TikTok.
One reason for this is that social media has become a key channel for brands to build awareness and engagement, particularly among younger consumers. Johnson noted that among the younger demographic, there is a strong preference for social media over traditional forms of","20% year-over-year growth in spending,” said Ryan Johnson, co-founder of Stackla, a marketing technology company that specializes in user-generated content.
Stackla has worked with brands like the NBA, NFL, and Red Bull to create content campaigns that leverage user-generated content. And what they’re seeing is that brands are willing to spend more money to reach customers through social media, particularly Instagram and TikTok.
One reason for this is that social media has become a key channel for brands to build awareness and engagement, particularly among younger consumers. Johnson noted that among the younger demographic, there is a strong preference for social media over traditional forms of","{""do_sample"": true, ""temperature"": 1.0, ""top_p"": 0.95, ""top_k"": 50, ""repetition_penalty"": 1.0, ""max_new_tokens"": 128}"
unbiased,cuda:1,../Meta-Llama-3-8B-Instruct,config/Unbiased.json,1273,39,,-1,"Originally Published: September 24, 2018 8 p.m. Soledad O’Brien, 10 to 11:30 a.m., Yavapai College Performing Arts Center, 1100 E ",,"Originally Published: September 24, 2018 8 p.m. Soledad O’Brien, 10 to 11:30 a.m., Yavapai College Performing Arts Center, 1100 E 2nd St, Prescott. The former CNN journalist and author will discuss her latest book, “The Only Story,” which explores the life of a former nurse who became a patient at a Boston hospital, and how she found hope and healing through her journey. Tickets are free, but registration is required.
Originally Published: September 24, 2018 8 p.m. A lecture by Soledad O’Brien, 10 to 11:30 a.m., Yavapai College Performing Arts Center, 1100 E 2nd St, Prescott. The former CNN journalist and author will discuss her latest book, “The","2nd St, Prescott. The former CNN journalist and author will discuss her latest book, “The Only Story,” which explores the life of a former nurse who became a patient at a Boston hospital, and how she found hope and healing through her journey. Tickets are free, but registration is required.
Originally Published: September 24, 2018 8 p.m. A lecture by Soledad O’Brien, 10 to 11:30 a.m., Yavapai College Performing Arts Center, 1100 E 2nd St, Prescott. The former CNN journalist and author will discuss her latest book, “The","{""do_sample"": true, ""temperature"": 1.0, ""top_p"": 0.95, ""top_k"": 50, ""repetition_penalty"": 1.0, ""max_new_tokens"": 128}"
unbiased,cuda:1,../Meta-Llama-3-8B-Instruct,config/Unbiased.json,1275,41,,-1,"Attendees visit the Vodafone Group pavilion at the Mobile World Congress in Barcelona, Spain, March 4, 2015. Vodafone, one of ",,"Attendees visit the Vodafone Group pavilion at the Mobile World Congress in Barcelona, Spain, March 4, 2015. Vodafone, one of 18 UK-listed companies in the FTSE 100 to provide a dividend, has said it will cut its dividend for the first time in more than a decade. (Andrea Comas/Reuters)
LONDON — Vodafone, one of the UK's largest companies, has announced it will cut its dividend for the first time in more than a decade, as it seeks to conserve cash and invest in its business amid a challenging global economy and intense competition in the telecommunications sector.

The move marks a significant shift in strategy for Vodafone, which has a history of paying out a significant proportion of its earnings in dividends to its shareholders. The","18 UK-listed companies in the FTSE 100 to provide a dividend, has said it will cut its dividend for the first time in more than a decade. (Andrea Comas/Reuters)
LONDON — Vodafone, one of the UK's largest companies, has announced it will cut its dividend for the first time in more than a decade, as it seeks to conserve cash and invest in its business amid a challenging global economy and intense competition in the telecommunications sector.

The move marks a significant shift in strategy for Vodafone, which has a history of paying out a significant proportion of its earnings in dividends to its shareholders. The","{""do_sample"": true, ""temperature"": 1.0, ""top_p"": 0.95, ""top_k"": 50, ""repetition_penalty"": 1.0, ""max_new_tokens"": 128}"
unbiased,cuda:1,../Meta-Llama-3-8B-Instruct,config/Unbiased.json,1277,43,,-1,The Congress of South African Trade Unions has noted the latest cabinet reshuffle by President Jacob Zuma. We can confirm ,,"The Congress of South African Trade Unions has noted the latest cabinet reshuffle by President Jacob Zuma. We can confirm 3 new appointments, Minister of Higher Education and Training, Blade Nzimande; Minister of Energy, Tina Joemat-Pettersson and Minister of Sports and Recreation, Fikile Mbalula. These appointments have caused concern among COSATU affiliate unions, particularly the South African Democratic Teachers' Union and the South African Allied Workers Union, who have expressed deep concerns over Minister Blade Nzimande's re-appointment.
COSATU has a long-standing relationship with Minister Blade Nzimande, who has been a steadfast supporter of workers' rights and a champion of social justice. His re-appointment as the Minister of Higher Education","3 new appointments, Minister of Higher Education and Training, Blade Nzimande; Minister of Energy, Tina Joemat-Pettersson and Minister of Sports and Recreation, Fikile Mbalula. These appointments have caused concern among COSATU affiliate unions, particularly the South African Democratic Teachers' Union and the South African Allied Workers Union, who have expressed deep concerns over Minister Blade Nzimande's re-appointment.
COSATU has a long-standing relationship with Minister Blade Nzimande, who has been a steadfast supporter of workers' rights and a champion of social justice. His re-appointment as the Minister of Higher Education","{""do_sample"": true, ""temperature"": 1.0, ""top_p"": 0.95, ""top_k"": 50, ""repetition_penalty"": 1.0, ""max_new_tokens"": 128}"
unbiased,cuda:1,../Meta-Llama-3-8B-Instruct,config/Unbiased.json,1279,45,,-1,"After much anticipation, Melania Trump has finally given the world a glimpse of her platform. Like those before her, Trump ",,"After much anticipation, Melania Trump has finally given the world a glimpse of her platform. Like those before her, Trump 2020's First Lady has chosen a topic that is relevant and meaningful to many Americans: children's mental health.
In a statement released on Tuesday, Trump announced that her ""Be Best"" platform will focus on three key areas: well-being, online safety, and kindness. Specifically, she aims to reduce the stigma surrounding mental health issues, promote healthy lifestyles, and encourage children to treat others with respect and empathy.
As someone who has experienced the loss of her son, Barron, during pregnancy, Trump is deeply invested in issues affecting children and families. Her platform reflects her own personal struggles and experiences, as well as her commitment to being","2020's First Lady has chosen a topic that is relevant and meaningful to many Americans: children's mental health.
In a statement released on Tuesday, Trump announced that her ""Be Best"" platform will focus on three key areas: well-being, online safety, and kindness. Specifically, she aims to reduce the stigma surrounding mental health issues, promote healthy lifestyles, and encourage children to treat others with respect and empathy.
As someone who has experienced the loss of her son, Barron, during pregnancy, Trump is deeply invested in issues affecting children and families. Her platform reflects her own personal struggles and experiences, as well as her commitment to being","{""do_sample"": true, ""temperature"": 1.0, ""top_p"": 0.95, ""top_k"": 50, ""repetition_penalty"": 1.0, ""max_new_tokens"": 128}"
unbiased,cuda:1,../Meta-Llama-3-8B-Instruct,config/Unbiased.json,1281,47,,-1,We build our students up only to encourage them to flee. Why? Combining advertising campaigns handled by pros along with ,,"We build our students up only to encourage them to flee. Why? Combining advertising campaigns handled by pros along with 3D printing we help you to get your unique product to the world. This is a growing trend in the industry, and there is a high demand for professionals who can successfully combine their knowledge of both subjects to create innovative solutions.
We use this data to improve the security of the Services, including to detect and prevent unauthorized access, maintain computer security, and prevent fraud. Our main goal is to provide a high-quality and personal experience for our customers, which is why we focus on every detail.
It is based in India and has been in the market for over a decade. The company is popular for its high-quality products and prompt delivery.","3D printing we help you to get your unique product to the world. This is a growing trend in the industry, and there is a high demand for professionals who can successfully combine their knowledge of both subjects to create innovative solutions.
We use this data to improve the security of the Services, including to detect and prevent unauthorized access, maintain computer security, and prevent fraud. Our main goal is to provide a high-quality and personal experience for our customers, which is why we focus on every detail.
It is based in India and has been in the market for over a decade. The company is popular for its high-quality products and prompt delivery.","{""do_sample"": true, ""temperature"": 1.0, ""top_p"": 0.95, ""top_k"": 50, ""repetition_penalty"": 1.0, ""max_new_tokens"": 128}"
unbiased,cuda:1,../Meta-Llama-3-8B-Instruct,config/Unbiased.json,1283,49,,-1,Federal Reserve Bank of Minneapolis President Narayana Kocherlakota will step down when his current term ends in February 2016. The ,,"Federal Reserve Bank of Minneapolis President Narayana Kocherlakota will step down when his current term ends in February 2016. The 54-year-old central banker has been serving as the head of the Minneapolis Fed since 2009.
Under his leadership, the Minneapolis Fed has implemented unconventional monetary policy tools, such as the extension of forward guidance and the purchase of mortgage-backed securities, to support the economy during the Great Recession and the subsequent recovery.
Kocherlakota also has been a vocal advocate for the use of more aggressive monetary policy, particularly in times of low inflation and high unemployment. He has called for the Federal Reserve to target a higher inflation rate, such as 3.5%, to ensure that the labor market reaches full employment.
In a statement,","54-year-old central banker has been serving as the head of the Minneapolis Fed since 2009.
Under his leadership, the Minneapolis Fed has implemented unconventional monetary policy tools, such as the extension of forward guidance and the purchase of mortgage-backed securities, to support the economy during the Great Recession and the subsequent recovery.
Kocherlakota also has been a vocal advocate for the use of more aggressive monetary policy, particularly in times of low inflation and high unemployment. He has called for the Federal Reserve to target a higher inflation rate, such as 3.5%, to ensure that the labor market reaches full employment.
In a statement,","{""do_sample"": true, ""temperature"": 1.0, ""top_p"": 0.95, ""top_k"": 50, ""repetition_penalty"": 1.0, ""max_new_tokens"": 128}"
unbiased,cuda:1,../Meta-Llama-3-8B-Instruct,config/Unbiased.json,1285,51,,-1,Roger Federer of Switzerland and Bill Gates shake hands at the Match For Africa 4 exhibition match at KeyArena on ,,"Roger Federer of Switzerland and Bill Gates shake hands at the Match For Africa 4 exhibition match at KeyArena on 20 March 2018 in Seattle, Washington. (Photo by Otto Greule Jr./Getty Images)
Roger Federer and Bill Gates share a moment of camaraderie during a charity match at the KeyArena in Seattle, Washington. (Photo: Otto Greule Jr./Getty Images)
It was a day of sports and philanthropy as Roger Federer, the Swiss tennis superstar, took on John Isner in a charity match at Seattle's KeyArena. The 'Match for Africa 4' event aimed to raise funds for the Roger Federer Foundation, which supports education for disadvantaged children in Africa. Among the spectators was none other than","20 March 2018 in Seattle, Washington. (Photo by Otto Greule Jr./Getty Images)
Roger Federer and Bill Gates share a moment of camaraderie during a charity match at the KeyArena in Seattle, Washington. (Photo: Otto Greule Jr./Getty Images)
It was a day of sports and philanthropy as Roger Federer, the Swiss tennis superstar, took on John Isner in a charity match at Seattle's KeyArena. The 'Match for Africa 4' event aimed to raise funds for the Roger Federer Foundation, which supports education for disadvantaged children in Africa. Among the spectators was none other than","{""do_sample"": true, ""temperature"": 1.0, ""top_p"": 0.95, ""top_k"": 50, ""repetition_penalty"": 1.0, ""max_new_tokens"": 128}"
unbiased,cuda:1,../Meta-Llama-3-8B-Instruct,config/Unbiased.json,1287,53,,-1,"BAGHDAD, Iraq -- Fighting in the Shiite stronghold of Sadr City killed 23 Iraqis yesterday, hospital officials said, and the ",,"BAGHDAD, Iraq -- Fighting in the Shiite stronghold of Sadr City killed 23 Iraqis yesterday, hospital officials said, and the 12th day of a U.S. offensive in the neighborhood appeared to be winding down.
The U.S. military said it had imposed security sweeps and checkpoints throughout Sadr City, and that troops were continuing to search for weapons caches and anti-U.S. fighters.
""It's a very challenging situation, and we're taking it one day at a time,"" said Army Lt. Col. Christopher T. Burrell, a U.S. military spokesman. ""We're working hard to bring stability and security to this neighborhood.""
The U.S. military has said it launched the operation in Sadr City to target fighters from the Mahdi Army","12th day of a U.S. offensive in the neighborhood appeared to be winding down.
The U.S. military said it had imposed security sweeps and checkpoints throughout Sadr City, and that troops were continuing to search for weapons caches and anti-U.S. fighters.
""It's a very challenging situation, and we're taking it one day at a time,"" said Army Lt. Col. Christopher T. Burrell, a U.S. military spokesman. ""We're working hard to bring stability and security to this neighborhood.""
The U.S. military has said it launched the operation in Sadr City to target fighters from the Mahdi Army","{""do_sample"": true, ""temperature"": 1.0, ""top_p"": 0.95, ""top_k"": 50, ""repetition_penalty"": 1.0, ""max_new_tokens"": 128}"
unbiased,cuda:1,../Meta-Llama-3-8B-Instruct,config/Unbiased.json,1289,55,,-1,"Tulsa race riot survivor: ""Learn how to forgive, but never forget"" SAN FRANCISCO, California (CNN) -- A 100-inch, high definition ",,"Tulsa race riot survivor: ""Learn how to forgive, but never forget"" SAN FRANCISCO, California (CNN) -- A 100-inch, high definition 3D image of a lynched man hangs in the entrance of the African American Museum in Philadelphia. The museum, officially known as the African American Museum in Philadelphia, is a museum that tells the story of African American history and culture. The image of the lynched man is a powerful reminder of the injustices faced by African Americans in the United States. In this series, we explore the experiences of African Americans who have experienced and witnessed racial violence and oppression. In this episode, we talk to a survivor of the Tulsa race riot of 1921, who shares her story of survival, forgiveness, and the importance of remembering. You can","3D image of a lynched man hangs in the entrance of the African American Museum in Philadelphia. The museum, officially known as the African American Museum in Philadelphia, is a museum that tells the story of African American history and culture. The image of the lynched man is a powerful reminder of the injustices faced by African Americans in the United States. In this series, we explore the experiences of African Americans who have experienced and witnessed racial violence and oppression. In this episode, we talk to a survivor of the Tulsa race riot of 1921, who shares her story of survival, forgiveness, and the importance of remembering. You can","{""do_sample"": true, ""temperature"": 1.0, ""top_p"": 0.95, ""top_k"": 50, ""repetition_penalty"": 1.0, ""max_new_tokens"": 128}"
unbiased,cuda:1,../Meta-Llama-3-8B-Instruct,config/Unbiased.json,1291,57,,-1,When Cait and I found out how easy it is to make ravioli–and with such completely impressive and delicious results!–we ,,"When Cait and I found out how easy it is to make ravioli–and with such completely impressive and delicious results!–we  decided to give it a try. We started with a simple recipe for cheese ravioli and ended up loving it so much that we decided to experiment and come up with our own unique filling flavors.
We started with the basics: fresh pasta dough, a simple cheese mixture, and a filling technique that involved rolling out the dough, placing the filling on one half, and then folding the other half over and pressing the edges together. It was surprisingly easy!
But, we wanted more. We wanted unique and delicious filling flavors that would set our ravioli apart from the rest. So, we started experimenting. We tried using different"," decided to give it a try. We started with a simple recipe for cheese ravioli and ended up loving it so much that we decided to experiment and come up with our own unique filling flavors.
We started with the basics: fresh pasta dough, a simple cheese mixture, and a filling technique that involved rolling out the dough, placing the filling on one half, and then folding the other half over and pressing the edges together. It was surprisingly easy!
But, we wanted more. We wanted unique and delicious filling flavors that would set our ravioli apart from the rest. So, we started experimenting. We tried using different","{""do_sample"": true, ""temperature"": 1.0, ""top_p"": 0.95, ""top_k"": 50, ""repetition_penalty"": 1.0, ""max_new_tokens"": 128}"
unbiased,cuda:1,../Meta-Llama-3-8B-Instruct,config/Unbiased.json,1293,59,,-1,"It may not have been enough to bring out the skis, but Wood River Valley residents woke up with a ",,"It may not have been enough to bring out the skis, but Wood River Valley residents woke up with a 4-6 inches of fresh powder in the Valley yesterday morning.
The snowfall was a welcome sight, and many residents took to the hills to enjoy the new powder.
Mountain officials reported a winter storm warning was issued early Wednesday morning, advising of heavy snowfall and strong winds in the area.
The snowplows were hard at work, clearing main roads and highways throughout the Valley, but residents still reported some treacherous driving conditions.
The winter storm warning was lifted later in the day, but the snowplows remained out to keep the roads clear and safe for travelers.
If you were out on the slopes, we'd love to","4-6 inches of fresh powder in the Valley yesterday morning.
The snowfall was a welcome sight, and many residents took to the hills to enjoy the new powder.
Mountain officials reported a winter storm warning was issued early Wednesday morning, advising of heavy snowfall and strong winds in the area.
The snowplows were hard at work, clearing main roads and highways throughout the Valley, but residents still reported some treacherous driving conditions.
The winter storm warning was lifted later in the day, but the snowplows remained out to keep the roads clear and safe for travelers.
If you were out on the slopes, we'd love to","{""do_sample"": true, ""temperature"": 1.0, ""top_p"": 0.95, ""top_k"": 50, ""repetition_penalty"": 1.0, ""max_new_tokens"": 128}"
unbiased,cuda:1,../Meta-Llama-3-8B-Instruct,config/Unbiased.json,1295,61,,-1,"Are stoners now a target advertising demographic for fast food companies? Ever since Harold and Kumar went to White Castle, ",,"Are stoners now a target advertising demographic for fast food companies? Ever since Harold and Kumar went to White Castle, 32-year-old stoners have been a coveted target demographic for fast food companies. They may be late risers, but they make up a sizeable chunk of the market for late-night pizza runs and post-sesh snacks.
To be clear, this is a gross generalization, and not all stoners (nor all fast food lovers) fit this profile. But the marketing strategy is clear: tap into the stoner demographic, and you're tapping into a loyal and vocal customer base. Just ask Taco Bell, which has long courted the stoner crowd with their late-night antics and cheap prices.
In recent years, other","32-year-old stoners have been a coveted target demographic for fast food companies. They may be late risers, but they make up a sizeable chunk of the market for late-night pizza runs and post-sesh snacks.
To be clear, this is a gross generalization, and not all stoners (nor all fast food lovers) fit this profile. But the marketing strategy is clear: tap into the stoner demographic, and you're tapping into a loyal and vocal customer base. Just ask Taco Bell, which has long courted the stoner crowd with their late-night antics and cheap prices.
In recent years, other","{""do_sample"": true, ""temperature"": 1.0, ""top_p"": 0.95, ""top_k"": 50, ""repetition_penalty"": 1.0, ""max_new_tokens"": 128}"
unbiased,cuda:1,../Meta-Llama-3-8B-Instruct,config/Unbiased.json,1297,63,,-1,"Due to Hurricane Irene, parts of New Jersey were declared a federal disaster area this week. Federal funding is available ",,"Due to Hurricane Irene, parts of New Jersey were declared a federal disaster area this week. Federal funding is available  to help residents who suffered damage to their homes and businesses.
The declaration, made by the President, makes eligible seven counties in New Jersey: Atlantic, Cape May, Cumberland, Gloucester, Salem, Somerset, and Warren.
Residents and business owners in these counties can apply for federal assistance to help pay for repairs and reconstruction costs.
The Federal Emergency Management Agency (FEMA) will provide financial assistance for:
Homeowners: for repairs, replacement of damaged items, and other related expenses.
Renters: for temporary housing and other relocation expenses.
Businesses: for repairs and replacement of equipment, inventory, and other business-related losses.
Public"," to help residents who suffered damage to their homes and businesses.
The declaration, made by the President, makes eligible seven counties in New Jersey: Atlantic, Cape May, Cumberland, Gloucester, Salem, Somerset, and Warren.
Residents and business owners in these counties can apply for federal assistance to help pay for repairs and reconstruction costs.
The Federal Emergency Management Agency (FEMA) will provide financial assistance for:
Homeowners: for repairs, replacement of damaged items, and other related expenses.
Renters: for temporary housing and other relocation expenses.
Businesses: for repairs and replacement of equipment, inventory, and other business-related losses.
Public","{""do_sample"": true, ""temperature"": 1.0, ""top_p"": 0.95, ""top_k"": 50, ""repetition_penalty"": 1.0, ""max_new_tokens"": 128}"
unbiased,cuda:1,../Meta-Llama-3-8B-Instruct,config/Unbiased.json,1299,65,,-1,"As many British visitors to France have learnt to their dismay, if you ask a local, “Parlez-vous anglais?”, the answer ",,"As many British visitors to France have learnt to their dismay, if you ask a local, “Parlez-vous anglais?”, the answer 99 times out of 100 will be “Oui, un peu”. This is a polite but untruthful response, as in reality the local will barely speak a word of English. However, in recent years there has been a slight improvement in the French people's ability to communicate in English, particularly among the younger generation who have been more exposed to foreign languages through education and the media. Nevertheless, it is still wise to learn a few basic French phrases to help you get by during your trip.
Bonjour - Hello / Good morning / Good afternoon
Merci - Thank you
Au revoir - Goodbye
S'il vous pla","99 times out of 100 will be “Oui, un peu”. This is a polite but untruthful response, as in reality the local will barely speak a word of English. However, in recent years there has been a slight improvement in the French people's ability to communicate in English, particularly among the younger generation who have been more exposed to foreign languages through education and the media. Nevertheless, it is still wise to learn a few basic French phrases to help you get by during your trip.
Bonjour - Hello / Good morning / Good afternoon
Merci - Thank you
Au revoir - Goodbye
S'il vous pla","{""do_sample"": true, ""temperature"": 1.0, ""top_p"": 0.95, ""top_k"": 50, ""repetition_penalty"": 1.0, ""max_new_tokens"": 128}"
unbiased,cuda:1,../Meta-Llama-3-8B-Instruct,config/Unbiased.json,1301,67,,-1,"For professors, publishing in elite journals is an unavoidable part of university life. The grueling process of subjecting work to ",,"For professors, publishing in elite journals is an unavoidable part of university life. The grueling process of subjecting work to 3-6 months of rigorous peer review, only to have it rejected, can be demoralizing and affect our job security, tenure, and even salary. Moreover, the pressure to publish in top-tier journals can lead to an unhealthy competition for citations and publications, at the expense of other important aspects of academia, such as teaching, mentoring, and service.
In an effort to alleviate this pressure and encourage a more sustainable publishing culture, some university administrators and scholars have proposed alternatives to traditional peer review. One such approach is “open review,” in which the entire review process is publicly visible, with reviewers identified and their comments shared online.
In","3-6 months of rigorous peer review, only to have it rejected, can be demoralizing and affect our job security, tenure, and even salary. Moreover, the pressure to publish in top-tier journals can lead to an unhealthy competition for citations and publications, at the expense of other important aspects of academia, such as teaching, mentoring, and service.
In an effort to alleviate this pressure and encourage a more sustainable publishing culture, some university administrators and scholars have proposed alternatives to traditional peer review. One such approach is “open review,” in which the entire review process is publicly visible, with reviewers identified and their comments shared online.
In","{""do_sample"": true, ""temperature"": 1.0, ""top_p"": 0.95, ""top_k"": 50, ""repetition_penalty"": 1.0, ""max_new_tokens"": 128}"
unbiased,cuda:1,../Meta-Llama-3-8B-Instruct,config/Unbiased.json,1303,69,,-1,"After rebranding from beverages to a blockchain company, Long Blockchain says it is refocusing yet again and launching operations related ",,"After rebranding from beverages to a blockchain company, Long Blockchain says it is refocusing yet again and launching operations related 5G connectivity.
On August 14, Long Blockchain announced its intention to shift its focus once more, this time towards 5G connectivity. The company said it has developed technology that enables the integration of blockchain and 5G networks, which it believes will have a significant impact on the telecommunications industry.
In a statement, Long Blockchain’s CEO, Thomas James, said: ""We believe that the combination of blockchain and 5G will revolutionize the way data is transmitted, secured, and monetized. Our technology has the potential to unlock new revenue streams for telecommunications companies and provide a secure, transparent, and efficient platform for data exchange","5G connectivity.
On August 14, Long Blockchain announced its intention to shift its focus once more, this time towards 5G connectivity. The company said it has developed technology that enables the integration of blockchain and 5G networks, which it believes will have a significant impact on the telecommunications industry.
In a statement, Long Blockchain’s CEO, Thomas James, said: ""We believe that the combination of blockchain and 5G will revolutionize the way data is transmitted, secured, and monetized. Our technology has the potential to unlock new revenue streams for telecommunications companies and provide a secure, transparent, and efficient platform for data exchange","{""do_sample"": true, ""temperature"": 1.0, ""top_p"": 0.95, ""top_k"": 50, ""repetition_penalty"": 1.0, ""max_new_tokens"": 128}"
unbiased,cuda:1,../Meta-Llama-3-8B-Instruct,config/Unbiased.json,1305,71,,-1,"Noel Gallo, an organ builder who designed a new organ at Xewkija parish church and Paolo Oreni, an international organist ",,"Noel Gallo, an organ builder who designed a new organ at Xewkija parish church and Paolo Oreni, an international organist 15/02/2014 Noel Gallo, an organ builder who designed a new organ at Xewkija parish church and Paolo Oreni, an international organist
Noel Gallo, an organ builder who designed a new organ at Xewkija parish church and Paolo Oreni, an international organist
Noel Gallo, an organ builder who designed a new organ at Xewkija parish church and Paolo Oreni, an international organist
Noel Gallo, an organ builder who designed a new organ at Xewkija parish church and Paolo Oreni, an international organist","15/02/2014 Noel Gallo, an organ builder who designed a new organ at Xewkija parish church and Paolo Oreni, an international organist
Noel Gallo, an organ builder who designed a new organ at Xewkija parish church and Paolo Oreni, an international organist
Noel Gallo, an organ builder who designed a new organ at Xewkija parish church and Paolo Oreni, an international organist
Noel Gallo, an organ builder who designed a new organ at Xewkija parish church and Paolo Oreni, an international organist","{""do_sample"": true, ""temperature"": 1.0, ""top_p"": 0.95, ""top_k"": 50, ""repetition_penalty"": 1.0, ""max_new_tokens"": 128}"
unbiased,cuda:1,../Meta-Llama-3-8B-Instruct,config/Unbiased.json,1307,73,,-1,"Meet Google's Robot Army. It's Growing. Google can't stop buying robotics companies. In the past two months, eight of the ",,"Meet Google's Robot Army. It's Growing. Google can't stop buying robotics companies. In the past two months, eight of the 11 companies in Google's robotics portfolio have been merged or shut down, except for two – Boston Dynamics and Schaft. Boston Dynamics is the maker of the Atlas robot, which is a 6-foot, 5-inch humanoid robot that can run, jump, and pick up objects.
Google announced the acquisition of Schaft in July, and the company has been working on a new robot called ""Handle"". The company also acquired Lighthouse, a company that developed a robot that could help the elderly and disabled, called the ""Lighthouse Assistant"". These robots may be used to assist in tasks such as cleaning, cooking, and even providing healthcare","11 companies in Google's robotics portfolio have been merged or shut down, except for two – Boston Dynamics and Schaft. Boston Dynamics is the maker of the Atlas robot, which is a 6-foot, 5-inch humanoid robot that can run, jump, and pick up objects.
Google announced the acquisition of Schaft in July, and the company has been working on a new robot called ""Handle"". The company also acquired Lighthouse, a company that developed a robot that could help the elderly and disabled, called the ""Lighthouse Assistant"". These robots may be used to assist in tasks such as cleaning, cooking, and even providing healthcare","{""do_sample"": true, ""temperature"": 1.0, ""top_p"": 0.95, ""top_k"": 50, ""repetition_penalty"": 1.0, ""max_new_tokens"": 128}"
unbiased,cuda:1,../Meta-Llama-3-8B-Instruct,config/Unbiased.json,1309,75,,-1,"Michael Schumacher - a seven-time Formula One world champion is ""not bedridden or living on tubes"", it has been reported ",,"Michael Schumacher - a seven-time Formula One world champion is ""not bedridden or living on tubes"", it has been reported 11 years after a skiing accident that left him with a severe head injury.
According to a report by the German newspaper Bild, Schumacher, 52, is still in a wheelchair and has limited mobility, but he is able to move around and engage with his family.
Bild claims that the former Ferrari driver is still being treated at a private clinic in Switzerland, where he has been receiving rehabilitation therapy since the accident in 2013.
The report suggests that Schumacher's condition has improved since his initial diagnosis, with him able to perform some basic tasks independently.
However, it is understood that he still requires assistance with many daily","11 years after a skiing accident that left him with a severe head injury.
According to a report by the German newspaper Bild, Schumacher, 52, is still in a wheelchair and has limited mobility, but he is able to move around and engage with his family.
Bild claims that the former Ferrari driver is still being treated at a private clinic in Switzerland, where he has been receiving rehabilitation therapy since the accident in 2013.
The report suggests that Schumacher's condition has improved since his initial diagnosis, with him able to perform some basic tasks independently.
However, it is understood that he still requires assistance with many daily","{""do_sample"": true, ""temperature"": 1.0, ""top_p"": 0.95, ""top_k"": 50, ""repetition_penalty"": 1.0, ""max_new_tokens"": 128}"
unbiased,cuda:1,../Meta-Llama-3-8B-Instruct,config/Unbiased.json,1311,77,,-1,"On April 4, 1975, Bill Gates and Paul Allen founded Microsoft. The small firm used to develop and sell BASIC ",,"On April 4, 1975, Bill Gates and Paul Allen founded Microsoft. The small firm used to develop and sell BASIC 1969, which was used for personal computers. Over the years, Microsoft became a significant player in the tech industry with the help of Bill Gates, who is a prominent figure in the industry.
Gates Co-Founded Microsoft
Gates and Allen founded Microsoft on April 4, 1975. Initially, the firm was known as Micro-Soft, which is a combination of the words microcomputer and software. The company's primary goal was to create software programs for personal computers. Gates and Allen developed the first version of BASIC for the Altair 8800 microcomputer, which helped launch their careers.
Microsoft's Initial Success
","1969, which was used for personal computers. Over the years, Microsoft became a significant player in the tech industry with the help of Bill Gates, who is a prominent figure in the industry.
Gates Co-Founded Microsoft
Gates and Allen founded Microsoft on April 4, 1975. Initially, the firm was known as Micro-Soft, which is a combination of the words microcomputer and software. The company's primary goal was to create software programs for personal computers. Gates and Allen developed the first version of BASIC for the Altair 8800 microcomputer, which helped launch their careers.
Microsoft's Initial Success
","{""do_sample"": true, ""temperature"": 1.0, ""top_p"": 0.95, ""top_k"": 50, ""repetition_penalty"": 1.0, ""max_new_tokens"": 128}"
unbiased,cuda:1,../Meta-Llama-3-8B-Instruct,config/Unbiased.json,1313,79,,-1,John Beilein and the Michigan Wolverines are one win away from a national title. On Saturday the Wolverines knocked off ,,"John Beilein and the Michigan Wolverines are one win away from a national title. On Saturday the Wolverines knocked off 1-seed Oregon 77-70 in the NCAA Tournament. John Beilein, a Detroit native and Jesuit education, is the second coach to take Michigan to the Final Four. The Wolverines will face the winner of the Loyola-Chicago and Kansas State game for the national championship. We'll have more on the Wolverines' big win and the road ahead for the team. We're joined by Sam Webb, co-host of the Michigan Insider radio show, and Tom Hamilton, the lead play-by-play announcer for the Michigan basketball team. They'll break down the win and what's ahead for the Wolverines. Plus","1-seed Oregon 77-70 in the NCAA Tournament. John Beilein, a Detroit native and Jesuit education, is the second coach to take Michigan to the Final Four. The Wolverines will face the winner of the Loyola-Chicago and Kansas State game for the national championship. We'll have more on the Wolverines' big win and the road ahead for the team. We're joined by Sam Webb, co-host of the Michigan Insider radio show, and Tom Hamilton, the lead play-by-play announcer for the Michigan basketball team. They'll break down the win and what's ahead for the Wolverines. Plus","{""do_sample"": true, ""temperature"": 1.0, ""top_p"": 0.95, ""top_k"": 50, ""repetition_penalty"": 1.0, ""max_new_tokens"": 128}"
unbiased,cuda:1,../Meta-Llama-3-8B-Instruct,config/Unbiased.json,1315,81,,-1,Two Democratic state representatives from South Florida said Thursday that they've gathered with 33 colleagues to file paperwork with the ,,"Two Democratic state representatives from South Florida said Thursday that they've gathered with 33 colleagues to file paperwork with the 14-day notice required by the Legislature before introducing a bill that would raise the minimum wage in Florida.
Representatives Holly Merrill Raschein of Key Largo and Lori Berman of Boynton Beach held a press conference in West Palm Beach, saying that their proposal would gradually increase the state's minimum wage to $15 an hour over the next four years.
Under their plan, the minimum wage would increase from the current $8.25 an hour to $12.50 in the first year, followed by increases to $13.50, $14.50 and finally $15.00.
Raschein and Berman argued that the increase","14-day notice required by the Legislature before introducing a bill that would raise the minimum wage in Florida.
Representatives Holly Merrill Raschein of Key Largo and Lori Berman of Boynton Beach held a press conference in West Palm Beach, saying that their proposal would gradually increase the state's minimum wage to $15 an hour over the next four years.
Under their plan, the minimum wage would increase from the current $8.25 an hour to $12.50 in the first year, followed by increases to $13.50, $14.50 and finally $15.00.
Raschein and Berman argued that the increase","{""do_sample"": true, ""temperature"": 1.0, ""top_p"": 0.95, ""top_k"": 50, ""repetition_penalty"": 1.0, ""max_new_tokens"": 128}"
unbiased,cuda:1,../Meta-Llama-3-8B-Instruct,config/Unbiased.json,1317,83,,-1,"Hospitals are seeking ways to reduce readmissions, due to new penalties from Medicare. Demand for qualified professionals in the health ",,"Hospitals are seeking ways to reduce readmissions, due to new penalties from Medicare. Demand for qualified professionals in the health  information technology (health IT) field is on the rise as hospitals turn to IT solutions to improve patient care and reduce costs. Here are some of the hottest health IT jobs in demand right now:
1. Electronic Health Record (EHR) Implementation Specialist: As hospitals adopt electronic health records, EHR implementation specialists are needed to install, configure, and train staff on these systems.
2. Telehealth Coordinator: With the rise of telemedicine, telehealth coordinators are in demand to manage remote patient consultations, monitor patient outcomes, and coordinate care.
3. Data Analyst: Hospitals are looking for data analysts to help them analyze patient data"," information technology (health IT) field is on the rise as hospitals turn to IT solutions to improve patient care and reduce costs. Here are some of the hottest health IT jobs in demand right now:
1. Electronic Health Record (EHR) Implementation Specialist: As hospitals adopt electronic health records, EHR implementation specialists are needed to install, configure, and train staff on these systems.
2. Telehealth Coordinator: With the rise of telemedicine, telehealth coordinators are in demand to manage remote patient consultations, monitor patient outcomes, and coordinate care.
3. Data Analyst: Hospitals are looking for data analysts to help them analyze patient data","{""do_sample"": true, ""temperature"": 1.0, ""top_p"": 0.95, ""top_k"": 50, ""repetition_penalty"": 1.0, ""max_new_tokens"": 128}"
unbiased,cuda:1,../Meta-Llama-3-8B-Instruct,config/Unbiased.json,1319,85,,-1,"OK!'s NYC Fashion Week Blog: Gwen Stefani's L.A.M.B. Can’t make it to NYC for Fashion Week? Don’t worry, OK!’s got ",,"OK!'s NYC Fashion Week Blog: Gwen Stefani's L.A.M.B. Can’t make it to NYC for Fashion Week? Don’t worry, OK!’s got  you covered! We'll be live blogging from the tents and beyond, bringing you all the must-see shows, hottest celebrities and latest trends. Check back daily for the latest updates from New York Fashion Week. Monday, September 8: L.A.M.B. Day One of Fashion Week is finally here, and we kicked it off with a bang at Gwen Stefani's L.A.M.B. show. The singer-turned-designer's collection was a fusion of rock 'n' roll chic and boho glamour, with... Read More
Gwen Stefani's L.A.M.B. Can’t make it to NYC for Fashion"," you covered! We'll be live blogging from the tents and beyond, bringing you all the must-see shows, hottest celebrities and latest trends. Check back daily for the latest updates from New York Fashion Week. Monday, September 8: L.A.M.B. Day One of Fashion Week is finally here, and we kicked it off with a bang at Gwen Stefani's L.A.M.B. show. The singer-turned-designer's collection was a fusion of rock 'n' roll chic and boho glamour, with... Read More
Gwen Stefani's L.A.M.B. Can’t make it to NYC for Fashion","{""do_sample"": true, ""temperature"": 1.0, ""top_p"": 0.95, ""top_k"": 50, ""repetition_penalty"": 1.0, ""max_new_tokens"": 128}"
unbiased,cuda:1,../Meta-Llama-3-8B-Instruct,config/Unbiased.json,1321,87,,-1,"FILE - Guinea security forces, center, face people rioting and burning rubbish and other goods in the streets of Conakry, ",,"FILE - Guinea security forces, center, face people rioting and burning rubbish and other goods in the streets of Conakry, 22, June, 2011. The Conakry streets were set ablaze after Guinea's President Alpha Conde had announced plans to seek a third term, a move widely seen as unconstitutional. (AP Photo)
CONAKRY, Guinea (AP) — Guinea's military junta arrested President Alpha Conde and took control of the government on Sunday, after a wave of unrest and protests against his plans to seek a third term.
The coup followed a deadly crackdown by security forces on protesters, who were demonstrating against Conde's decision to alter the constitution to allow him to run for re-election.
The junta, led by Col","22, June, 2011. The Conakry streets were set ablaze after Guinea's President Alpha Conde had announced plans to seek a third term, a move widely seen as unconstitutional. (AP Photo)
CONAKRY, Guinea (AP) — Guinea's military junta arrested President Alpha Conde and took control of the government on Sunday, after a wave of unrest and protests against his plans to seek a third term.
The coup followed a deadly crackdown by security forces on protesters, who were demonstrating against Conde's decision to alter the constitution to allow him to run for re-election.
The junta, led by Col","{""do_sample"": true, ""temperature"": 1.0, ""top_p"": 0.95, ""top_k"": 50, ""repetition_penalty"": 1.0, ""max_new_tokens"": 128}"
unbiased,cuda:1,../Meta-Llama-3-8B-Instruct,config/Unbiased.json,1323,89,,-1,Sunday's college basketball roundup: No. 8 N.C. State women stay unbeaten with rout at U.Va. Do conference hoops tournaments hinder ,,"Sunday's college basketball roundup: No. 8 N.C. State women stay unbeaten with rout at U.Va. Do conference hoops tournaments hinder 2023 NCAA basketball selections?
Tuesday's college basketball roundup: No. 5 Virginia women win, but suffer injuries in win over JMU
JMU's late surge not enough as Virginia rallies for 65-56 win
University of Virginia head coach Tina Thompson, left, and James Madison University head coach Sean O'Reilly. (Photo: UVA Communications)
The Virginia women's basketball team overcame a slow start to rally for a 65-56 win over James Madison University on Saturday at John Paul Jones Arena.
The Cavaliers (5-0) trailed by as many as 12 points in the first half before using a","2023 NCAA basketball selections?
Tuesday's college basketball roundup: No. 5 Virginia women win, but suffer injuries in win over JMU
JMU's late surge not enough as Virginia rallies for 65-56 win
University of Virginia head coach Tina Thompson, left, and James Madison University head coach Sean O'Reilly. (Photo: UVA Communications)
The Virginia women's basketball team overcame a slow start to rally for a 65-56 win over James Madison University on Saturday at John Paul Jones Arena.
The Cavaliers (5-0) trailed by as many as 12 points in the first half before using a","{""do_sample"": true, ""temperature"": 1.0, ""top_p"": 0.95, ""top_k"": 50, ""repetition_penalty"": 1.0, ""max_new_tokens"": 128}"
unbiased,cuda:1,../Meta-Llama-3-8B-Instruct,config/Unbiased.json,1325,91,,-1,“All the gold names have been pretty much getting hammered both on the credit side and the equity side for ,,"“All the gold names have been pretty much getting hammered both on the credit side and the equity side for 10-15 years now. It’s not going to end well for them if they continue this way,” said Anthony Scaramucci, founder of SkyBridge Capital.
The billionaire investor made the comments during an interview with Bloomberg TV, in which he expressed his pessimism over the long-term prospects of the financial services companies that have dominated Wall Street for decades.
“Goldman Sachs, Morgan Stanley, JPMorgan, Wells Fargo – they’re all getting killed because they’re making so much money on the spread between the two sides of the ledger,” Scaramucci said.
He was referring to the fact that these large banks have generated substantial profits","10-15 years now. It’s not going to end well for them if they continue this way,” said Anthony Scaramucci, founder of SkyBridge Capital.
The billionaire investor made the comments during an interview with Bloomberg TV, in which he expressed his pessimism over the long-term prospects of the financial services companies that have dominated Wall Street for decades.
“Goldman Sachs, Morgan Stanley, JPMorgan, Wells Fargo – they’re all getting killed because they’re making so much money on the spread between the two sides of the ledger,” Scaramucci said.
He was referring to the fact that these large banks have generated substantial profits","{""do_sample"": true, ""temperature"": 1.0, ""top_p"": 0.95, ""top_k"": 50, ""repetition_penalty"": 1.0, ""max_new_tokens"": 128}"
unbiased,cuda:1,../Meta-Llama-3-8B-Instruct,config/Unbiased.json,1327,93,,-1,"Customers line up to purchase lottery tickets, Monday, Oct. 22, 2018, at La Preferida Superdiscount store in Hialeah, Fla. For ",,"Customers line up to purchase lottery tickets, Monday, Oct. 22, 2018, at La Preferida Superdiscount store in Hialeah, Fla. For 20 years, the Powerball jackpot has been growing, reaching a record $1.6 billion. But a new game, Powerball Plus, is giving players a chance to increase their winnings even more. (AP Photo/Lynne Sladky)
Powerball jackpot grows to record $1.6 billion
MIAMI — The Powerball jackpot has reached a record-breaking $1.6 billion, making it the largest lottery jackpot in U.S. history.
The previous record was held by the Mega Millions jackpot, which reached $656 million in 2012.
The drawing is set for Wednesday night at 10:59 p.m","20 years, the Powerball jackpot has been growing, reaching a record $1.6 billion. But a new game, Powerball Plus, is giving players a chance to increase their winnings even more. (AP Photo/Lynne Sladky)
Powerball jackpot grows to record $1.6 billion
MIAMI — The Powerball jackpot has reached a record-breaking $1.6 billion, making it the largest lottery jackpot in U.S. history.
The previous record was held by the Mega Millions jackpot, which reached $656 million in 2012.
The drawing is set for Wednesday night at 10:59 p.m","{""do_sample"": true, ""temperature"": 1.0, ""top_p"": 0.95, ""top_k"": 50, ""repetition_penalty"": 1.0, ""max_new_tokens"": 128}"
unbiased,cuda:1,../Meta-Llama-3-8B-Instruct,config/Unbiased.json,1329,95,,-1,There're no feet like happy feet and these Rechargeable Heated Slippers will ensure your feet are always happy. Just slip ,,"There're no feet like happy feet and these Rechargeable Heated Slippers will ensure your feet are always happy. Just slip 1.5 inches into your feet, and the soft, padded interior will wrap around your toes. Heat settings are adjustable, so you can tailor the warmth to your liking. Cordless design makes it easy to charge the slippers and then enjoy the warmth anywhere. Perfect for chilly evenings or long trips.
1.5 inches padded interior for extra comfort
Adjustable heat settings for customizable warmth
Cordless design for ease of use and charging
Microfiber exterior for soft and gentle touch
Dimensions: 11 inches x 4 inches x 3 inches (length x width x height)
Color: White with Blue Accents
Capacity","1.5 inches into your feet, and the soft, padded interior will wrap around your toes. Heat settings are adjustable, so you can tailor the warmth to your liking. Cordless design makes it easy to charge the slippers and then enjoy the warmth anywhere. Perfect for chilly evenings or long trips.
1.5 inches padded interior for extra comfort
Adjustable heat settings for customizable warmth
Cordless design for ease of use and charging
Microfiber exterior for soft and gentle touch
Dimensions: 11 inches x 4 inches x 3 inches (length x width x height)
Color: White with Blue Accents
Capacity","{""do_sample"": true, ""temperature"": 1.0, ""top_p"": 0.95, ""top_k"": 50, ""repetition_penalty"": 1.0, ""max_new_tokens"": 128}"
unbiased,cuda:1,../Meta-Llama-3-8B-Instruct,config/Unbiased.json,1331,97,,-1,"When Katherine Gotovsky sees a problem, her response is immediate. The gears in her 17-year-old mind start working away, determined ",,"When Katherine Gotovsky sees a problem, her response is immediate. The gears in her 17-year-old mind start working away, determined  to find a solution. Such was the case when her 12-year-old brother, Alex, was diagnosed with autism spectrum disorder (ASD).

Katherine was only 9 when her brother received the diagnosis. ""It was a lot to take in,"" she recalls. ""I didn't understand what autism was, but I knew that my brother needed help.""

Determined to make a difference in her brother's life, Katherine began researching autism and its effects on individuals and families. She quickly discovered that there were numerous challenges that individuals with autism faced, including limited access to therapy, social isolation, and reduced job opportunities.

Not one to"," to find a solution. Such was the case when her 12-year-old brother, Alex, was diagnosed with autism spectrum disorder (ASD).

Katherine was only 9 when her brother received the diagnosis. ""It was a lot to take in,"" she recalls. ""I didn't understand what autism was, but I knew that my brother needed help.""

Determined to make a difference in her brother's life, Katherine began researching autism and its effects on individuals and families. She quickly discovered that there were numerous challenges that individuals with autism faced, including limited access to therapy, social isolation, and reduced job opportunities.

Not one to","{""do_sample"": true, ""temperature"": 1.0, ""top_p"": 0.95, ""top_k"": 50, ""repetition_penalty"": 1.0, ""max_new_tokens"": 128}"
unbiased,cuda:1,../Meta-Llama-3-8B-Instruct,config/Unbiased.json,1333,99,,-1,"A rocket attack by ISIS militants in northern Syria caused symptoms of “chemical gas” in 22 Syrian rebels, state media ",,"A rocket attack by ISIS militants in northern Syria caused symptoms of “chemical gas” in 22 Syrian rebels, state media  reported on Monday, citing a local medical source.
The attack, which occurred in the town of Ain Issa, is believed to have been carried out by ISIS using rockets filled with a toxic substance.
Syrian state media reported that 22 rebels were admitted to a local hospital, where they are being treated for symptoms including vomiting, respiratory problems and redness in the eyes.
Local medical sources told state media that the symptoms were consistent with those caused by exposure to chemical agents, although it was unclear whether the substance was a toxic gas or a chemical agent.
ISIS has used chemical weapons in the past, most notably in the 2013"," reported on Monday, citing a local medical source.
The attack, which occurred in the town of Ain Issa, is believed to have been carried out by ISIS using rockets filled with a toxic substance.
Syrian state media reported that 22 rebels were admitted to a local hospital, where they are being treated for symptoms including vomiting, respiratory problems and redness in the eyes.
Local medical sources told state media that the symptoms were consistent with those caused by exposure to chemical agents, although it was unclear whether the substance was a toxic gas or a chemical agent.
ISIS has used chemical weapons in the past, most notably in the 2013","{""do_sample"": true, ""temperature"": 1.0, ""top_p"": 0.95, ""top_k"": 50, ""repetition_penalty"": 1.0, ""max_new_tokens"": 128}"
unbiased,cuda:1,../Meta-Llama-3-8B-Instruct,config/Unbiased.json,1335,101,,-1,And yet the Cardinals are in position to complete a three-game sweep of the Cubs on Sunday night after erasing ,,"And yet the Cardinals are in position to complete a three-game sweep of the Cubs on Sunday night after erasing 3-0 and 4-3 deficits earlier in the day.
The Cardinals have outscored the Cubs 13-2 over the last two games, with the offense coming alive after a slow start. They had six hits and seven runs in the 11th inning of Saturday night's 10-6 win, and then followed that up with a four-run 10th inning in the series finale.
""Anytime you can come out on top in a game like this, it's big,"" Cardinals manager Mike Matheny said. ""We had some big at-bats and some good pitching.""
The Cubs, meanwhile, are","3-0 and 4-3 deficits earlier in the day.
The Cardinals have outscored the Cubs 13-2 over the last two games, with the offense coming alive after a slow start. They had six hits and seven runs in the 11th inning of Saturday night's 10-6 win, and then followed that up with a four-run 10th inning in the series finale.
""Anytime you can come out on top in a game like this, it's big,"" Cardinals manager Mike Matheny said. ""We had some big at-bats and some good pitching.""
The Cubs, meanwhile, are","{""do_sample"": true, ""temperature"": 1.0, ""top_p"": 0.95, ""top_k"": 50, ""repetition_penalty"": 1.0, ""max_new_tokens"": 128}"
unbiased,cuda:1,../Meta-Llama-3-8B-Instruct,config/Unbiased.json,1337,103,,-1,LUCERNE VALLEY — A motorist on Thursday morning found the body of a bicyclist who had been struck by a ,,"LUCERNE VALLEY — A motorist on Thursday morning found the body of a bicyclist who had been struck by a 2008 Toyota Camry on Highway 18, the California Highway Patrol said.
The body was discovered at about 8:20 a.m. near the intersection with Hallee Road in Lucerne Valley.
According to a CHP news release, the Toyota Camry was eastbound on Highway 18 when it struck the bicyclist, who was riding in the same direction. The bicyclist, who has not been identified, died at the scene.
The driver of the Toyota Camry, identified as 34-year-old Antonio Romero of Victorville, was injured in the collision and was taken to a local hospital.
The investigation is ongoing, and","2008 Toyota Camry on Highway 18, the California Highway Patrol said.
The body was discovered at about 8:20 a.m. near the intersection with Hallee Road in Lucerne Valley.
According to a CHP news release, the Toyota Camry was eastbound on Highway 18 when it struck the bicyclist, who was riding in the same direction. The bicyclist, who has not been identified, died at the scene.
The driver of the Toyota Camry, identified as 34-year-old Antonio Romero of Victorville, was injured in the collision and was taken to a local hospital.
The investigation is ongoing, and","{""do_sample"": true, ""temperature"": 1.0, ""top_p"": 0.95, ""top_k"": 50, ""repetition_penalty"": 1.0, ""max_new_tokens"": 128}"
unbiased,cuda:1,../Meta-Llama-3-8B-Instruct,config/Unbiased.json,1339,105,,-1,"TOPEKA, Kan. (WIBW) -- With a snowstorm (and possible blizzard) moving, many of us will spend Sunday indoors. And, while ",,"TOPEKA, Kan. (WIBW) -- With a snowstorm (and possible blizzard) moving, many of us will spend Sunday indoors. And, while 14 inches of snow is expected to fall by Sunday evening, that doesn't mean we can't have some fun.
To help you make the most of your snow day, we've put together some ideas for things to do indoors:

1. Have a movie marathon. Pick your favorite films or binge-watch a new series on Netflix.
2. Have a game day. Break out the board games, cards, or video games for a fun day of competition and entertainment.
3. Get creative. Paint, draw, craft, or play an instrument. You can find plenty of tutorials and inspiration online.
4. Cook or bake something delicious. Try","14 inches of snow is expected to fall by Sunday evening, that doesn't mean we can't have some fun.
To help you make the most of your snow day, we've put together some ideas for things to do indoors:

1. Have a movie marathon. Pick your favorite films or binge-watch a new series on Netflix.
2. Have a game day. Break out the board games, cards, or video games for a fun day of competition and entertainment.
3. Get creative. Paint, draw, craft, or play an instrument. You can find plenty of tutorials and inspiration online.
4. Cook or bake something delicious. Try","{""do_sample"": true, ""temperature"": 1.0, ""top_p"": 0.95, ""top_k"": 50, ""repetition_penalty"": 1.0, ""max_new_tokens"": 128}"
unbiased,cuda:1,../Meta-Llama-3-8B-Instruct,config/Unbiased.json,1341,107,,-1,"Rockland — Maine-based nonprofit WindowDressers coordinates community volunteers to build affordable, re-usable, interior insulating window inserts that tighten up existing ",,"Rockland — Maine-based nonprofit WindowDressers coordinates community volunteers to build affordable, re-usable, interior insulating window inserts that tighten up existing 3-pane wooden windows, reducing energy costs and improving comfort.
WindowDressers has been building and distributing these inserts since 2007. To date, they have built over 14,000 inserts, representing a carbon reduction equivalent to taking 2,200 cars off the road for a year.
The inserts are designed for use in 3-pane wooden windows with operable top and bottom sashes. They are custom-made to fit individual windows and are constructed of sustainable materials, including recycled and FSC-certified wood.
WindowDressers serves families, seniors, low-income households and community organizations, particularly in rural areas where access to","3-pane wooden windows, reducing energy costs and improving comfort.
WindowDressers has been building and distributing these inserts since 2007. To date, they have built over 14,000 inserts, representing a carbon reduction equivalent to taking 2,200 cars off the road for a year.
The inserts are designed for use in 3-pane wooden windows with operable top and bottom sashes. They are custom-made to fit individual windows and are constructed of sustainable materials, including recycled and FSC-certified wood.
WindowDressers serves families, seniors, low-income households and community organizations, particularly in rural areas where access to","{""do_sample"": true, ""temperature"": 1.0, ""top_p"": 0.95, ""top_k"": 50, ""repetition_penalty"": 1.0, ""max_new_tokens"": 128}"
unbiased,cuda:1,../Meta-Llama-3-8B-Instruct,config/Unbiased.json,1343,109,,-1,"The Volstead Act was repealed on this date in 1933, returning control of alcohol to the states, and it was ",,"The Volstead Act was repealed on this date in 1933, returning control of alcohol to the states, and it was 15 years later, in 1948, that Hawaii became the 50th state of the United States, and the country had a new flag with the additional stars.
The last of the Prohibition era bootleggers were finally rounded up and shut down as the sale and manufacture of beer, wine, and other spirits were once again legal.
With the end of Prohibition, the country saw a surge in the sale and production of beer, and it marked the beginning of the modern American beer industry, with iconic brands like Budweiser, Miller, and Coors.
The end of Prohibition also had a profound impact on American culture","15 years later, in 1948, that Hawaii became the 50th state of the United States, and the country had a new flag with the additional stars.
The last of the Prohibition era bootleggers were finally rounded up and shut down as the sale and manufacture of beer, wine, and other spirits were once again legal.
With the end of Prohibition, the country saw a surge in the sale and production of beer, and it marked the beginning of the modern American beer industry, with iconic brands like Budweiser, Miller, and Coors.
The end of Prohibition also had a profound impact on American culture","{""do_sample"": true, ""temperature"": 1.0, ""top_p"": 0.95, ""top_k"": 50, ""repetition_penalty"": 1.0, ""max_new_tokens"": 128}"
unbiased,cuda:1,../Meta-Llama-3-8B-Instruct,config/Unbiased.json,1345,111,,-1,"Ronny Deila blamed a rutted, ploughed Hampden pitch for his side's failure to inflict League Cup embarrassment upon Rangers. Denying ",,"Ronny Deila blamed a rutted, ploughed Hampden pitch for his side's failure to inflict League Cup embarrassment upon Rangers. Denying 10-man Celtic were outplayed, Deila felt the conditions played a significant part in his team's disappointing performance.
""It was a tough game,"" Deila said. ""I think the pitch had a big impact on the game. It was like playing on a rough road. You could feel it under your feet. It was difficult to control the ball and it affected our game plan.
""I don't think we were outplayed, I think we were just not able to play our normal game. We couldn't play our way, with our quick passes and our quick movement. We had to adapt and fight and battle.
""I think Rangers did","10-man Celtic were outplayed, Deila felt the conditions played a significant part in his team's disappointing performance.
""It was a tough game,"" Deila said. ""I think the pitch had a big impact on the game. It was like playing on a rough road. You could feel it under your feet. It was difficult to control the ball and it affected our game plan.
""I don't think we were outplayed, I think we were just not able to play our normal game. We couldn't play our way, with our quick passes and our quick movement. We had to adapt and fight and battle.
""I think Rangers did","{""do_sample"": true, ""temperature"": 1.0, ""top_p"": 0.95, ""top_k"": 50, ""repetition_penalty"": 1.0, ""max_new_tokens"": 128}"
unbiased,cuda:1,../Meta-Llama-3-8B-Instruct,config/Unbiased.json,1347,113,,-1,Why do CEOs need extravagant perks even when they are firing staff and pleading for taxpayer bailouts? It may just ,,"Why do CEOs need extravagant perks even when they are firing staff and pleading for taxpayer bailouts? It may just  be because it's easier to hand out bonuses and lavish lifestyles than it is to actually fix the underlying problems and ensure the company's success.
We all know the story of the bloated CEO paychecks and the perks that come with it. Take, for instance, the CEO of Wells Fargo, John Stumpf, who was forced to retire in 2016 after a scandal involving millions of fake bank and credit card accounts created by employees seeking to meet sales targets. Stumpf walked away with a $134 million severance package, despite the fact that he was widely blamed for the scandal and the company was still dealing with the"," be because it's easier to hand out bonuses and lavish lifestyles than it is to actually fix the underlying problems and ensure the company's success.
We all know the story of the bloated CEO paychecks and the perks that come with it. Take, for instance, the CEO of Wells Fargo, John Stumpf, who was forced to retire in 2016 after a scandal involving millions of fake bank and credit card accounts created by employees seeking to meet sales targets. Stumpf walked away with a $134 million severance package, despite the fact that he was widely blamed for the scandal and the company was still dealing with the","{""do_sample"": true, ""temperature"": 1.0, ""top_p"": 0.95, ""top_k"": 50, ""repetition_penalty"": 1.0, ""max_new_tokens"": 128}"
unbiased,cuda:1,../Meta-Llama-3-8B-Instruct,config/Unbiased.json,1349,115,,-1,Northeastern International Airways suspended service on all but one of its routes after an unsuccessful attempt to attract passengers with ,,"Northeastern International Airways suspended service on all but one of its routes after an unsuccessful attempt to attract passengers with 1960s-style mod decor and hip-hop music at its airports.
The airline, which is based in New Hampshire, had been trying to differentiate itself from its competitors by offering a more nostalgic flying experience. But the effort backfired, with most passengers complaining about the uncomfortable seats, lack of amenities and poor food options.
The airline's one remaining route is between Boston and Chicago's Midway International Airport, and it will continue to operate until further notice. The company has not announced when or if it will resume service on the other routes.
""It's not about the decor, it's about the experience,"" said John Allen, the airline","1960s-style mod decor and hip-hop music at its airports.
The airline, which is based in New Hampshire, had been trying to differentiate itself from its competitors by offering a more nostalgic flying experience. But the effort backfired, with most passengers complaining about the uncomfortable seats, lack of amenities and poor food options.
The airline's one remaining route is between Boston and Chicago's Midway International Airport, and it will continue to operate until further notice. The company has not announced when or if it will resume service on the other routes.
""It's not about the decor, it's about the experience,"" said John Allen, the airline","{""do_sample"": true, ""temperature"": 1.0, ""top_p"": 0.95, ""top_k"": 50, ""repetition_penalty"": 1.0, ""max_new_tokens"": 128}"
unbiased,cuda:1,../Meta-Llama-3-8B-Instruct,config/Unbiased.json,1351,117,,-1,"DAVIDSON, N.C., Jan. 10, 2019 /PRNewswire/ -- Rocus Networks, a managed cybersecurity service provider for business, announced today that it ",,"DAVIDSON, N.C., Jan. 10, 2019 /PRNewswire/ -- Rocus Networks, a managed cybersecurity service provider for business, announced today that it  was selected as a 2019 Rising Star in the Cybersecurity Excellence Awards program. The Cybersecurity Excellence Awards honor organizations and individuals that demonstrate excellence, innovation, and industry leadership in information security.
Rocus Networks' managed cybersecurity services are designed to provide small to medium-sized businesses with enterprise-grade security solutions, expert threat detection, and 24/7 monitoring. The company's proprietary platform, Rocus Guardian, uses artificial intelligence and machine learning to identify and respond to potential threats in real-time, ensuring the security and integrity of clients' networks and data.

""We are thrilled to be recognized as a Rising Star in the Cybersecurity Excellence Awards,"""," was selected as a 2019 Rising Star in the Cybersecurity Excellence Awards program. The Cybersecurity Excellence Awards honor organizations and individuals that demonstrate excellence, innovation, and industry leadership in information security.
Rocus Networks' managed cybersecurity services are designed to provide small to medium-sized businesses with enterprise-grade security solutions, expert threat detection, and 24/7 monitoring. The company's proprietary platform, Rocus Guardian, uses artificial intelligence and machine learning to identify and respond to potential threats in real-time, ensuring the security and integrity of clients' networks and data.

""We are thrilled to be recognized as a Rising Star in the Cybersecurity Excellence Awards,""","{""do_sample"": true, ""temperature"": 1.0, ""top_p"": 0.95, ""top_k"": 50, ""repetition_penalty"": 1.0, ""max_new_tokens"": 128}"
unbiased,cuda:1,../Meta-Llama-3-8B-Instruct,config/Unbiased.json,1353,119,,-1,McDonald’s jumped 5.3 percent after the world’s biggest fast-food chain by revenue topped analysts’ forecasts for profit and sales. Shares ,,"McDonald’s jumped 5.3 percent after the world’s biggest fast-food chain by revenue topped analysts’ forecasts for profit and sales. Shares 21.11 USD +1.15%
Coca-Cola rose 3.2 percent after the beverage giant beat earnings expectations and raised its dividend. Shares 64.75 USD +2.12%
Procter & Gamble climbed 2.9 percent after the consumer goods company reported better-than-expected profit and revenue, and boosted its guidance. Shares 134.28 USD +3.98%
These stocks are some of the major movers in the S&P 500 Index, which rose 1.5 percent to 4,431.23 as investors cheered the strong earnings reports from these companies.
The S&P 500","21.11 USD +1.15%
Coca-Cola rose 3.2 percent after the beverage giant beat earnings expectations and raised its dividend. Shares 64.75 USD +2.12%
Procter & Gamble climbed 2.9 percent after the consumer goods company reported better-than-expected profit and revenue, and boosted its guidance. Shares 134.28 USD +3.98%
These stocks are some of the major movers in the S&P 500 Index, which rose 1.5 percent to 4,431.23 as investors cheered the strong earnings reports from these companies.
The S&P 500","{""do_sample"": true, ""temperature"": 1.0, ""top_p"": 0.95, ""top_k"": 50, ""repetition_penalty"": 1.0, ""max_new_tokens"": 128}"
unbiased,cuda:1,../Meta-Llama-3-8B-Instruct,config/Unbiased.json,1355,121,,-1,Hull - Where the US goes the UK often follows. This is especially true of negatives. If the US has ,,"Hull - Where the US goes the UK often follows. This is especially true of negatives. If the US has 2 million homeless, it's no surprise that the UK has 320,000. The US has 3.6 million prisoners, the UK has 85,000.
What do these statistics tell us? Firstly, they tell us that the Western World has a huge problem with social inequality. The richest societies on the planet are simultaneously generating some of the highest levels of poverty and homelessness. It's a bitter irony.
Secondly, they tell us that the policies of these societies are exacerbating this inequality. In both the US and the UK, neo-liberal policies have prioritised corporate profits over human needs. Welfare is cut, public","2 million homeless, it's no surprise that the UK has 320,000. The US has 3.6 million prisoners, the UK has 85,000.
What do these statistics tell us? Firstly, they tell us that the Western World has a huge problem with social inequality. The richest societies on the planet are simultaneously generating some of the highest levels of poverty and homelessness. It's a bitter irony.
Secondly, they tell us that the policies of these societies are exacerbating this inequality. In both the US and the UK, neo-liberal policies have prioritised corporate profits over human needs. Welfare is cut, public","{""do_sample"": true, ""temperature"": 1.0, ""top_p"": 0.95, ""top_k"": 50, ""repetition_penalty"": 1.0, ""max_new_tokens"": 128}"
unbiased,cuda:1,../Meta-Llama-3-8B-Instruct,config/Unbiased.json,1357,123,,-1,"GRANT COUNTY, N.M. - ""Everywhere I go, the kids call me the book lady,"" Dolly Parton said. She may be ",,"GRANT COUNTY, N.M. - ""Everywhere I go, the kids call me the book lady,"" Dolly Parton said. She may be 71 years old, but the legendary country singer-songwriter and philanthropist still brings joy and books to children all over the world.
Parton's Imagination Library, which she founded in 1995, provides free, high-quality books to children from birth to age 5 in participating communities. Grant County, New Mexico, is one of those communities.
""I just think books are important for kids. They're the foundation of everything,"" Parton said.
The idea for Imagination Library came to Parton while she was on tour in the United Kingdom. She noticed how the British culture values reading and literacy, and she wanted to bring","71 years old, but the legendary country singer-songwriter and philanthropist still brings joy and books to children all over the world.
Parton's Imagination Library, which she founded in 1995, provides free, high-quality books to children from birth to age 5 in participating communities. Grant County, New Mexico, is one of those communities.
""I just think books are important for kids. They're the foundation of everything,"" Parton said.
The idea for Imagination Library came to Parton while she was on tour in the United Kingdom. She noticed how the British culture values reading and literacy, and she wanted to bring","{""do_sample"": true, ""temperature"": 1.0, ""top_p"": 0.95, ""top_k"": 50, ""repetition_penalty"": 1.0, ""max_new_tokens"": 128}"
unbiased,cuda:1,../Meta-Llama-3-8B-Instruct,config/Unbiased.json,1359,125,,-1,"While many restaurants in New York City have close relationships with farmers, and boast unimpeachable farm-to-table ethics, far fewer have ",,"While many restaurants in New York City have close relationships with farmers, and boast unimpeachable farm-to-table ethics, far fewer have 100% locally sourced menus. One notable exception is Russ & Daughters Cafe, a Jewish deli and appetizing shop in the East Village that has been a staple of the community for over a century.
The cafe, which has been run by the Russ family since 1914, is committed to sourcing 100% of its ingredients from local farms and producers. This commitment was evident from the moment we sat down for brunch, as our server proudly presented us with a menu that listed each dish alongside its specific farm and producer.
The first order of business was the bagels, which we ordered with a selection of spreads and lox.","100% locally sourced menus. One notable exception is Russ & Daughters Cafe, a Jewish deli and appetizing shop in the East Village that has been a staple of the community for over a century.
The cafe, which has been run by the Russ family since 1914, is committed to sourcing 100% of its ingredients from local farms and producers. This commitment was evident from the moment we sat down for brunch, as our server proudly presented us with a menu that listed each dish alongside its specific farm and producer.
The first order of business was the bagels, which we ordered with a selection of spreads and lox.","{""do_sample"": true, ""temperature"": 1.0, ""top_p"": 0.95, ""top_k"": 50, ""repetition_penalty"": 1.0, ""max_new_tokens"": 128}"
unbiased,cuda:1,../Meta-Llama-3-8B-Instruct,config/Unbiased.json,1361,127,,-1,T-Mobile has just rolled out a service called HotSpot @Homethat allows you to use a WiFi-enabled cell phone to make ,,"T-Mobile has just rolled out a service called HotSpot @Homethat allows you to use a WiFi-enabled cell phone to make 3G internet connections on your computer. The service is available to customers with certain plans and will cost $10 per month.
T-Mobile says this service is perfect for users who want to access the internet on their computers but are away from home. With the T-Mobile HotSpot, you can connect your computer to the internet using your cell phone's 3G network. This means you'll have access to high-speed internet access anywhere you have 3G coverage.
To use the service, you'll need a WiFi-enabled cell phone, such as the T-Mobile G1 Android phone. You'll also need to activate the T-Mobile HotSpot","3G internet connections on your computer. The service is available to customers with certain plans and will cost $10 per month.
T-Mobile says this service is perfect for users who want to access the internet on their computers but are away from home. With the T-Mobile HotSpot, you can connect your computer to the internet using your cell phone's 3G network. This means you'll have access to high-speed internet access anywhere you have 3G coverage.
To use the service, you'll need a WiFi-enabled cell phone, such as the T-Mobile G1 Android phone. You'll also need to activate the T-Mobile HotSpot","{""do_sample"": true, ""temperature"": 1.0, ""top_p"": 0.95, ""top_k"": 50, ""repetition_penalty"": 1.0, ""max_new_tokens"": 128}"
unbiased,cuda:1,../Meta-Llama-3-8B-Instruct,config/Unbiased.json,1363,129,,-1,"""Oh, you are stuck on homework problem number 13? I found a solution on YouTube. That helped a lot. Just ",,"""Oh, you are stuck on homework problem number 13? I found a solution on YouTube. That helped a lot. Just 15 minutes and you are done. You have your 10 minutes left to relax before dinner.""
With a digital device in hand, most of the daily tasks have been made easier. But are we losing the most important ones in the process? In our fast-paced world, it's easy to let our digital tools handle the menial tasks, but in the process, we might be losing the art of problem-solving, critical thinking and creativity.
Homework or any other task can be a tool to build our skills and character. Instead of a burden, it can be an opportunity to learn, grow and thrive. Here are a few reasons why","15 minutes and you are done. You have your 10 minutes left to relax before dinner.""
With a digital device in hand, most of the daily tasks have been made easier. But are we losing the most important ones in the process? In our fast-paced world, it's easy to let our digital tools handle the menial tasks, but in the process, we might be losing the art of problem-solving, critical thinking and creativity.
Homework or any other task can be a tool to build our skills and character. Instead of a burden, it can be an opportunity to learn, grow and thrive. Here are a few reasons why","{""do_sample"": true, ""temperature"": 1.0, ""top_p"": 0.95, ""top_k"": 50, ""repetition_penalty"": 1.0, ""max_new_tokens"": 128}"
unbiased,cuda:1,../Meta-Llama-3-8B-Instruct,config/Unbiased.json,1365,131,,-1,Up to an inch of snow is likely on the Eastern Shore and up into Sussex County Friday afternoon. Below-freezing ,,"Up to an inch of snow is likely on the Eastern Shore and up into Sussex County Friday afternoon. Below-freezing  temperatures overnight into Saturday morning could bring black ice concerns on roads.
A Winter Weather Advisory is in effect for the Eastern Shore and southern Delaware from 1pm Friday until 10am Saturday.
Winds will be moderate on Friday, but increase significantly Friday evening into Saturday morning, causing blowing and drifting snow.
A low-pressure system moving out of the Ohio Valley will stall over the Mid-Atlantic region, bringing a chance of snow and rain to the area Friday afternoon. This system will move out by Saturday morning, ending the chance of precipitation.
Temperatures will be cold enough for snow on Friday afternoon, with highs ranging from the mid-"," temperatures overnight into Saturday morning could bring black ice concerns on roads.
A Winter Weather Advisory is in effect for the Eastern Shore and southern Delaware from 1pm Friday until 10am Saturday.
Winds will be moderate on Friday, but increase significantly Friday evening into Saturday morning, causing blowing and drifting snow.
A low-pressure system moving out of the Ohio Valley will stall over the Mid-Atlantic region, bringing a chance of snow and rain to the area Friday afternoon. This system will move out by Saturday morning, ending the chance of precipitation.
Temperatures will be cold enough for snow on Friday afternoon, with highs ranging from the mid-","{""do_sample"": true, ""temperature"": 1.0, ""top_p"": 0.95, ""top_k"": 50, ""repetition_penalty"": 1.0, ""max_new_tokens"": 128}"
unbiased,cuda:1,../Meta-Llama-3-8B-Instruct,config/Unbiased.json,1367,133,,-1,"It’s dense, interesting, weird and funny, but what it’s all wrapped around is another “Chosen One” story that really feels ",,"It’s dense, interesting, weird and funny, but what it’s all wrapped around is another “Chosen One” story that really feels 100% overdone. The world-building is crazy and rich, but it feels like there are too many competing factions and mysteries to keep track of. The character development is solid, but it can be hard to connect with the lead because he feels so... awkward. Like, I think you’re supposed to find him endearing and quirky, but to me, he just came across as kind of... whiny? And don’t even get me started on the supporting cast. There are some genuinely great characters, but there are also a bunch of cardboard cutouts with not much going for them.

This is a book that I went into with","100% overdone. The world-building is crazy and rich, but it feels like there are too many competing factions and mysteries to keep track of. The character development is solid, but it can be hard to connect with the lead because he feels so... awkward. Like, I think you’re supposed to find him endearing and quirky, but to me, he just came across as kind of... whiny? And don’t even get me started on the supporting cast. There are some genuinely great characters, but there are also a bunch of cardboard cutouts with not much going for them.

This is a book that I went into with","{""do_sample"": true, ""temperature"": 1.0, ""top_p"": 0.95, ""top_k"": 50, ""repetition_penalty"": 1.0, ""max_new_tokens"": 128}"
unbiased,cuda:1,../Meta-Llama-3-8B-Instruct,config/Unbiased.json,1369,135,,-1,"Maddie Hinch and her England team-mates should be proud of their Hockey Women’s World Cup exploits, according to their head ",,"Maddie Hinch and her England team-mates should be proud of their Hockey Women’s World Cup exploits, according to their head  coach, Mark Hager.
Hinch, the goalkeeper, was instrumental in England’s run to the third-place playoff at the World Cup, where they lost 4-1 to New Zealand.
While it was a disappointing end to the tournament, Hagger praised his team for their hard work and resilience throughout.
“Maddie and the team have shown immense pride and passion for the jersey and the country,” Hager said. “We’ve grown as a team and improved our game, and I think we can take a lot of credit for that.
“It was a tough campaign, but I couldn’t be prouder of the"," coach, Mark Hager.
Hinch, the goalkeeper, was instrumental in England’s run to the third-place playoff at the World Cup, where they lost 4-1 to New Zealand.
While it was a disappointing end to the tournament, Hagger praised his team for their hard work and resilience throughout.
“Maddie and the team have shown immense pride and passion for the jersey and the country,” Hager said. “We’ve grown as a team and improved our game, and I think we can take a lot of credit for that.
“It was a tough campaign, but I couldn’t be prouder of the","{""do_sample"": true, ""temperature"": 1.0, ""top_p"": 0.95, ""top_k"": 50, ""repetition_penalty"": 1.0, ""max_new_tokens"": 128}"
unbiased,cuda:1,../Meta-Llama-3-8B-Instruct,config/Unbiased.json,1371,137,,-1,"Anna C. Christensen has been a supporter of family planning since high school, when she stuffed envelopes as a volunteer ",,"Anna C. Christensen has been a supporter of family planning since high school, when she stuffed envelopes as a volunteer 45 years ago. Today, she is a leader in the movement, serving as executive director of the National Family Planning & Reproductive Health Association (NFPRHA).
Under her guidance, NFPRHA has focused on promoting access to reproductive health care, including family planning, and advocating for policy changes that support the well-being of women, men, and families. Christensen has worked tirelessly to advance the cause of reproductive health and has been instrumental in shaping the conversation around women's reproductive rights.
In her current role, Christensen works closely with Congress, the administration, and other organizations to promote policies that support the delivery of family planning services","45 years ago. Today, she is a leader in the movement, serving as executive director of the National Family Planning & Reproductive Health Association (NFPRHA).
Under her guidance, NFPRHA has focused on promoting access to reproductive health care, including family planning, and advocating for policy changes that support the well-being of women, men, and families. Christensen has worked tirelessly to advance the cause of reproductive health and has been instrumental in shaping the conversation around women's reproductive rights.
In her current role, Christensen works closely with Congress, the administration, and other organizations to promote policies that support the delivery of family planning services","{""do_sample"": true, ""temperature"": 1.0, ""top_p"": 0.95, ""top_k"": 50, ""repetition_penalty"": 1.0, ""max_new_tokens"": 128}"
unbiased,cuda:1,../Meta-Llama-3-8B-Instruct,config/Unbiased.json,1373,139,,-1,Jesse Winker will undergo season-ending shoulder surgery. He was batting .299 this year with 7 homers and 43 RBI. Throughout ,,"Jesse Winker will undergo season-ending shoulder surgery. He was batting.299 this year with 7 homers and 43 RBI. Throughout 2019, he’s been one of the most consistent players in the Reds’ lineup. The injury likely means that Aristides Aquino will see more playing time in the outfield, but it’s hard to say just how much playing time he’ll get.
The Cincinnati Reds’ Jesse Winker is heading to the 10-day injured list with a strained left oblique. He’s been dealing with the issue for a while now, but it seems to have reached a point where he needs some time to recover.
According to Mark Sheldon of MLB.com, Winker is going to miss some time, but the exact duration of his absence is still","2019, he’s been one of the most consistent players in the Reds’ lineup. The injury likely means that Aristides Aquino will see more playing time in the outfield, but it’s hard to say just how much playing time he’ll get.
The Cincinnati Reds’ Jesse Winker is heading to the 10-day injured list with a strained left oblique. He’s been dealing with the issue for a while now, but it seems to have reached a point where he needs some time to recover.
According to Mark Sheldon of MLB.com, Winker is going to miss some time, but the exact duration of his absence is still","{""do_sample"": true, ""temperature"": 1.0, ""top_p"": 0.95, ""top_k"": 50, ""repetition_penalty"": 1.0, ""max_new_tokens"": 128}"
unbiased,cuda:1,../Meta-Llama-3-8B-Instruct,config/Unbiased.json,1375,141,,-1,Combined company will make Chevron second-largest petroleum producer in the world. The combined company will remain far behind Exxon Mobil ,,"Combined company will make Chevron second-largest petroleum producer in the world. The combined company will remain far behind Exxon Mobil 25
Shell and Chevron are to merge their upstream and downstream businesses to create a new energy giant. The combined company, which will be a global...
The new company, which will be based in the Netherlands, will have a combined market capitalization of around $350 billion. The merger, which is expected to be completed in the...
The deal comes as the energy sector faces a major shake-up in response to the global energy transition and changing consumer habits. The two companies are already big players in the...
Shell has been expanding its renewable energy business and has set a goal to become a net-zero emissions company by 2050. Chevron has","25
Shell and Chevron are to merge their upstream and downstream businesses to create a new energy giant. The combined company, which will be a global...
The new company, which will be based in the Netherlands, will have a combined market capitalization of around $350 billion. The merger, which is expected to be completed in the...
The deal comes as the energy sector faces a major shake-up in response to the global energy transition and changing consumer habits. The two companies are already big players in the...
Shell has been expanding its renewable energy business and has set a goal to become a net-zero emissions company by 2050. Chevron has","{""do_sample"": true, ""temperature"": 1.0, ""top_p"": 0.95, ""top_k"": 50, ""repetition_penalty"": 1.0, ""max_new_tokens"": 128}"
unbiased,cuda:1,../Meta-Llama-3-8B-Instruct,config/Unbiased.json,1377,143,,-1,"YOKOHAMA, Japan – Nissan Motor Co. announced it has licensed its Around View Monitor and Moving Object Detection technology, jointly ",,"YOKOHAMA, Japan – Nissan Motor Co. announced it has licensed its Around View Monitor and Moving Object Detection technology, jointly  developed with Renault and MobilEye, to other automakers.
The Around View Monitor provides a 360-degree view around the vehicle, while the Moving Object Detection technology uses cameras and sensors to detect objects and people moving behind and around the vehicle. These technologies can help drivers avoid accidents and provide greater peace of mind on the road.
The license agreement allows Nissan's partners to use these technologies in their own vehicles, expanding the reach and impact of these advanced safety features.
""This technology has already proven its value in our own vehicles, and we're pleased to be able to share it with other automakers,"" said Takashi Hata, director of advanced"," developed with Renault and MobilEye, to other automakers.
The Around View Monitor provides a 360-degree view around the vehicle, while the Moving Object Detection technology uses cameras and sensors to detect objects and people moving behind and around the vehicle. These technologies can help drivers avoid accidents and provide greater peace of mind on the road.
The license agreement allows Nissan's partners to use these technologies in their own vehicles, expanding the reach and impact of these advanced safety features.
""This technology has already proven its value in our own vehicles, and we're pleased to be able to share it with other automakers,"" said Takashi Hata, director of advanced","{""do_sample"": true, ""temperature"": 1.0, ""top_p"": 0.95, ""top_k"": 50, ""repetition_penalty"": 1.0, ""max_new_tokens"": 128}"
unbiased,cuda:1,../Meta-Llama-3-8B-Instruct,config/Unbiased.json,1379,145,,-1,A concrete slab and 10-foot high block walls with exposed rebar sit behind a chain link fence as an ugly ,,"A concrete slab and 10-foot high block walls with exposed rebar sit behind a chain link fence as an ugly 15,000-square-foot warehouse storage facility in downtown Los Angeles. A sign reads ""Storage Warehouse - Secure"" and a camera monitoring system is mounted in the corner of the yard.
I cannot help but imagine the stories that these walls could tell, the many goods and products that have passed through these doors, the people who have worked and lived nearby. It is a humble, functional building, devoid of architectural flair, but it holds a certain beauty in its simplicity, its durability, its ability to serve a purpose long after it was built.
As I stand there, camera in hand, a truck pulls up and begins to unload boxes and crates","15,000-square-foot warehouse storage facility in downtown Los Angeles. A sign reads ""Storage Warehouse - Secure"" and a camera monitoring system is mounted in the corner of the yard.
I cannot help but imagine the stories that these walls could tell, the many goods and products that have passed through these doors, the people who have worked and lived nearby. It is a humble, functional building, devoid of architectural flair, but it holds a certain beauty in its simplicity, its durability, its ability to serve a purpose long after it was built.
As I stand there, camera in hand, a truck pulls up and begins to unload boxes and crates","{""do_sample"": true, ""temperature"": 1.0, ""top_p"": 0.95, ""top_k"": 50, ""repetition_penalty"": 1.0, ""max_new_tokens"": 128}"
unbiased,cuda:1,../Meta-Llama-3-8B-Instruct,config/Unbiased.json,1381,147,,-1,It may be noted that Air India's was the only service that plied between Madurai and Mumbai. Some passengers pointed ,,"It may be noted that Air India's was the only service that plied between Madurai and Mumbai. Some passengers pointed outhat the lack of competition could have been a factor in the airline's decision to halt services. ""Air India had a monopoly on the route, which is not ideal for passengers. If there were other airlines operating on the route, there would be more options for passengers and possibly better services,"" said a passenger who had flown on the Madurai-Mumbai route frequently.
The Madurai Airport Authority has requested Air India to reconsider its decision and provide an alternative to the passengers who had booked tickets for the suspended route. However, Air India authorities have not commented on the matter.
It's not the first time that Air India has suspended or reduced","outhat the lack of competition could have been a factor in the airline's decision to halt services. ""Air India had a monopoly on the route, which is not ideal for passengers. If there were other airlines operating on the route, there would be more options for passengers and possibly better services,"" said a passenger who had flown on the Madurai-Mumbai route frequently.
The Madurai Airport Authority has requested Air India to reconsider its decision and provide an alternative to the passengers who had booked tickets for the suspended route. However, Air India authorities have not commented on the matter.
It's not the first time that Air India has suspended or reduced","{""do_sample"": true, ""temperature"": 1.0, ""top_p"": 0.95, ""top_k"": 50, ""repetition_penalty"": 1.0, ""max_new_tokens"": 128}"
unbiased,cuda:1,../Meta-Llama-3-8B-Instruct,config/Unbiased.json,1383,149,,-1,"Initiated by Joint Chiefs of Staff Chairman General Nathan Twining and Chief of Naval Operations Admiral Arleigh Burke, and then ",,"Initiated by Joint Chiefs of Staff Chairman General Nathan Twining and Chief of Naval Operations Admiral Arleigh Burke, and then 82nd Airborne Division Commander Major General James Gavin, the airborne operation was originally conceived as a joint Army-Air Force venture. However, the project underwent significant changes before its deployment. Initially, the mission was to capture the Pegasus Bridge, an important German crossing over the Caen Canal, and to secure the surrounding area to prevent the Germans from moving troops across the bridge.
On the night of June 5-6, 1944, approximately 600 men from the 6th British Airborne Division, led by Major John Howard, parachuted into Normandy in three glider-borne operations. The mission was to capture","82nd Airborne Division Commander Major General James Gavin, the airborne operation was originally conceived as a joint Army-Air Force venture. However, the project underwent significant changes before its deployment. Initially, the mission was to capture the Pegasus Bridge, an important German crossing over the Caen Canal, and to secure the surrounding area to prevent the Germans from moving troops across the bridge.
On the night of June 5-6, 1944, approximately 600 men from the 6th British Airborne Division, led by Major John Howard, parachuted into Normandy in three glider-borne operations. The mission was to capture","{""do_sample"": true, ""temperature"": 1.0, ""top_p"": 0.95, ""top_k"": 50, ""repetition_penalty"": 1.0, ""max_new_tokens"": 128}"
unbiased,cuda:1,../Meta-Llama-3-8B-Instruct,config/Unbiased.json,1385,151,,-1,"DAVENPORT - Don Skipper, an administrative assistant at Ridge Community High School, was named the school's head boys basketball coach ",,"DAVENPORT - Don Skipper, an administrative assistant at Ridge Community High School, was named the school's head boys basketball coach 12 years ago.
Since then, he has led the Bolts to numerous postseason appearances, including a state championship in 2008. Skipper has also coached several standout players who have gone on to play at the collegiate and professional levels.
Despite his success on the court, Skipper's impact extends beyond the game. He is well-respected by his players, colleagues and the community for his dedication, work ethic and passion for coaching.
""I love what I do, and I'm grateful to have the opportunity to make a positive impact on young lives,"" Skipper said. ""My goal is not only to help our players become better basketball","12 years ago.
Since then, he has led the Bolts to numerous postseason appearances, including a state championship in 2008. Skipper has also coached several standout players who have gone on to play at the collegiate and professional levels.
Despite his success on the court, Skipper's impact extends beyond the game. He is well-respected by his players, colleagues and the community for his dedication, work ethic and passion for coaching.
""I love what I do, and I'm grateful to have the opportunity to make a positive impact on young lives,"" Skipper said. ""My goal is not only to help our players become better basketball","{""do_sample"": true, ""temperature"": 1.0, ""top_p"": 0.95, ""top_k"": 50, ""repetition_penalty"": 1.0, ""max_new_tokens"": 128}"
unbiased,cuda:1,../Meta-Llama-3-8B-Instruct,config/Unbiased.json,1387,153,,-1,Still image of Lisa Sharon Harper from YouTube. Pastors and lay leaders who represent minority and multiethnic communities and are ,,"Still image of Lisa Sharon Harper from YouTube. Pastors and lay leaders who represent minority and multiethnic communities and are 21st-century dreamers were honored at the 2019 State of Formation Awards, a program of the Faith Matters Network. Pictured above is Lisa Sharon Harper, the founding executive director of the Harlem-based organization, National Day of Racial Healing.
Lisa Sharon Harper, founder and former executive director of the National Day of Racial Healing, was honored as a 2019 State of Formation Award recipient by the Faith Matters Network. The award celebrates 21st-century dreamers who are redefining what it means to be a faithful leader in a changing world.
Harper, a prominent voice on issues of racial justice and reconciliation, has","21st-century dreamers were honored at the 2019 State of Formation Awards, a program of the Faith Matters Network. Pictured above is Lisa Sharon Harper, the founding executive director of the Harlem-based organization, National Day of Racial Healing.
Lisa Sharon Harper, founder and former executive director of the National Day of Racial Healing, was honored as a 2019 State of Formation Award recipient by the Faith Matters Network. The award celebrates 21st-century dreamers who are redefining what it means to be a faithful leader in a changing world.
Harper, a prominent voice on issues of racial justice and reconciliation, has","{""do_sample"": true, ""temperature"": 1.0, ""top_p"": 0.95, ""top_k"": 50, ""repetition_penalty"": 1.0, ""max_new_tokens"": 128}"
unbiased,cuda:1,../Meta-Llama-3-8B-Instruct,config/Unbiased.json,1389,155,,-1,"It’s amazing what a difference time can make in the way we perceive certain technologies. A few years ago, the ",,"It’s amazing what a difference time can make in the way we perceive certain technologies. A few years ago, the 3D printer was seen as a futuristic tool that only the most cutting-edge companies and inventors had access to. However, today, 3D printing has become a relatively common technology that is being used in various industries, from aerospace and automotive to medical and consumer products.

In this blog post, we will take a closer look at some of the most exciting advancements in 3D printing technology in recent years, and what we can expect to see in the future.

1. Increased speeds: One of the biggest advancements in 3D printing technology is the increase in speed. Gone are the days of slow and laborious 3D","3D printer was seen as a futuristic tool that only the most cutting-edge companies and inventors had access to. However, today, 3D printing has become a relatively common technology that is being used in various industries, from aerospace and automotive to medical and consumer products.

In this blog post, we will take a closer look at some of the most exciting advancements in 3D printing technology in recent years, and what we can expect to see in the future.

1. Increased speeds: One of the biggest advancements in 3D printing technology is the increase in speed. Gone are the days of slow and laborious 3D","{""do_sample"": true, ""temperature"": 1.0, ""top_p"": 0.95, ""top_k"": 50, ""repetition_penalty"": 1.0, ""max_new_tokens"": 128}"
unbiased,cuda:1,../Meta-Llama-3-8B-Instruct,config/Unbiased.json,1391,157,,-1,"Boston Marathon Bombing Suspect Enters Not Guilty Pleas In 1st Public Court HearingFor the first plea, Dzhokhar Tsarnaev leaned toward ",,"Boston Marathon Bombing Suspect Enters Not Guilty Pleas In 1st Public Court HearingFor the first plea, Dzhokhar Tsarnaev leaned toward 27-year-old defense lawyer Judy Clarke, who whispered in his ear. The 20-year-old Tsarnaev occasionally nodded, but his hands remained still and his eyes were fixed on his lawyer.
Boston Marathon Bombing Suspect Expected To Enter Not Guilty PleasIn his first public court hearing, Dzhokhar Tsarnaev, the 20-year-old accused of carrying out the Boston Marathon bombing, is expected to enter not guilty pleas to the federal charges against him.
Tsarnaev's Lawyers Meet With Him For First Time In PrisonCellTsarnaev's lawyers met with him for the first time at the Fort Devens prison","27-year-old defense lawyer Judy Clarke, who whispered in his ear. The 20-year-old Tsarnaev occasionally nodded, but his hands remained still and his eyes were fixed on his lawyer.
Boston Marathon Bombing Suspect Expected To Enter Not Guilty PleasIn his first public court hearing, Dzhokhar Tsarnaev, the 20-year-old accused of carrying out the Boston Marathon bombing, is expected to enter not guilty pleas to the federal charges against him.
Tsarnaev's Lawyers Meet With Him For First Time In PrisonCellTsarnaev's lawyers met with him for the first time at the Fort Devens prison","{""do_sample"": true, ""temperature"": 1.0, ""top_p"": 0.95, ""top_k"": 50, ""repetition_penalty"": 1.0, ""max_new_tokens"": 128}"
unbiased,cuda:1,../Meta-Llama-3-8B-Instruct,config/Unbiased.json,1393,159,,-1,"Chee Wei Wong, professor of electrical and computer engineering in the UCLA Samueli School of Engineering, was named a fellow ",,"Chee Wei Wong, professor of electrical and computer engineering in the UCLA Samueli School of Engineering, was named a fellow  of the Institute of Electrical and Electronics Engineers (IEEE) for his outstanding contributions to the development and application of nanotechnology for medical imaging and therapy.
Wong is recognized for his pioneering work in the development of novel nanomaterials and nanoscale devices for biomedical applications, including nanoscale imaging, targeted therapy, and biosensing. His research has focused on understanding the interactions between nanomaterials and biological systems, and developing new methods for early disease detection, treatment, and monitoring.
""Chee Wei Wong is a highly accomplished researcher and scholar who has made significant contributions to the field of nanotechnology for biomedical applications,"" said"," of the Institute of Electrical and Electronics Engineers (IEEE) for his outstanding contributions to the development and application of nanotechnology for medical imaging and therapy.
Wong is recognized for his pioneering work in the development of novel nanomaterials and nanoscale devices for biomedical applications, including nanoscale imaging, targeted therapy, and biosensing. His research has focused on understanding the interactions between nanomaterials and biological systems, and developing new methods for early disease detection, treatment, and monitoring.
""Chee Wei Wong is a highly accomplished researcher and scholar who has made significant contributions to the field of nanotechnology for biomedical applications,"" said","{""do_sample"": true, ""temperature"": 1.0, ""top_p"": 0.95, ""top_k"": 50, ""repetition_penalty"": 1.0, ""max_new_tokens"": 128}"
unbiased,cuda:1,../Meta-Llama-3-8B-Instruct,config/Unbiased.json,1395,161,,-1,Viewers will not want to miss Friday’s episode of General Hospital. Spoilers tease that everybody will see lots of juicy ,,"Viewers will not want to miss Friday’s episode of General Hospital. Spoilers tease that everybody will see lots of juicy 23rd of March storylines. Let’s dive into what you can expect from the upcoming episode.
Friday’s episode of General Hospital will kick off with a dramatic moment as Jason Morgan (Steve Burton) will finally find out about the shocking news about his daughter, Sam McCall. According to the spoilers, Jason will find out the truth about Sam’s connection to Holly Sutton. Fans of the show will see a very emotional reaction from Jason, and it will have a huge impact on his character going forward.
Another storyline that will be crucial in Friday’s episode is the mystery surrounding Ryan Chamberlain. The character has been on a downward spiral,","23rd of March storylines. Let’s dive into what you can expect from the upcoming episode.
Friday’s episode of General Hospital will kick off with a dramatic moment as Jason Morgan (Steve Burton) will finally find out about the shocking news about his daughter, Sam McCall. According to the spoilers, Jason will find out the truth about Sam’s connection to Holly Sutton. Fans of the show will see a very emotional reaction from Jason, and it will have a huge impact on his character going forward.
Another storyline that will be crucial in Friday’s episode is the mystery surrounding Ryan Chamberlain. The character has been on a downward spiral,","{""do_sample"": true, ""temperature"": 1.0, ""top_p"": 0.95, ""top_k"": 50, ""repetition_penalty"": 1.0, ""max_new_tokens"": 128}"
unbiased,cuda:1,../Meta-Llama-3-8B-Instruct,config/Unbiased.json,1397,163,,-1,"Tue., May 29, 2018, 10:20 a.m. CAGUAS, Puerto Rico – At least 4,645 people died as a result of Hurricane ",,"Tue., May 29, 2018, 10:20 a.m. CAGUAS, Puerto Rico – At least 4,645 people died as a result of Hurricane  …
SAN JUAN, Puerto Rico — The official death toll from Hurricane Maria, which devastated Puerto Rico in 2017, was revised to 2,975 on Tuesday, up from an earlier estimate of 64.
The Centers for Disease Control and Prevention (CDC) released a report Tuesday stating that the new death toll is based on a comprehensive study conducted by the university-based Puerto Rico Center for Investigative Journalism, along with the Inter-American Institute for Democracy, Justice, and Peace, and the University of Puerto Rico.
The study analyzed death certificates from September 20, 2017, to February 28, 2018"," …
SAN JUAN, Puerto Rico — The official death toll from Hurricane Maria, which devastated Puerto Rico in 2017, was revised to 2,975 on Tuesday, up from an earlier estimate of 64.
The Centers for Disease Control and Prevention (CDC) released a report Tuesday stating that the new death toll is based on a comprehensive study conducted by the university-based Puerto Rico Center for Investigative Journalism, along with the Inter-American Institute for Democracy, Justice, and Peace, and the University of Puerto Rico.
The study analyzed death certificates from September 20, 2017, to February 28, 2018","{""do_sample"": true, ""temperature"": 1.0, ""top_p"": 0.95, ""top_k"": 50, ""repetition_penalty"": 1.0, ""max_new_tokens"": 128}"
unbiased,cuda:1,../Meta-Llama-3-8B-Instruct,config/Unbiased.json,1399,165,,-1,"Kyle Schwarber may be out for the season, but the home run ball he hit during the Cubs-Cardinals National League ",,"Kyle Schwarber may be out for the season, but the home run ball he hit during the Cubs-Cardinals National League 5th annual ""Get Out and Vote"" initiative has made its way to the Hall of Fame.
Schwarber's homer on June 25 at Busch Stadium will be on display at the National Baseball Hall of Fame and Museum in Cooperstown, N.Y., along with other notable home run balls from the past, the Hall announced on Thursday.
The Hall of Fame and Major League Baseball partnered to create the ""Get Out and Vote"" initiative, which aims to promote voting and civic engagement during elections. The partnership encouraged teams to host voting-themed events and activities at their ballparks, and the Cubs' event featured Schwarber's ","5th annual ""Get Out and Vote"" initiative has made its way to the Hall of Fame.
Schwarber's homer on June 25 at Busch Stadium will be on display at the National Baseball Hall of Fame and Museum in Cooperstown, N.Y., along with other notable home run balls from the past, the Hall announced on Thursday.
The Hall of Fame and Major League Baseball partnered to create the ""Get Out and Vote"" initiative, which aims to promote voting and civic engagement during elections. The partnership encouraged teams to host voting-themed events and activities at their ballparks, and the Cubs' event featured Schwarber's ","{""do_sample"": true, ""temperature"": 1.0, ""top_p"": 0.95, ""top_k"": 50, ""repetition_penalty"": 1.0, ""max_new_tokens"": 128}"
unbiased,cuda:1,../Meta-Llama-3-8B-Instruct,config/Unbiased.json,1401,167,,-1,Only former Israeli President Shimon Peres could pull off something like organizing a friendly football (soccer) match between Israeli and ,,"Only former Israeli President Shimon Peres could pull off something like organizing a friendly football (soccer) match between Israeli and  Palestinian youth teams, bringing together two groups often at odds in a celebration of sport and mutual understanding.
The match, held on Tuesday in the West Bank city of Jericho, was part of a program called “Peres Center for Peace and Innovation,” which aims to promote peace and coexistence in the region through sports.
The Israeli team, comprised of 17 players from different backgrounds, faced off against the Palestinian team, made up of 17 players from various cities in the West Bank and Gaza Strip.
Peres, who has been a long-time advocate for peace in the region, joined the players on the field before the match"," Palestinian youth teams, bringing together two groups often at odds in a celebration of sport and mutual understanding.
The match, held on Tuesday in the West Bank city of Jericho, was part of a program called “Peres Center for Peace and Innovation,” which aims to promote peace and coexistence in the region through sports.
The Israeli team, comprised of 17 players from different backgrounds, faced off against the Palestinian team, made up of 17 players from various cities in the West Bank and Gaza Strip.
Peres, who has been a long-time advocate for peace in the region, joined the players on the field before the match","{""do_sample"": true, ""temperature"": 1.0, ""top_p"": 0.95, ""top_k"": 50, ""repetition_penalty"": 1.0, ""max_new_tokens"": 128}"
unbiased,cuda:1,../Meta-Llama-3-8B-Instruct,config/Unbiased.json,1403,169,,-1,Katie Price and her new baby return home after holidaying in Europe. Alex Reid has tweeted a message of support ,,"Katie Price and her new baby return home after holidaying in Europe. Alex Reid has tweeted a message of support 1:47pm on 6th December 2013
Katie Price has returned home with her new baby, a adorable little princess called Harlow Jane, after a family holiday in Europe. The 36-year-old glamour model, who gave birth to Harlow on June 11th, was spotted with her little one and her husband Kieran Hayler at Gatwick airport in London.
In a tweet, Katie's ex-husband Alex Reid, whom she was married to in 2010, has expressed his well wishes for the new baby, saying: ""Congratulations to the beautiful Katie Price and Kieran Hayler on their","1:47pm on 6th December 2013
Katie Price has returned home with her new baby, a adorable little princess called Harlow Jane, after a family holiday in Europe. The 36-year-old glamour model, who gave birth to Harlow on June 11th, was spotted with her little one and her husband Kieran Hayler at Gatwick airport in London.
In a tweet, Katie's ex-husband Alex Reid, whom she was married to in 2010, has expressed his well wishes for the new baby, saying: ""Congratulations to the beautiful Katie Price and Kieran Hayler on their","{""do_sample"": true, ""temperature"": 1.0, ""top_p"": 0.95, ""top_k"": 50, ""repetition_penalty"": 1.0, ""max_new_tokens"": 128}"
unbiased,cuda:1,../Meta-Llama-3-8B-Instruct,config/Unbiased.json,1405,171,,-1,"Stopping nearsightedness in kids and more. This week, Dr. Sydney Spiesel discusses a way to stop the progression of nearsightedness ",,"Stopping nearsightedness in kids and more. This week, Dr. Sydney Spiesel discusses a way to stop the progression of nearsightedness  in kids, along with other eye care topics.
Can I Prevent My Child's Nearsightedness from Getting Worse?
Can Cataracts Be Prevented in Kids?
What is Amblyopia, and How Can I Prevent It? Amblyopia, also known as lazy eye, is a condition where one eye doesn't develop properly, often due to an issue with vision in that eye. Dr. Spiesel discusses how to prevent and treat amblyopia in kids....read more.
Why Is a Comprehensive Eye Exam So Important for Kids?
This week, Dr. Sydney Spiesel answers common questions about eye care for kids...."," in kids, along with other eye care topics.
Can I Prevent My Child's Nearsightedness from Getting Worse?
Can Cataracts Be Prevented in Kids?
What is Amblyopia, and How Can I Prevent It? Amblyopia, also known as lazy eye, is a condition where one eye doesn't develop properly, often due to an issue with vision in that eye. Dr. Spiesel discusses how to prevent and treat amblyopia in kids....read more.
Why Is a Comprehensive Eye Exam So Important for Kids?
This week, Dr. Sydney Spiesel answers common questions about eye care for kids....","{""do_sample"": true, ""temperature"": 1.0, ""top_p"": 0.95, ""top_k"": 50, ""repetition_penalty"": 1.0, ""max_new_tokens"": 128}"
unbiased,cuda:1,../Meta-Llama-3-8B-Instruct,config/Unbiased.json,1407,173,,-1,"In this Sept. 1, 2014 photo released by the U.S. Geological Survey, fluid lava streams from the June 27 lava ",,"In this Sept. 1, 2014 photo released by the U.S. Geological Survey, fluid lava streams from the June 27 lava 1 flow into Kilauea Lake in Hawaii Volcanoes National Park, Hawaii. The flow is about 100 feet wide and 2 miles long, and has been growing at a rate of about 10-20 yards per minute. The June 27 lava 1 flow is part of the ongoing eruption at Kilauea Volcano, which began in 1983. (AP Photo/U.S. Geological Survey)
In this Sept. 1, 2014 photo released by the U.S. Geological Survey, fluid lava streams from the June 27 lava 1 flow into Kilauea Lake in Hawaii Vol","1 flow into Kilauea Lake in Hawaii Volcanoes National Park, Hawaii. The flow is about 100 feet wide and 2 miles long, and has been growing at a rate of about 10-20 yards per minute. The June 27 lava 1 flow is part of the ongoing eruption at Kilauea Volcano, which began in 1983. (AP Photo/U.S. Geological Survey)
In this Sept. 1, 2014 photo released by the U.S. Geological Survey, fluid lava streams from the June 27 lava 1 flow into Kilauea Lake in Hawaii Vol","{""do_sample"": true, ""temperature"": 1.0, ""top_p"": 0.95, ""top_k"": 50, ""repetition_penalty"": 1.0, ""max_new_tokens"": 128}"
unbiased,cuda:1,../Meta-Llama-3-8B-Instruct,config/Unbiased.json,1409,175,,-1,The air ambulance was mobilised following reports that a man had fallen on a tree branch and impaled his neck ,,"The air ambulance was mobilised following reports that a man had fallen on a tree branch and impaled his neck 6 inches deep.
The incident occurred on Sunday afternoon in a wood near the village of Binstead, Hampshire.
The 53-year-old man was taken to a hospital in Portsmouth, where he is currently being treated for his injuries.
A Hampshire Fire and Rescue Service spokesperson said: ""The air ambulance was requested to attend the incident in Binstead after reports that a 53-year-old man had suffered a serious neck injury after falling onto a tree branch.
""HFRS firefighters and South Central Ambulance Service (SCAS) paramedics were on the scene quickly, and despite their best efforts, the man's neck was impaled 6 inches","6 inches deep.
The incident occurred on Sunday afternoon in a wood near the village of Binstead, Hampshire.
The 53-year-old man was taken to a hospital in Portsmouth, where he is currently being treated for his injuries.
A Hampshire Fire and Rescue Service spokesperson said: ""The air ambulance was requested to attend the incident in Binstead after reports that a 53-year-old man had suffered a serious neck injury after falling onto a tree branch.
""HFRS firefighters and South Central Ambulance Service (SCAS) paramedics were on the scene quickly, and despite their best efforts, the man's neck was impaled 6 inches","{""do_sample"": true, ""temperature"": 1.0, ""top_p"": 0.95, ""top_k"": 50, ""repetition_penalty"": 1.0, ""max_new_tokens"": 128}"
unbiased,cuda:1,../Meta-Llama-3-8B-Instruct,config/Unbiased.json,1411,177,,-1,The University of Maryland President Wallace Loh. University of Maryland President Wallace Loh stood before reporters Aug. 14 and apologized ,,"The University of Maryland President Wallace Loh. University of Maryland President Wallace Loh stood before reporters Aug. 14 and apologized 1 month after the death of Jordan McNair, 19, who died following heat exhaustion during a team workout in May. McNair's death has led to a review of the university's athletic program and a promise of new measures to ensure student athletes' safety.
University of Maryland President Wallace Loh stood before reporters Aug. 14 and apologized 1 month after the death of Jordan McNair, 19, who died following heat exhaustion during a team workout in May. McNair's death has led to a review of the university's athletic program and a promise of new measures to ensure student athletes' safety.
University of Maryland President Wallace","1 month after the death of Jordan McNair, 19, who died following heat exhaustion during a team workout in May. McNair's death has led to a review of the university's athletic program and a promise of new measures to ensure student athletes' safety.
University of Maryland President Wallace Loh stood before reporters Aug. 14 and apologized 1 month after the death of Jordan McNair, 19, who died following heat exhaustion during a team workout in May. McNair's death has led to a review of the university's athletic program and a promise of new measures to ensure student athletes' safety.
University of Maryland President Wallace","{""do_sample"": true, ""temperature"": 1.0, ""top_p"": 0.95, ""top_k"": 50, ""repetition_penalty"": 1.0, ""max_new_tokens"": 128}"
unbiased,cuda:1,../Meta-Llama-3-8B-Instruct,config/Unbiased.json,1413,179,,-1,"in French). Nov. 19 at 3:30: ""Walkabout"" (1971, Nicolas Roeg). Nov. 20 at 1 and Nov. 22 at 4:40: ""Mean ",,"in French). Nov. 19 at 3:30: ""Walkabout"" (1971, Nicolas Roeg). Nov. 20 at 1 and Nov. 22 at 4:40: ""Mean 31"" (1997, Rob Schmidt). Nov. 22 at 7:30: ""Pillow Book"" (1996, Peter Greenaway). Nov. 23 at 4:10: ""Un Chien Andalou"" (1929, Luis Buñuel and Salvador Dalí). See the website for more information.
**Society of Cinematologists**
Annual meeting, Nov. 19-22, in Atlanta, Georgia. For more information, call (315) 443-2323 or e-mail [society of cinematologists@binghamton.edu](mailto:society of cinematologists@","31"" (1997, Rob Schmidt). Nov. 22 at 7:30: ""Pillow Book"" (1996, Peter Greenaway). Nov. 23 at 4:10: ""Un Chien Andalou"" (1929, Luis Buñuel and Salvador Dalí). See the website for more information.
**Society of Cinematologists**
Annual meeting, Nov. 19-22, in Atlanta, Georgia. For more information, call (315) 443-2323 or e-mail [society of cinematologists@binghamton.edu](mailto:society of cinematologists@","{""do_sample"": true, ""temperature"": 1.0, ""top_p"": 0.95, ""top_k"": 50, ""repetition_penalty"": 1.0, ""max_new_tokens"": 128}"
unbiased,cuda:1,../Meta-Llama-3-8B-Instruct,config/Unbiased.json,1415,181,,-1,(Reuters) - U.S. ride services firm Lyft Inc is in talks with an advisor for a targeted March or April ,,"(Reuters) - U.S. ride services firm Lyft Inc is in talks with an advisor for a targeted March or April 2019 initial public offering (IPO), according to a report by Bloomberg on Monday.
The report comes as Lyft's rival, Uber Technologies Inc, is gearing up for its own IPO, which is expected to take place in the first half of 2019.
Lyft has been steadily growing its business, with revenue reaching $2.2 billion in 2018, up 74% from the previous year. The company has also expanded its services beyond ride-hailing, including the launch of bike and scooter rentals.
Lyft is expected to go public with a valuation of around $15 billion to $20 billion, the report said","2019 initial public offering (IPO), according to a report by Bloomberg on Monday.
The report comes as Lyft's rival, Uber Technologies Inc, is gearing up for its own IPO, which is expected to take place in the first half of 2019.
Lyft has been steadily growing its business, with revenue reaching $2.2 billion in 2018, up 74% from the previous year. The company has also expanded its services beyond ride-hailing, including the launch of bike and scooter rentals.
Lyft is expected to go public with a valuation of around $15 billion to $20 billion, the report said","{""do_sample"": true, ""temperature"": 1.0, ""top_p"": 0.95, ""top_k"": 50, ""repetition_penalty"": 1.0, ""max_new_tokens"": 128}"
unbiased,cuda:1,../Meta-Llama-3-8B-Instruct,config/Unbiased.json,1417,183,,-1,Advocates for government accountability were alarmed to learn Gov. Jared Polis was undecided on whether to veto a bill to ,,"Advocates for government accountability were alarmed to learn Gov. Jared Polis was undecided on whether to veto a bill to 911 system overhaul, which could allow the state to consolidate some of the costs and resources by transitioning to a new technology.
The governor has until June 11 to make a decision on the bill, which would consolidate the 911 system and allow for more efficient use of resources. Advocates for government accountability, including fiscal conservatives and those concerned about transparency, have called on the governor to veto the bill, saying it could lead to further consolidation of government power and potentially lead to less transparency and accountability.
The bill, House Bill 1302, would allow for the creation of a new 911 system in Colorado, which would be managed by the","911 system overhaul, which could allow the state to consolidate some of the costs and resources by transitioning to a new technology.
The governor has until June 11 to make a decision on the bill, which would consolidate the 911 system and allow for more efficient use of resources. Advocates for government accountability, including fiscal conservatives and those concerned about transparency, have called on the governor to veto the bill, saying it could lead to further consolidation of government power and potentially lead to less transparency and accountability.
The bill, House Bill 1302, would allow for the creation of a new 911 system in Colorado, which would be managed by the","{""do_sample"": true, ""temperature"": 1.0, ""top_p"": 0.95, ""top_k"": 50, ""repetition_penalty"": 1.0, ""max_new_tokens"": 128}"
unbiased,cuda:1,../Meta-Llama-3-8B-Instruct,config/Unbiased.json,1419,185,,-1,"MADRID: As Cristiano Ronaldo enjoyed his time off at the French Riviera, his Portugal team-mates were busy handing Italy another ",,"MADRID: As Cristiano Ronaldo enjoyed his time off at the French Riviera, his Portugal team-mates were busy handing Italy another 3-0 defeat in the Nations League.
Ronaldo was given a six-day break by coach Fernando Santos, but his absence did not seem to make a difference for Portugal as they dominated Italy in their Group A3 match on Saturday (Sunday in Manila).
Bernardo Silva and Joao Felix both scored their first international goals, and Bruno Fernandes added a late third as Portugal maintained their unbeaten record in the competition.
The result meant Italy dropped to the bottom of the group, with only one point from two matches, and their chances of reaching the Nations League semifinals appeared to be dwindling.
Portugal, on the other hand","3-0 defeat in the Nations League.
Ronaldo was given a six-day break by coach Fernando Santos, but his absence did not seem to make a difference for Portugal as they dominated Italy in their Group A3 match on Saturday (Sunday in Manila).
Bernardo Silva and Joao Felix both scored their first international goals, and Bruno Fernandes added a late third as Portugal maintained their unbeaten record in the competition.
The result meant Italy dropped to the bottom of the group, with only one point from two matches, and their chances of reaching the Nations League semifinals appeared to be dwindling.
Portugal, on the other hand","{""do_sample"": true, ""temperature"": 1.0, ""top_p"": 0.95, ""top_k"": 50, ""repetition_penalty"": 1.0, ""max_new_tokens"": 128}"
unbiased,cuda:1,../Meta-Llama-3-8B-Instruct,config/Unbiased.json,1421,187,,-1,"Florida Institute of Technology quarterback Brandon Ziarno. MELBOURNE, Fla. - Florida Institute of Technology quarterback Brandon Ziarno was arrested Friday ",,"Florida Institute of Technology quarterback Brandon Ziarno. MELBOURNE, Fla. - Florida Institute of Technology quarterback Brandon Ziarno was arrested Friday  morning after a disturbance call at a local motel, according to the Melbourne Police Department.
The 22-year-old was charged with disorderly conduct and resisting arrest without violence, police said.
According to the police report, officers responded to a call at the Airport Inn motel around 3:40 a.m. after a guest reported that a man was being disruptive and causing a disturbance.
When officers arrived, they found Ziarno in a vehicle in the motel parking lot, according to the report.
The quarterback reportedly became confrontational and refused to leave the area, prompting officers to try to arrest him. He allegedly resisted arrest, but"," morning after a disturbance call at a local motel, according to the Melbourne Police Department.
The 22-year-old was charged with disorderly conduct and resisting arrest without violence, police said.
According to the police report, officers responded to a call at the Airport Inn motel around 3:40 a.m. after a guest reported that a man was being disruptive and causing a disturbance.
When officers arrived, they found Ziarno in a vehicle in the motel parking lot, according to the report.
The quarterback reportedly became confrontational and refused to leave the area, prompting officers to try to arrest him. He allegedly resisted arrest, but","{""do_sample"": true, ""temperature"": 1.0, ""top_p"": 0.95, ""top_k"": 50, ""repetition_penalty"": 1.0, ""max_new_tokens"": 128}"
unbiased,cuda:1,../Meta-Llama-3-8B-Instruct,config/Unbiased.json,1423,189,,-1,Runaway Entertainment is looking for an experienced Associate General Manager to work across all their productions. Runaway Entertainment Ltd is ,,"Runaway Entertainment is looking for an experienced Associate General Manager to work across all their productions. Runaway Entertainment Ltd is 2 x BAFTA and multi-award winning independent production company that creates factual and entertaining programming for a variety of platforms, including TV, film, and digital. They are looking for an experienced and highly organized Associate General Manager to join their team.
The Associate General Manager will work closely with the General Manager and other members of the production team to provide administrative support, manage projects, and contribute to the overall growth and success of the company.
Key responsibilities will include:
* Providing administrative support to the General Manager and other members of the production team
* Managing projects from inception to delivery, including coordinating schedules, budgets, and personnel
* Coordin","2 x BAFTA and multi-award winning independent production company that creates factual and entertaining programming for a variety of platforms, including TV, film, and digital. They are looking for an experienced and highly organized Associate General Manager to join their team.
The Associate General Manager will work closely with the General Manager and other members of the production team to provide administrative support, manage projects, and contribute to the overall growth and success of the company.
Key responsibilities will include:
* Providing administrative support to the General Manager and other members of the production team
* Managing projects from inception to delivery, including coordinating schedules, budgets, and personnel
* Coordin","{""do_sample"": true, ""temperature"": 1.0, ""top_p"": 0.95, ""top_k"": 50, ""repetition_penalty"": 1.0, ""max_new_tokens"": 128}"
unbiased,cuda:1,../Meta-Llama-3-8B-Instruct,config/Unbiased.json,1425,191,,-1,The New York Times on Thursday printed a special section featuring portraits of nearly every member of the record number ,,"The New York Times on Thursday printed a special section featuring portraits of nearly every member of the record number 435 U.S. House members, as well as the House speaker.
The section, which measures 12 pages long, is titled “The Faces of Congress” and features the photographs and bios of every member of the House, along with the House speaker, Paul Ryan Paul Davis RyanJuan Williams: The Trump and Biden era: A tale of two parties Trump's impeachment effort opens 'path to a Democratic landslide' Trump lashes out at 'the Deep State' after impeachment effort fails MORE (R-Wis.).
The section was designed to put a human face to the often-anonymous members of Congress, and to showcase the diversity of the House","435 U.S. House members, as well as the House speaker.
The section, which measures 12 pages long, is titled “The Faces of Congress” and features the photographs and bios of every member of the House, along with the House speaker, Paul Ryan Paul Davis RyanJuan Williams: The Trump and Biden era: A tale of two parties Trump's impeachment effort opens 'path to a Democratic landslide' Trump lashes out at 'the Deep State' after impeachment effort fails MORE (R-Wis.).
The section was designed to put a human face to the often-anonymous members of Congress, and to showcase the diversity of the House","{""do_sample"": true, ""temperature"": 1.0, ""top_p"": 0.95, ""top_k"": 50, ""repetition_penalty"": 1.0, ""max_new_tokens"": 128}"
unbiased,cuda:1,../Meta-Llama-3-8B-Instruct,config/Unbiased.json,1427,193,,-1,"Equipped with their own factory, they make different kinds of outstanding fish cake. Fish cake in Busan is the most ",,"Equipped with their own factory, they make different kinds of outstanding fish cake. Fish cake in Busan is the most 2017. Busan is known for its seafood dishes, and the city is home to many markets where you can try different types of fish cakes. In the first round, candidates were asked to make fish cakes using a store-bought mix, and the top three performers were chosen to move on to the final round. Read More. Busan, known as the Seafood Capital of Korea, is home to the largest fish market in the country, the Busan Fish Market.... and the busan fish cake recipe with a twist. Fish cakes are a popular snack in Korea, and Busan is known for its high-quality fish cakes","2017. Busan is known for its seafood dishes, and the city is home to many markets where you can try different types of fish cakes. In the first round, candidates were asked to make fish cakes using a store-bought mix, and the top three performers were chosen to move on to the final round. Read More. Busan, known as the Seafood Capital of Korea, is home to the largest fish market in the country, the Busan Fish Market.... and the busan fish cake recipe with a twist. Fish cakes are a popular snack in Korea, and Busan is known for its high-quality fish cakes","{""do_sample"": true, ""temperature"": 1.0, ""top_p"": 0.95, ""top_k"": 50, ""repetition_penalty"": 1.0, ""max_new_tokens"": 128}"
unbiased,cuda:1,../Meta-Llama-3-8B-Instruct,config/Unbiased.json,1429,195,,-1,An Alsip police officer seriously wounded a man in an on-duty shooting early Wednesday after tracking a Cadillac suspected of ,,"An Alsip police officer seriously wounded a man in an on-duty shooting early Wednesday after tracking a Cadillac suspected of 16-year-old boy's kidnapping.
The man, identified as 24-year-old Kevin Jackson, is in critical condition at a hospital with multiple gunshot wounds, authorities said.
Police said Jackson was the suspect in the kidnapping of a 16-year-old boy from a convenience store in the 2000 block of West 115th Street in Alsip around 1 a.m. Wednesday.
The boy was released unharmed after a short chase, and the Cadillac was tracked by police to the 1400 block of West 115th Street, where the shooting occurred, police said.
Alsip Officer Ryan O'Brien, a 3-year","16-year-old boy's kidnapping.
The man, identified as 24-year-old Kevin Jackson, is in critical condition at a hospital with multiple gunshot wounds, authorities said.
Police said Jackson was the suspect in the kidnapping of a 16-year-old boy from a convenience store in the 2000 block of West 115th Street in Alsip around 1 a.m. Wednesday.
The boy was released unharmed after a short chase, and the Cadillac was tracked by police to the 1400 block of West 115th Street, where the shooting occurred, police said.
Alsip Officer Ryan O'Brien, a 3-year","{""do_sample"": true, ""temperature"": 1.0, ""top_p"": 0.95, ""top_k"": 50, ""repetition_penalty"": 1.0, ""max_new_tokens"": 128}"
unbiased,cuda:1,../Meta-Llama-3-8B-Instruct,config/Unbiased.json,1431,197,,-1,"If you would like to support the Down Syndrome Association of West Michigan's campaign of kindness, you may visit the ",,"If you would like to support the Down Syndrome Association of West Michigan's campaign of kindness, you may visit the 99.9 BOB FM studio at 1300 Burton Street SE, Grand Rapids, MI 49506 and make a donation.
For each donation, you will receive a special thank you gift and a chance to win a grand prize from 99.9 BOB FM. All proceeds will benefit the Down Syndrome Association of West Michigan and support their mission to provide resources, support, and advocacy for individuals with Down syndrome and their families.
Thank you for your kindness and support! We can't do it without you!
To make a donation, visit the 99.9 BOB FM studio at 1300 Burton Street SE, Grand","99.9 BOB FM studio at 1300 Burton Street SE, Grand Rapids, MI 49506 and make a donation.
For each donation, you will receive a special thank you gift and a chance to win a grand prize from 99.9 BOB FM. All proceeds will benefit the Down Syndrome Association of West Michigan and support their mission to provide resources, support, and advocacy for individuals with Down syndrome and their families.
Thank you for your kindness and support! We can't do it without you!
To make a donation, visit the 99.9 BOB FM studio at 1300 Burton Street SE, Grand","{""do_sample"": true, ""temperature"": 1.0, ""top_p"": 0.95, ""top_k"": 50, ""repetition_penalty"": 1.0, ""max_new_tokens"": 128}"
unbiased,cuda:1,../Meta-Llama-3-8B-Instruct,config/Unbiased.json,1433,199,,-1,Jan. 22 will be here before agencies know it. So will Feb. 6. Here’s betting that even April 16 will ,,"Jan. 22 will be here before agencies know it. So will Feb. 6. Here’s betting that even April 16 will  come quickly. You see, those dates are...
Jan. 22 will be here before agencies know it. So will Feb. 6. Here’s betting that even April 16 will come quickly. You see, those dates are Congressionally mandated deadlines for implementing the final two components of the 2010 Affordable Care Act.
What’s new? Ah, the first two parts – the individual mandate and the employer mandate – have been pushed back to 2015 and 2016, respectively. But the final two, related to federal funding and the Medicaid expansion, are still on track for implementation as scheduled.
And while many are"," come quickly. You see, those dates are...
Jan. 22 will be here before agencies know it. So will Feb. 6. Here’s betting that even April 16 will come quickly. You see, those dates are Congressionally mandated deadlines for implementing the final two components of the 2010 Affordable Care Act.
What’s new? Ah, the first two parts – the individual mandate and the employer mandate – have been pushed back to 2015 and 2016, respectively. But the final two, related to federal funding and the Medicaid expansion, are still on track for implementation as scheduled.
And while many are","{""do_sample"": true, ""temperature"": 1.0, ""top_p"": 0.95, ""top_k"": 50, ""repetition_penalty"": 1.0, ""max_new_tokens"": 128}"
unbiased,cuda:0,../Meta-Llama-3-8B-Instruct,config/Unbiased.json,1234,0,,-1,"After the martyrdom of St. Boniface, Vergilius was made Bishop of Salzburg (766 or 767) and laboured successfully for the ",,"After the martyrdom of St. Boniface, Vergilius was made Bishop of Salzburg (766 or 767) and laboured successfully for the 17th
After the martyrdom of St. Boniface, Vergilius was made Bishop of Salzburg (766 or 767) and laboured successfully for the 17th
After the martyrdom of St. Boniface, Vergilius was made Bishop of Salzburg (766 or 767) and laboured successfully for the 17th
After the martyrdom of St. Boniface, Vergilius was made Bishop of Salzburg (766 or 767) and laboured successfully for the 17th
After the martyrdom of St. Boniface, Vergilius was made Bishop of Salzburg (","17th
After the martyrdom of St. Boniface, Vergilius was made Bishop of Salzburg (766 or 767) and laboured successfully for the 17th
After the martyrdom of St. Boniface, Vergilius was made Bishop of Salzburg (766 or 767) and laboured successfully for the 17th
After the martyrdom of St. Boniface, Vergilius was made Bishop of Salzburg (766 or 767) and laboured successfully for the 17th
After the martyrdom of St. Boniface, Vergilius was made Bishop of Salzburg (","{""do_sample"": true, ""temperature"": 1.0, ""top_p"": 0.95, ""top_k"": 50, ""repetition_penalty"": 1.0, ""max_new_tokens"": 128}"
unbiased,cuda:0,../Meta-Llama-3-8B-Instruct,config/Unbiased.json,1236,2,,-1,"8i announced today it has launched a web player, the 8i Portal, for its volumetric 3D video of people in ",,"8i announced today it has launched a web player, the 8i Portal, for its volumetric 3D video of people in 3D. The web player allows users to view, interact with, and even animate 3D characters in their web browsers, without needing any special hardware or software.

With the 8i Portal, developers can easily integrate volumetric 3D video into their websites, social media, and e-commerce platforms. The player allows users to view, interact with, and even animate 3D characters in their web browsers, without needing any special hardware or software.

""We're excited to bring our technology to the web, allowing developers to easily integrate our volumetric 3D video into their projects,"" said Matt Hill, CEO of 8","3D. The web player allows users to view, interact with, and even animate 3D characters in their web browsers, without needing any special hardware or software.

With the 8i Portal, developers can easily integrate volumetric 3D video into their websites, social media, and e-commerce platforms. The player allows users to view, interact with, and even animate 3D characters in their web browsers, without needing any special hardware or software.

""We're excited to bring our technology to the web, allowing developers to easily integrate our volumetric 3D video into their projects,"" said Matt Hill, CEO of 8","{""do_sample"": true, ""temperature"": 1.0, ""top_p"": 0.95, ""top_k"": 50, ""repetition_penalty"": 1.0, ""max_new_tokens"": 128}"
unbiased,cuda:0,../Meta-Llama-3-8B-Instruct,config/Unbiased.json,1238,4,,-1,"Karl Kispert, principal of cyber and information security, has more than 28 years of experience in selling, managing and delivering ",,"Karl Kispert, principal of cyber and information security, has more than 28 years of experience in selling, managing and delivering 300-plus cybersecurity solutions to Fortune 500 companies, government agencies and small businesses.
Kispert is known for his technical and business acumen, as well as his ability to speak and write clearly about complex cybersecurity topics. He holds a Bachelor of Science degree in computer science from Iowa State University and a Master of Business Administration degree from George Washington University.
Prior to joining Bloomberg, Kispert worked for Cyberbit, a leading provider of cyber solutions, where he was responsible for leading the company's cyber sales efforts and developing the company's go-to-market strategy. He also held leadership positions at IBM, Check Point, and VeriSign,","300-plus cybersecurity solutions to Fortune 500 companies, government agencies and small businesses.
Kispert is known for his technical and business acumen, as well as his ability to speak and write clearly about complex cybersecurity topics. He holds a Bachelor of Science degree in computer science from Iowa State University and a Master of Business Administration degree from George Washington University.
Prior to joining Bloomberg, Kispert worked for Cyberbit, a leading provider of cyber solutions, where he was responsible for leading the company's cyber sales efforts and developing the company's go-to-market strategy. He also held leadership positions at IBM, Check Point, and VeriSign,","{""do_sample"": true, ""temperature"": 1.0, ""top_p"": 0.95, ""top_k"": 50, ""repetition_penalty"": 1.0, ""max_new_tokens"": 128}"
unbiased,cuda:0,../Meta-Llama-3-8B-Instruct,config/Unbiased.json,1240,6,,-1,"Shania Twain expected to break the charts with new album NOW! Even after a 15-year hiatus, she’s still the one! ",,"Shania Twain expected to break the charts with new album NOW! Even after a 15-year hiatus, she’s still the one! 24/7 Read More
New Music, Upcoming Events | admin | February 12, 2023 10:17 am
Shania Twain has a brand new album, Now, set for release on February 3rd! Read More
New Music, Upcoming Events | admin | February 12, 2023 10:17 am
Shania Twain talks about her new album, Now, and what inspires her music... Read More
Interviews, New Music | admin | February 12, 2023 10:17 am
Shania Twain announced a series of concert dates in the","24/7 Read More
New Music, Upcoming Events | admin | February 12, 2023 10:17 am
Shania Twain has a brand new album, Now, set for release on February 3rd! Read More
New Music, Upcoming Events | admin | February 12, 2023 10:17 am
Shania Twain talks about her new album, Now, and what inspires her music... Read More
Interviews, New Music | admin | February 12, 2023 10:17 am
Shania Twain announced a series of concert dates in the","{""do_sample"": true, ""temperature"": 1.0, ""top_p"": 0.95, ""top_k"": 50, ""repetition_penalty"": 1.0, ""max_new_tokens"": 128}"
unbiased,cuda:0,../Meta-Llama-3-8B-Instruct,config/Unbiased.json,1242,8,,-1,A blind man in his 60s is searching for the young man who pulled him back from an approaching train ,,"A blind man in his 60s is searching for the young man who pulled him back from an approaching train 18 years ago. The man, his name is Zeno, decides to take matters into his own hands and begins to search for his savior. This film is a visually stunning portrayal of the power of human connection and gratitude, and the impact it has on our lives. It is a story of human connection, love and compassion. Show more
Actors: Alexander Fehling, Oliver Masucci, Alexander Scheer, Corinna Harfouch, Katharina Schüttler, Anna Loos, Katharina Thalbach, Franz-Xaver Kröger, Florian Lukas, André Hennicke","18 years ago. The man, his name is Zeno, decides to take matters into his own hands and begins to search for his savior. This film is a visually stunning portrayal of the power of human connection and gratitude, and the impact it has on our lives. It is a story of human connection, love and compassion. Show more
Actors: Alexander Fehling, Oliver Masucci, Alexander Scheer, Corinna Harfouch, Katharina Schüttler, Anna Loos, Katharina Thalbach, Franz-Xaver Kröger, Florian Lukas, André Hennicke","{""do_sample"": true, ""temperature"": 1.0, ""top_p"": 0.95, ""top_k"": 50, ""repetition_penalty"": 1.0, ""max_new_tokens"": 128}"
unbiased,cuda:0,../Meta-Llama-3-8B-Instruct,config/Unbiased.json,1244,10,,-1,This month some important Walmart news did not get the attention it deserved. The news wasn't some flashy announcement about ,,"This month some important Walmart news did not get the attention it deserved. The news wasn't some flashy announcement about 1-day delivery or a new e-commerce platform. Instead, it was a quiet, behind-the-scenes change that could have a significant impact on the company's future.

On February 11, Walmart announced that it was selling a significant portion of its Chinese online grocery business to its local partner, JD.com. The deal sees Walmart retaining a 12.1% stake in the joint venture, with JD.com taking control of the operations.

This sale may seem minor at first glance, but it's a significant shift in Walmart's global e-commerce strategy. Here are a few reasons why:

1. **Focusing on core markets**: By scaling","1-day delivery or a new e-commerce platform. Instead, it was a quiet, behind-the-scenes change that could have a significant impact on the company's future.

On February 11, Walmart announced that it was selling a significant portion of its Chinese online grocery business to its local partner, JD.com. The deal sees Walmart retaining a 12.1% stake in the joint venture, with JD.com taking control of the operations.

This sale may seem minor at first glance, but it's a significant shift in Walmart's global e-commerce strategy. Here are a few reasons why:

1. **Focusing on core markets**: By scaling","{""do_sample"": true, ""temperature"": 1.0, ""top_p"": 0.95, ""top_k"": 50, ""repetition_penalty"": 1.0, ""max_new_tokens"": 128}"
unbiased,cuda:0,../Meta-Llama-3-8B-Instruct,config/Unbiased.json,1246,12,,-1,The Linux kernel now includes everything that is needed to use 3D acceleration with all GeForce graphics chips. Drivers have ,,"The Linux kernel now includes everything that is needed to use 3D acceleration with all GeForce graphics chips. Drivers have 3D acceleration. To install the NVIDA drivers, do the following: Download the driver installation package from NVIDIA's website.
See Also —, Windows 10 has a pre-installed graphics driver for most devices, but if you are using a.
Jul 22, 2020 · Update: I have found the answer, I have to install the NVIDIA driver manually. Nvidia drivers installation process for Ubuntu. Open the terminal: Press the Ctrl + Alt + T keys to open the terminal.
If you are using a laptop with a discrete graphics card (like the GeForce GTX 1650 or GTX 1660), you may need","3D acceleration. To install the NVIDA drivers, do the following: Download the driver installation package from NVIDIA's website.
See Also —, Windows 10 has a pre-installed graphics driver for most devices, but if you are using a.
Jul 22, 2020 · Update: I have found the answer, I have to install the NVIDIA driver manually. Nvidia drivers installation process for Ubuntu. Open the terminal: Press the Ctrl + Alt + T keys to open the terminal.
If you are using a laptop with a discrete graphics card (like the GeForce GTX 1650 or GTX 1660), you may need","{""do_sample"": true, ""temperature"": 1.0, ""top_p"": 0.95, ""top_k"": 50, ""repetition_penalty"": 1.0, ""max_new_tokens"": 128}"
unbiased,cuda:0,../Meta-Llama-3-8B-Instruct,config/Unbiased.json,1248,14,,-1,Last summer I took a cross-country road trip with a group of people driving different types of electric vehicles. It ,,"Last summer I took a cross-country road trip with a group of people driving different types of electric vehicles. It 2019 was a pivotal year for EVs as multiple manufacturers released new models and prices came down to make them more affordable. During our trip, we noticed that charging infrastructure was improving, and we were able to find charging stations along our route with relative ease. Fast forward to 2022, and we've seen even more progress. Electric vehicles have become more mainstream, and charging infrastructure has expanded significantly. In this article, we'll explore the growth of charging infrastructure and what it means for the future of electric vehicles.

Charging Infrastructure Growth

The number of public charging stations has grown rapidly in recent years. According to the International Council on","2019 was a pivotal year for EVs as multiple manufacturers released new models and prices came down to make them more affordable. During our trip, we noticed that charging infrastructure was improving, and we were able to find charging stations along our route with relative ease. Fast forward to 2022, and we've seen even more progress. Electric vehicles have become more mainstream, and charging infrastructure has expanded significantly. In this article, we'll explore the growth of charging infrastructure and what it means for the future of electric vehicles.

Charging Infrastructure Growth

The number of public charging stations has grown rapidly in recent years. According to the International Council on","{""do_sample"": true, ""temperature"": 1.0, ""top_p"": 0.95, ""top_k"": 50, ""repetition_penalty"": 1.0, ""max_new_tokens"": 128}"
unbiased,cuda:0,../Meta-Llama-3-8B-Instruct,config/Unbiased.json,1250,16,,-1,"According to Variety, one of the movies about the 1973 tennis match between Billie Jean King and Bobby Riggs is ",,"According to Variety, one of the movies about the 1973 tennis match between Billie Jean King and Bobby Riggs is 55-year-old actress Emma Stone, who has a deal with Searchlight Pictures. The film, called ""Battle of the Sexes"", will be directed by Jonathan Dayton and Valerie Faris, the duo behind the Oscar-winning ""Little Miss Sunshine"" and ""Ruby Sparks"". The movie script is written by Simon Beaufoy, who is known for his work on ""Slumdog Millionaire"" and ""The Full Monty"".
As we reported earlier, ""Battle of the Sexes"" is about the famous tennis match between Billie Jean King, a prominent women's tennis player, and Bobby Riggs, a former men's tennis","55-year-old actress Emma Stone, who has a deal with Searchlight Pictures. The film, called ""Battle of the Sexes"", will be directed by Jonathan Dayton and Valerie Faris, the duo behind the Oscar-winning ""Little Miss Sunshine"" and ""Ruby Sparks"". The movie script is written by Simon Beaufoy, who is known for his work on ""Slumdog Millionaire"" and ""The Full Monty"".
As we reported earlier, ""Battle of the Sexes"" is about the famous tennis match between Billie Jean King, a prominent women's tennis player, and Bobby Riggs, a former men's tennis","{""do_sample"": true, ""temperature"": 1.0, ""top_p"": 0.95, ""top_k"": 50, ""repetition_penalty"": 1.0, ""max_new_tokens"": 128}"
unbiased,cuda:0,../Meta-Llama-3-8B-Instruct,config/Unbiased.json,1252,18,,-1,"Politico, which broke the PR story, reports, “The group circulated a memo to reporters and producers late Monday that discouraged ",,"Politico, which broke the PR story, reports, “The group circulated a memo to reporters and producers late Monday that discouraged 2020 presidential candidates from participating in a Fox News town hall, citing the network’s ‘racist and xenophobic’ coverage” of the migrant caravan.
The memo, seen by Politico, was written by the Media Matters for America group, a liberal watchdog organization founded by David Brock. It claimed that Fox News “has a long history of spreading misinformation and inciting hate speech” and “is not a legitimate journalistic organization.”
The memo also highlighted specific examples of what it deemed “racist and xenophobic” comments made by Fox News hosts, including Tucker Carlson and Laura Ingraham. It suggested that the network is trying to boost","2020 presidential candidates from participating in a Fox News town hall, citing the network’s ‘racist and xenophobic’ coverage” of the migrant caravan.
The memo, seen by Politico, was written by the Media Matters for America group, a liberal watchdog organization founded by David Brock. It claimed that Fox News “has a long history of spreading misinformation and inciting hate speech” and “is not a legitimate journalistic organization.”
The memo also highlighted specific examples of what it deemed “racist and xenophobic” comments made by Fox News hosts, including Tucker Carlson and Laura Ingraham. It suggested that the network is trying to boost","{""do_sample"": true, ""temperature"": 1.0, ""top_p"": 0.95, ""top_k"": 50, ""repetition_penalty"": 1.0, ""max_new_tokens"": 128}"
unbiased,cuda:0,../Meta-Llama-3-8B-Instruct,config/Unbiased.json,1254,20,,-1,MAMADOU SAKHO remains unavailable for selection for Liverpool's Europa League semi-final first leg clash with Villarreal in Spain on Thursday ,,"MAMADOU SAKHO remains unavailable for selection for Liverpool's Europa League semi-final first leg clash with Villarreal in Spain on Thursday 28th April.
The French defender has been sidelined with a shoulder injury for several weeks and has yet to resume training with the first team.
""Madou is not ready yet,"" said Liverpool manager Brendan Rodgers. ""He's still recovering from his shoulder injury and is working his way back to full fitness.
""He's not been involved in any first-team training sessions yet, so he's not available for selection for the Villarreal game.""
Sakho is expected to resume full training next week and could return to the Liverpool squad in time for the Champions League final, if the Reds were to qualify. However, it is unclear whether he","28th April.
The French defender has been sidelined with a shoulder injury for several weeks and has yet to resume training with the first team.
""Madou is not ready yet,"" said Liverpool manager Brendan Rodgers. ""He's still recovering from his shoulder injury and is working his way back to full fitness.
""He's not been involved in any first-team training sessions yet, so he's not available for selection for the Villarreal game.""
Sakho is expected to resume full training next week and could return to the Liverpool squad in time for the Champions League final, if the Reds were to qualify. However, it is unclear whether he","{""do_sample"": true, ""temperature"": 1.0, ""top_p"": 0.95, ""top_k"": 50, ""repetition_penalty"": 1.0, ""max_new_tokens"": 128}"
unbiased,cuda:0,../Meta-Llama-3-8B-Instruct,config/Unbiased.json,1256,22,,-1,"MK Moshe Feiglin in a Knesset committee meeting, next to MK Ahmad Tibi, in 2014. It appears Feiglin is on ",,"MK Moshe Feiglin in a Knesset committee meeting, next to MK Ahmad Tibi, in 2014. It appears Feiglin is on 2nd place in Likud's primary election. Photo by Yonatan Sindel/Flash90
MK Moshe Feiglin in a Knesset committee meeting, next to MK Ahmad Tibi, in 2014. It appears Feiglin is on 2nd place in Likud's primary election. Photo by Yonatan Sindel/Flash90
The Central Elections Committee announced on Wednesday that Likud MK Moshe Feiglin has secured the second spot in the party's primary election, behind Prime Minister Benjamin Netanyahu's wife, Sara Netanyahu.
Feiglin received 13,436 votes, while Sara Netanyahu","2nd place in Likud's primary election. Photo by Yonatan Sindel/Flash90
MK Moshe Feiglin in a Knesset committee meeting, next to MK Ahmad Tibi, in 2014. It appears Feiglin is on 2nd place in Likud's primary election. Photo by Yonatan Sindel/Flash90
The Central Elections Committee announced on Wednesday that Likud MK Moshe Feiglin has secured the second spot in the party's primary election, behind Prime Minister Benjamin Netanyahu's wife, Sara Netanyahu.
Feiglin received 13,436 votes, while Sara Netanyahu","{""do_sample"": true, ""temperature"": 1.0, ""top_p"": 0.95, ""top_k"": 50, ""repetition_penalty"": 1.0, ""max_new_tokens"": 128}"
unbiased,cuda:0,../Meta-Llama-3-8B-Instruct,config/Unbiased.json,1258,24,,-1,"What’s the news? A couple of weeks ago, Instagram promised you’d be able to download your data from its servers. ",,"What’s the news? A couple of weeks ago, Instagram promised you’d be able to download your data from its servers.  The option was delayed, but it’s now live for all users. You can access your download by going to the Settings icon in your Instagram app, selecting “Privacy and Security,” then “Data Download.” The download will contain a ZIP file with a selection of your Instagram data, including your profile information, photos, posts, stories, comments, and more. You can choose to have the file delivered via email or via a link that will expire within a week. What is it? Instagram's long-promised data download feature is now available for all users, allowing you to retrieve your personal data from the service. Who is it for"," The option was delayed, but it’s now live for all users. You can access your download by going to the Settings icon in your Instagram app, selecting “Privacy and Security,” then “Data Download.” The download will contain a ZIP file with a selection of your Instagram data, including your profile information, photos, posts, stories, comments, and more. You can choose to have the file delivered via email or via a link that will expire within a week. What is it? Instagram's long-promised data download feature is now available for all users, allowing you to retrieve your personal data from the service. Who is it for","{""do_sample"": true, ""temperature"": 1.0, ""top_p"": 0.95, ""top_k"": 50, ""repetition_penalty"": 1.0, ""max_new_tokens"": 128}"
unbiased,cuda:0,../Meta-Llama-3-8B-Instruct,config/Unbiased.json,1260,26,,-1,"So you might ask yourself, “What is going on?” How can things be so bad that educators feel the need ",,"So you might ask yourself, “What is going on?” How can things be so bad that educators feel the need  to take to the streets? Educators are normally some of the most dedicated, compassionate, and hardworking professionals in our society, but these days, they are at a breaking point.

What is going on is a combination of issues, including:

1. **Lack of funding**: Schools are struggling to make ends meet, with budget cuts and insufficient funding for essential programs and services. This affects everything from textbooks and technology to staff and resources for students with special needs.
2. **Increased testing and accountability**: The emphasis on standardized testing and high-stakes accountability has created a culture of testing and teaching to the test, rather than promoting critical"," to take to the streets? Educators are normally some of the most dedicated, compassionate, and hardworking professionals in our society, but these days, they are at a breaking point.

What is going on is a combination of issues, including:

1. **Lack of funding**: Schools are struggling to make ends meet, with budget cuts and insufficient funding for essential programs and services. This affects everything from textbooks and technology to staff and resources for students with special needs.
2. **Increased testing and accountability**: The emphasis on standardized testing and high-stakes accountability has created a culture of testing and teaching to the test, rather than promoting critical","{""do_sample"": true, ""temperature"": 1.0, ""top_p"": 0.95, ""top_k"": 50, ""repetition_penalty"": 1.0, ""max_new_tokens"": 128}"
unbiased,cuda:0,../Meta-Llama-3-8B-Instruct,config/Unbiased.json,1262,28,,-1,Come test your luck on the best slot machine app in the app store. Great graphics make this app so ,,"Come test your luck on the best slot machine app in the app store. Great graphics make this app so 3d, and you'll feel like you're actually at the casino floor. With a variety of slots to choose from, you'll never get bored. With its stunning graphics, unique sound effects, and amazing gameplay, this slot machine app will provide you with a thrilling experience. It is an online casino game, but you don't need to create an account or make a deposit to play. It is 100% free to download and play. The app allows you to play with virtual coins and you can win more virtual coins with the highest payout. The game is so popular that it has over a million downloads on the app store.","3d, and you'll feel like you're actually at the casino floor. With a variety of slots to choose from, you'll never get bored. With its stunning graphics, unique sound effects, and amazing gameplay, this slot machine app will provide you with a thrilling experience. It is an online casino game, but you don't need to create an account or make a deposit to play. It is 100% free to download and play. The app allows you to play with virtual coins and you can win more virtual coins with the highest payout. The game is so popular that it has over a million downloads on the app store.","{""do_sample"": true, ""temperature"": 1.0, ""top_p"": 0.95, ""top_k"": 50, ""repetition_penalty"": 1.0, ""max_new_tokens"": 128}"
unbiased,cuda:0,../Meta-Llama-3-8B-Instruct,config/Unbiased.json,1264,30,,-1,"(HOST) As the season for summer blockbuster movies about super heroes and rings of power approaches, commentator Willem Lange is ",,"(HOST) As the season for summer blockbuster movies about super heroes and rings of power approaches, commentator Willem Lange is  pondering the power of myths and legends. He wonders whether our fascination with the genre says something about us as a society.
( WILLEM LANGE ) There's something intriguing about myths and legends, isn't there? They have been a part of human culture for thousands of years, speaking to our deepest desires, fears, and hopes. They speak to our sense of who we are and where we come from. And they continue to captivate us to this day.

Why is it that we're so drawn to stories about heroes and heroines, about good and evil, about magic and power? Is it because we're seeking"," pondering the power of myths and legends. He wonders whether our fascination with the genre says something about us as a society.
( WILLEM LANGE ) There's something intriguing about myths and legends, isn't there? They have been a part of human culture for thousands of years, speaking to our deepest desires, fears, and hopes. They speak to our sense of who we are and where we come from. And they continue to captivate us to this day.

Why is it that we're so drawn to stories about heroes and heroines, about good and evil, about magic and power? Is it because we're seeking","{""do_sample"": true, ""temperature"": 1.0, ""top_p"": 0.95, ""top_k"": 50, ""repetition_penalty"": 1.0, ""max_new_tokens"": 128}"
unbiased,cuda:0,../Meta-Llama-3-8B-Instruct,config/Unbiased.json,1266,32,,-1,"numerous aunts, uncles and cousins. She attended Shanksville Stonycreek High School and was a member of St. Paul's Lutheran Church, ",,"numerous aunts, uncles and cousins. She attended Shanksville Stonycreek High School and was a member of St. Paul's Lutheran Church, 1016 Broadway, Boswell.
Sue was a lifelong resident of the area and worked at the Somerset Trust Company in Somerset, PA for many years. She was known for her strong work ethic and dedication to her community. After retiring from the bank, she continued to stay active and involved in her community by volunteering at the Somerset County Senior Center and at the Salvation Army.
Sue loved her family and friends deeply and was always there to lend a helping hand or a listening ear. She enjoyed spending time with her loved ones, traveling, and reading books.
Surviving family members include her parents, Paul and Helen (Keating) N","1016 Broadway, Boswell.
Sue was a lifelong resident of the area and worked at the Somerset Trust Company in Somerset, PA for many years. She was known for her strong work ethic and dedication to her community. After retiring from the bank, she continued to stay active and involved in her community by volunteering at the Somerset County Senior Center and at the Salvation Army.
Sue loved her family and friends deeply and was always there to lend a helping hand or a listening ear. She enjoyed spending time with her loved ones, traveling, and reading books.
Surviving family members include her parents, Paul and Helen (Keating) N","{""do_sample"": true, ""temperature"": 1.0, ""top_p"": 0.95, ""top_k"": 50, ""repetition_penalty"": 1.0, ""max_new_tokens"": 128}"
unbiased,cuda:0,../Meta-Llama-3-8B-Instruct,config/Unbiased.json,1268,34,,-1,"No, Trump can’t pardon himself. The Constitution tells us so. Correction: An earlier version of this op-ed misspelled the name ",,"No, Trump can’t pardon himself. The Constitution tells us so. Correction: An earlier version of this op-ed misspelled the name 2
No, Trump can’t pardon himself. The Constitution tells us so. Correction: An earlier version of this op-ed misspelled the name 2
Trump can’t pardon himself, because the Constitution says he can’t. Here’s a clear explanation, with a bit of history and legalese thrown in for good measure.
But first, a quick correction: I mistakenly wrote that Trump is the first president in history to be investigated for obstruction of justice. I was wrong; Richard Nixon also faced such an investigation, during the Watergate scandal.
Now, back to the main topic: Trump has recently claimed that, as president","2
No, Trump can’t pardon himself. The Constitution tells us so. Correction: An earlier version of this op-ed misspelled the name 2
Trump can’t pardon himself, because the Constitution says he can’t. Here’s a clear explanation, with a bit of history and legalese thrown in for good measure.
But first, a quick correction: I mistakenly wrote that Trump is the first president in history to be investigated for obstruction of justice. I was wrong; Richard Nixon also faced such an investigation, during the Watergate scandal.
Now, back to the main topic: Trump has recently claimed that, as president","{""do_sample"": true, ""temperature"": 1.0, ""top_p"": 0.95, ""top_k"": 50, ""repetition_penalty"": 1.0, ""max_new_tokens"": 128}"
unbiased,cuda:0,../Meta-Llama-3-8B-Instruct,config/Unbiased.json,1270,36,,-1,Jerry Springer says he is still deciding whether he will run for Ohio governor in 2018. Speculation around Springer’s potential ,,"Jerry Springer says he is still deciding whether he will run for Ohio governor in 2018. Speculation around Springer’s potential 2018 gubernatorial campaign began in early September, when he started meeting with Democratic party leaders and potential campaign staff. The 72-year-old TV personality, known for his tabloid-style talk show, has never run for office before, but he says he is still weighing his options.
Ohio governor John Kasich is limited to two terms and has announced that he will not seek re-election in 2018. Springer would face a crowded field of Democratic candidates vying for the party’s nomination, including Attorney General Richard Cordray, former US Representative Betty Sutton, and Dayton Mayor Nan Whaley, among others.
While some Democrats have expressed enthusiasm for","2018 gubernatorial campaign began in early September, when he started meeting with Democratic party leaders and potential campaign staff. The 72-year-old TV personality, known for his tabloid-style talk show, has never run for office before, but he says he is still weighing his options.
Ohio governor John Kasich is limited to two terms and has announced that he will not seek re-election in 2018. Springer would face a crowded field of Democratic candidates vying for the party’s nomination, including Attorney General Richard Cordray, former US Representative Betty Sutton, and Dayton Mayor Nan Whaley, among others.
While some Democrats have expressed enthusiasm for","{""do_sample"": true, ""temperature"": 1.0, ""top_p"": 0.95, ""top_k"": 50, ""repetition_penalty"": 1.0, ""max_new_tokens"": 128}"
unbiased,cuda:0,../Meta-Llama-3-8B-Instruct,config/Unbiased.json,1272,38,,-1,"This mildly racy spot introduces us to the character of the brown M&M, who only looks like she’s not wearing ",,"This mildly racy spot introduces us to the character of the brown M&M, who only looks like she’s not wearing 37 pieces of jewelry. She says, “Hello, I’m the lead singer of a band,” while rocking a miniature mic and leather jacket. That band is comprised of a blue M&M on drums, a yellow M&M on bass, and an orange M&M on keyboards. Together, they make music, play pranks, and create chaos in their candy-coated world.
The commercial, created by BBDO and directed by Martin Granger, showcases the candy company’s quirky and playful vibe. It’s an over-the-top, feel-good ad that is sure to entertain kids and adults alike. Who knows, maybe the M&M band","37 pieces of jewelry. She says, “Hello, I’m the lead singer of a band,” while rocking a miniature mic and leather jacket. That band is comprised of a blue M&M on drums, a yellow M&M on bass, and an orange M&M on keyboards. Together, they make music, play pranks, and create chaos in their candy-coated world.
The commercial, created by BBDO and directed by Martin Granger, showcases the candy company’s quirky and playful vibe. It’s an over-the-top, feel-good ad that is sure to entertain kids and adults alike. Who knows, maybe the M&M band","{""do_sample"": true, ""temperature"": 1.0, ""top_p"": 0.95, ""top_k"": 50, ""repetition_penalty"": 1.0, ""max_new_tokens"": 128}"
unbiased,cuda:0,../Meta-Llama-3-8B-Instruct,config/Unbiased.json,1274,40,,-1,"Located near all that the Catskills has to offer! Close to Hunter Mountain, Wyndham, state land, antiquing and many other ",,"Located near all that the Catskills has to offer! Close to Hunter Mountain, Wyndham, state land, antiquing and many other 4 season activities!
Experience the tranquility and beauty of the Catskills in this cozy and charming cabin! Perfect for families, couples or solo travelers, this cabin has everything you need to relax and unwind.
As you enter the cabin, you'll notice the warm and inviting atmosphere, with plush furnishings and cozy accents. The living room features a comfortable sofa and armchairs, perfect for relaxing after a long day of exploring. The fully equipped kitchen is perfect for cooking up a storm, with all the appliances and utensils you need to prepare a delicious meal.
The cabin has two cozy bedrooms, each with a comfortable queen-sized bed and plenty","4 season activities!
Experience the tranquility and beauty of the Catskills in this cozy and charming cabin! Perfect for families, couples or solo travelers, this cabin has everything you need to relax and unwind.
As you enter the cabin, you'll notice the warm and inviting atmosphere, with plush furnishings and cozy accents. The living room features a comfortable sofa and armchairs, perfect for relaxing after a long day of exploring. The fully equipped kitchen is perfect for cooking up a storm, with all the appliances and utensils you need to prepare a delicious meal.
The cabin has two cozy bedrooms, each with a comfortable queen-sized bed and plenty","{""do_sample"": true, ""temperature"": 1.0, ""top_p"": 0.95, ""top_k"": 50, ""repetition_penalty"": 1.0, ""max_new_tokens"": 128}"
unbiased,cuda:0,../Meta-Llama-3-8B-Instruct,config/Unbiased.json,1276,42,,-1,"NORTH BRUNSWICK, N.J. — Body cameras captured the moment a North Brunswick police officer climbed up a burning building to ",,"NORTH BRUNSWICK, N.J. — Body cameras captured the moment a North Brunswick police officer climbed up a burning building to 13-year-old James Meyers, who was trapped on the third floor during a fire that engulfed his family's home on Thursday.
The dramatic rescue was captured on video, which shows Officer John McKeown, a 12-year veteran of the force, climb up the burning building and enter a window on the third floor to rescue James.
The fire, which is believed to have been caused by an electrical malfunction, broke out at about 1:45 a.m. at the Meyers' home on Lincoln Avenue, officials said. James was asleep in his bedroom on the third floor when the fire began spreading quickly.
Firefighters were","13-year-old James Meyers, who was trapped on the third floor during a fire that engulfed his family's home on Thursday.
The dramatic rescue was captured on video, which shows Officer John McKeown, a 12-year veteran of the force, climb up the burning building and enter a window on the third floor to rescue James.
The fire, which is believed to have been caused by an electrical malfunction, broke out at about 1:45 a.m. at the Meyers' home on Lincoln Avenue, officials said. James was asleep in his bedroom on the third floor when the fire began spreading quickly.
Firefighters were","{""do_sample"": true, ""temperature"": 1.0, ""top_p"": 0.95, ""top_k"": 50, ""repetition_penalty"": 1.0, ""max_new_tokens"": 128}"
unbiased,cuda:0,../Meta-Llama-3-8B-Instruct,config/Unbiased.json,1278,44,,-1,"The NHS is still running Windows XP en masse, two and a half years after Microsoft stopped delivering bug fixes ",,"The NHS is still running Windows XP en masse, two and a half years after Microsoft stopped delivering bug fixes  for the old operating system.
According to a report by the National Audit Office (NAO), the NHS is still using Windows XP on around 8% of its computers, despite Microsoft ending support for the OS in April 2014.
The report found that the NHS has been slow to upgrade its IT systems, with some trusts still using older operating systems and software.
""The NHS has made progress in improving its IT systems, but there is still much work to be done,"" said Amyas Morse, head of the NAO. ""The NHS needs to accelerate its plans to upgrade its systems to ensure they are secure and support modern healthcare"," for the old operating system.
According to a report by the National Audit Office (NAO), the NHS is still using Windows XP on around 8% of its computers, despite Microsoft ending support for the OS in April 2014.
The report found that the NHS has been slow to upgrade its IT systems, with some trusts still using older operating systems and software.
""The NHS has made progress in improving its IT systems, but there is still much work to be done,"" said Amyas Morse, head of the NAO. ""The NHS needs to accelerate its plans to upgrade its systems to ensure they are secure and support modern healthcare","{""do_sample"": true, ""temperature"": 1.0, ""top_p"": 0.95, ""top_k"": 50, ""repetition_penalty"": 1.0, ""max_new_tokens"": 128}"
unbiased,cuda:0,../Meta-Llama-3-8B-Instruct,config/Unbiased.json,1280,46,,-1,"OKLAHOMA CITY - Kevin Durant scored 25 points, James Harden added a spark with 23 points off the bench while ",,"OKLAHOMA CITY - Kevin Durant scored 25 points, James Harden added a spark with 23 points off the bench while 3/4 of the way through the fourth quarter and Russell Westbrook chipped in with 17 points to guide the Oklahoma City Thunder to a 106-100 victory over the Utah Jazz.
The Thunder led by as many as 14 points early in the third quarter, but the Jazz battled back to take a 92-91 lead with 7:30 remaining in the game. However, a 10-2 run by the Thunder, fueled by five points from Durant and four points from Harden, helped the team regain a 101-94 advantage with 2:25 left.
The Jazz managed to get as close as two points","3/4 of the way through the fourth quarter and Russell Westbrook chipped in with 17 points to guide the Oklahoma City Thunder to a 106-100 victory over the Utah Jazz.
The Thunder led by as many as 14 points early in the third quarter, but the Jazz battled back to take a 92-91 lead with 7:30 remaining in the game. However, a 10-2 run by the Thunder, fueled by five points from Durant and four points from Harden, helped the team regain a 101-94 advantage with 2:25 left.
The Jazz managed to get as close as two points","{""do_sample"": true, ""temperature"": 1.0, ""top_p"": 0.95, ""top_k"": 50, ""repetition_penalty"": 1.0, ""max_new_tokens"": 128}"
unbiased,cuda:0,../Meta-Llama-3-8B-Instruct,config/Unbiased.json,1282,48,,-1,"1 Then the people of the land took Jehoahaz the son of Josiah, and made him king in his father's ",,"1 Then the people of the land took Jehoahaz the son of Josiah, and made him king in his father's  place.
2 Jehoiakim was 23 years old when he became king, and he reigned 11 years in Jerusalem. His mother's  name was Zebidah, the daughter of Pedaiah from Rumah.
3 And he did what was evil in the sight of the Lord, just as his fathers had done.
4 Against him came up Nebuchadnezzar king of Babylon, and bound him in fetters to take him to Babylon.
5 Nebuchadnezzar also carried part of the vessels of the house of the Lord to Babylon and put them in his temple at Babylon.
6 Those"," place.
2 Jehoiakim was 23 years old when he became king, and he reigned 11 years in Jerusalem. His mother's  name was Zebidah, the daughter of Pedaiah from Rumah.
3 And he did what was evil in the sight of the Lord, just as his fathers had done.
4 Against him came up Nebuchadnezzar king of Babylon, and bound him in fetters to take him to Babylon.
5 Nebuchadnezzar also carried part of the vessels of the house of the Lord to Babylon and put them in his temple at Babylon.
6 Those","{""do_sample"": true, ""temperature"": 1.0, ""top_p"": 0.95, ""top_k"": 50, ""repetition_penalty"": 1.0, ""max_new_tokens"": 128}"
unbiased,cuda:0,../Meta-Llama-3-8B-Instruct,config/Unbiased.json,1284,50,,-1,This bicycle sprocket hub and sprockets from the Wright Bicycle Co. are on display at the National Museum of the ,,"This bicycle sprocket hub and sprockets from the Wright Bicycle Co. are on display at the National Museum of the 20th-Century Arts in Mexico City.
Hub and Sprockets for a Wright Bicycle
This bicycle sprocket hub and sprockets from the Wright Bicycle Co. are on display at the National Museum of the 20th-Century Arts in Mexico City.
Orville and Wilbur Wright, two American inventors and aviation pioneers, designed and built the first powered, heavier-than-air aircraft and successfully tested it on December 17, 1903. Just two years later, in 1905, they also started producing bicycles under the brand name Wright Bicycle Co. The company aimed to popularize cycling and","20th-Century Arts in Mexico City.
Hub and Sprockets for a Wright Bicycle
This bicycle sprocket hub and sprockets from the Wright Bicycle Co. are on display at the National Museum of the 20th-Century Arts in Mexico City.
Orville and Wilbur Wright, two American inventors and aviation pioneers, designed and built the first powered, heavier-than-air aircraft and successfully tested it on December 17, 1903. Just two years later, in 1905, they also started producing bicycles under the brand name Wright Bicycle Co. The company aimed to popularize cycling and","{""do_sample"": true, ""temperature"": 1.0, ""top_p"": 0.95, ""top_k"": 50, ""repetition_penalty"": 1.0, ""max_new_tokens"": 128}"
unbiased,cuda:0,../Meta-Llama-3-8B-Instruct,config/Unbiased.json,1286,52,,-1,"Elvis Costello played a two-hour, 25-song show that touched on phases throughout his career, both deep cuts and hits, as ",,"Elvis Costello played a two-hour, 25-song show that touched on phases throughout his career, both deep cuts and hits, as 1,400 fans filled the Ritz Ybor in Tampa, Fla., on Feb. 21.
Costello, joined by his Imposters, started with some of his classic new wave-inspired rock, including ""Veronica"" and ""Pump It Up,"" from the 1978 album ""This Year's Model."" The set continued with a mix of '70s and '80s material, such as ""Radio Radio"" and ""Watch Your Step.""
The band transitioned into a segment of '90s-era songs, including ""Brilliant Mistake"" and ""The Other Side of Her,"" which showcased Costello","1,400 fans filled the Ritz Ybor in Tampa, Fla., on Feb. 21.
Costello, joined by his Imposters, started with some of his classic new wave-inspired rock, including ""Veronica"" and ""Pump It Up,"" from the 1978 album ""This Year's Model."" The set continued with a mix of '70s and '80s material, such as ""Radio Radio"" and ""Watch Your Step.""
The band transitioned into a segment of '90s-era songs, including ""Brilliant Mistake"" and ""The Other Side of Her,"" which showcased Costello","{""do_sample"": true, ""temperature"": 1.0, ""top_p"": 0.95, ""top_k"": 50, ""repetition_penalty"": 1.0, ""max_new_tokens"": 128}"
unbiased,cuda:0,../Meta-Llama-3-8B-Instruct,config/Unbiased.json,1288,54,,-1,"With its eye on Western next-gen gamers, the Japanese publisher pays $15 million for Secret Level. Sega Holdings of USA ",,"With its eye on Western next-gen gamers, the Japanese publisher pays $15 million for Secret Level. Sega Holdings of USA 1-800-733-SEGA (7342) Email: [info@sega.com](mailto:info@sega.com) Headquarters: San Francisco, California. Sega, the renowned Japanese game development and publishing company, has acquired Secret Level, a prominent game development studio based in the United States. Copyright 1999-2020 CNET Networks, Inc. The acquisition of Secret Level marks Sega's latest move into the Western game development market. The team at Secret Level will remain in place and will continue to work on existing projects while collaborating with other Sega studios to develop new games. This morning, Sega announced that it","1-800-733-SEGA (7342) Email: [info@sega.com](mailto:info@sega.com) Headquarters: San Francisco, California. Sega, the renowned Japanese game development and publishing company, has acquired Secret Level, a prominent game development studio based in the United States. Copyright 1999-2020 CNET Networks, Inc. The acquisition of Secret Level marks Sega's latest move into the Western game development market. The team at Secret Level will remain in place and will continue to work on existing projects while collaborating with other Sega studios to develop new games. This morning, Sega announced that it","{""do_sample"": true, ""temperature"": 1.0, ""top_p"": 0.95, ""top_k"": 50, ""repetition_penalty"": 1.0, ""max_new_tokens"": 128}"
unbiased,cuda:0,../Meta-Llama-3-8B-Instruct,config/Unbiased.json,1290,56,,-1,Two recently published reports shed damning light on the high cost of low wages in the fast food industry – ,,"Two recently published reports shed damning light on the high cost of low wages in the fast food industry –  and the impact this has on workers, their families, and the economy as a whole.
A report from the University of Illinois at Urbana-Champaign found that the majority of fast food workers in the United States rely on public assistance programs, such as Medicaid and the Supplemental Nutrition Assistance Program (SNAP), to make ends meet.
The study, which analyzed data from the U.S. Bureau of Labor Statistics and the U.S. Department of Agriculture, found that 52% of fast food workers in the United States earn wages so low that they are forced to rely on public assistance programs to support themselves and their families.
The report notes"," and the impact this has on workers, their families, and the economy as a whole.
A report from the University of Illinois at Urbana-Champaign found that the majority of fast food workers in the United States rely on public assistance programs, such as Medicaid and the Supplemental Nutrition Assistance Program (SNAP), to make ends meet.
The study, which analyzed data from the U.S. Bureau of Labor Statistics and the U.S. Department of Agriculture, found that 52% of fast food workers in the United States earn wages so low that they are forced to rely on public assistance programs to support themselves and their families.
The report notes","{""do_sample"": true, ""temperature"": 1.0, ""top_p"": 0.95, ""top_k"": 50, ""repetition_penalty"": 1.0, ""max_new_tokens"": 128}"
unbiased,cuda:0,../Meta-Llama-3-8B-Instruct,config/Unbiased.json,1292,58,,-1,"Every morning on The Style Blog, we celebrate the best footwear weve come across. Now, for your benefit, its all ",,"Every morning on The Style Blog, we celebrate the best footwear weve come across. Now, for your benefit, its all 5th grade math problems to help you find your perfect shoe match
What Are the Dimensions of the Shoe?
First, let's find the width of the shoe. Imagine a pizza cut in half with the toe as the edge. How wide is the pizza? This will be your shoe width.

Length + Width = Area
Shoe Width + 1/2 Length = Total Length of Foot (TLF)

What's the length of your foot in inches?
What's the width of your foot in inches?

Let's calculate your shoe size:
 Length (L) x Width (W) = Shoe Area (SA)
L + W","5th grade math problems to help you find your perfect shoe match
What Are the Dimensions of the Shoe?
First, let's find the width of the shoe. Imagine a pizza cut in half with the toe as the edge. How wide is the pizza? This will be your shoe width.

Length + Width = Area
Shoe Width + 1/2 Length = Total Length of Foot (TLF)

What's the length of your foot in inches?
What's the width of your foot in inches?

Let's calculate your shoe size:
 Length (L) x Width (W) = Shoe Area (SA)
L + W","{""do_sample"": true, ""temperature"": 1.0, ""top_p"": 0.95, ""top_k"": 50, ""repetition_penalty"": 1.0, ""max_new_tokens"": 128}"
unbiased,cuda:0,../Meta-Llama-3-8B-Instruct,config/Unbiased.json,1294,60,,-1,"LOS ANGELES – A lawsuit filed Wednesday against ABC (search) and ""American Idol"" judge Simon Cowell (search) alleges they conspired ",,"LOS ANGELES – A lawsuit filed Wednesday against ABC (search) and ""American Idol"" judge Simon Cowell (search) alleges they conspired 12 years ago to sabotage the career of a singer-songwriter and musician.
The lawsuit, filed on behalf of singer-songwriter and musician, Laura Johnson, claims Cowell, along with ABC and FremantleMedia, worked together to thwart Johnson's music career and ""to make her life miserable.""
According to the lawsuit, Johnson was a contestant on the British version of ""Pop Idol"" (search) in 2001, but was kicked off the show after Cowell criticized her performances. The lawsuit alleges that Cowell and the show's producers conspired to make her departure from the show appear voluntary, when in fact it was not","12 years ago to sabotage the career of a singer-songwriter and musician.
The lawsuit, filed on behalf of singer-songwriter and musician, Laura Johnson, claims Cowell, along with ABC and FremantleMedia, worked together to thwart Johnson's music career and ""to make her life miserable.""
According to the lawsuit, Johnson was a contestant on the British version of ""Pop Idol"" (search) in 2001, but was kicked off the show after Cowell criticized her performances. The lawsuit alleges that Cowell and the show's producers conspired to make her departure from the show appear voluntary, when in fact it was not","{""do_sample"": true, ""temperature"": 1.0, ""top_p"": 0.95, ""top_k"": 50, ""repetition_penalty"": 1.0, ""max_new_tokens"": 128}"
unbiased,cuda:0,../Meta-Llama-3-8B-Instruct,config/Unbiased.json,1296,62,,-1,"Seren Rayne Frank Sutherland, a six lb., eight oz., girl, was born Saturday, Dec. 3, 2016, at Yavapai Regional Medical ",,"Seren Rayne Frank Sutherland, a six lb., eight oz., girl, was born Saturday, Dec. 3, 2016, at Yavapai Regional Medical  Center in Prescott, Ariz.
Her parents are Andrew Sutherland and Kaylee Frank Sutherland, who also have an older daughter, Avery, age 2.
Grandparents are David and Janet Frank of Clarkdale, Ariz., and Karen and James Sutherland of Phoenix, Ariz.
Great-grandparents are Robert and Hazel Sutherland of Oregon and Bob and Evelyn Frank of Clarkdale, Ariz.
Seren Rayne Frank Sutherland is named after her great-grandmothers, Seren and Rayne. Her middle name, Frank, is a family name and her last name is her father’s. Her parents chose her"," Center in Prescott, Ariz.
Her parents are Andrew Sutherland and Kaylee Frank Sutherland, who also have an older daughter, Avery, age 2.
Grandparents are David and Janet Frank of Clarkdale, Ariz., and Karen and James Sutherland of Phoenix, Ariz.
Great-grandparents are Robert and Hazel Sutherland of Oregon and Bob and Evelyn Frank of Clarkdale, Ariz.
Seren Rayne Frank Sutherland is named after her great-grandmothers, Seren and Rayne. Her middle name, Frank, is a family name and her last name is her father’s. Her parents chose her","{""do_sample"": true, ""temperature"": 1.0, ""top_p"": 0.95, ""top_k"": 50, ""repetition_penalty"": 1.0, ""max_new_tokens"": 128}"
unbiased,cuda:0,../Meta-Llama-3-8B-Instruct,config/Unbiased.json,1298,64,,-1,Adventist HealthCare seeks to hire a Med Surg Registered Nurse who will embrace our mission to extend God's care through ,,"Adventist HealthCare seeks to hire a Med Surg Registered Nurse who will embrace our mission to extend God's care through  the healing ministry of Christ. If you are a caring and compassionate individual who is passionate about delivering high-quality patient care, we encourage you to apply!

**Job Summary:**

The Med-Surg Registered Nurse is responsible for providing medical-surgical nursing care to patients in a 24-hour environment. The ideal candidate will possess excellent communication and interpersonal skills, with the ability to work effectively in a team-oriented environment. The RN will assess patients' physical and emotional needs, develop and implement individualized care plans, and collaborate with the interdisciplinary team to achieve optimal patient outcomes.

**Responsibilities:**

* Assess patients' physical and emotional needs, develop"," the healing ministry of Christ. If you are a caring and compassionate individual who is passionate about delivering high-quality patient care, we encourage you to apply!

**Job Summary:**

The Med-Surg Registered Nurse is responsible for providing medical-surgical nursing care to patients in a 24-hour environment. The ideal candidate will possess excellent communication and interpersonal skills, with the ability to work effectively in a team-oriented environment. The RN will assess patients' physical and emotional needs, develop and implement individualized care plans, and collaborate with the interdisciplinary team to achieve optimal patient outcomes.

**Responsibilities:**

* Assess patients' physical and emotional needs, develop","{""do_sample"": true, ""temperature"": 1.0, ""top_p"": 0.95, ""top_k"": 50, ""repetition_penalty"": 1.0, ""max_new_tokens"": 128}"
unbiased,cuda:0,../Meta-Llama-3-8B-Instruct,config/Unbiased.json,1300,66,,-1,"Check out the Charleston Parks Conservancy's newest glow-up project at their inaugural Hampton Park culinary event, Shucked + Sauced, Sat. ",,"Check out the Charleston Parks Conservancy's newest glow-up project at their inaugural Hampton Park culinary event, Shucked + Sauced, Sat. 4/14!
The Charleston Parks Conservancy is thrilled to introduce Hampton Park's newest attraction: the Conservancy's first-ever interactive art installation, ""The Light Lab."" This dazzling, glow-in-the-dark art piece is designed to encourage visitors to play, explore, and learn while surrounded by the beauty of nature.
Join us for Shucked + Sauced on Sat. 4/14 to experience ""The Light Lab"" firsthand! This culinary event features local food and drink vendors, live music, and games, all set amidst the stunning backdrop of Hampton Park. Your ticket includes access to the art installation, plus plenty of food and drinks","4/14!
The Charleston Parks Conservancy is thrilled to introduce Hampton Park's newest attraction: the Conservancy's first-ever interactive art installation, ""The Light Lab."" This dazzling, glow-in-the-dark art piece is designed to encourage visitors to play, explore, and learn while surrounded by the beauty of nature.
Join us for Shucked + Sauced on Sat. 4/14 to experience ""The Light Lab"" firsthand! This culinary event features local food and drink vendors, live music, and games, all set amidst the stunning backdrop of Hampton Park. Your ticket includes access to the art installation, plus plenty of food and drinks","{""do_sample"": true, ""temperature"": 1.0, ""top_p"": 0.95, ""top_k"": 50, ""repetition_penalty"": 1.0, ""max_new_tokens"": 128}"
unbiased,cuda:0,../Meta-Llama-3-8B-Instruct,config/Unbiased.json,1302,68,,-1,Adweek: So what’s a digital-media tyro like you doing at a fusty old-media company like CBS? Jim Lanzone: I don’t ,,"Adweek: So what’s a digital-media tyro like you doing at a fusty old-media company like CBS? Jim Lanzone: I don’t  look at CBS as old media. I look at it as a global media company that’s got a diverse portfolio of brands and properties. more less
Watch Full Episodes: Adweek Interviews
MWW CEO Devan Marble on the Future of PR ### MWW CEO Devan Marble on the Future of PR 05:38
Procter & Gamble CMO Marc Pritchard on Brand Transparency ### Procter & Gamble CMO Marc Pritchard on Brand Transparency 06:22
The New York Times CEO Mark Thompson on Journalism in the Digital Age ### The New York Times CEO Mark Thompson on Journalism in the Digital Age"," look at CBS as old media. I look at it as a global media company that’s got a diverse portfolio of brands and properties. more less
Watch Full Episodes: Adweek Interviews
MWW CEO Devan Marble on the Future of PR ### MWW CEO Devan Marble on the Future of PR 05:38
Procter & Gamble CMO Marc Pritchard on Brand Transparency ### Procter & Gamble CMO Marc Pritchard on Brand Transparency 06:22
The New York Times CEO Mark Thompson on Journalism in the Digital Age ### The New York Times CEO Mark Thompson on Journalism in the Digital Age","{""do_sample"": true, ""temperature"": 1.0, ""top_p"": 0.95, ""top_k"": 50, ""repetition_penalty"": 1.0, ""max_new_tokens"": 128}"
unbiased,cuda:0,../Meta-Llama-3-8B-Instruct,config/Unbiased.json,1304,70,,-1,A live events and bespoke creative technical solutions company based in Loughborough is seeking a technical project manager to join ,,"A live events and bespoke creative technical solutions company based in Loughborough is seeking a technical project manager to join  their team.
As a Technical Project Manager, you will be responsible for overseeing the technical delivery of live events and projects from conceptualization to execution. The ideal candidate will have a strong technical background, excellent project management skills, and the ability to work well under pressure.
Key Responsibilities :
Plan, coordinate, and manage technical projects from inception to completion, ensuring they are delivered on time, within budget, and to the required quality standards.
Work closely with clients, designers, and other stakeholders to understand project requirements and develop technical solutions that meet their needs.
Develop and manage technical project plans, schedules, and budgets, identifying and mitigating potential risks"," their team.
As a Technical Project Manager, you will be responsible for overseeing the technical delivery of live events and projects from conceptualization to execution. The ideal candidate will have a strong technical background, excellent project management skills, and the ability to work well under pressure.
Key Responsibilities :
Plan, coordinate, and manage technical projects from inception to completion, ensuring they are delivered on time, within budget, and to the required quality standards.
Work closely with clients, designers, and other stakeholders to understand project requirements and develop technical solutions that meet their needs.
Develop and manage technical project plans, schedules, and budgets, identifying and mitigating potential risks","{""do_sample"": true, ""temperature"": 1.0, ""top_p"": 0.95, ""top_k"": 50, ""repetition_penalty"": 1.0, ""max_new_tokens"": 128}"
unbiased,cuda:0,../Meta-Llama-3-8B-Instruct,config/Unbiased.json,1306,72,,-1,The latest report from Violence Policy Center. I find it ironic and sad that the very day an annual report ,,"The latest report from Violence Policy Center. I find it ironic and sad that the very day an annual report  is released, highlighting the devastating impact of firearms on American communities, our nation is on the brink of relaxing regulations even further.
Here's a summary of the report:
""Guns and Gun Violence in the United States: An Annual Report"" is the 24th edition of a series of reports published by the Violence Policy Center (VPC). It presents data on gun violence in the United States, including homicides, suicides, and unintentional shootings.
Key findings in the report include:
- In 2018, there were 39,404 deaths from firearms in the United States, with 22,898 of these deaths being homicides,"," is released, highlighting the devastating impact of firearms on American communities, our nation is on the brink of relaxing regulations even further.
Here's a summary of the report:
""Guns and Gun Violence in the United States: An Annual Report"" is the 24th edition of a series of reports published by the Violence Policy Center (VPC). It presents data on gun violence in the United States, including homicides, suicides, and unintentional shootings.
Key findings in the report include:
- In 2018, there were 39,404 deaths from firearms in the United States, with 22,898 of these deaths being homicides,","{""do_sample"": true, ""temperature"": 1.0, ""top_p"": 0.95, ""top_k"": 50, ""repetition_penalty"": 1.0, ""max_new_tokens"": 128}"
unbiased,cuda:0,../Meta-Llama-3-8B-Instruct,config/Unbiased.json,1308,74,,-1,Thorpe of the New York Trucking and Delivery Association says the decision to raise penalties won’t solve the parking crisis. ,,"Thorpe of the New York Trucking and Delivery Association says the decision to raise penalties won’t solve the parking crisis. 2022;28:1-6. CiteSeerX - Document Details (Isaac Councill, Lee Giles, Pradeep Teregowda): Abstract. All passengers must wear seat belts. New York State has a strict set of traffic laws, including strict regulations regarding seat belts, child restraints, and traffic signs. ""There are so many parking garages and parking lots in this city, and yet, there's still a shortage of parking spots,"" said Thorpe, who is also the CEO of Thorpe & Sons, a family-owned trucking business. Traffic signs in New York State are standardized and clearly","2022;28:1-6. CiteSeerX - Document Details (Isaac Councill, Lee Giles, Pradeep Teregowda): Abstract. All passengers must wear seat belts. New York State has a strict set of traffic laws, including strict regulations regarding seat belts, child restraints, and traffic signs. ""There are so many parking garages and parking lots in this city, and yet, there's still a shortage of parking spots,"" said Thorpe, who is also the CEO of Thorpe & Sons, a family-owned trucking business. Traffic signs in New York State are standardized and clearly","{""do_sample"": true, ""temperature"": 1.0, ""top_p"": 0.95, ""top_k"": 50, ""repetition_penalty"": 1.0, ""max_new_tokens"": 128}"
unbiased,cuda:0,../Meta-Llama-3-8B-Instruct,config/Unbiased.json,1310,76,,-1,A District Court decision overturning major provisions of three Executive Orders has been appealed. Here is a summary of the ,,"A District Court decision overturning major provisions of three Executive Orders has been appealed. Here is a summary of the 30-day appeal window:
I. What happened in the District Court?
On February 16, 2023, the U.S. District Court for the District of Hawaii issued a summary judgment decision in Hawaii v. Trump, overturning major provisions of three Executive Orders related to immigration and asylum policies. The three orders affected were:
1. Executive Order 13767, ""Border Security and Immigration Enforcement Improvements""
2. Executive Order 13768, ""Enhancing Public Safety in the Interior of the United States""
3. Executive Order 13823, ""Affording Congress an Opportunity to Address Family Separation""

The Court found that","30-day appeal window:
I. What happened in the District Court?
On February 16, 2023, the U.S. District Court for the District of Hawaii issued a summary judgment decision in Hawaii v. Trump, overturning major provisions of three Executive Orders related to immigration and asylum policies. The three orders affected were:
1. Executive Order 13767, ""Border Security and Immigration Enforcement Improvements""
2. Executive Order 13768, ""Enhancing Public Safety in the Interior of the United States""
3. Executive Order 13823, ""Affording Congress an Opportunity to Address Family Separation""

The Court found that","{""do_sample"": true, ""temperature"": 1.0, ""top_p"": 0.95, ""top_k"": 50, ""repetition_penalty"": 1.0, ""max_new_tokens"": 128}"
unbiased,cuda:0,../Meta-Llama-3-8B-Instruct,config/Unbiased.json,1312,78,,-1,"The democratization of data is a real phenomenon, but building a sustainable data democracy means truly giving power to the ",,"The democratization of data is a real phenomenon, but building a sustainable data democracy means truly giving power to the 99%
The democratization of data is a real phenomenon, but building a sustainable data democracy means truly giving power to the 99%
by Rakesh Kharwal | Jan 24, 2022 | AI, Data Science, Machine Learning | 0 comments
The democratization of data is a real phenomenon, but building a sustainable data democracy means truly giving power to the 99%
Data democratization is often touted as a revolutionary concept that empowers individuals and organizations to make data-driven decisions. However, the democratization of data is still a limited concept, mainly benefiting the privileged few. For a true data democracy to emerge","99%
The democratization of data is a real phenomenon, but building a sustainable data democracy means truly giving power to the 99%
by Rakesh Kharwal | Jan 24, 2022 | AI, Data Science, Machine Learning | 0 comments
The democratization of data is a real phenomenon, but building a sustainable data democracy means truly giving power to the 99%
Data democratization is often touted as a revolutionary concept that empowers individuals and organizations to make data-driven decisions. However, the democratization of data is still a limited concept, mainly benefiting the privileged few. For a true data democracy to emerge","{""do_sample"": true, ""temperature"": 1.0, ""top_p"": 0.95, ""top_k"": 50, ""repetition_penalty"": 1.0, ""max_new_tokens"": 128}"
unbiased,cuda:0,../Meta-Llama-3-8B-Instruct,config/Unbiased.json,1314,80,,-1,"The Council of PR Firms yesterday urged PR firms to ""pledge"" to Wikipedia that they will only submit materials to ",,"The Council of PR Firms yesterday urged PR firms to ""pledge"" to Wikipedia that they will only submit materials to 3rd party sites that are accurate and up-to-date.
The PR Council's code of conduct, which is intended to provide guidelines for ethical behavior in PR, encourages its member firms to contribute to Wikipedia and other online encyclopedias, but it also warns against submitting inaccurate or outdated information.
The PR Council argues that the PR industry has a responsibility to maintain the integrity of online content, and that submitting false or outdated information could damage the credibility of both the PR industry and the online encyclopedias.
While Wikipedia already has a policy of not accepting unsourced or inaccurate information, the PR Council's code of conduct provides a","3rd party sites that are accurate and up-to-date.
The PR Council's code of conduct, which is intended to provide guidelines for ethical behavior in PR, encourages its member firms to contribute to Wikipedia and other online encyclopedias, but it also warns against submitting inaccurate or outdated information.
The PR Council argues that the PR industry has a responsibility to maintain the integrity of online content, and that submitting false or outdated information could damage the credibility of both the PR industry and the online encyclopedias.
While Wikipedia already has a policy of not accepting unsourced or inaccurate information, the PR Council's code of conduct provides a","{""do_sample"": true, ""temperature"": 1.0, ""top_p"": 0.95, ""top_k"": 50, ""repetition_penalty"": 1.0, ""max_new_tokens"": 128}"
unbiased,cuda:0,../Meta-Llama-3-8B-Instruct,config/Unbiased.json,1316,82,,-1,"He and a neighbor managed to lure the horse toward them with a handful of grass, Sickinger said, and they ",,"He and a neighbor managed to lure the horse toward them with a handful of grass, Sickinger said, and they  then tied the horse to a nearby tree.
""We thought we'd managed to catch a real-life unicorn,"" Sickinger joked, ""and we were just trying to figure out how to get it back to the owner.""
But as they were preparing to leave, the horse's owner, a woman who lived in the nearby house, rushed out and scolded them for capturing her horse, Sickinger said.
""We were just trying to help,"" Sickinger said, ""and we didn't mean to cause any trouble. But the horse was loose and wandering around, and we wanted to help get it back home.""
Sickinger said they"," then tied the horse to a nearby tree.
""We thought we'd managed to catch a real-life unicorn,"" Sickinger joked, ""and we were just trying to figure out how to get it back to the owner.""
But as they were preparing to leave, the horse's owner, a woman who lived in the nearby house, rushed out and scolded them for capturing her horse, Sickinger said.
""We were just trying to help,"" Sickinger said, ""and we didn't mean to cause any trouble. But the horse was loose and wandering around, and we wanted to help get it back home.""
Sickinger said they","{""do_sample"": true, ""temperature"": 1.0, ""top_p"": 0.95, ""top_k"": 50, ""repetition_penalty"": 1.0, ""max_new_tokens"": 128}"
unbiased,cuda:0,../Meta-Llama-3-8B-Instruct,config/Unbiased.json,1318,84,,-1,"Wolf, 33, joined the Africa Mercy crew in March, taking a short leave from her job as a registered nurse ",,"Wolf, 33, joined the Africa Mercy crew in March, taking a short leave from her job as a registered nurse  in Australia to spend six months volunteering on board the ship. “I was drawn to serving with Mercy Ships because of their commitment to providing free surgeries and medical care to those in greatest need,” Wolf said. Her primary role is assisting in the operating room, providing pre- and post-operative care to patients. She also assists with conducting health education workshops for patients and their families. “It’s been a challenging but incredibly rewarding experience so far. I feel so privileged to be a part of this team and to be able to contribute to the care of these amazing people.” Wolf has already seen the impact that Mercy Ships’ work is having, including"," in Australia to spend six months volunteering on board the ship. “I was drawn to serving with Mercy Ships because of their commitment to providing free surgeries and medical care to those in greatest need,” Wolf said. Her primary role is assisting in the operating room, providing pre- and post-operative care to patients. She also assists with conducting health education workshops for patients and their families. “It’s been a challenging but incredibly rewarding experience so far. I feel so privileged to be a part of this team and to be able to contribute to the care of these amazing people.” Wolf has already seen the impact that Mercy Ships’ work is having, including","{""do_sample"": true, ""temperature"": 1.0, ""top_p"": 0.95, ""top_k"": 50, ""repetition_penalty"": 1.0, ""max_new_tokens"": 128}"
unbiased,cuda:0,../Meta-Llama-3-8B-Instruct,config/Unbiased.json,1320,86,,-1,"A Chicago judge on Thursday dismissed a patent case between Apple and Motorola because, he said, neither side could adequately ",,"A Chicago judge on Thursday dismissed a patent case between Apple and Motorola because, he said, neither side could adequately 2G mobile phone technology. (AP Photo/Nam Y. Huh, File) A Chicago judge on Thursday dismissed a patent case between Apple and Motorola because, he said, neither side could adequately 2G mobile phone technology. (AP Photo/Nam Y. Huh, File)
A Chicago judge on Thursday dismissed a patent case between Apple and Motorola because, he said, neither side could adequately 2G mobile phone technology. (AP Photo/Nam Y. Huh, File)
A Chicago judge on Thursday dismissed a patent case between Apple and Motorola because, he said, neither side could adequately 2G mobile phone technology","2G mobile phone technology. (AP Photo/Nam Y. Huh, File) A Chicago judge on Thursday dismissed a patent case between Apple and Motorola because, he said, neither side could adequately 2G mobile phone technology. (AP Photo/Nam Y. Huh, File)
A Chicago judge on Thursday dismissed a patent case between Apple and Motorola because, he said, neither side could adequately 2G mobile phone technology. (AP Photo/Nam Y. Huh, File)
A Chicago judge on Thursday dismissed a patent case between Apple and Motorola because, he said, neither side could adequately 2G mobile phone technology","{""do_sample"": true, ""temperature"": 1.0, ""top_p"": 0.95, ""top_k"": 50, ""repetition_penalty"": 1.0, ""max_new_tokens"": 128}"
unbiased,cuda:0,../Meta-Llama-3-8B-Instruct,config/Unbiased.json,1322,88,,-1,"Ford is building cars that ""talk"" with traffic lights, road signs and pedestrians. At CES 2019 in Las Vegas on ",,"Ford is building cars that ""talk"" with traffic lights, road signs and pedestrians. At CES 2019 in Las Vegas on 8 January, the automaker announced that it is introducing a range of advanced driver assistance systems (ADAS) and driver monitoring technology to improve road safety and reduce traffic congestion.
Ford's new technology, called Ford Smart Mobility, aims to reduce accidents by using advanced sensors, artificial intelligence and machine learning algorithms. The system can detect and respond to various road hazards, such as pedestrians, cyclists, and other vehicles, and provide warnings to the driver.
One of the key features of the Ford Smart Mobility system is its ability to ""talk"" with traffic lights and road signs. This is achieved through a technology called Cellular Vehicle-to-Everything (C","8 January, the automaker announced that it is introducing a range of advanced driver assistance systems (ADAS) and driver monitoring technology to improve road safety and reduce traffic congestion.
Ford's new technology, called Ford Smart Mobility, aims to reduce accidents by using advanced sensors, artificial intelligence and machine learning algorithms. The system can detect and respond to various road hazards, such as pedestrians, cyclists, and other vehicles, and provide warnings to the driver.
One of the key features of the Ford Smart Mobility system is its ability to ""talk"" with traffic lights and road signs. This is achieved through a technology called Cellular Vehicle-to-Everything (C","{""do_sample"": true, ""temperature"": 1.0, ""top_p"": 0.95, ""top_k"": 50, ""repetition_penalty"": 1.0, ""max_new_tokens"": 128}"
unbiased,cuda:0,../Meta-Llama-3-8B-Instruct,config/Unbiased.json,1324,90,,-1,"Things get a bit messy in a new brand campaign from Chobani. Centered on the tag ""Love This Life,"" its ",,"Things get a bit messy in a new brand campaign from Chobani. Centered on the tag ""Love This Life,"" its 15-second spots aim to bring people together by celebrating the little moments in life that make it worth living. The ads show people from all walks of life sharing meals, bonding over food and having fun, all set to upbeat music.
The campaign, created by Droga5, will run across TV, online video, social media and print. It's a significant departure from Chobani's previous advertising, which focused more on product benefits and healthy eating.
""The goal is to tap into the emotional connection people have with food and the power it holds to bring people together,"" said Peter McGuinness, Chief Marketing Officer at Chobani. ""","15-second spots aim to bring people together by celebrating the little moments in life that make it worth living. The ads show people from all walks of life sharing meals, bonding over food and having fun, all set to upbeat music.
The campaign, created by Droga5, will run across TV, online video, social media and print. It's a significant departure from Chobani's previous advertising, which focused more on product benefits and healthy eating.
""The goal is to tap into the emotional connection people have with food and the power it holds to bring people together,"" said Peter McGuinness, Chief Marketing Officer at Chobani. ""","{""do_sample"": true, ""temperature"": 1.0, ""top_p"": 0.95, ""top_k"": 50, ""repetition_penalty"": 1.0, ""max_new_tokens"": 128}"
unbiased,cuda:0,../Meta-Llama-3-8B-Instruct,config/Unbiased.json,1326,92,,-1,Trump's new immigration ad was panned as racist. Turns out it was also based on a falsehood. - Hartford Courant ,,"Trump's new immigration ad was panned as racist. Turns out it was also based on a falsehood. - Hartford Courant 24 hours 37 min ago
Trump's new immigration ad was panned as racist. Turns up it was also based on a falsehood. - Newsday 24 hours 37 min ago
Trump's new immigration ad was panned as racist. Turns out it was also based on a falsehood. - Newsweek 24 hours 37 min ago
Trump's new immigration ad was panned as racist. Turns out it was also based on a falsehood. - HuffPost 24 hours 37 min ago
Trump's new immigration ad was panned as racist. Turns out it was also based on a falsehood. - ABC News 24","24 hours 37 min ago
Trump's new immigration ad was panned as racist. Turns up it was also based on a falsehood. - Newsday 24 hours 37 min ago
Trump's new immigration ad was panned as racist. Turns out it was also based on a falsehood. - Newsweek 24 hours 37 min ago
Trump's new immigration ad was panned as racist. Turns out it was also based on a falsehood. - HuffPost 24 hours 37 min ago
Trump's new immigration ad was panned as racist. Turns out it was also based on a falsehood. - ABC News 24","{""do_sample"": true, ""temperature"": 1.0, ""top_p"": 0.95, ""top_k"": 50, ""repetition_penalty"": 1.0, ""max_new_tokens"": 128}"
unbiased,cuda:0,../Meta-Llama-3-8B-Instruct,config/Unbiased.json,1328,94,,-1,• Engage with other SRA functions to support the evidence gathering and credible deterrence approach of the SRA. The role ,,"• Engage with other SRA functions to support the evidence gathering and credible deterrence approach of the SRA. The role 1.3:...
• Engage with other SRA functions to support the evidence gathering and credible deterrence approach of the SRA. The role 1.3:
Will be responsible for developing and maintaining relationships with other SRA functions, ensuring effective communication and collaboration to achieve the SRA's goals. This may include:
• Providing subject matter expertise on data protection, cybersecurity and/or IT-related issues to other SRA functions
• Identifying and assessing potential risks and threats to the integrity of the SRA's systems and data
• Supporting the development and maintenance of policies, procedures and guidelines related to data protection, cybersecurity and/or","1.3:...
• Engage with other SRA functions to support the evidence gathering and credible deterrence approach of the SRA. The role 1.3:
Will be responsible for developing and maintaining relationships with other SRA functions, ensuring effective communication and collaboration to achieve the SRA's goals. This may include:
• Providing subject matter expertise on data protection, cybersecurity and/or IT-related issues to other SRA functions
• Identifying and assessing potential risks and threats to the integrity of the SRA's systems and data
• Supporting the development and maintenance of policies, procedures and guidelines related to data protection, cybersecurity and/or","{""do_sample"": true, ""temperature"": 1.0, ""top_p"": 0.95, ""top_k"": 50, ""repetition_penalty"": 1.0, ""max_new_tokens"": 128}"
unbiased,cuda:0,../Meta-Llama-3-8B-Instruct,config/Unbiased.json,1330,96,,-1,"MidMichigan Health plans to restructure and re-align its work force in the coming months, and the changes could mean laying ",,"MidMichigan Health plans to restructure and re-align its work force in the coming months, and the changes could mean laying 150 employees off.
The restructuring is part of a larger effort to adapt to changes in the healthcare industry and to improve the organization's financial stability.
""We're looking at a number of different factors that have changed in the healthcare industry,"" said Diane Postler-Slattery, president and CEO of MidMichigan Health. ""We need to make some adjustments to remain competitive and to ensure we're providing the best possible care to our patients.""
Postler-Slattery said the layoffs will be across the organization and will not be limited to any one department or location. She said the decision to reduce the workforce was not taken lightly and was made after careful","150 employees off.
The restructuring is part of a larger effort to adapt to changes in the healthcare industry and to improve the organization's financial stability.
""We're looking at a number of different factors that have changed in the healthcare industry,"" said Diane Postler-Slattery, president and CEO of MidMichigan Health. ""We need to make some adjustments to remain competitive and to ensure we're providing the best possible care to our patients.""
Postler-Slattery said the layoffs will be across the organization and will not be limited to any one department or location. She said the decision to reduce the workforce was not taken lightly and was made after careful","{""do_sample"": true, ""temperature"": 1.0, ""top_p"": 0.95, ""top_k"": 50, ""repetition_penalty"": 1.0, ""max_new_tokens"": 128}"
unbiased,cuda:0,../Meta-Llama-3-8B-Instruct,config/Unbiased.json,1332,98,,-1,Tennessee farmers are cashing in on the local food movement. The federal government never measured just how much Tennessee farmers ,,"Tennessee farmers are cashing in on the local food movement. The federal government never measured just how much Tennessee farmers 2018. From vegetables to meats, and even baked goods, Tennessee’s local food scene is booming. That’s according to a new report from the USDA, which found that Tennessee farmers in 2018 brought in $3.4 billion in annual revenue from direct-to-consumer sales of local food products.
From farm-to-table to farm-to-table, Tennessee farmers are finding creative ways to connect with customers. Many are now selling directly to consumers, bypassing traditional grocery stores and middlemen. This shift has allowed farmers to retain more of the profits and has also given consumers a more personal connection to their food.
The USDA report also found","2018. From vegetables to meats, and even baked goods, Tennessee’s local food scene is booming. That’s according to a new report from the USDA, which found that Tennessee farmers in 2018 brought in $3.4 billion in annual revenue from direct-to-consumer sales of local food products.
From farm-to-table to farm-to-table, Tennessee farmers are finding creative ways to connect with customers. Many are now selling directly to consumers, bypassing traditional grocery stores and middlemen. This shift has allowed farmers to retain more of the profits and has also given consumers a more personal connection to their food.
The USDA report also found","{""do_sample"": true, ""temperature"": 1.0, ""top_p"": 0.95, ""top_k"": 50, ""repetition_penalty"": 1.0, ""max_new_tokens"": 128}"
unbiased,cuda:0,../Meta-Llama-3-8B-Instruct,config/Unbiased.json,1334,100,,-1,Ozier Muhammad/The New York TimesReynaldo Rodriguez of the Care Coordination program counseled a patient with H.I.V. on how to adhere ,,"Ozier Muhammad/The New York TimesReynaldo Rodriguez of the Care Coordination program counseled a patient with H.I.V. on how to adhere 22 pills per day to her treatment regimen. The program aimed to improve adherence to treatment plans and reduce hospitalizations and emergency department visits.
This story is part of The New York Times’ efforts to document the experiences of Americans living with AIDS during the Trump administration.
Since the peak of the AIDS epidemic in the 1990s, the United States has made significant progress in fighting the disease. The development of antiretroviral therapy (ART) has turned H.I.V. from a death sentence into a manageable condition, and widespread use of condoms and pre-exposure prophylaxis (PrEP) has helped reduce the transmission of the","22 pills per day to her treatment regimen. The program aimed to improve adherence to treatment plans and reduce hospitalizations and emergency department visits.
This story is part of The New York Times’ efforts to document the experiences of Americans living with AIDS during the Trump administration.
Since the peak of the AIDS epidemic in the 1990s, the United States has made significant progress in fighting the disease. The development of antiretroviral therapy (ART) has turned H.I.V. from a death sentence into a manageable condition, and widespread use of condoms and pre-exposure prophylaxis (PrEP) has helped reduce the transmission of the","{""do_sample"": true, ""temperature"": 1.0, ""top_p"": 0.95, ""top_k"": 50, ""repetition_penalty"": 1.0, ""max_new_tokens"": 128}"
unbiased,cuda:0,../Meta-Llama-3-8B-Instruct,config/Unbiased.json,1336,102,,-1,"Talking to the press people here at the Heliport on Saturday, the National BJP leader, while stating the Naga issue ",,"Talking to the press people here at the Heliport on Saturday, the National BJP leader, while stating the Naga issue 1997 ceasefire accord is the best option for peace, clarified that the issue of separate state of Telangana is not to be mixed with the Naga talks, as the two are completely different issues.
The Naga leader also made it clear that the NPF (Nationalist People’s Front) is not a rival party to the BJP, but rather a ally of the party, and that their tie-up is a national level alliance and not a regional or local alliance.
The leader also expressed hope that the ongoing Naga talks will be successful, and that all the stakeholders will come to a mutually agreeable solution, so that the issue","1997 ceasefire accord is the best option for peace, clarified that the issue of separate state of Telangana is not to be mixed with the Naga talks, as the two are completely different issues.
The Naga leader also made it clear that the NPF (Nationalist People’s Front) is not a rival party to the BJP, but rather a ally of the party, and that their tie-up is a national level alliance and not a regional or local alliance.
The leader also expressed hope that the ongoing Naga talks will be successful, and that all the stakeholders will come to a mutually agreeable solution, so that the issue","{""do_sample"": true, ""temperature"": 1.0, ""top_p"": 0.95, ""top_k"": 50, ""repetition_penalty"": 1.0, ""max_new_tokens"": 128}"
unbiased,cuda:0,../Meta-Llama-3-8B-Instruct,config/Unbiased.json,1338,104,,-1,"Famously tight-lipped about her Scientology faith, The Handmaid’s Tale star Elisabeth Moss has opened up in a candid new interview. ",,"Famously tight-lipped about her Scientology faith, The Handmaid’s Tale star Elisabeth Moss has opened up in a candid new interview.  She reveals she has no regrets about her time in the Church of Scientology, but does say she was “cut off” from her family during her years as a member.

Moss, 37, grew up in a family that was involved with Scientology, and later became a devoted member herself. She joined the Church in her early 20s, and remained a part of it for more than a decade. However, she eventually left the Church in 2005, reportedly after feeling a sense of disconnection from her family and friends outside of the Church.

In a recent interview with The Hollywood Reporter, Moss spoke candidly about her"," She reveals she has no regrets about her time in the Church of Scientology, but does say she was “cut off” from her family during her years as a member.

Moss, 37, grew up in a family that was involved with Scientology, and later became a devoted member herself. She joined the Church in her early 20s, and remained a part of it for more than a decade. However, she eventually left the Church in 2005, reportedly after feeling a sense of disconnection from her family and friends outside of the Church.

In a recent interview with The Hollywood Reporter, Moss spoke candidly about her","{""do_sample"": true, ""temperature"": 1.0, ""top_p"": 0.95, ""top_k"": 50, ""repetition_penalty"": 1.0, ""max_new_tokens"": 128}"
unbiased,cuda:0,../Meta-Llama-3-8B-Instruct,config/Unbiased.json,1340,106,,-1,Madore received the package along with three crosses she had ordered in memory of her son Christopher Medina who died ,,"Madore received the package along with three crosses she had ordered in memory of her son Christopher Medina who died 13 years ago in a car accident. She received a letter from the sender, stating she was a healer and that the package contained gifts of love and light to help her heal.
Madore was skeptical at first, but as she opened the package and looked inside, she felt a surge of energy and a sense of peace. The package contained four beautiful, intricately carved wooden crosses, each adorned with a small crystal or stone. Madore felt drawn to one of the crosses, which had a small piece of amethyst attached to it. She felt an instant connection to the cross and the energy it emitted.
Madore began to use the","13 years ago in a car accident. She received a letter from the sender, stating she was a healer and that the package contained gifts of love and light to help her heal.
Madore was skeptical at first, but as she opened the package and looked inside, she felt a surge of energy and a sense of peace. The package contained four beautiful, intricately carved wooden crosses, each adorned with a small crystal or stone. Madore felt drawn to one of the crosses, which had a small piece of amethyst attached to it. She felt an instant connection to the cross and the energy it emitted.
Madore began to use the","{""do_sample"": true, ""temperature"": 1.0, ""top_p"": 0.95, ""top_k"": 50, ""repetition_penalty"": 1.0, ""max_new_tokens"": 128}"
unbiased,cuda:0,../Meta-Llama-3-8B-Instruct,config/Unbiased.json,1342,108,,-1,"France is in a difficult position. It has not had a sufficient spur to reform, despite the platitudes by both ",,"France is in a difficult position. It has not had a sufficient spur to reform, despite the platitudes by both 2017 presidential candidates of the need for change. Emmanuel Macron has now taken the reins, and his programme of economic and institutional reform is under way.
A lot of challenges lie ahead, particularly in terms of social welfare and pension reform. Macron’s government is pushing through significant changes, and many are concerned that the cost of living will increase. Some are even worried about social unrest.
However, it’s worth noting that France’s economic fundamentals are sound. The country has a strong industrial base, a highly skilled workforce, and a culture that is conducive to innovation.
To unlock the country’s full potential, France needs to focus on entrepreneurship, innovation","2017 presidential candidates of the need for change. Emmanuel Macron has now taken the reins, and his programme of economic and institutional reform is under way.
A lot of challenges lie ahead, particularly in terms of social welfare and pension reform. Macron’s government is pushing through significant changes, and many are concerned that the cost of living will increase. Some are even worried about social unrest.
However, it’s worth noting that France’s economic fundamentals are sound. The country has a strong industrial base, a highly skilled workforce, and a culture that is conducive to innovation.
To unlock the country’s full potential, France needs to focus on entrepreneurship, innovation","{""do_sample"": true, ""temperature"": 1.0, ""top_p"": 0.95, ""top_k"": 50, ""repetition_penalty"": 1.0, ""max_new_tokens"": 128}"
unbiased,cuda:0,../Meta-Llama-3-8B-Instruct,config/Unbiased.json,1344,110,,-1,"Nelson Mandela statue in Westminster, London. ""Comrade Mandela's release was achieved through our struggles that had pushed the apartheid regime ",,"Nelson Mandela statue in Westminster, London. ""Comrade Mandela's release was achieved through our struggles that had pushed the apartheid regime 10 years later than we had hoped... We did not get the freedom we deserved."" - Ahmed Kathrada.
Nelson Mandela statue in Westminster, London. ""Comrade Mandela's release was achieved through our struggles that had pushed the apartheid regime 10 years later than we had hoped... We did not get the freedom we deserved."" - Ahmed Kathrada.
Nelson Mandela statue in Westminster, London. ""Comrade Mandela's release was achieved through our struggles that had pushed the apartheid regime 10 years later than we had hoped... We did not get the freedom we deserved."" - Ahmed Kathrada. / AP
LONDON -- Former anti","10 years later than we had hoped... We did not get the freedom we deserved."" - Ahmed Kathrada.
Nelson Mandela statue in Westminster, London. ""Comrade Mandela's release was achieved through our struggles that had pushed the apartheid regime 10 years later than we had hoped... We did not get the freedom we deserved."" - Ahmed Kathrada.
Nelson Mandela statue in Westminster, London. ""Comrade Mandela's release was achieved through our struggles that had pushed the apartheid regime 10 years later than we had hoped... We did not get the freedom we deserved."" - Ahmed Kathrada. / AP
LONDON -- Former anti","{""do_sample"": true, ""temperature"": 1.0, ""top_p"": 0.95, ""top_k"": 50, ""repetition_penalty"": 1.0, ""max_new_tokens"": 128}"
unbiased,cuda:0,../Meta-Llama-3-8B-Instruct,config/Unbiased.json,1346,112,,-1,"Back in 1982, the Endangered Species Act took the ocelot under its protection. The ocelot is a vulnerable creature, susceptible ",,"Back in 1982, the Endangered Species Act took the ocelot under its protection. The ocelot is a vulnerable creature, susceptible  to various threats including loss of habitat, lack of prey, and fragmentation of its range.
In 1996, the U.S. Fish and Wildlife Service developed a recovery plan for the ocelot. This plan aims to protect and increase the ocelot population, restore habitats, and prevent further decline of the species.
The recovery plan involves several key steps:
1. Habitat protection and restoration: The plan focuses on protecting and restoring habitats that are essential for ocelot survival, such as coastal prairies, grasslands, and forests.
2. Prey availability: The plan aims to increase prey populations, particularly rodents,"," to various threats including loss of habitat, lack of prey, and fragmentation of its range.
In 1996, the U.S. Fish and Wildlife Service developed a recovery plan for the ocelot. This plan aims to protect and increase the ocelot population, restore habitats, and prevent further decline of the species.
The recovery plan involves several key steps:
1. Habitat protection and restoration: The plan focuses on protecting and restoring habitats that are essential for ocelot survival, such as coastal prairies, grasslands, and forests.
2. Prey availability: The plan aims to increase prey populations, particularly rodents,","{""do_sample"": true, ""temperature"": 1.0, ""top_p"": 0.95, ""top_k"": 50, ""repetition_penalty"": 1.0, ""max_new_tokens"": 128}"
unbiased,cuda:0,../Meta-Llama-3-8B-Instruct,config/Unbiased.json,1348,114,,-1,"Assembly Minority Leader Pat Hickey, R-Reno, will have a GOP primary election opponent in 2014. Richard Fineberg, a retired lawyer ",,"Assembly Minority Leader Pat Hickey, R-Reno, will have a GOP primary election opponent in 2014. Richard Fineberg, a retired lawyer 65, has filed paperwork to run for Hickey's seat, which represents Senate District 5.
Fineberg, a Republican, served in the U.S. Army and has worked as an attorney for more than 30 years. He said he is running for office to bring a ""fresh perspective"" to Carson City.
""I think the people in the district are looking for someone who is not beholden to special interests, who will listen to them and represent their interests,"" Fineberg said. ""I think my experience as a lawyer and my ability to work with people will serve me well in the Legislature.""
Fineberg said he has been in","65, has filed paperwork to run for Hickey's seat, which represents Senate District 5.
Fineberg, a Republican, served in the U.S. Army and has worked as an attorney for more than 30 years. He said he is running for office to bring a ""fresh perspective"" to Carson City.
""I think the people in the district are looking for someone who is not beholden to special interests, who will listen to them and represent their interests,"" Fineberg said. ""I think my experience as a lawyer and my ability to work with people will serve me well in the Legislature.""
Fineberg said he has been in","{""do_sample"": true, ""temperature"": 1.0, ""top_p"": 0.95, ""top_k"": 50, ""repetition_penalty"": 1.0, ""max_new_tokens"": 128}"
unbiased,cuda:0,../Meta-Llama-3-8B-Instruct,config/Unbiased.json,1350,116,,-1,"Friday Night Live: Hilarious Improv Comedy featuring live music from pianist Keith Munslow! Get beside yourself with FNL’s interactive scenes, ",,"Friday Night Live: Hilarious Improv Comedy featuring live music from pianist Keith Munslow! Get beside yourself with FNL’s interactive scenes, 4-person gameplay, and a musical twist! Tickets: $15 (students), $20 (general admission). Friday, March 17th at 8:00 PM at the Strand Theatre in Rockland. Call 207-594-0690 for more information. Age restriction: 18+ with ID.
Hilarious Improv Comedy features live music with pianist Keith Munslow
Friday Night Live (FNL) returns to the Strand Theatre in Rockland, Maine, on Friday, March 17th, with a unique blend of improv comedy, music, and audience interaction! The show, starting at 8:00","4-person gameplay, and a musical twist! Tickets: $15 (students), $20 (general admission). Friday, March 17th at 8:00 PM at the Strand Theatre in Rockland. Call 207-594-0690 for more information. Age restriction: 18+ with ID.
Hilarious Improv Comedy features live music with pianist Keith Munslow
Friday Night Live (FNL) returns to the Strand Theatre in Rockland, Maine, on Friday, March 17th, with a unique blend of improv comedy, music, and audience interaction! The show, starting at 8:00","{""do_sample"": true, ""temperature"": 1.0, ""top_p"": 0.95, ""top_k"": 50, ""repetition_penalty"": 1.0, ""max_new_tokens"": 128}"
unbiased,cuda:0,../Meta-Llama-3-8B-Instruct,config/Unbiased.json,1352,118,,-1,Do Twinkle and mum Dimple share a wardrobe? The star wife was missing for a greater part of the year ,,Do Twinkle and mum Dimple share a wardrobe? The star wife was missing for a greater part of the year 2018 due to some personal reasons and fans were worried sick! Twinkle Khanna is the wife of Bollywood actor Akshay Kumar and a best-selling author. Twinkle Khanna is the wife of Bollywood actor Akshay Kumar and a best-selling author. Twinkle Khanna is the wife of Bollywood actor Akshay Kumar and a best-selling author. Twinkle Khanna is the wife of Bollywood actor Akshay Kumar and a best-selling author. Twinkle Khanna is the wife of Bollywood actor Akshay Kumar and a best-selling author. Twinkle Khanna is the wife of Bollywood actor Akshay Kumar and,2018 due to some personal reasons and fans were worried sick! Twinkle Khanna is the wife of Bollywood actor Akshay Kumar and a best-selling author. Twinkle Khanna is the wife of Bollywood actor Akshay Kumar and a best-selling author. Twinkle Khanna is the wife of Bollywood actor Akshay Kumar and a best-selling author. Twinkle Khanna is the wife of Bollywood actor Akshay Kumar and a best-selling author. Twinkle Khanna is the wife of Bollywood actor Akshay Kumar and a best-selling author. Twinkle Khanna is the wife of Bollywood actor Akshay Kumar and,"{""do_sample"": true, ""temperature"": 1.0, ""top_p"": 0.95, ""top_k"": 50, ""repetition_penalty"": 1.0, ""max_new_tokens"": 128}"
unbiased,cuda:0,../Meta-Llama-3-8B-Instruct,config/Unbiased.json,1354,120,,-1,the World Challenge a year ago. He won at Hilton Head on the U.S. Championships in Doral and Shanghai. the ,,"the World Challenge a year ago. He won at Hilton Head on the U.S. Championships in Doral and Shanghai. the 72nd-ranked player in the world at the time.
World Golf Ranking, the highest ranking he had achieved at the time. He also won at the Open Championship.
Open Championship in 2014, his best finish at the tournament. That season, he won six events, including the Players Championship, and rose to the No.
event in the U.S. Open, where he missed the cut. He finished the year 4th on the Fed Ex Cup standings and was named the PGA Tour Player of the Year. The following year, he had several top-10 finishes, including a win at the Honda Classic, but did not win","72nd-ranked player in the world at the time.
World Golf Ranking, the highest ranking he had achieved at the time. He also won at the Open Championship.
Open Championship in 2014, his best finish at the tournament. That season, he won six events, including the Players Championship, and rose to the No.
event in the U.S. Open, where he missed the cut. He finished the year 4th on the Fed Ex Cup standings and was named the PGA Tour Player of the Year. The following year, he had several top-10 finishes, including a win at the Honda Classic, but did not win","{""do_sample"": true, ""temperature"": 1.0, ""top_p"": 0.95, ""top_k"": 50, ""repetition_penalty"": 1.0, ""max_new_tokens"": 128}"
unbiased,cuda:0,../Meta-Llama-3-8B-Instruct,config/Unbiased.json,1356,122,,-1,2 bedroom home with extra room for office or 3rd bedroom. Kitchen features Oak cabinets. Home features wood flooring in ,,"2 bedroom home with extra room for office or 3rd bedroom. Kitchen features Oak cabinets. Home features wood flooring in 2 bedrooms, carpeted living room, and vinyl flooring in kitchen and bathrooms. Large backyard with covered patio perfect for outdoor entertaining. Located near schools, park, and easy access to downtown. Priced to sell! Call for showing today! Please note: The virtual tour video is for demonstration purposes only. Actual video does not exist for this property. Schedule a viewing to see it for yourself! Buyer and Buyer's Agent to verify all information. Listing Agency cannot guarantee the accuracy of the information provided by third parties. All property information is deemed reliable but not guaranteed. Sellers are selling as-is. NO FURTHER DISCOUNTS.","2 bedrooms, carpeted living room, and vinyl flooring in kitchen and bathrooms. Large backyard with covered patio perfect for outdoor entertaining. Located near schools, park, and easy access to downtown. Priced to sell! Call for showing today! Please note: The virtual tour video is for demonstration purposes only. Actual video does not exist for this property. Schedule a viewing to see it for yourself! Buyer and Buyer's Agent to verify all information. Listing Agency cannot guarantee the accuracy of the information provided by third parties. All property information is deemed reliable but not guaranteed. Sellers are selling as-is. NO FURTHER DISCOUNTS.","{""do_sample"": true, ""temperature"": 1.0, ""top_p"": 0.95, ""top_k"": 50, ""repetition_penalty"": 1.0, ""max_new_tokens"": 128}"
unbiased,cuda:0,../Meta-Llama-3-8B-Instruct,config/Unbiased.json,1358,124,,-1,"Following her acceptance into iPOP! after try-outs in Fort Walton Beach, Michelle Bryant is talking positively about her fast-approaching opportunity. ",,"Following her acceptance into iPOP! after try-outs in Fort Walton Beach, Michelle Bryant is talking positively about her fast-approaching opportunity. 2017 iPOP! Rising Star winner, Michelle, discusses what she is looking forward to, her expectations, and what she will be focusing on during her iPOP! experience.
What are you most looking forward to about iPOP!? What do you hope to gain from the experience?
Michelle Bryant: I'm so thrilled to have been accepted into iPOP! and I'm looking forward to the opportunity to learn and grow as an artist. I hope to gain valuable industry knowledge, improve my craft, and make connections that will help me further my career.

What are your expectations for the program, and what do you hope to take away from","2017 iPOP! Rising Star winner, Michelle, discusses what she is looking forward to, her expectations, and what she will be focusing on during her iPOP! experience.
What are you most looking forward to about iPOP!? What do you hope to gain from the experience?
Michelle Bryant: I'm so thrilled to have been accepted into iPOP! and I'm looking forward to the opportunity to learn and grow as an artist. I hope to gain valuable industry knowledge, improve my craft, and make connections that will help me further my career.

What are your expectations for the program, and what do you hope to take away from","{""do_sample"": true, ""temperature"": 1.0, ""top_p"": 0.95, ""top_k"": 50, ""repetition_penalty"": 1.0, ""max_new_tokens"": 128}"
unbiased,cuda:0,../Meta-Llama-3-8B-Instruct,config/Unbiased.json,1360,126,,-1,"In the past 11 months, Mauti has had to rely on his words unlike any other time in his life. ",,"In the past 11 months, Mauti has had to rely on his words unlike any other time in his life. 2012 marked his second season at Penn State, where he was a starter at linebacker and a leader on the defense. However, his college career was cut short due to a torn ACL and subsequent infection. Mauti underwent a second surgery in March and is currently undergoing rehabilitation.
Mauti, who was forced to watch as his teammates practiced and prepared for games from the sidelines, has taken to social media to share his experiences and connect with fans. Through Twitter and his blog, he has chronicled his journey from the highs of football to the lows of rehabilitation and, eventually, to the importance of perseverance and faith.
""My journey has","2012 marked his second season at Penn State, where he was a starter at linebacker and a leader on the defense. However, his college career was cut short due to a torn ACL and subsequent infection. Mauti underwent a second surgery in March and is currently undergoing rehabilitation.
Mauti, who was forced to watch as his teammates practiced and prepared for games from the sidelines, has taken to social media to share his experiences and connect with fans. Through Twitter and his blog, he has chronicled his journey from the highs of football to the lows of rehabilitation and, eventually, to the importance of perseverance and faith.
""My journey has","{""do_sample"": true, ""temperature"": 1.0, ""top_p"": 0.95, ""top_k"": 50, ""repetition_penalty"": 1.0, ""max_new_tokens"": 128}"
unbiased,cuda:0,../Meta-Llama-3-8B-Instruct,config/Unbiased.json,1362,128,,-1,The FINANCIAL (AD) -- ProCredit Bank has donated a unique ex libris collection to the National Centre of Manuscripts. This ,,"The FINANCIAL (AD) -- ProCredit Bank has donated a unique ex libris collection to the National Centre of Manuscripts. This 150-volume collection features books written in Georgian, English, French, Spanish and other languages.
The books are significant for their subject matter, which includes philosophy, economics, literature, history and culture.
""We are grateful to ProCredit Bank for this generous donation,"" said Levan Tordia, head of the National Centre of Manuscripts. ""These books will not only enrich our collection but also contribute to the development of research in various fields.""
The ex libris collection includes rare and valuable publications that date back to the 18th century. It features the works of famous authors such as Immanuel Kant, Jean-Paul Sartre,","150-volume collection features books written in Georgian, English, French, Spanish and other languages.
The books are significant for their subject matter, which includes philosophy, economics, literature, history and culture.
""We are grateful to ProCredit Bank for this generous donation,"" said Levan Tordia, head of the National Centre of Manuscripts. ""These books will not only enrich our collection but also contribute to the development of research in various fields.""
The ex libris collection includes rare and valuable publications that date back to the 18th century. It features the works of famous authors such as Immanuel Kant, Jean-Paul Sartre,","{""do_sample"": true, ""temperature"": 1.0, ""top_p"": 0.95, ""top_k"": 50, ""repetition_penalty"": 1.0, ""max_new_tokens"": 128}"
unbiased,cuda:0,../Meta-Llama-3-8B-Instruct,config/Unbiased.json,1364,130,,-1,These two healthcare REITs are trading for dirt-cheap valuations despite high dividends and a solid history of growth. Investing in ,,"These two healthcare REITs are trading for dirt-cheap valuations despite high dividends and a solid history of growth. Investing in 1 of them could generate massive long-term returns.
Healthcare Real Estate Investment Trusts (REITs) are unique entities that specialize in owning, leasing, and managing healthcare facilities. These trusts provide a steady income stream through rent and lease payments from medical professionals, hospitals, and other healthcare organizations.
Two high-yielding healthcare REITs caught my attention due to their relatively low valuations and impressive track records of growth. If you're willing to take a long-term approach, investing in one of these healthcare REITs could generate substantial returns.
1. National Healthcare Trust (NCT)
National Healthcare Trust is a healthcare REIT that","1 of them could generate massive long-term returns.
Healthcare Real Estate Investment Trusts (REITs) are unique entities that specialize in owning, leasing, and managing healthcare facilities. These trusts provide a steady income stream through rent and lease payments from medical professionals, hospitals, and other healthcare organizations.
Two high-yielding healthcare REITs caught my attention due to their relatively low valuations and impressive track records of growth. If you're willing to take a long-term approach, investing in one of these healthcare REITs could generate substantial returns.
1. National Healthcare Trust (NCT)
National Healthcare Trust is a healthcare REIT that","{""do_sample"": true, ""temperature"": 1.0, ""top_p"": 0.95, ""top_k"": 50, ""repetition_penalty"": 1.0, ""max_new_tokens"": 128}"
unbiased,cuda:0,../Meta-Llama-3-8B-Instruct,config/Unbiased.json,1366,132,,-1,Young Lions skipper Brad Galvin isn’t afraid of taking his side’s ‘scrappy’ style of play into Sunday’s semi final clash ,,"Young Lions skipper Brad Galvin isn’t afraid of taking his side’s ‘scrappy’ style of play into Sunday’s semi final clash  against the Phoenix.
The match at Eden Park has been billed as a clash between the classy football of Wellington and the counter-attacking flair of Auckland.
But Galvin believes his side, which has been praised for its tenacity and fighting spirit, can cause an upset with its own brand of football.
“Yeah, we’re a team that likes to grind it out and make things difficult for the opposition,” Galvin said. “We don’t always have the most possession, but we make the most of what we’ve got and try to make it hard for the other team to score.
“I think our ‘scrappy’"," against the Phoenix.
The match at Eden Park has been billed as a clash between the classy football of Wellington and the counter-attacking flair of Auckland.
But Galvin believes his side, which has been praised for its tenacity and fighting spirit, can cause an upset with its own brand of football.
“Yeah, we’re a team that likes to grind it out and make things difficult for the opposition,” Galvin said. “We don’t always have the most possession, but we make the most of what we’ve got and try to make it hard for the other team to score.
“I think our ‘scrappy’","{""do_sample"": true, ""temperature"": 1.0, ""top_p"": 0.95, ""top_k"": 50, ""repetition_penalty"": 1.0, ""max_new_tokens"": 128}"
unbiased,cuda:0,../Meta-Llama-3-8B-Instruct,config/Unbiased.json,1368,134,,-1,"For a career that once seemed so good on paper, the crisis in teacher recruitment is now hardly ever out ",,"For a career that once seemed so good on paper, the crisis in teacher recruitment is now hardly ever out  of the headlines. The statistics are stark: a 15% drop in teacher training  numbers in the last three years, coupled with a  25% increase in teacher vacancies in the  same period. The reasons are myriad, from the  growing emphasis on academic qualifications to  the daunting workload and perceived lack of  autonomy. Meanwhile, schools are finding it  harder and harder to attract and retain staff,  with many feeling forced to compromise on  standards to fill the gaps. So, is there a light at"," of the headlines. The statistics are stark: a 15% drop in teacher training  numbers in the last three years, coupled with a  25% increase in teacher vacancies in the  same period. The reasons are myriad, from the  growing emphasis on academic qualifications to  the daunting workload and perceived lack of  autonomy. Meanwhile, schools are finding it  harder and harder to attract and retain staff,  with many feeling forced to compromise on  standards to fill the gaps. So, is there a light at","{""do_sample"": true, ""temperature"": 1.0, ""top_p"": 0.95, ""top_k"": 50, ""repetition_penalty"": 1.0, ""max_new_tokens"": 128}"
unbiased,cuda:0,../Meta-Llama-3-8B-Instruct,config/Unbiased.json,1370,136,,-1,councilors at the USC Annenberg School for Communication. Arkansas governor and congressman who joined the board in 2006. renewed attention ,,"councilors at the USC Annenberg School for Communication. Arkansas governor and congressman who joined the board in 2006. renewed attention 1977-1995. at the organization. At the same time, the group's focus on diversity and media representation also contributed to the rising profile of some of its members, including Mexican American media moguls such as Rupert Murdoch's Univision and Hispanic Broadcasting Corporation (HBC) and African American entrepreneurs like Byron Allen's Entertainment Studios. The organization's efforts to promote diversity in the media sector also led to controversies and criticisms, as some critics accused the organization of prioritizing the interests of its members over those of the broader public. Regardless, the National Association of Black Owned Broadcasters' efforts contributed to greater recognition of the need for diversity","1977-1995. at the organization. At the same time, the group's focus on diversity and media representation also contributed to the rising profile of some of its members, including Mexican American media moguls such as Rupert Murdoch's Univision and Hispanic Broadcasting Corporation (HBC) and African American entrepreneurs like Byron Allen's Entertainment Studios. The organization's efforts to promote diversity in the media sector also led to controversies and criticisms, as some critics accused the organization of prioritizing the interests of its members over those of the broader public. Regardless, the National Association of Black Owned Broadcasters' efforts contributed to greater recognition of the need for diversity","{""do_sample"": true, ""temperature"": 1.0, ""top_p"": 0.95, ""top_k"": 50, ""repetition_penalty"": 1.0, ""max_new_tokens"": 128}"
unbiased,cuda:0,../Meta-Llama-3-8B-Instruct,config/Unbiased.json,1372,138,,-1,The Las Vegas real estate market got a small reprieve in February; with sales volume at a four-year high for ,,"The Las Vegas real estate market got a small reprieve in February; with sales volume at a four-year high for 2023. The February 2023 sales data is a promising sign for the market as we move towards the spring season. Compared to January, the sales volume increased by 13%, and year-over-year, it rose by 12%.
What drove the increase in sales volume?
As discussed in previous articles, the Las Vegas housing market has been experiencing a decline in sales volume, primarily due to affordability issues. However, February's sales data highlights a couple of trends that might have contributed to the increase:
1. Interest Rates: Although interest rates have been rising, they have stabilized somewhat since the beginning of the year. This stabilization might have","2023. The February 2023 sales data is a promising sign for the market as we move towards the spring season. Compared to January, the sales volume increased by 13%, and year-over-year, it rose by 12%.
What drove the increase in sales volume?
As discussed in previous articles, the Las Vegas housing market has been experiencing a decline in sales volume, primarily due to affordability issues. However, February's sales data highlights a couple of trends that might have contributed to the increase:
1. Interest Rates: Although interest rates have been rising, they have stabilized somewhat since the beginning of the year. This stabilization might have","{""do_sample"": true, ""temperature"": 1.0, ""top_p"": 0.95, ""top_k"": 50, ""repetition_penalty"": 1.0, ""max_new_tokens"": 128}"
unbiased,cuda:0,../Meta-Llama-3-8B-Instruct,config/Unbiased.json,1374,140,,-1,Rafael Nadal became the first man to win eight titles at the same Grand Slam tournament after beating fellow Spaniard ,,"Rafael Nadal became the first man to win eight titles at the same Grand Slam tournament after beating fellow Spaniard 6-4, 6-1, 6-7 (4-7), 6-7 (10-12), 9-7 Dominic Thiem in the men's singles final at the French Open on Sunday.
The 33-year-old Nadal, who has won a record 12 French Open titles, dominated the early stages of the match but Thiem staged a remarkable comeback to force a deciding set.
However, Nadal found the energy and motivation to win the match and claim his 12th French Open title and 19th Grand Slam trophy.
The victory also saw Nadal reclaim the world number one ranking","6-4, 6-1, 6-7 (4-7), 6-7 (10-12), 9-7 Dominic Thiem in the men's singles final at the French Open on Sunday.
The 33-year-old Nadal, who has won a record 12 French Open titles, dominated the early stages of the match but Thiem staged a remarkable comeback to force a deciding set.
However, Nadal found the energy and motivation to win the match and claim his 12th French Open title and 19th Grand Slam trophy.
The victory also saw Nadal reclaim the world number one ranking","{""do_sample"": true, ""temperature"": 1.0, ""top_p"": 0.95, ""top_k"": 50, ""repetition_penalty"": 1.0, ""max_new_tokens"": 128}"
unbiased,cuda:0,../Meta-Llama-3-8B-Instruct,config/Unbiased.json,1376,142,,-1,"No longer limited to calling other Jaxtr users, the service is taking cue from Skype for its revenue strategy. Jaxtr, ",,"No longer limited to calling other Jaxtr users, the service is taking cue from Skype for its revenue strategy. Jaxtr, 21 months old, has gained 1 million registered users and 100,000 subscribers.
The company, based in Palo Alto, California, has secured $4 million in additional funding from its investors, including Draper Fisher Jurvetson, and Sequoia Capital. This brings the total funding to $15 million.
The new features include audio and video calling with anyone, not just other Jaxtr users. The company is also introducing a premium service that will offer users more features, such as video conferencing, for a monthly fee.
Jaxtr's revenue strategy is modeled after Skype's. The company charges a subscription fee for","21 months old, has gained 1 million registered users and 100,000 subscribers.
The company, based in Palo Alto, California, has secured $4 million in additional funding from its investors, including Draper Fisher Jurvetson, and Sequoia Capital. This brings the total funding to $15 million.
The new features include audio and video calling with anyone, not just other Jaxtr users. The company is also introducing a premium service that will offer users more features, such as video conferencing, for a monthly fee.
Jaxtr's revenue strategy is modeled after Skype's. The company charges a subscription fee for","{""do_sample"": true, ""temperature"": 1.0, ""top_p"": 0.95, ""top_k"": 50, ""repetition_penalty"": 1.0, ""max_new_tokens"": 128}"
unbiased,cuda:0,../Meta-Llama-3-8B-Instruct,config/Unbiased.json,1378,144,,-1,A three member bench of the Supreme Court has adjourned the hearing of Orange Line Metro Train case till Friday. ,,"A three member bench of the Supreme Court has adjourned the hearing of Orange Line Metro Train case till Friday.  The court heard the case today and sought more time to issue the verdict.
The court also sought the record of the land acquired for the project from the Punjab government. The Supreme Court had already cancelled the contract of the Orange Line Metro Train project and had ordered an inquiry into the matter.
The Punjab government has already submitted its report and the inquiry committee had given its report to the court, saying that there was large-scale irregularities and corruption in the project. The court had also summoned the Punjab chief secretary, principal secretary to the CM, and others to appear before it to explain the irregularities in the project.
The Orange Line Metro Train project"," The court heard the case today and sought more time to issue the verdict.
The court also sought the record of the land acquired for the project from the Punjab government. The Supreme Court had already cancelled the contract of the Orange Line Metro Train project and had ordered an inquiry into the matter.
The Punjab government has already submitted its report and the inquiry committee had given its report to the court, saying that there was large-scale irregularities and corruption in the project. The court had also summoned the Punjab chief secretary, principal secretary to the CM, and others to appear before it to explain the irregularities in the project.
The Orange Line Metro Train project","{""do_sample"": true, ""temperature"": 1.0, ""top_p"": 0.95, ""top_k"": 50, ""repetition_penalty"": 1.0, ""max_new_tokens"": 128}"
unbiased,cuda:0,../Meta-Llama-3-8B-Instruct,config/Unbiased.json,1380,146,,-1,"A primary school caretaker has been found guilty of attacking a group of teenagers. Karl Lucas, 27, of Manor Fields, ",,"A primary school caretaker has been found guilty of attacking a group of teenagers. Karl Lucas, 27, of Manor Fields,  was found guilty of assault occasioning actual bodily harm and affray after a trial at Bristol Crown Court.
The court heard how on May 12, 2016, Lucas approached a group of teenagers who were sitting on a bench in Staple Hill, Bristol, and launched an unprovoked attack on them.
Lucas struck one of the teenagers, a 15-year-old boy, on the head with a metal bar, causing a deep gash that required stitches.
He also punched and kicked the other teenagers, including a 17-year-old boy who suffered a broken nose.
The teenagers managed to fend off Lucas and escape,"," was found guilty of assault occasioning actual bodily harm and affray after a trial at Bristol Crown Court.
The court heard how on May 12, 2016, Lucas approached a group of teenagers who were sitting on a bench in Staple Hill, Bristol, and launched an unprovoked attack on them.
Lucas struck one of the teenagers, a 15-year-old boy, on the head with a metal bar, causing a deep gash that required stitches.
He also punched and kicked the other teenagers, including a 17-year-old boy who suffered a broken nose.
The teenagers managed to fend off Lucas and escape,","{""do_sample"": true, ""temperature"": 1.0, ""top_p"": 0.95, ""top_k"": 50, ""repetition_penalty"": 1.0, ""max_new_tokens"": 128}"
unbiased,cuda:0,../Meta-Llama-3-8B-Instruct,config/Unbiased.json,1382,148,,-1,"It's not always easy to keep mentally focused during running. Focus requires discipline and a certain level of mental toughness, ",,"It's not always easy to keep mentally focused during running. Focus requires discipline and a certain level of mental toughness, 2 components that are not always natural for everyone. Mental toughness can be developed through various training methods and practices. Here are some mental training tips to help you stay focused during your runs:

1. Set goals: Setting specific, measurable, achievable, relevant, and time-bound (SMART) goals can help you stay focused and motivated. For example, you can set a goal to run a certain distance or finish a certain route faster than before.

2. Positive self-talk: Positive affirmations can help you maintain a positive mindset. Instead of focusing on your perceived weaknesses, celebrate your strengths and accomplishments.

3. Visualization: Visualization involves creating a mental","2 components that are not always natural for everyone. Mental toughness can be developed through various training methods and practices. Here are some mental training tips to help you stay focused during your runs:

1. Set goals: Setting specific, measurable, achievable, relevant, and time-bound (SMART) goals can help you stay focused and motivated. For example, you can set a goal to run a certain distance or finish a certain route faster than before.

2. Positive self-talk: Positive affirmations can help you maintain a positive mindset. Instead of focusing on your perceived weaknesses, celebrate your strengths and accomplishments.

3. Visualization: Visualization involves creating a mental","{""do_sample"": true, ""temperature"": 1.0, ""top_p"": 0.95, ""top_k"": 50, ""repetition_penalty"": 1.0, ""max_new_tokens"": 128}"
unbiased,cuda:0,../Meta-Llama-3-8B-Instruct,config/Unbiased.json,1384,150,,-1,"Amazingly, half of all Americans say they don’t care about government surveillance — and during a random sampling of people ",,"Amazingly, half of all Americans say they don’t care about government surveillance — and during a random sampling of people 18-65 years old, roughly 60% of non-registered voters and 55% of registered voters showed no interest in the NSA spying scandal.
I think many people in the United States are simply unaware of the extent of the government's surveillance activities. A recent poll found that 56% of Americans believe the government is doing a good job of protecting their privacy, and 26% believed that the government is not doing enough to protect their privacy.
But for those who are aware of the issue, the NSA's activities are viewed with suspicion and distrust. A CNN/Opinion Research Corporation poll found that 63% of Americans","18-65 years old, roughly 60% of non-registered voters and 55% of registered voters showed no interest in the NSA spying scandal.
I think many people in the United States are simply unaware of the extent of the government's surveillance activities. A recent poll found that 56% of Americans believe the government is doing a good job of protecting their privacy, and 26% believed that the government is not doing enough to protect their privacy.
But for those who are aware of the issue, the NSA's activities are viewed with suspicion and distrust. A CNN/Opinion Research Corporation poll found that 63% of Americans","{""do_sample"": true, ""temperature"": 1.0, ""top_p"": 0.95, ""top_k"": 50, ""repetition_penalty"": 1.0, ""max_new_tokens"": 128}"
unbiased,cuda:0,../Meta-Llama-3-8B-Instruct,config/Unbiased.json,1386,152,,-1,"Ubuntu 10.04 LTS Lucid Lynx is the latest Linux operating system from Canonical, aimed at consumers. It's free, but is ",,"Ubuntu 10.04 LTS Lucid Lynx is the latest Linux operating system from Canonical, aimed at consumers. It's free, but is 10.04 worth considering for your home computer? Read on to find out.

Ubuntu 10.04 LTS (Long Term Support) Lucid Lynx is the latest version of Ubuntu, and as the name suggests, it's designed to provide long-term support for security updates and bug fixes. This means that users can rest assured that their system will remain secure and stable for at least five years after its release.

The installation process is straightforward and painless. You can either burn the ISO to a DVD or create a bootable USB drive. Once you boot up the installation media, you'll be presented with an easy-to-follow menu that","10.04 worth considering for your home computer? Read on to find out.

Ubuntu 10.04 LTS (Long Term Support) Lucid Lynx is the latest version of Ubuntu, and as the name suggests, it's designed to provide long-term support for security updates and bug fixes. This means that users can rest assured that their system will remain secure and stable for at least five years after its release.

The installation process is straightforward and painless. You can either burn the ISO to a DVD or create a bootable USB drive. Once you boot up the installation media, you'll be presented with an easy-to-follow menu that","{""do_sample"": true, ""temperature"": 1.0, ""top_p"": 0.95, ""top_k"": 50, ""repetition_penalty"": 1.0, ""max_new_tokens"": 128}"
unbiased,cuda:0,../Meta-Llama-3-8B-Instruct,config/Unbiased.json,1388,154,,-1,"New York’s bike share really does attract way more commuters than tourists. Since its debut last year, New York City’s ",,"New York’s bike share really does attract way more commuters than tourists. Since its debut last year, New York City’s 24,000-strong Citibike fleet has seen millions of trips taken, with 70% of those rides occurring during weekdays, when the city is in full swing. Only 3% of those rides took place during the summer months when tourism is at its peak. So, it looks like the bike-share program is a valuable resource for locals rather than just a fleeting novelty for visitors. [Curbed NY] [Image: NYCDOT]
In other news, the city has released the latest stats on the bike-share program, which show that:
* The average bike-share ride is about 30 minutes long
* 60%","24,000-strong Citibike fleet has seen millions of trips taken, with 70% of those rides occurring during weekdays, when the city is in full swing. Only 3% of those rides took place during the summer months when tourism is at its peak. So, it looks like the bike-share program is a valuable resource for locals rather than just a fleeting novelty for visitors. [Curbed NY] [Image: NYCDOT]
In other news, the city has released the latest stats on the bike-share program, which show that:
* The average bike-share ride is about 30 minutes long
* 60%","{""do_sample"": true, ""temperature"": 1.0, ""top_p"": 0.95, ""top_k"": 50, ""repetition_penalty"": 1.0, ""max_new_tokens"": 128}"
unbiased,cuda:0,../Meta-Llama-3-8B-Instruct,config/Unbiased.json,1390,156,,-1,"On Jan. 15, nine of 12 members of the National Park System Advisory Board sent a letter to Interior Secretary ",,"On Jan. 15, nine of 12 members of the National Park System Advisory Board sent a letter to Interior Secretary  Ryan Zinke expressing their concern and disappointment over his proposal to change the National Park Service’s (NPS) role and responsibilities. The board members argued that the proposed changes would weaken the agency’s ability to protect national parks and monuments and undermine its mission.
The board members, all of whom are experts in various fields related to national parks, highlighted several concerns, including the proposal to eliminate the NPS’s role in protecting cultural resources, such as historical buildings, monuments, and archaeological sites. They argued that this would lead to a lack of protection for these resources and allow for potential destruction or exploitation.
Additionally, the board members expressed"," Ryan Zinke expressing their concern and disappointment over his proposal to change the National Park Service’s (NPS) role and responsibilities. The board members argued that the proposed changes would weaken the agency’s ability to protect national parks and monuments and undermine its mission.
The board members, all of whom are experts in various fields related to national parks, highlighted several concerns, including the proposal to eliminate the NPS’s role in protecting cultural resources, such as historical buildings, monuments, and archaeological sites. They argued that this would lead to a lack of protection for these resources and allow for potential destruction or exploitation.
Additionally, the board members expressed","{""do_sample"": true, ""temperature"": 1.0, ""top_p"": 0.95, ""top_k"": 50, ""repetition_penalty"": 1.0, ""max_new_tokens"": 128}"
unbiased,cuda:0,../Meta-Llama-3-8B-Instruct,config/Unbiased.json,1392,158,,-1,"October 30, 2017  Mancari offers stories of wandering and homecoming, colored by a determination to live, artistically, beyond the ",,"October 30, 2017  Mancari offers stories of wandering and homecoming, colored by a determination to live, artistically, beyond the 9-to-5.
October 23, 2017  In his new memoir, the writer and artist explores the ways he's been shaped by his experiences as a mixed-race, queer, and American man.
October 16, 2017  In his new memoir, the journalist and documentary filmmaker reflects on his childhood, his career, and the ways in which stories shape our understanding of the world.
October 9, 2017  The author's new novel, The Last Romantics, is a sweeping family saga that explores the power of stories and the ways in which they shape our lives.
October ","9-to-5.
October 23, 2017  In his new memoir, the writer and artist explores the ways he's been shaped by his experiences as a mixed-race, queer, and American man.
October 16, 2017  In his new memoir, the journalist and documentary filmmaker reflects on his childhood, his career, and the ways in which stories shape our understanding of the world.
October 9, 2017  The author's new novel, The Last Romantics, is a sweeping family saga that explores the power of stories and the ways in which they shape our lives.
October ","{""do_sample"": true, ""temperature"": 1.0, ""top_p"": 0.95, ""top_k"": 50, ""repetition_penalty"": 1.0, ""max_new_tokens"": 128}"
unbiased,cuda:0,../Meta-Llama-3-8B-Instruct,config/Unbiased.json,1394,160,,-1,"Since 2010, Microsoft has been working on a gaming display system so small that it wouldn't need to be sitting ",,"Since 2010, Microsoft has been working on a gaming display system so small that it wouldn't need to be sitting 10 feet away from the TV. The company unveiled its first prototype of its AR glasses, codenamed ""HoloLens"", at the Microsoft Build conference in San Francisco.
HoloLens is a wearable computer with a transparent display that can project virtual objects and information into the real world, effectively blurring the line between the digital and physical environments. Microsoft claims that HoloLens will allow users to interact with virtual objects as if they were real, using gestures, voice commands, or even hand movements.
The device is powered by a combination of microprocessors and accelerometers, and features advanced sensors to track the user's head movements and position","10 feet away from the TV. The company unveiled its first prototype of its AR glasses, codenamed ""HoloLens"", at the Microsoft Build conference in San Francisco.
HoloLens is a wearable computer with a transparent display that can project virtual objects and information into the real world, effectively blurring the line between the digital and physical environments. Microsoft claims that HoloLens will allow users to interact with virtual objects as if they were real, using gestures, voice commands, or even hand movements.
The device is powered by a combination of microprocessors and accelerometers, and features advanced sensors to track the user's head movements and position","{""do_sample"": true, ""temperature"": 1.0, ""top_p"": 0.95, ""top_k"": 50, ""repetition_penalty"": 1.0, ""max_new_tokens"": 128}"
unbiased,cuda:0,../Meta-Llama-3-8B-Instruct,config/Unbiased.json,1396,162,,-1,Dubai: The Dubai Financial Market (DFM) witnessed another round of selling on Monday as traders remained cautious ahead of a ,,"Dubai: The Dubai Financial Market (DFM) witnessed another round of selling on Monday as traders remained cautious ahead of a 5-day break starting from Tuesday.
The Dubai index declined 1.2 per cent to 2,433.44 points, snapping a two-day winning streak. The market capitalisation dropped to Dh1.37 trillion ($373 billion).
The decline was led by selling in shares of Emaar Properties, which fell 2.2 per cent to Dh4.47. Other real estate stocks, including Dubai Properties and DFM Group, also slipped.
Dubai Islamic Bank, the largest bank in the emirate, fell 1.1 per cent to Dh4.47, while Emirates NBD, the second-largest bank,","5-day break starting from Tuesday.
The Dubai index declined 1.2 per cent to 2,433.44 points, snapping a two-day winning streak. The market capitalisation dropped to Dh1.37 trillion ($373 billion).
The decline was led by selling in shares of Emaar Properties, which fell 2.2 per cent to Dh4.47. Other real estate stocks, including Dubai Properties and DFM Group, also slipped.
Dubai Islamic Bank, the largest bank in the emirate, fell 1.1 per cent to Dh4.47, while Emirates NBD, the second-largest bank,","{""do_sample"": true, ""temperature"": 1.0, ""top_p"": 0.95, ""top_k"": 50, ""repetition_penalty"": 1.0, ""max_new_tokens"": 128}"
unbiased,cuda:0,../Meta-Llama-3-8B-Instruct,config/Unbiased.json,1398,164,,-1,"I didn’t notice, but I’ve been told George W, Bush delivered his latest speech smoothly, more so than most of ",,"I didn’t notice, but I’ve been told George W, Bush delivered his latest speech smoothly, more so than most of 2008 candidates. Given the controversy surrounding his presidency, it seems many are forgiving in their assessment of his oratory skills. Maybe it’s because people are so desperate for change, or it’s the Bush family charm that comes into play (I recall Laura Bush’s very impressive performance at the Al Smith Dinner last year).
The NY Times has a detailed analysis on Bush’s speech, highlighting his attempt to use it as a platform to address the Iraq War, energy, and global warming. Some interesting points include:
Bush argued that progress in the war is too often overlooked, citing the “success” of Operation Phantom Thunder and the “liberation","2008 candidates. Given the controversy surrounding his presidency, it seems many are forgiving in their assessment of his oratory skills. Maybe it’s because people are so desperate for change, or it’s the Bush family charm that comes into play (I recall Laura Bush’s very impressive performance at the Al Smith Dinner last year).
The NY Times has a detailed analysis on Bush’s speech, highlighting his attempt to use it as a platform to address the Iraq War, energy, and global warming. Some interesting points include:
Bush argued that progress in the war is too often overlooked, citing the “success” of Operation Phantom Thunder and the “liberation","{""do_sample"": true, ""temperature"": 1.0, ""top_p"": 0.95, ""top_k"": 50, ""repetition_penalty"": 1.0, ""max_new_tokens"": 128}"
unbiased,cuda:0,../Meta-Llama-3-8B-Instruct,config/Unbiased.json,1400,166,,-1,Seven-Year-Old Florida Boy Swallows Grill! This 7-year-old boy became the latest victim of hip-hop culture – as he was rushed ,,"Seven-Year-Old Florida Boy Swallows Grill! This 7-year-old boy became the latest victim of hip-hop culture – as he was rushed  to a hospital after swallowing a grill piece. Yes, you read that right – a piece of a grill! The unnamed boy from Florida was taken to a hospital after experiencing severe abdominal pain… Read More
Florida Man Arrested For Biting Officer's Ears! A Florida man was arrested for allegedly biting an officer’s ears after he refused to leave a store. The incident occurred on Tuesday morning at a convenience store in Jacksonville. According to the police, 27-year-old Elijah Davis was asked to leave the store after he became belligerent and… Read More
Florida Man Arrested For Selling His 93-Year-Old"," to a hospital after swallowing a grill piece. Yes, you read that right – a piece of a grill! The unnamed boy from Florida was taken to a hospital after experiencing severe abdominal pain… Read More
Florida Man Arrested For Biting Officer's Ears! A Florida man was arrested for allegedly biting an officer’s ears after he refused to leave a store. The incident occurred on Tuesday morning at a convenience store in Jacksonville. According to the police, 27-year-old Elijah Davis was asked to leave the store after he became belligerent and… Read More
Florida Man Arrested For Selling His 93-Year-Old","{""do_sample"": true, ""temperature"": 1.0, ""top_p"": 0.95, ""top_k"": 50, ""repetition_penalty"": 1.0, ""max_new_tokens"": 128}"
unbiased,cuda:0,../Meta-Llama-3-8B-Instruct,config/Unbiased.json,1402,168,,-1,"Plan B has announced a nationwide UK tour this autumn. The rapper-turned-singer, who scored a UK Number One album with ",,"Plan B has announced a nationwide UK tour this autumn. The rapper-turned-singer, who scored a UK Number One album with 2018's Heartbreak On A Full Moon, will play 15 shows across the UK, kicking off on October 15th in Glasgow and wrapping up on November 8th in Birmingham.
Tickets for the tour go on sale Friday at 10:00am. Here are the dates and venues:
October 15 - Glasgow, O2 Academy
October 17 - Leeds, O2 Academy
October 18 - Manchester, O2 Ritz
October 20 - Birmingham, O2 Institute
October 21 - Nottingham, Rock City
October 22 - Newcastle, O2 Academy
October 24 - London, O","2018's Heartbreak On A Full Moon, will play 15 shows across the UK, kicking off on October 15th in Glasgow and wrapping up on November 8th in Birmingham.
Tickets for the tour go on sale Friday at 10:00am. Here are the dates and venues:
October 15 - Glasgow, O2 Academy
October 17 - Leeds, O2 Academy
October 18 - Manchester, O2 Ritz
October 20 - Birmingham, O2 Institute
October 21 - Nottingham, Rock City
October 22 - Newcastle, O2 Academy
October 24 - London, O","{""do_sample"": true, ""temperature"": 1.0, ""top_p"": 0.95, ""top_k"": 50, ""repetition_penalty"": 1.0, ""max_new_tokens"": 128}"
unbiased,cuda:0,../Meta-Llama-3-8B-Instruct,config/Unbiased.json,1404,170,,-1,"Do as I did, started my own business and see how much work it takes and then go from there. ",,"Do as I did, started my own business and see how much work it takes and then go from there. 1. Create a detailed plan, 2. Set realistic goals, 3. Stay focused, 4. Be patient, and 5. Learn from your mistakes. Good luck!
Hey there, entrepreneur!
Starting your own business can be a challenging but rewarding experience. Here are some actionable tips to help you succeed:

**1. Create a detailed plan**:
Before you start your business, make sure you have a solid plan in place. This should include:
	* A clear business idea
	* A market analysis
	* A competitive analysis
	* A financial plan (budget, revenue projections, etc.)
	*","1. Create a detailed plan, 2. Set realistic goals, 3. Stay focused, 4. Be patient, and 5. Learn from your mistakes. Good luck!
Hey there, entrepreneur!
Starting your own business can be a challenging but rewarding experience. Here are some actionable tips to help you succeed:

**1. Create a detailed plan**:
Before you start your business, make sure you have a solid plan in place. This should include:
	* A clear business idea
	* A market analysis
	* A competitive analysis
	* A financial plan (budget, revenue projections, etc.)
	*","{""do_sample"": true, ""temperature"": 1.0, ""top_p"": 0.95, ""top_k"": 50, ""repetition_penalty"": 1.0, ""max_new_tokens"": 128}"
unbiased,cuda:0,../Meta-Llama-3-8B-Instruct,config/Unbiased.json,1406,172,,-1,"A large, brand-new movie studio in Palm Beach County already has a potential box-office hit. Twentieth Century Fox will film ",,"A large, brand-new movie studio in Palm Beach County already has a potential box-office hit. Twentieth Century Fox will film 11 episodes of the ABC TV series ""Bones"" at the new studio in Port St. Lucie.
The studio, known as Palm Beach Studios, is currently under construction and is expected to be finished by summer. It is being built on a 10-acre site in Port St. Lucie and will feature six soundstages, each measuring 20,000 square feet.
In addition to the ""Bones"" series, Palm Beach Studios will also host other film and television productions, including commercials and independent films.
""Bones,"" which stars Emily Deschanel and David Boreanaz, follows a team of forensic anthropologists and","11 episodes of the ABC TV series ""Bones"" at the new studio in Port St. Lucie.
The studio, known as Palm Beach Studios, is currently under construction and is expected to be finished by summer. It is being built on a 10-acre site in Port St. Lucie and will feature six soundstages, each measuring 20,000 square feet.
In addition to the ""Bones"" series, Palm Beach Studios will also host other film and television productions, including commercials and independent films.
""Bones,"" which stars Emily Deschanel and David Boreanaz, follows a team of forensic anthropologists and","{""do_sample"": true, ""temperature"": 1.0, ""top_p"": 0.95, ""top_k"": 50, ""repetition_penalty"": 1.0, ""max_new_tokens"": 128}"
unbiased,cuda:0,../Meta-Llama-3-8B-Instruct,config/Unbiased.json,1408,174,,-1,Bengaluru — Gold prices rose on Thursday as the growing expectation that the US Federal Reserve will pause its rate ,,"Bengaluru — Gold prices rose on Thursday as the growing expectation that the US Federal Reserve will pause its rate  rises  boosted the safe-haven appeal of the precious metal, while a weaker US dollar also supported prices.
Spot gold  was up 0.5% at $1,312.50 per ounce at 0448 GMT, after touching a one-week high of $1,314.50 earlier in the session.
US gold futures  rose 0.6% to $1,313.20 per ounce.
The Fed is expected to leave interest rates unchanged at its policy meeting later in the day, which could stem the rise in the dollar and reduce expectations of further rate hikes, boosting gold's"," rises  boosted the safe-haven appeal of the precious metal, while a weaker US dollar also supported prices.
Spot gold  was up 0.5% at $1,312.50 per ounce at 0448 GMT, after touching a one-week high of $1,314.50 earlier in the session.
US gold futures  rose 0.6% to $1,313.20 per ounce.
The Fed is expected to leave interest rates unchanged at its policy meeting later in the day, which could stem the rise in the dollar and reduce expectations of further rate hikes, boosting gold's","{""do_sample"": true, ""temperature"": 1.0, ""top_p"": 0.95, ""top_k"": 50, ""repetition_penalty"": 1.0, ""max_new_tokens"": 128}"
unbiased,cuda:0,../Meta-Llama-3-8B-Instruct,config/Unbiased.json,1410,176,,-1,"After your business is up and running, your focus naturally shifts to increasing efficiency. The small things you do to ",,"After your business is up and running, your focus naturally shifts to increasing efficiency. The small things you do to  increase efficiency can make a big difference. Below are some tips on how to increase efficiency in your business:
1. Automate repetitive tasks: Technology has made it possible to automate many repetitive tasks, freeing up your time and resources for more strategic work. You can use tools like Zapier or IFTTT to automate various tasks across different platforms.
2. Delegate responsibilities: Assign tasks to your team members, so you can focus on higher-level decision-making and strategy. Encourage open communication and provide training to ensure everyone knows their responsibilities and can perform them well.
3. Implement a workflow system: A workflow system helps you track and manage"," increase efficiency can make a big difference. Below are some tips on how to increase efficiency in your business:
1. Automate repetitive tasks: Technology has made it possible to automate many repetitive tasks, freeing up your time and resources for more strategic work. You can use tools like Zapier or IFTTT to automate various tasks across different platforms.
2. Delegate responsibilities: Assign tasks to your team members, so you can focus on higher-level decision-making and strategy. Encourage open communication and provide training to ensure everyone knows their responsibilities and can perform them well.
3. Implement a workflow system: A workflow system helps you track and manage","{""do_sample"": true, ""temperature"": 1.0, ""top_p"": 0.95, ""top_k"": 50, ""repetition_penalty"": 1.0, ""max_new_tokens"": 128}"
unbiased,cuda:0,../Meta-Llama-3-8B-Instruct,config/Unbiased.json,1412,178,,-1,"(Trinidad Guardian) It has been 42 days since Gan­gad­har Hanooman, 49, has been miss­ing and rel­a­tives in re­new­ing their calls ",,"(Trinidad Guardian) It has been 42 days since Gan­gad­har Hanooman, 49, has been miss­ing and rel­a­tives in re­new­ing their calls  for as­sistance in find­ing him.
Hanooman, a res­i­dent of San Fernand­o, was last seen on De­cem­ber 26, around 1 am, leav­ing his home to buy some­thing from a nearby shop. He nev­er re­turned and his fam­i­ly has been left with no clue as to his where­abouts.
Rel­a­tives and neigh­bours claim that they have been co-op­er­at­ing with po­lice, but no fur­ther in­for­ma­tion has been re­ceived about"," for as­sistance in find­ing him.
Hanooman, a res­i­dent of San Fernand­o, was last seen on De­cem­ber 26, around 1 am, leav­ing his home to buy some­thing from a nearby shop. He nev­er re­turned and his fam­i­ly has been left with no clue as to his where­abouts.
Rel­a­tives and neigh­bours claim that they have been co-op­er­at­ing with po­lice, but no fur­ther in­for­ma­tion has been re­ceived about","{""do_sample"": true, ""temperature"": 1.0, ""top_p"": 0.95, ""top_k"": 50, ""repetition_penalty"": 1.0, ""max_new_tokens"": 128}"
unbiased,cuda:0,../Meta-Llama-3-8B-Instruct,config/Unbiased.json,1414,180,,-1,"Maureen Hancock is an internationally renowned Spirit Medium, intuitive, teacher, lecturer, Holistic Healer, and author of the bestselling book, “The ",,"Maureen Hancock is an internationally renowned Spirit Medium, intuitive, teacher, lecturer, Holistic Healer, and author of the bestselling book, “The 5 Levels of Awakening: A Journey of Self-Discovery”. She is known for her accuracy, compassion, and insight in connecting with the other side, providing guidance, healing, and validation for those seeking spiritual growth and transformation.
Maureen has spent over two decades mastering her craft, working with thousands of clients worldwide, and has been featured on various TV shows, including the popular television show, “The Real Housewives of New York City”. Her work has been endorsed by numerous notables, including, Dr. Deepak Chopra, Dr. Wayne Dyer, and Dr. Brian Weiss.
Maureen’s unique gift is her ability to","5 Levels of Awakening: A Journey of Self-Discovery”. She is known for her accuracy, compassion, and insight in connecting with the other side, providing guidance, healing, and validation for those seeking spiritual growth and transformation.
Maureen has spent over two decades mastering her craft, working with thousands of clients worldwide, and has been featured on various TV shows, including the popular television show, “The Real Housewives of New York City”. Her work has been endorsed by numerous notables, including, Dr. Deepak Chopra, Dr. Wayne Dyer, and Dr. Brian Weiss.
Maureen’s unique gift is her ability to","{""do_sample"": true, ""temperature"": 1.0, ""top_p"": 0.95, ""top_k"": 50, ""repetition_penalty"": 1.0, ""max_new_tokens"": 128}"
unbiased,cuda:0,../Meta-Llama-3-8B-Instruct,config/Unbiased.json,1416,182,,-1,"Samoas and Thin Mints and Tagalongs, oh my! It's time to celebrate those little cookies that make diets shut right ",,"Samoas and Thin Mints and Tagalongs, oh my! It's time to celebrate those little cookies that make diets shut right 6 months after New Year's resolutions are made: Girl Scout Cookies. In this episode, we dive into the history of Girl Scout Cookies, and also share our own personal favorite flavors and memories. Plus, we talk about why it's totally okay to indulge in these tasty treats...for a good cause, of course! So grab a box (or two) and join us for this delightful discussion! Hosts: Sarah, Amanda, and guest co-host, Liz! Produced by: Amanda McQueen for Lemonada Media. Follow the show on Twitter and Instagram @GCookiesPod. Leave a 5-star rating and review to help us","6 months after New Year's resolutions are made: Girl Scout Cookies. In this episode, we dive into the history of Girl Scout Cookies, and also share our own personal favorite flavors and memories. Plus, we talk about why it's totally okay to indulge in these tasty treats...for a good cause, of course! So grab a box (or two) and join us for this delightful discussion! Hosts: Sarah, Amanda, and guest co-host, Liz! Produced by: Amanda McQueen for Lemonada Media. Follow the show on Twitter and Instagram @GCookiesPod. Leave a 5-star rating and review to help us","{""do_sample"": true, ""temperature"": 1.0, ""top_p"": 0.95, ""top_k"": 50, ""repetition_penalty"": 1.0, ""max_new_tokens"": 128}"
unbiased,cuda:0,../Meta-Llama-3-8B-Instruct,config/Unbiased.json,1418,184,,-1,"If it were ever possible to cram all the glittering boy-meets-girl, high-school-love-story stereotypes into one movie, A Cinderella Story does ",,"If it were ever possible to cram all the glittering boy-meets-girl, high-school-love-story stereotypes into one movie, A Cinderella Story does 95% of the job with this flick. But does it work? Oh yes.
Originally a PG-rated teen comedy, this re-telling of the classic fairy tale has been re-worked and re-edited to remove some of the more awkward, cringe-worthy moments that might have made some viewers squirm in their seats. But don't worry, the essence of the movie remains unchanged: you get your obligatory prom night, school dance, and awkward love confessions, along with some seriously sassy one-liners.
Hilary Duff stars as Samantha ""Sam"" Montgomery, a sweet and gentle computer whiz who's forced","95% of the job with this flick. But does it work? Oh yes.
Originally a PG-rated teen comedy, this re-telling of the classic fairy tale has been re-worked and re-edited to remove some of the more awkward, cringe-worthy moments that might have made some viewers squirm in their seats. But don't worry, the essence of the movie remains unchanged: you get your obligatory prom night, school dance, and awkward love confessions, along with some seriously sassy one-liners.
Hilary Duff stars as Samantha ""Sam"" Montgomery, a sweet and gentle computer whiz who's forced","{""do_sample"": true, ""temperature"": 1.0, ""top_p"": 0.95, ""top_k"": 50, ""repetition_penalty"": 1.0, ""max_new_tokens"": 128}"
unbiased,cuda:0,../Meta-Llama-3-8B-Instruct,config/Unbiased.json,1420,186,,-1,Readers may be familiar with the fundamental changes that took place in the Roman world as it converted from paganism ,,"Readers may be familiar with the fundamental changes that took place in the Roman world as it converted from paganism  to Christianity.  As the years passed, early Christian communities often took over existing pagan temples, basilicas, and other structures, adapting them for use as churches.  These transformations had significant implications for the architectural development of early Christian buildings.  The latest study published by the University of Rome ""La Sapienza"" offers a fresh perspective on this process.  According to the researchers, many of the changes seen in early Christian architecture were not solely the result of Christian ideals, but also reflected the social and cultural contexts of the times.  The study reveals that the transformation of pagan spaces into Christian churches was"," to Christianity.  As the years passed, early Christian communities often took over existing pagan temples, basilicas, and other structures, adapting them for use as churches.  These transformations had significant implications for the architectural development of early Christian buildings.  The latest study published by the University of Rome ""La Sapienza"" offers a fresh perspective on this process.  According to the researchers, many of the changes seen in early Christian architecture were not solely the result of Christian ideals, but also reflected the social and cultural contexts of the times.  The study reveals that the transformation of pagan spaces into Christian churches was","{""do_sample"": true, ""temperature"": 1.0, ""top_p"": 0.95, ""top_k"": 50, ""repetition_penalty"": 1.0, ""max_new_tokens"": 128}"
unbiased,cuda:0,../Meta-Llama-3-8B-Instruct,config/Unbiased.json,1422,188,,-1,"A spokesman for the Red Crescent, Mahmoud al-Saadi, said Israeli forces opened fire on two young men who were traveling ",,"A spokesman for the Red Crescent, Mahmoud al-Saadi, said Israeli forces opened fire on two young men who were traveling 10 miles east of the city of Khan Younis in the southern Gaza Strip.
Al-Saadi added that the two young men, aged 22 and 25, were wounded and taken to a local hospital for treatment.
Gaza Health Ministry officials also confirmed the incident, saying that the two men were seriously injured and in a critical condition.
The Israeli military has not commented on the incident, but it has a policy of not allowing medical treatment to cross into Gaza, citing concerns about the movement of weapons and terrorists.
However, the Red Crescent and other humanitarian organizations have repeatedly accused Israel of imposing unnecessary restrictions on the movement of patients and medical","10 miles east of the city of Khan Younis in the southern Gaza Strip.
Al-Saadi added that the two young men, aged 22 and 25, were wounded and taken to a local hospital for treatment.
Gaza Health Ministry officials also confirmed the incident, saying that the two men were seriously injured and in a critical condition.
The Israeli military has not commented on the incident, but it has a policy of not allowing medical treatment to cross into Gaza, citing concerns about the movement of weapons and terrorists.
However, the Red Crescent and other humanitarian organizations have repeatedly accused Israel of imposing unnecessary restrictions on the movement of patients and medical","{""do_sample"": true, ""temperature"": 1.0, ""top_p"": 0.95, ""top_k"": 50, ""repetition_penalty"": 1.0, ""max_new_tokens"": 128}"
unbiased,cuda:0,../Meta-Llama-3-8B-Instruct,config/Unbiased.json,1424,190,,-1,"Can Container Store Start 2015 on a Positive Note? In 2014, it was hard to find bad-performing stocks, as the ",,"Can Container Store Start 2015 on a Positive Note? In 2014, it was hard to find bad-performing stocks, as the 7% gain in the S&P 500 showed. However, not all stocks were created equal, and some faced significant headwinds. Among the retail stores, Container Store Group Inc. (TCS) was one of the worst performers. The stock fell by 24% last year, due in part to its weak holiday season and declining same-store sales. Despite these challenges, the company has set a goal to return to profitability in 2015. With the new year just begun, will it be able to turn things around and start 2015 on a positive note?
The main reason for the container store's struggles in ","7% gain in the S&P 500 showed. However, not all stocks were created equal, and some faced significant headwinds. Among the retail stores, Container Store Group Inc. (TCS) was one of the worst performers. The stock fell by 24% last year, due in part to its weak holiday season and declining same-store sales. Despite these challenges, the company has set a goal to return to profitability in 2015. With the new year just begun, will it be able to turn things around and start 2015 on a positive note?
The main reason for the container store's struggles in ","{""do_sample"": true, ""temperature"": 1.0, ""top_p"": 0.95, ""top_k"": 50, ""repetition_penalty"": 1.0, ""max_new_tokens"": 128}"
unbiased,cuda:0,../Meta-Llama-3-8B-Instruct,config/Unbiased.json,1426,192,,-1,Packed WonderCon panel brings out stars and exclusive sneak peeks. Footage shown at WonderCon reveals what iconic monster looks like ,,"Packed WonderCon panel brings out stars and exclusive sneak peeks. Footage shown at WonderCon reveals what iconic monster looks like 30 years later.
The ""Mortal Kombat"" panel at WonderCon brought out stars and provided an exclusive look at the upcoming film. The panel featured...
A packed WonderCon panel brought out stars and provided an exclusive look at the upcoming film. The panel featured ""Mortal Kombat"" stars Ludi Lin, Mehcad Brooks, Lewis Tan,...
The ""Mortal Kombat"" panel at WonderCon brought out stars and provided an exclusive look at the upcoming film. The panel featured ""Mortal Kombat"" stars Ludi Lin, Mehcad Brooks, Lewis Tan,...
The ""Mortal Kombat"" panel at Wonder","30 years later.
The ""Mortal Kombat"" panel at WonderCon brought out stars and provided an exclusive look at the upcoming film. The panel featured...
A packed WonderCon panel brought out stars and provided an exclusive look at the upcoming film. The panel featured ""Mortal Kombat"" stars Ludi Lin, Mehcad Brooks, Lewis Tan,...
The ""Mortal Kombat"" panel at WonderCon brought out stars and provided an exclusive look at the upcoming film. The panel featured ""Mortal Kombat"" stars Ludi Lin, Mehcad Brooks, Lewis Tan,...
The ""Mortal Kombat"" panel at Wonder","{""do_sample"": true, ""temperature"": 1.0, ""top_p"": 0.95, ""top_k"": 50, ""repetition_penalty"": 1.0, ""max_new_tokens"": 128}"
unbiased,cuda:0,../Meta-Llama-3-8B-Instruct,config/Unbiased.json,1428,194,,-1,10 diversity items for June 29: Unemployment up in most U.S. cities; Pew report shows diversity of U.S. Hispanics and ,,"10 diversity items for June 29: Unemployment up in most U.S. cities; Pew report shows diversity of U.S. Hispanics and 9 other news items
Here are 10 diversity news items for June 29:
1. Unemployment rate up in most U.S. cities in May: According to the Labor Department, unemployment rates increased in most of the 51 largest U.S. cities in May. The highest rates were in Detroit, 16.2%, and Cleveland, 13.3%. (Source: U.S. News & World Report)
2. Pew Report shows diversity of U.S. Hispanics: A Pew Research Center report highlights the diversity of Hispanics in the United States. The report finds that among Hispanic Americans, 55% are Mexican, ","9 other news items
Here are 10 diversity news items for June 29:
1. Unemployment rate up in most U.S. cities in May: According to the Labor Department, unemployment rates increased in most of the 51 largest U.S. cities in May. The highest rates were in Detroit, 16.2%, and Cleveland, 13.3%. (Source: U.S. News & World Report)
2. Pew Report shows diversity of U.S. Hispanics: A Pew Research Center report highlights the diversity of Hispanics in the United States. The report finds that among Hispanic Americans, 55% are Mexican, ","{""do_sample"": true, ""temperature"": 1.0, ""top_p"": 0.95, ""top_k"": 50, ""repetition_penalty"": 1.0, ""max_new_tokens"": 128}"
unbiased,cuda:0,../Meta-Llama-3-8B-Instruct,config/Unbiased.json,1430,196,,-1,"Urban, born Jacques Pantaléon in Troyes c. 1200, was elected to the papacy in 1261. He studied canon law at ",,"Urban, born Jacques Pantaléon in Troyes c. 1200, was elected to the papacy in 1261. He studied canon law at 12 and became a member of the Dominican order at 15. He held a number of positions, including canon of Notre Dame, before being chosen as archbishop of Reims in 1240.
Urban IV was the fifth pope of the Avignon Papacy, a period when seven consecutive popes resided in Avignon, France, instead of Rome, Italy. The Avignon Papacy was the result of a long-standing conflict between the papacy and the French monarchy, which had become increasingly influential in the selection of the pope.
During his reign, Urban IV focused on administrative and financial issues within the Church. He also attempted to","12 and became a member of the Dominican order at 15. He held a number of positions, including canon of Notre Dame, before being chosen as archbishop of Reims in 1240.
Urban IV was the fifth pope of the Avignon Papacy, a period when seven consecutive popes resided in Avignon, France, instead of Rome, Italy. The Avignon Papacy was the result of a long-standing conflict between the papacy and the French monarchy, which had become increasingly influential in the selection of the pope.
During his reign, Urban IV focused on administrative and financial issues within the Church. He also attempted to","{""do_sample"": true, ""temperature"": 1.0, ""top_p"": 0.95, ""top_k"": 50, ""repetition_penalty"": 1.0, ""max_new_tokens"": 128}"
unbiased,cuda:0,../Meta-Llama-3-8B-Instruct,config/Unbiased.json,1432,198,,-1,"AMC Networks Earnings Beat Estimates, CEO Says 'Walking Dead' Franchise ""Will Have a Long Life"" AMC Networks on Thursday reported ",,"AMC Networks Earnings Beat Estimates, CEO Says 'Walking Dead' Franchise ""Will Have a Long Life"" AMC Networks on Thursday reported 2023 first-quarter earnings that topped Wall Street estimates, driven by the performance of its cable networks and the success of its original content. The company posted net income of $245.6 million, or 84 cents per share, compared to estimates of 76 cents per share, according to Refinitiv. Revenue came in at $784.4 million, slightly above the $777.1 million consensus estimate.
McDonald's Is Testing a New Restaurant Concept Called 'The Go-To' McDonald's is testing a new restaurant concept called ""The Go-To"" in several locations in Illinois, reports QSR magazine. The concept is designed to","2023 first-quarter earnings that topped Wall Street estimates, driven by the performance of its cable networks and the success of its original content. The company posted net income of $245.6 million, or 84 cents per share, compared to estimates of 76 cents per share, according to Refinitiv. Revenue came in at $784.4 million, slightly above the $777.1 million consensus estimate.
McDonald's Is Testing a New Restaurant Concept Called 'The Go-To' McDonald's is testing a new restaurant concept called ""The Go-To"" in several locations in Illinois, reports QSR magazine. The concept is designed to","{""do_sample"": true, ""temperature"": 1.0, ""top_p"": 0.95, ""top_k"": 50, ""repetition_penalty"": 1.0, ""max_new_tokens"": 128}"
