algo,delta,device,seed,prompt_index,prompt_id,prompt_text,full_text,continuation_text,gen_params_json
bytekgwV6,1.0,0,1234,0,0,"After the martyrdom of St. Boniface, Vergilius was made Bishop of Salzburg (766 or 767) and laboured successfully for the ","After the martyrdom of St. Boniface, Vergilius was made Bishop of Salzburg (766 or 767) and laboured successfully for the 17th of October 15, and to 10 years.
Famous Catholics
Catholicism
Roman Catholic Church
Saint Boniface
Vergilius (Bishop)
Saints
Bishops
Salzburg (Austria)
Roman Empire
The Conversion of the Franks and the Merovingian Kings
The Conversion of the Franks and the Merovingian Kings
Christianization of Germany
History of the Catholic Church
The Conversion of the Franks and the Merovingian Kings
Christianization of Germany
History of the Catholic Church
The Conversion of the Franks and the Merovingian Kings
Christianization","17th of October 15, and to 10 years.
Famous Catholics
Catholicism
Roman Catholic Church
Saint Boniface
Vergilius (Bishop)
Saints
Bishops
Salzburg (Austria)
Roman Empire
The Conversion of the Franks and the Merovingian Kings
The Conversion of the Franks and the Merovingian Kings
Christianization of Germany
History of the Catholic Church
The Conversion of the Franks and the Merovingian Kings
Christianization of Germany
History of the Catholic Church
The Conversion of the Franks and the Merovingian Kings
Christianization","{""do_sample"": true, ""temperature"": 1.0, ""top_p"": 0.95, ""top_k"": 50, ""repetition_penalty"": 1.0, ""max_new_tokens"": 128}"
bytekgwV6,1.0,0,1236,2,2,"8i announced today it has launched a web player, the 8i Portal, for its volumetric 3D video of people in ","8i announced today it has launched a web player, the 8i Portal, for its volumetric 3D video of people in 3D virtual spaces. The 8i Portal is a platform that allows users to browse, share, and interact with 3D video content in a web browser.
With the 8i Portal, users can explore 3D virtual spaces, where they can view and interact with 3D video of people, such as watching a 3D video of a friend or a famous person, or even attend a 3D virtual event.
The 8i Portal can be accessed via a web browser, and it supports multiple platforms, including desktop and mobile devices.
“With the 8i Portal, we are making our groundbreaking","3D virtual spaces. The 8i Portal is a platform that allows users to browse, share, and interact with 3D video content in a web browser.
With the 8i Portal, users can explore 3D virtual spaces, where they can view and interact with 3D video of people, such as watching a 3D video of a friend or a famous person, or even attend a 3D virtual event.
The 8i Portal can be accessed via a web browser, and it supports multiple platforms, including desktop and mobile devices.
“With the 8i Portal, we are making our groundbreaking","{""do_sample"": true, ""temperature"": 1.0, ""top_p"": 0.95, ""top_k"": 50, ""repetition_penalty"": 1.0, ""max_new_tokens"": 128}"
bytekgwV6,1.0,0,1238,4,4,"Karl Kispert, principal of cyber and information security, has more than 28 years of experience in selling, managing and delivering ","Karl Kispert, principal of cyber and information security, has more than 28 years of experience in selling, managing and delivering  IT security solutions for Fortune 100 companies, startups and government agencies. Prior to joining Optiv, Karl was the president and CEO of Cyber Resilience, a boutique cybersecurity consulting and advisory firm, and has also held senior executive roles at companies such as IBM, Symantec and Cybertrust. Karl has a Master's degree in Computer Science from the University of Illinois at Urbana-Champaign and a Bachelor's degree in Computer Science from the University of Illinois at Chicago. He is a Certified Information Systems Security Professional (CISSP) and holds a Certified Information Systems Auditor (CISA) designation. Karl is a frequent speaker and panel"," IT security solutions for Fortune 100 companies, startups and government agencies. Prior to joining Optiv, Karl was the president and CEO of Cyber Resilience, a boutique cybersecurity consulting and advisory firm, and has also held senior executive roles at companies such as IBM, Symantec and Cybertrust. Karl has a Master's degree in Computer Science from the University of Illinois at Urbana-Champaign and a Bachelor's degree in Computer Science from the University of Illinois at Chicago. He is a Certified Information Systems Security Professional (CISSP) and holds a Certified Information Systems Auditor (CISA) designation. Karl is a frequent speaker and panel","{""do_sample"": true, ""temperature"": 1.0, ""top_p"": 0.95, ""top_k"": 50, ""repetition_penalty"": 1.0, ""max_new_tokens"": 128}"
bytekgwV6,1.0,0,1240,6,6,"Shania Twain expected to break the charts with new album NOW! Even after a 15-year hiatus, she’s still the one! ","Shania Twain expected to break the charts with new album NOW! Even after a 15-year hiatus, she’s still the one! 2023-03-18
Shania Twain expected to break the charts with new album NOW! Even after a 15-year hiatus, she’s still the one!
After a 15-year hiatus, the Queen of Country Pop is back! Shania Twain has just released her highly anticipated album NOW, which is expected to break the charts. The album is filled with 16 brand new tracks, including some duets with other big names in the music industry.
Fans are raving about the album, calling it a return to form for Twain. She's been a dominant force in the music industry for decades, with hits","2023-03-18
Shania Twain expected to break the charts with new album NOW! Even after a 15-year hiatus, she’s still the one!
After a 15-year hiatus, the Queen of Country Pop is back! Shania Twain has just released her highly anticipated album NOW, which is expected to break the charts. The album is filled with 16 brand new tracks, including some duets with other big names in the music industry.
Fans are raving about the album, calling it a return to form for Twain. She's been a dominant force in the music industry for decades, with hits","{""do_sample"": true, ""temperature"": 1.0, ""top_p"": 0.95, ""top_k"": 50, ""repetition_penalty"": 1.0, ""max_new_tokens"": 128}"
bytekgwV6,1.0,0,1242,8,8,A blind man in his 60s is searching for the young man who pulled him back from an approaching train ,"A blind man in his 60s is searching for the young man who pulled him back from an approaching train 20 years ago. He believes this young man could be his only hope of finding peace and justice for the tragedy of his own past.
A poignant and powerful story of hope, forgiveness and healing that explores the complexities of human emotions and the resilience of the human spirit. Featuring a tour-de-force performance by Toby Jones. Based on the novel by Michael Green. Directed by Dominic Cooke. Written by Michael Wynne.
Blindness and disability are central to the narrative, and the play thoughtfully explores the ways in which they can affect a person's sense of identity and self-worth. The cast, led by Toby Jones, deliver performances that","20 years ago. He believes this young man could be his only hope of finding peace and justice for the tragedy of his own past.
A poignant and powerful story of hope, forgiveness and healing that explores the complexities of human emotions and the resilience of the human spirit. Featuring a tour-de-force performance by Toby Jones. Based on the novel by Michael Green. Directed by Dominic Cooke. Written by Michael Wynne.
Blindness and disability are central to the narrative, and the play thoughtfully explores the ways in which they can affect a person's sense of identity and self-worth. The cast, led by Toby Jones, deliver performances that","{""do_sample"": true, ""temperature"": 1.0, ""top_p"": 0.95, ""top_k"": 50, ""repetition_penalty"": 1.0, ""max_new_tokens"": 128}"
bytekgwV6,1.0,0,1244,10,10,This month some important Walmart news did not get the attention it deserved. The news wasn't some flashy announcement about ,"This month some important Walmart news did not get the attention it deserved. The news wasn't some flashy announcement about 1,000 new jobs or a fancy new partnership. No, this news was a quiet, behind-the-scenes move that could have a significant impact on the future of the retail giant.
As part of a move to increase efficiency and reduce costs, Walmart announced that it would be consolidating its e-commerce operations in the United States under one umbrella organization. This move was a direct response to the challenges faced by the company's e-commerce business, which had struggled to compete with Amazon and other online retailers.

In the past, Walmart's e-commerce operations were handled by a variety of different companies, each responsible for a specific region or category of products","1,000 new jobs or a fancy new partnership. No, this news was a quiet, behind-the-scenes move that could have a significant impact on the future of the retail giant.
As part of a move to increase efficiency and reduce costs, Walmart announced that it would be consolidating its e-commerce operations in the United States under one umbrella organization. This move was a direct response to the challenges faced by the company's e-commerce business, which had struggled to compete with Amazon and other online retailers.

In the past, Walmart's e-commerce operations were handled by a variety of different companies, each responsible for a specific region or category of products","{""do_sample"": true, ""temperature"": 1.0, ""top_p"": 0.95, ""top_k"": 50, ""repetition_penalty"": 1.0, ""max_new_tokens"": 128}"
bytekgwV6,1.0,0,1246,12,12,The Linux kernel now includes everything that is needed to use 3D acceleration with all GeForce graphics chips. Drivers have ,"The Linux kernel now includes everything that is needed to use 3D acceleration with all GeForce graphics chips. Drivers have 3D acceleration. I installed the Nvidia drivers by downloading the latest version from the official Nvidia website, running the installation executable, and following the installation prompts. After installing the drivers, you'll need to restart your computer.
It is not necessary to install the proprietary Nvidia driver if you have a compatible graphics card and you have already installed the free Nouveau driver, as it should work automatically. I tried to use Nouveau driver without installing proprietary Nvidia driver and it worked fine.
If you have any 3D graphics issues, try running the following command in a terminal to uninstall and reinstall the drivers:
```
sudo apt-get update
sudo","3D acceleration. I installed the Nvidia drivers by downloading the latest version from the official Nvidia website, running the installation executable, and following the installation prompts. After installing the drivers, you'll need to restart your computer.
It is not necessary to install the proprietary Nvidia driver if you have a compatible graphics card and you have already installed the free Nouveau driver, as it should work automatically. I tried to use Nouveau driver without installing proprietary Nvidia driver and it worked fine.
If you have any 3D graphics issues, try running the following command in a terminal to uninstall and reinstall the drivers:
```
sudo apt-get update
sudo","{""do_sample"": true, ""temperature"": 1.0, ""top_p"": 0.95, ""top_k"": 50, ""repetition_penalty"": 1.0, ""max_new_tokens"": 128}"
bytekgwV6,1.0,0,1248,14,14,Last summer I took a cross-country road trip with a group of people driving different types of electric vehicles. It ,"Last summer I took a cross-country road trip with a group of people driving different types of electric vehicles. It 2018 was a great year for EVs, with many new models being released and a growing charging network. This trip was an amazing opportunity to test drive some of these new EVs and see the progress being made in the field.
The trip started in Boston, Massachusetts, where we had a chance to test drive the Hyundai Kona Electric, which has a range of 258 miles on a single charge. From there we drove to the Albany area in New York, where we tested the Audi e-tron, a luxury SUV with a range of 246 miles. We then made our way to Pittsburgh, Pennsylvania, where we test drove","2018 was a great year for EVs, with many new models being released and a growing charging network. This trip was an amazing opportunity to test drive some of these new EVs and see the progress being made in the field.
The trip started in Boston, Massachusetts, where we had a chance to test drive the Hyundai Kona Electric, which has a range of 258 miles on a single charge. From there we drove to the Albany area in New York, where we tested the Audi e-tron, a luxury SUV with a range of 246 miles. We then made our way to Pittsburgh, Pennsylvania, where we test drove","{""do_sample"": true, ""temperature"": 1.0, ""top_p"": 0.95, ""top_k"": 50, ""repetition_penalty"": 1.0, ""max_new_tokens"": 128}"
bytekgwV6,1.0,0,1250,16,16,"According to Variety, one of the movies about the 1973 tennis match between Billie Jean King and Bobby Riggs is ","According to Variety, one of the movies about the 1973 tennis match between Billie Jean King and Bobby Riggs is 55 Minutes to Impact. The biographical sports drama film is directed by Jonathan Dayton and Valerie Faris, who previously directed the Academy Award-winning film The Grand Budapest Hotel.
The film stars Emma Stone as Billie Jean King, who won the match, and Emma Watson as Gladys Heldman, King's manager. The movie is currently in production and is expected to be released sometime in 2020.
The match between King and Riggs, known as the ""Battle of the Sexes,"" was a major event that helped to popularize women's tennis and challenged the societal norms of the time. The movie will explore the lives of King","55 Minutes to Impact. The biographical sports drama film is directed by Jonathan Dayton and Valerie Faris, who previously directed the Academy Award-winning film The Grand Budapest Hotel.
The film stars Emma Stone as Billie Jean King, who won the match, and Emma Watson as Gladys Heldman, King's manager. The movie is currently in production and is expected to be released sometime in 2020.
The match between King and Riggs, known as the ""Battle of the Sexes,"" was a major event that helped to popularize women's tennis and challenged the societal norms of the time. The movie will explore the lives of King","{""do_sample"": true, ""temperature"": 1.0, ""top_p"": 0.95, ""top_k"": 50, ""repetition_penalty"": 1.0, ""max_new_tokens"": 128}"
bytekgwV6,1.0,0,1252,18,18,"Politico, which broke the PR story, reports, “The group circulated a memo to reporters and producers late Monday that discouraged ","Politico, which broke the PR story, reports, “The group circulated a memo to reporters and producers late Monday that discouraged 14 prominent lawmakers, all Democrats, from participating in public events or interviews because they were ‘high-risk’ individuals who may have had extensive contact with the lawmakers and may have been exposed to the virus.
The memo claimed that the lawmakers had been in close proximity to infected individuals, and suggested that by appearing on TV or at public events, they would be putting others at risk and potentially spreading the virus further.
The memo, which was obtained by POLITICO, said that some of the lawmakers had been ‘exposed to infected individuals who had not yet tested positive, and who may have transmitted the virus before it was identified.’
‘It’s possible","14 prominent lawmakers, all Democrats, from participating in public events or interviews because they were ‘high-risk’ individuals who may have had extensive contact with the lawmakers and may have been exposed to the virus.
The memo claimed that the lawmakers had been in close proximity to infected individuals, and suggested that by appearing on TV or at public events, they would be putting others at risk and potentially spreading the virus further.
The memo, which was obtained by POLITICO, said that some of the lawmakers had been ‘exposed to infected individuals who had not yet tested positive, and who may have transmitted the virus before it was identified.’
‘It’s possible","{""do_sample"": true, ""temperature"": 1.0, ""top_p"": 0.95, ""top_k"": 50, ""repetition_penalty"": 1.0, ""max_new_tokens"": 128}"
bytekgwV6,1.0,0,1254,20,20,MAMADOU SAKHO remains unavailable for selection for Liverpool's Europa League semi-final first leg clash with Villarreal in Spain on Thursday ,"MAMADOU SAKHO remains unavailable for selection for Liverpool's Europa League semi-final first leg clash with Villarreal in Spain on Thursday 28th April.
The French defender has been banned from all UEFA competitions for 30 days due to a doping charge and will not be able to play against the Spanish side.
Sakho was provisionally suspended by UEFA on April 15th after a failed drugs test, which the player claims was due to the consumption of a contaminated supplement.
Although the Reds will miss Sakho's presence in the back four, manager Brendan Rodgers is confident in the abilities of his remaining defenders.
""We've got a strong squad and we're confident in the players we have to make up for Mamadou's absence,"" Rodgers said.
""Martin Skrt","28th April.
The French defender has been banned from all UEFA competitions for 30 days due to a doping charge and will not be able to play against the Spanish side.
Sakho was provisionally suspended by UEFA on April 15th after a failed drugs test, which the player claims was due to the consumption of a contaminated supplement.
Although the Reds will miss Sakho's presence in the back four, manager Brendan Rodgers is confident in the abilities of his remaining defenders.
""We've got a strong squad and we're confident in the players we have to make up for Mamadou's absence,"" Rodgers said.
""Martin Skrt","{""do_sample"": true, ""temperature"": 1.0, ""top_p"": 0.95, ""top_k"": 50, ""repetition_penalty"": 1.0, ""max_new_tokens"": 128}"
bytekgwV6,1.0,0,1256,22,22,"MK Moshe Feiglin in a Knesset committee meeting, next to MK Ahmad Tibi, in 2014. It appears Feiglin is on ","MK Moshe Feiglin in a Knesset committee meeting, next to MK Ahmad Tibi, in 2014. It appears Feiglin is on  the left and Tibi on the right. (Photo credit: Flash 90)
MK Moshe Feiglin, a member of the Israeli Knesset from the Likud party, caused a stir recently by proposing that the Israeli government offer asylum to the approximately 2,000 African migrants living in Israel, providing them with legal residency and work permits.
Feiglin, who is known for his far-right views, made the proposal in a meeting with a group of activists and researchers who are working to improve the lives of the migrants, many of whom have been living in Israel for years without legal status.
According to Feig"," the left and Tibi on the right. (Photo credit: Flash 90)
MK Moshe Feiglin, a member of the Israeli Knesset from the Likud party, caused a stir recently by proposing that the Israeli government offer asylum to the approximately 2,000 African migrants living in Israel, providing them with legal residency and work permits.
Feiglin, who is known for his far-right views, made the proposal in a meeting with a group of activists and researchers who are working to improve the lives of the migrants, many of whom have been living in Israel for years without legal status.
According to Feig","{""do_sample"": true, ""temperature"": 1.0, ""top_p"": 0.95, ""top_k"": 50, ""repetition_penalty"": 1.0, ""max_new_tokens"": 128}"
bytekgwV6,1.0,0,1258,24,24,"What’s the news? A couple of weeks ago, Instagram promised you’d be able to download your data from its servers. ","What’s the news? A couple of weeks ago, Instagram promised you’d be able to download your data from its servers. 2 days ago, Facebook launched its own file transfer system, called the Facebook File Transfer tool. The reason is clear – the General Data Protection Regulation (GDPR) is coming into force, and social media giants are scrambling to comply.
The GDPR is a new data privacy regulation that requires organizations to obtain explicit consent from users to store, process, or share their personal data. In theory, it should help protect users’ privacy and give them greater control over their data.
Under the GDPR, users have the right to request a copy of their personal data and the right to have their data erased. To comply with these requirements, Instagram, Facebook","2 days ago, Facebook launched its own file transfer system, called the Facebook File Transfer tool. The reason is clear – the General Data Protection Regulation (GDPR) is coming into force, and social media giants are scrambling to comply.
The GDPR is a new data privacy regulation that requires organizations to obtain explicit consent from users to store, process, or share their personal data. In theory, it should help protect users’ privacy and give them greater control over their data.
Under the GDPR, users have the right to request a copy of their personal data and the right to have their data erased. To comply with these requirements, Instagram, Facebook","{""do_sample"": true, ""temperature"": 1.0, ""top_p"": 0.95, ""top_k"": 50, ""repetition_penalty"": 1.0, ""max_new_tokens"": 128}"
bytekgwV6,1.0,0,1260,26,26,"So you might ask yourself, “What is going on?” How can things be so bad that educators feel the need ","So you might ask yourself, “What is going on?” How can things be so bad that educators feel the need  to leave the profession? In this article, I will explore some of the reasons why.
Teaching is a profession that requires an extraordinary amount of dedication, energy, and emotional labor. Teachers are often overworked, undercompensated, and undervalued. They bear the brunt of the responsibility for educating the next generation, while their work is often taken for granted. This can lead to feelings of burnout, stress, and frustration.
Here are some of the reasons why educators might feel the need to leave the profession:
1. Lack of Respect: Teachers often feel like their work is not valued or respected by the community"," to leave the profession? In this article, I will explore some of the reasons why.
Teaching is a profession that requires an extraordinary amount of dedication, energy, and emotional labor. Teachers are often overworked, undercompensated, and undervalued. They bear the brunt of the responsibility for educating the next generation, while their work is often taken for granted. This can lead to feelings of burnout, stress, and frustration.
Here are some of the reasons why educators might feel the need to leave the profession:
1. Lack of Respect: Teachers often feel like their work is not valued or respected by the community","{""do_sample"": true, ""temperature"": 1.0, ""top_p"": 0.95, ""top_k"": 50, ""repetition_penalty"": 1.0, ""max_new_tokens"": 128}"
bytekgwV6,1.0,0,1262,28,28,Come test your luck on the best slot machine app in the app store. Great graphics make this app so ,"Come test your luck on the best slot machine app in the app store. Great graphics make this app so 4/5(3,3K). Feb 21, · This slot machine app has a lot of features and options. The game offers multiple levels and challenges, giving you a reason to continue playing even after you have run out of credits. The best part is that it allows you to play for free, so you can try it out and see if you like it before you spend any real money.4/4(21K). Feb 22, · Slotomania - Free Slots Games. Slots, slots, and more slots! Download the Slotomania app for a world of fun and excitement! This free slots app","4/5(3,3K). Feb 21, · This slot machine app has a lot of features and options. The game offers multiple levels and challenges, giving you a reason to continue playing even after you have run out of credits. The best part is that it allows you to play for free, so you can try it out and see if you like it before you spend any real money.4/4(21K). Feb 22, · Slotomania - Free Slots Games. Slots, slots, and more slots! Download the Slotomania app for a world of fun and excitement! This free slots app","{""do_sample"": true, ""temperature"": 1.0, ""top_p"": 0.95, ""top_k"": 50, ""repetition_penalty"": 1.0, ""max_new_tokens"": 128}"
bytekgwV6,1.0,0,1264,30,30,"(HOST) As the season for summer blockbuster movies about super heroes and rings of power approaches, commentator Willem Lange is ","(HOST) As the season for summer blockbuster movies about super heroes and rings of power approaches, commentator Willem Lange is  thinking about the books that inspired some of these cinematic creations.
(LANGE) Ah, the summer of '13! A time when fantasy and science fiction reign supreme on the big screen. The Avengers assemble, the Dark Lord returns, and Hobbits scurry about Middle Earth. But where did these fantastical worlds come from? For me, the answer lies in the pages of a well-loved book.

As a youngster, I devoured J.R.R. Tolkien's ""The Hobbit"" and ""The Lord of the Rings"" trilogy. Those stories sparked something in me - a love of language, a sense of wonder, and"," thinking about the books that inspired some of these cinematic creations.
(LANGE) Ah, the summer of '13! A time when fantasy and science fiction reign supreme on the big screen. The Avengers assemble, the Dark Lord returns, and Hobbits scurry about Middle Earth. But where did these fantastical worlds come from? For me, the answer lies in the pages of a well-loved book.

As a youngster, I devoured J.R.R. Tolkien's ""The Hobbit"" and ""The Lord of the Rings"" trilogy. Those stories sparked something in me - a love of language, a sense of wonder, and","{""do_sample"": true, ""temperature"": 1.0, ""top_p"": 0.95, ""top_k"": 50, ""repetition_penalty"": 1.0, ""max_new_tokens"": 128}"
bytekgwV6,1.0,0,1266,32,32,"numerous aunts, uncles and cousins. She attended Shanksville Stonycreek High School and was a member of St. Paul's Lutheran Church, ","numerous aunts, uncles and cousins. She attended Shanksville Stonycreek High School and was a member of St. Paul's Lutheran Church, 1015 N. Center Ave., Somerset, PA. She was a former member of the school's cheerleading squad and enjoyed participating in various school activities. After high school, she attended Somerset Community College, where she earned an associate's degree in business administration.
She is survived by her parents, William and Patricia; her maternal grandmother, Dorothy F. Miller; and her paternal grandmother, Elaine R. Miller. She is also survived by her aunts and uncles: Mary Jane (Richard) Hickey, Barbara J. Miller, James A. Miller, Michael R. Miller, and Kathleen M. Miller.
She was preceded in death","1015 N. Center Ave., Somerset, PA. She was a former member of the school's cheerleading squad and enjoyed participating in various school activities. After high school, she attended Somerset Community College, where she earned an associate's degree in business administration.
She is survived by her parents, William and Patricia; her maternal grandmother, Dorothy F. Miller; and her paternal grandmother, Elaine R. Miller. She is also survived by her aunts and uncles: Mary Jane (Richard) Hickey, Barbara J. Miller, James A. Miller, Michael R. Miller, and Kathleen M. Miller.
She was preceded in death","{""do_sample"": true, ""temperature"": 1.0, ""top_p"": 0.95, ""top_k"": 50, ""repetition_penalty"": 1.0, ""max_new_tokens"": 128}"
bytekgwV6,1.0,0,1268,34,34,"No, Trump can’t pardon himself. The Constitution tells us so. Correction: An earlier version of this op-ed misspelled the name ","No, Trump can’t pardon himself. The Constitution tells us so. Correction: An earlier version of this op-ed misspelled the name 14th Amendment. The Constitution establishes certain limits on the President's powers. President Trump, in the face of potential legal trouble, has once again demonstrated his lack of understanding of the Constitution and the law. Trump, the Constitution's 25th Amendment clarifies, may be removed from office if the Vice President and a majority of the Cabinet members declare him unable to discharge the powers and duties of the presidency. [8] The Twenty-Fifth Amendment sets forth a process for the Vice President to take over the duties of the President if the President is unable or unwilling to discharge the powers and duties of the office. [12] President Donald","14th Amendment. The Constitution establishes certain limits on the President's powers. President Trump, in the face of potential legal trouble, has once again demonstrated his lack of understanding of the Constitution and the law. Trump, the Constitution's 25th Amendment clarifies, may be removed from office if the Vice President and a majority of the Cabinet members declare him unable to discharge the powers and duties of the presidency. [8] The Twenty-Fifth Amendment sets forth a process for the Vice President to take over the duties of the President if the President is unable or unwilling to discharge the powers and duties of the office. [12] President Donald","{""do_sample"": true, ""temperature"": 1.0, ""top_p"": 0.95, ""top_k"": 50, ""repetition_penalty"": 1.0, ""max_new_tokens"": 128}"
bytekgwV6,1.0,0,1270,36,36,Jerry Springer says he is still deciding whether he will run for Ohio governor in 2018. Speculation around Springer’s potential ,"Jerry Springer says he is still deciding whether he will run for Ohio governor in 2018. Speculation around Springer’s potential 2018 gubernatorial bid began last week when a spokesperson for the former talk show host announced he was considering a run for the Democratic nomination.
On Tuesday, Springer spoke to CNN about his decision, saying, “I am still considering it, and I will make a decision over the next few weeks. I have been asked by many people to run, and I am giving it serious consideration.”
Springer emphasized that he believes he could use his platform to push for progressive policies in Ohio, including universal healthcare, free community college, and a stronger emphasis on education and infrastructure.
Springer also expressed his admiration for Democratic Governor John Kasich, saying,","2018 gubernatorial bid began last week when a spokesperson for the former talk show host announced he was considering a run for the Democratic nomination.
On Tuesday, Springer spoke to CNN about his decision, saying, “I am still considering it, and I will make a decision over the next few weeks. I have been asked by many people to run, and I am giving it serious consideration.”
Springer emphasized that he believes he could use his platform to push for progressive policies in Ohio, including universal healthcare, free community college, and a stronger emphasis on education and infrastructure.
Springer also expressed his admiration for Democratic Governor John Kasich, saying,","{""do_sample"": true, ""temperature"": 1.0, ""top_p"": 0.95, ""top_k"": 50, ""repetition_penalty"": 1.0, ""max_new_tokens"": 128}"
bytekgwV6,1.0,0,1272,38,38,"This mildly racy spot introduces us to the character of the brown M&M, who only looks like she’s not wearing ","This mildly racy spot introduces us to the character of the brown M&M, who only looks like she’s not wearing 50 pounds of clothes. She says to the camera, “Are you guys ready for a sweet and snappy tune?” And then she starts dancing with her friends, the other M&M’s.
The jingle, which is catchy and upbeat, repeats the phrase “Melts in your mouth, not in your hands,” over and over again. It’s a great little ditty that makes you want to get up and dance along with the M&M’s.
But then, just when you’re getting into the groove, the song stops, and the commercial cuts to a shot of a person eating an M&M. This is where the humor","50 pounds of clothes. She says to the camera, “Are you guys ready for a sweet and snappy tune?” And then she starts dancing with her friends, the other M&M’s.
The jingle, which is catchy and upbeat, repeats the phrase “Melts in your mouth, not in your hands,” over and over again. It’s a great little ditty that makes you want to get up and dance along with the M&M’s.
But then, just when you’re getting into the groove, the song stops, and the commercial cuts to a shot of a person eating an M&M. This is where the humor","{""do_sample"": true, ""temperature"": 1.0, ""top_p"": 0.95, ""top_k"": 50, ""repetition_penalty"": 1.0, ""max_new_tokens"": 128}"
bytekgwV6,1.0,0,1274,40,40,"Located near all that the Catskills has to offer! Close to Hunter Mountain, Wyndham, state land, antiquing and many other ","Located near all that the Catskills has to offer! Close to Hunter Mountain, Wyndham, state land, antiquing and many other 4 season activities!
Experience the tranquility of the Catskill Mountains at this charming home.
This cozy home has been lovingly maintained and offers beautiful views from the large decks.
The interior features a spacious living room with gas fireplace, kitchen with stainless steel appliances and a dining area for casual meals.
The master bedroom boasts a private balcony with stunning views and a large walk-in closet. There are two additional bedrooms and a full bathroom with a tub/shower combo.
A partial basement offers plenty of storage space for outdoor gear and equipment.
Step outside and enjoy the beautiful views from the expansive decks, perfect for sipping your morning coffee or enjoying a","4 season activities!
Experience the tranquility of the Catskill Mountains at this charming home.
This cozy home has been lovingly maintained and offers beautiful views from the large decks.
The interior features a spacious living room with gas fireplace, kitchen with stainless steel appliances and a dining area for casual meals.
The master bedroom boasts a private balcony with stunning views and a large walk-in closet. There are two additional bedrooms and a full bathroom with a tub/shower combo.
A partial basement offers plenty of storage space for outdoor gear and equipment.
Step outside and enjoy the beautiful views from the expansive decks, perfect for sipping your morning coffee or enjoying a","{""do_sample"": true, ""temperature"": 1.0, ""top_p"": 0.95, ""top_k"": 50, ""repetition_penalty"": 1.0, ""max_new_tokens"": 128}"
bytekgwV6,1.0,0,1276,42,42,"NORTH BRUNSWICK, N.J. — Body cameras captured the moment a North Brunswick police officer climbed up a burning building to ","NORTH BRUNSWICK, N.J. — Body cameras captured the moment a North Brunswick police officer climbed up a burning building to 13-year-old Samantha Murray, who was trapped by a fire in her apartment, NBC4 New York reports.
Officer Scott Scanlon, a 13-year veteran of the force, jumped into action when he arrived at the scene of the fire on Monday night. As he approached the burning building, he could hear Samantha's cries for help.
Without hesitation, Scanlon began to climb up the building, using his training and experience to navigate the treacherous terrain. Once he reached Samantha, he lifted her into his arms and carried her to safety.
Samantha was treated for minor injuries at a local hospital and is expected to make","13-year-old Samantha Murray, who was trapped by a fire in her apartment, NBC4 New York reports.
Officer Scott Scanlon, a 13-year veteran of the force, jumped into action when he arrived at the scene of the fire on Monday night. As he approached the burning building, he could hear Samantha's cries for help.
Without hesitation, Scanlon began to climb up the building, using his training and experience to navigate the treacherous terrain. Once he reached Samantha, he lifted her into his arms and carried her to safety.
Samantha was treated for minor injuries at a local hospital and is expected to make","{""do_sample"": true, ""temperature"": 1.0, ""top_p"": 0.95, ""top_k"": 50, ""repetition_penalty"": 1.0, ""max_new_tokens"": 128}"
bytekgwV6,1.0,0,1278,44,44,"The NHS is still running Windows XP en masse, two and a half years after Microsoft stopped delivering bug fixes ","The NHS is still running Windows XP en masse, two and a half years after Microsoft stopped delivering bug fixes  for the operating system.
An investigation by IT trade publication Computer Weekly has found that the majority of NHS IT systems are still running on Windows XP, despite the fact that Microsoft stopped providing security updates and support for the operating system in April 2014.
The NHS has faced widespread criticism for its failure to upgrade to a supported operating system, particularly given the sensitive nature of the data it handles.
According to Computer Weekly, the NHS has been using a combination of Windows XP and Windows 7, with some trusts still running Windows Server 2003, another unsupported operating system.
The investigation also found that many NHS trusts are struggling to afford the"," for the operating system.
An investigation by IT trade publication Computer Weekly has found that the majority of NHS IT systems are still running on Windows XP, despite the fact that Microsoft stopped providing security updates and support for the operating system in April 2014.
The NHS has faced widespread criticism for its failure to upgrade to a supported operating system, particularly given the sensitive nature of the data it handles.
According to Computer Weekly, the NHS has been using a combination of Windows XP and Windows 7, with some trusts still running Windows Server 2003, another unsupported operating system.
The investigation also found that many NHS trusts are struggling to afford the","{""do_sample"": true, ""temperature"": 1.0, ""top_p"": 0.95, ""top_k"": 50, ""repetition_penalty"": 1.0, ""max_new_tokens"": 128}"
bytekgwV6,1.0,0,1280,46,46,"OKLAHOMA CITY - Kevin Durant scored 25 points, James Harden added a spark with 23 points off the bench while ","OKLAHOMA CITY - Kevin Durant scored 25 points, James Harden added a spark with 23 points off the bench while 12 assists and the Houston Rockets clinched the No. 3 seed in the Western Conference with a 118-94 win over the Oklahoma City Thunder on Thursday night.

The Rockets won their fourth straight game and moved past the Portland Trail Blazers for the No. 3 seed in the Western Conference standings. The Thunder dropped to seventh place in the West, one game behind the San Antonio Spurs.

""We knew coming into this game that it was important for us to get this win and clinch the No. 3 seed,"" Durant said. ""It's huge for us. We're feeling good about where we are right now.""

The Rockets","12 assists and the Houston Rockets clinched the No. 3 seed in the Western Conference with a 118-94 win over the Oklahoma City Thunder on Thursday night.

The Rockets won their fourth straight game and moved past the Portland Trail Blazers for the No. 3 seed in the Western Conference standings. The Thunder dropped to seventh place in the West, one game behind the San Antonio Spurs.

""We knew coming into this game that it was important for us to get this win and clinch the No. 3 seed,"" Durant said. ""It's huge for us. We're feeling good about where we are right now.""

The Rockets","{""do_sample"": true, ""temperature"": 1.0, ""top_p"": 0.95, ""top_k"": 50, ""repetition_penalty"": 1.0, ""max_new_tokens"": 128}"
bytekgwV6,1.0,0,1282,48,48,"1 Then the people of the land took Jehoahaz the son of Josiah, and made him king in his father's ","1 Then the people of the land took Jehoahaz the son of Josiah, and made him king in his father's  place.
2 Jehoiachin was 18 years old when he became king, and he reigned in Jerusalem for three months. And his mother's name was Nehushta, daughter of Elnathan of Jerusalem.
3 He did what was  evil in the eyes of the Lord, just as his father had done.
4 So Pharaoh Necho king of Egypt came against the king of Judah at Megiddo, and put him under arrest. Jehoahaz went to Egypt and died there.
5 Then the officials of Judah made Eliakim, the brother of Jehoahaz and the son of Josiah,"," place.
2 Jehoiachin was 18 years old when he became king, and he reigned in Jerusalem for three months. And his mother's name was Nehushta, daughter of Elnathan of Jerusalem.
3 He did what was  evil in the eyes of the Lord, just as his father had done.
4 So Pharaoh Necho king of Egypt came against the king of Judah at Megiddo, and put him under arrest. Jehoahaz went to Egypt and died there.
5 Then the officials of Judah made Eliakim, the brother of Jehoahaz and the son of Josiah,","{""do_sample"": true, ""temperature"": 1.0, ""top_p"": 0.95, ""top_k"": 50, ""repetition_penalty"": 1.0, ""max_new_tokens"": 128}"
bytekgwV6,1.0,0,1284,50,50,This bicycle sprocket hub and sprockets from the Wright Bicycle Co. are on display at the National Museum of the ,"This bicycle sprocket hub and sprockets from the Wright Bicycle Co. are on display at the National Museum of the 15th Wing, Wright-Patterson Air Force Base, Ohio. The museum showcases a collection of historic aircraft and aviation artifacts. The Wright Brothers, Orville and Wilbur Wright, are famous for their development of the world's first successful airplane. Wilbur Wright was an amateur bicycle rider and often used his bicycle to test the principles of aerodynamics that would eventually lead to the development of the airplane. (U.S. Air Force photo)
This bicycle sprocket hub and sprockets from the Wright Bicycle Co. are on display at the National Museum of the 15th Wing, Wright-Patterson Air Force Base,","15th Wing, Wright-Patterson Air Force Base, Ohio. The museum showcases a collection of historic aircraft and aviation artifacts. The Wright Brothers, Orville and Wilbur Wright, are famous for their development of the world's first successful airplane. Wilbur Wright was an amateur bicycle rider and often used his bicycle to test the principles of aerodynamics that would eventually lead to the development of the airplane. (U.S. Air Force photo)
This bicycle sprocket hub and sprockets from the Wright Bicycle Co. are on display at the National Museum of the 15th Wing, Wright-Patterson Air Force Base,","{""do_sample"": true, ""temperature"": 1.0, ""top_p"": 0.95, ""top_k"": 50, ""repetition_penalty"": 1.0, ""max_new_tokens"": 128}"
bytekgwV6,1.0,0,1286,52,52,"Elvis Costello played a two-hour, 25-song show that touched on phases throughout his career, both deep cuts and hits, as ","Elvis Costello played a two-hour, 25-song show that touched on phases throughout his career, both deep cuts and hits, as 92.7 WXRT's free summer concert series wound down at the Pritzker Pavilion on Saturday night.
Costello, backed by his Imposters, was clearly in fine voice and played with the intensity and passion that has defined his career. He moved easily from the spiky, new wave-inflected rock of the early days (""Pump It Up,"" ""Watching the Detectives"") to the later, more rootsy work (""Brilliant Mistake,"" ""Veronica"").
In between, he touched on various styles and themes, including the atmospheric, cinematic soundscapes of ""The Juliet Letters"" (""I Hope You're","92.7 WXRT's free summer concert series wound down at the Pritzker Pavilion on Saturday night.
Costello, backed by his Imposters, was clearly in fine voice and played with the intensity and passion that has defined his career. He moved easily from the spiky, new wave-inflected rock of the early days (""Pump It Up,"" ""Watching the Detectives"") to the later, more rootsy work (""Brilliant Mistake,"" ""Veronica"").
In between, he touched on various styles and themes, including the atmospheric, cinematic soundscapes of ""The Juliet Letters"" (""I Hope You're","{""do_sample"": true, ""temperature"": 1.0, ""top_p"": 0.95, ""top_k"": 50, ""repetition_penalty"": 1.0, ""max_new_tokens"": 128}"
bytekgwV6,1.0,0,1288,54,54,"With its eye on Western next-gen gamers, the Japanese publisher pays $15 million for Secret Level. Sega Holdings of USA ","With its eye on Western next-gen gamers, the Japanese publisher pays $15 million for Secret Level. Sega Holdings of USA 3DRealms founder Tom Hall's Secret Level studio, a 15-year-old firm with a history of developing games like the Rise of the Argonauts and Darkwatch. According to a filing with the U.S. Securities and Exchange Commission, Sega has acquired all of the outstanding shares of Secret Level for a total of $15 million. The move is likely a play for the developer's expertise in building next-generation games for PC and consoles. Secret Level has experience working with major publishers like Activision and Vivendi, and has developed titles for a range of platforms, including the Xbox 360, PlayStation 3, and PC.","3DRealms founder Tom Hall's Secret Level studio, a 15-year-old firm with a history of developing games like the Rise of the Argonauts and Darkwatch. According to a filing with the U.S. Securities and Exchange Commission, Sega has acquired all of the outstanding shares of Secret Level for a total of $15 million. The move is likely a play for the developer's expertise in building next-generation games for PC and consoles. Secret Level has experience working with major publishers like Activision and Vivendi, and has developed titles for a range of platforms, including the Xbox 360, PlayStation 3, and PC.","{""do_sample"": true, ""temperature"": 1.0, ""top_p"": 0.95, ""top_k"": 50, ""repetition_penalty"": 1.0, ""max_new_tokens"": 128}"
bytekgwV6,1.0,0,1290,56,56,Two recently published reports shed damning light on the high cost of low wages in the fast food industry – ,"Two recently published reports shed damning light on the high cost of low wages in the fast food industry – 12-year-olds working in restaurants, workers having to rely on government assistance, and millions of workers stuck in poverty.
A new report by the Economic Policy Institute (EPI), a non-profit research organization, finds that the majority of workers in the fast food industry, 57%, rely on public assistance programs such as Medicaid, the Children’s Health Insurance Program (CHIP), and the Supplemental Nutrition Assistance Program (SNAP). This is due in part to the fact that the average wage for a fast food worker is $8.69 per hour, which is below the federal poverty level for a family of three.
Another report by the National","12-year-olds working in restaurants, workers having to rely on government assistance, and millions of workers stuck in poverty.
A new report by the Economic Policy Institute (EPI), a non-profit research organization, finds that the majority of workers in the fast food industry, 57%, rely on public assistance programs such as Medicaid, the Children’s Health Insurance Program (CHIP), and the Supplemental Nutrition Assistance Program (SNAP). This is due in part to the fact that the average wage for a fast food worker is $8.69 per hour, which is below the federal poverty level for a family of three.
Another report by the National","{""do_sample"": true, ""temperature"": 1.0, ""top_p"": 0.95, ""top_k"": 50, ""repetition_penalty"": 1.0, ""max_new_tokens"": 128}"
bytekgwV6,1.0,0,1292,58,58,"Every morning on The Style Blog, we celebrate the best footwear weve come across. Now, for your benefit, its all ","Every morning on The Style Blog, we celebrate the best footwear weve come across. Now, for your benefit, its all 5 pairs on one list. From statement-makers to must-haves, these styles are sure to get your fashion day started on the right foot. Check out our top picks and vote for your favorite! Click through the slideshow to see the full list of featured shoes. And dont forget to take our poll and share your favorite pair in the comments! 1: //shopstyle.com/f/p/1452343/ 2: //shopstyle.com/f/p/1452363/ 3: //shopstyle.com/f/p/1452353/ 4: //shopstyle.com/f/p/1452373/ 5:","5 pairs on one list. From statement-makers to must-haves, these styles are sure to get your fashion day started on the right foot. Check out our top picks and vote for your favorite! Click through the slideshow to see the full list of featured shoes. And dont forget to take our poll and share your favorite pair in the comments! 1: //shopstyle.com/f/p/1452343/ 2: //shopstyle.com/f/p/1452363/ 3: //shopstyle.com/f/p/1452353/ 4: //shopstyle.com/f/p/1452373/ 5:","{""do_sample"": true, ""temperature"": 1.0, ""top_p"": 0.95, ""top_k"": 50, ""repetition_penalty"": 1.0, ""max_new_tokens"": 128}"
bytekgwV6,1.0,0,1294,60,60,"LOS ANGELES – A lawsuit filed Wednesday against ABC (search) and ""American Idol"" judge Simon Cowell (search) alleges they conspired ","LOS ANGELES – A lawsuit filed Wednesday against ABC (search) and ""American Idol"" judge Simon Cowell (search) alleges they conspired 12 years ago to sabotage the career of a singer-songwriter who competed on a BBC reality show.
The lawsuit, filed in Los Angeles Superior Court by singer-songwriter Paula Abdul (search), claims Cowell and his former business partner, Nigel Lythgoe, ""manipulated"" the competition on the 1992 show ""The Party's Just Begun,"" to ensure Abdul was eliminated.
Abdul, who was a contestant on the show, alleges that Cowell and Lythgoe deliberately sabotaged her chances of winning to advance their own careers.
The lawsuit claims that Abdul was a strong contender to win the competition,","12 years ago to sabotage the career of a singer-songwriter who competed on a BBC reality show.
The lawsuit, filed in Los Angeles Superior Court by singer-songwriter Paula Abdul (search), claims Cowell and his former business partner, Nigel Lythgoe, ""manipulated"" the competition on the 1992 show ""The Party's Just Begun,"" to ensure Abdul was eliminated.
Abdul, who was a contestant on the show, alleges that Cowell and Lythgoe deliberately sabotaged her chances of winning to advance their own careers.
The lawsuit claims that Abdul was a strong contender to win the competition,","{""do_sample"": true, ""temperature"": 1.0, ""top_p"": 0.95, ""top_k"": 50, ""repetition_penalty"": 1.0, ""max_new_tokens"": 128}"
bytekgwV6,1.0,0,1296,62,62,"Seren Rayne Frank Sutherland, a six lb., eight oz., girl, was born Saturday, Dec. 3, 2016, at Yavapai Regional Medical ","Seren Rayne Frank Sutherland, a six lb., eight oz., girl, was born Saturday, Dec. 3, 2016, at Yavapai Regional Medical 24/7 news, 24/7 news, 24/7 news. News and More. Arizona's source for breaking news, weather, traffic and live updates. News and More. Arizona's source for breaking news, weather, traffic and live updates.
Proud parents, Ray and Julia Sutherland, along with big sister, Aria, are overjoyed to welcome Seren to the family!
Proud parents, Ray and Julia Sutherland, along with big sister, Aria, are overjoyed to welcome Seren to the family!
Proud parents, Ray and Julia Sutherland, along with big sister,","24/7 news, 24/7 news, 24/7 news. News and More. Arizona's source for breaking news, weather, traffic and live updates. News and More. Arizona's source for breaking news, weather, traffic and live updates.
Proud parents, Ray and Julia Sutherland, along with big sister, Aria, are overjoyed to welcome Seren to the family!
Proud parents, Ray and Julia Sutherland, along with big sister, Aria, are overjoyed to welcome Seren to the family!
Proud parents, Ray and Julia Sutherland, along with big sister,","{""do_sample"": true, ""temperature"": 1.0, ""top_p"": 0.95, ""top_k"": 50, ""repetition_penalty"": 1.0, ""max_new_tokens"": 128}"
bytekgwV6,1.0,0,1298,64,64,Adventist HealthCare seeks to hire a Med Surg Registered Nurse who will embrace our mission to extend God's care through ,"Adventist HealthCare seeks to hire a Med Surg Registered Nurse who will embrace our mission to extend God's care through 21st century medicine.
The Med Surg Unit at Adventist HealthCare offers a dynamic and fast-paced environment where you'll have the opportunity to work with a diverse patient population. Our Med Surg unit provides care to patients with a variety of medical conditions, including but not limited to, cardiac, respiratory, gastrointestinal, and surgical patients.
This is a Full-time position. The shift is 7a-7p, with every other weekend and holiday.
Benefits of joining Adventist HealthCare:
Competitive salary and comprehensive benefits package
Opportunities for professional growth and development
A supportive and collaborative work environment
The ability to make a meaningful","21st century medicine.
The Med Surg Unit at Adventist HealthCare offers a dynamic and fast-paced environment where you'll have the opportunity to work with a diverse patient population. Our Med Surg unit provides care to patients with a variety of medical conditions, including but not limited to, cardiac, respiratory, gastrointestinal, and surgical patients.
This is a Full-time position. The shift is 7a-7p, with every other weekend and holiday.
Benefits of joining Adventist HealthCare:
Competitive salary and comprehensive benefits package
Opportunities for professional growth and development
A supportive and collaborative work environment
The ability to make a meaningful","{""do_sample"": true, ""temperature"": 1.0, ""top_p"": 0.95, ""top_k"": 50, ""repetition_penalty"": 1.0, ""max_new_tokens"": 128}"
bytekgwV6,1.0,0,1300,66,66,"Check out the Charleston Parks Conservancy's newest glow-up project at their inaugural Hampton Park culinary event, Shucked + Sauced, Sat. ","Check out the Charleston Parks Conservancy's newest glow-up project at their inaugural Hampton Park culinary event, Shucked + Sauced, Sat. 4/14, 6-8pm! Enjoy farm-to-table eats, craft cocktails, and live tunes while savoring the sweet sounds of the night at this 100% locally produced event. Tickets start at $75, and proceeds support the C...
Join us for the inaugural Shucked + Sauced event, a culinary celebration in Hampton Park on Sat. 4/14 from 6-8pm! This unique, 100% locally produced event will feature farm-to-table eats, craft cocktails, and live music amidst the tranquil surroundings of Hampton Park. Your ticket will support the Charleston Parks Conservancy's efforts to enhance","4/14, 6-8pm! Enjoy farm-to-table eats, craft cocktails, and live tunes while savoring the sweet sounds of the night at this 100% locally produced event. Tickets start at $75, and proceeds support the C...
Join us for the inaugural Shucked + Sauced event, a culinary celebration in Hampton Park on Sat. 4/14 from 6-8pm! This unique, 100% locally produced event will feature farm-to-table eats, craft cocktails, and live music amidst the tranquil surroundings of Hampton Park. Your ticket will support the Charleston Parks Conservancy's efforts to enhance","{""do_sample"": true, ""temperature"": 1.0, ""top_p"": 0.95, ""top_k"": 50, ""repetition_penalty"": 1.0, ""max_new_tokens"": 128}"
bytekgwV6,1.0,0,1302,68,68,Adweek: So what’s a digital-media tyro like you doing at a fusty old-media company like CBS? Jim Lanzone: I don’t ,"Adweek: So what’s a digital-media tyro like you doing at a fusty old-media company like CBS? Jim Lanzone: I don’t  think I’m a digital-media tyro at all! I come from a traditional ad background, but I grew up in the digital space and I believe that the future of advertising is all about  technology and innovation. I think CBS is a great company that understands the importance of embracing digital and is willing to invest in the future. And let’s be honest, it’s a thrill to be part of a company that has such a rich history and legacy in the media space. Adweek: What do you see as the biggest challenges facing ad tech and advertising right now? Jim Lanzone: Well, I think the biggest challenge is"," think I’m a digital-media tyro at all! I come from a traditional ad background, but I grew up in the digital space and I believe that the future of advertising is all about  technology and innovation. I think CBS is a great company that understands the importance of embracing digital and is willing to invest in the future. And let’s be honest, it’s a thrill to be part of a company that has such a rich history and legacy in the media space. Adweek: What do you see as the biggest challenges facing ad tech and advertising right now? Jim Lanzone: Well, I think the biggest challenge is","{""do_sample"": true, ""temperature"": 1.0, ""top_p"": 0.95, ""top_k"": 50, ""repetition_penalty"": 1.0, ""max_new_tokens"": 128}"
bytekgwV6,1.0,0,1304,70,70,A live events and bespoke creative technical solutions company based in Loughborough is seeking a technical project manager to join ,"A live events and bespoke creative technical solutions company based in Loughborough is seeking a technical project manager to join their team. The successful candidate will be responsible for managing technical projects from concept to delivery, ensuring they are completed on time, within budget and to the required quality standards.
The ideal candidate will have experience in a similar role, preferably in the live events or technical solutions industry, and will possess excellent project management, problem-solving and communication skills. They will be comfortable working in a fast-paced environment and be able to manage multiple projects simultaneously. Strong IT skills, particularly with Microsoft Office and project management software such as Asana or Trello, are also essential.
The company offers a competitive salary and benefits package, as well as the opportunity to work","their team. The successful candidate will be responsible for managing technical projects from concept to delivery, ensuring they are completed on time, within budget and to the required quality standards.
The ideal candidate will have experience in a similar role, preferably in the live events or technical solutions industry, and will possess excellent project management, problem-solving and communication skills. They will be comfortable working in a fast-paced environment and be able to manage multiple projects simultaneously. Strong IT skills, particularly with Microsoft Office and project management software such as Asana or Trello, are also essential.
The company offers a competitive salary and benefits package, as well as the opportunity to work","{""do_sample"": true, ""temperature"": 1.0, ""top_p"": 0.95, ""top_k"": 50, ""repetition_penalty"": 1.0, ""max_new_tokens"": 128}"
bytekgwV6,1.0,0,1306,72,72,The latest report from Violence Policy Center. I find it ironic and sad that the very day an annual report ,"The latest report from Violence Policy Center. I find it ironic and sad that the very day an annual report  from the Violence Policy Center is released, there is a news story about a mass shooting in the United States. It’s almost as if these mass shootings are the natural result of our societal ills.
The report can be found here. Some of the findings include:
According to the most recent Centers for Disease Control and Prevention (CDC) data, there were 39,518 gun deaths in the United States in 2017.
From 2007 to 2017, there were 523 mass shootings that resulted in 527 deaths and 1,386 injuries.
The majority of mass shooters, 62%, were white males.
"," from the Violence Policy Center is released, there is a news story about a mass shooting in the United States. It’s almost as if these mass shootings are the natural result of our societal ills.
The report can be found here. Some of the findings include:
According to the most recent Centers for Disease Control and Prevention (CDC) data, there were 39,518 gun deaths in the United States in 2017.
From 2007 to 2017, there were 523 mass shootings that resulted in 527 deaths and 1,386 injuries.
The majority of mass shooters, 62%, were white males.
","{""do_sample"": true, ""temperature"": 1.0, ""top_p"": 0.95, ""top_k"": 50, ""repetition_penalty"": 1.0, ""max_new_tokens"": 128}"
bytekgwV6,1.0,0,1308,74,74,Thorpe of the New York Trucking and Delivery Association says the decision to raise penalties won’t solve the parking crisis. ,"Thorpe of the New York Trucking and Delivery Association says the decision to raise penalties won’t solve the parking crisis. 2017;26:2343-2352. If I do find a spot, it can be quite expensive, with some spots charging $10-$20 per hour. [14][15] In New York City, there are over 20,000 yellow cabs that need to be replaced, and the NYC Taxi Commission estimates that the city will need over 20,000 new electric or hybrid vehicles. Parking in New York City can be a real challenge, and it's a major issue for many residents and visitors. New York City Department of Transportation (DOT) will begin offering a new permit for drivers who park their cars on","2017;26:2343-2352. If I do find a spot, it can be quite expensive, with some spots charging $10-$20 per hour. [14][15] In New York City, there are over 20,000 yellow cabs that need to be replaced, and the NYC Taxi Commission estimates that the city will need over 20,000 new electric or hybrid vehicles. Parking in New York City can be a real challenge, and it's a major issue for many residents and visitors. New York City Department of Transportation (DOT) will begin offering a new permit for drivers who park their cars on","{""do_sample"": true, ""temperature"": 1.0, ""top_p"": 0.95, ""top_k"": 50, ""repetition_penalty"": 1.0, ""max_new_tokens"": 128}"
bytekgwV6,1.0,0,1310,76,76,A District Court decision overturning major provisions of three Executive Orders has been appealed. Here is a summary of the ,"A District Court decision overturning major provisions of three Executive Orders has been appealed. Here is a summary of the 9th Circuit's decision.
The decision by Judge William Alsup of the U.S. District Court for the Northern District of California was announced in May. The court's ruling temporarily blocks the administration's efforts to end the Deferred Action for Childhood Arrivals (DACA) program, and to deny Temporary Protected Status (TPS) to certain foreign nationals from certain countries.
The 9th Circuit's decision, issued on August 6, upholds the district court's ruling and maintains the temporary block on the Executive Orders. Here is a summary of the 9th Circuit's decision:
The 9th Circuit Court of Appeals found that","9th Circuit's decision.
The decision by Judge William Alsup of the U.S. District Court for the Northern District of California was announced in May. The court's ruling temporarily blocks the administration's efforts to end the Deferred Action for Childhood Arrivals (DACA) program, and to deny Temporary Protected Status (TPS) to certain foreign nationals from certain countries.
The 9th Circuit's decision, issued on August 6, upholds the district court's ruling and maintains the temporary block on the Executive Orders. Here is a summary of the 9th Circuit's decision:
The 9th Circuit Court of Appeals found that","{""do_sample"": true, ""temperature"": 1.0, ""top_p"": 0.95, ""top_k"": 50, ""repetition_penalty"": 1.0, ""max_new_tokens"": 128}"
bytekgwV6,1.0,0,1312,78,78,"The democratization of data is a real phenomenon, but building a sustainable data democracy means truly giving power to the ","The democratization of data is a real phenomenon, but building a sustainable data democracy means truly giving power to the 99%
The democratization of data is a real phenomenon, but building a sustainable data democracy means truly giving power to the 99%
The democratization of data is a topic of much discussion, debate, and excitement. While it’s true that access to data has increased for many individuals and organizations, I want to caution that true data democracy requires more than just spreading access around. We need to ensure that the 99% truly have power in a data-driven world.
In the past few years, we have seen a significant increase in the availability of data and data-driven tools. The rise of open data, data science platforms, and machine","99%
The democratization of data is a real phenomenon, but building a sustainable data democracy means truly giving power to the 99%
The democratization of data is a topic of much discussion, debate, and excitement. While it’s true that access to data has increased for many individuals and organizations, I want to caution that true data democracy requires more than just spreading access around. We need to ensure that the 99% truly have power in a data-driven world.
In the past few years, we have seen a significant increase in the availability of data and data-driven tools. The rise of open data, data science platforms, and machine","{""do_sample"": true, ""temperature"": 1.0, ""top_p"": 0.95, ""top_k"": 50, ""repetition_penalty"": 1.0, ""max_new_tokens"": 128}"
bytekgwV6,1.0,0,1314,80,80,"The Council of PR Firms yesterday urged PR firms to ""pledge"" to Wikipedia that they will only submit materials to ","The Council of PR Firms yesterday urged PR firms to ""pledge"" to Wikipedia that they will only submit materials to 100% accurate articles, ensuring the integrity of online information.
The 5Rs, comprising of five major PR firms - APCO Worldwide, Burson-Marsteller, Fleishman-Hillard, Hill & Knowlton and Weber Shandwick - together with the Public Relations Global Network (PRGN), launched the ""Pledge for Accuracy and Transparency"" initiative.
This move aims to restore confidence in online information and demonstrate the PR industry's commitment to accuracy and transparency.
Firms that sign the pledge will promise not to submit or encourage the submission of inaccurate or misleading information to Wikipedia, and instead provide accurate and reliable information to support their clients","100% accurate articles, ensuring the integrity of online information.
The 5Rs, comprising of five major PR firms - APCO Worldwide, Burson-Marsteller, Fleishman-Hillard, Hill & Knowlton and Weber Shandwick - together with the Public Relations Global Network (PRGN), launched the ""Pledge for Accuracy and Transparency"" initiative.
This move aims to restore confidence in online information and demonstrate the PR industry's commitment to accuracy and transparency.
Firms that sign the pledge will promise not to submit or encourage the submission of inaccurate or misleading information to Wikipedia, and instead provide accurate and reliable information to support their clients","{""do_sample"": true, ""temperature"": 1.0, ""top_p"": 0.95, ""top_k"": 50, ""repetition_penalty"": 1.0, ""max_new_tokens"": 128}"
bytekgwV6,1.0,0,1316,82,82,"He and a neighbor managed to lure the horse toward them with a handful of grass, Sickinger said, and they ","He and a neighbor managed to lure the horse toward them with a handful of grass, Sickinger said, and they iced it with blankets and a tarp to keep it warm.... The horse, who was later named ""Lucky,"" was 16 years old and had been living in the area for some time.
In that time, the U.S. has seen a surge in the number of wildfires and the sheer size of those blazes. The National Interagency Coordination Center says that 2020 saw a record-breaking 10 million acres of land burned, and the fire season has yet to end.
The agency, which is the central planning and coordinating unit for federal wildland firefighting efforts, says the 2020 wildfire season has already","iced it with blankets and a tarp to keep it warm.... The horse, who was later named ""Lucky,"" was 16 years old and had been living in the area for some time.
In that time, the U.S. has seen a surge in the number of wildfires and the sheer size of those blazes. The National Interagency Coordination Center says that 2020 saw a record-breaking 10 million acres of land burned, and the fire season has yet to end.
The agency, which is the central planning and coordinating unit for federal wildland firefighting efforts, says the 2020 wildfire season has already","{""do_sample"": true, ""temperature"": 1.0, ""top_p"": 0.95, ""top_k"": 50, ""repetition_penalty"": 1.0, ""max_new_tokens"": 128}"
bytekgwV6,1.0,0,1318,84,84,"Wolf, 33, joined the Africa Mercy crew in March, taking a short leave from her job as a registered nurse ","Wolf, 33, joined the Africa Mercy crew in March, taking a short leave from her job as a registered nurse 10 months prior. She had always been drawn to humanitarian work, particularly in Africa, and saw her time on the ship as an opportunity to gain valuable experience.
Wolf was no stranger to the Africa Mercy. Her mom, who was also a nurse, had worked on the ship several years ago. Wolf’s experience as a nurse has been invaluable on the ship, particularly in the operating room. She has been assisting with surgeries, providing pre- and post-operative care to patients, and collaborating with doctors and other nurses to ensure the best possible outcomes for patients.
Wolf has also been instrumental in helping to coordinate care for patients on the ship, including","10 months prior. She had always been drawn to humanitarian work, particularly in Africa, and saw her time on the ship as an opportunity to gain valuable experience.
Wolf was no stranger to the Africa Mercy. Her mom, who was also a nurse, had worked on the ship several years ago. Wolf’s experience as a nurse has been invaluable on the ship, particularly in the operating room. She has been assisting with surgeries, providing pre- and post-operative care to patients, and collaborating with doctors and other nurses to ensure the best possible outcomes for patients.
Wolf has also been instrumental in helping to coordinate care for patients on the ship, including","{""do_sample"": true, ""temperature"": 1.0, ""top_p"": 0.95, ""top_k"": 50, ""repetition_penalty"": 1.0, ""max_new_tokens"": 128}"
bytekgwV6,1.0,0,1320,86,86,"A Chicago judge on Thursday dismissed a patent case between Apple and Motorola because, he said, neither side could adequately ","A Chicago judge on Thursday dismissed a patent case between Apple and Motorola because, he said, neither side could adequately 2G mobile technology, which is the focus of the litigation. The case was brought by Motorola in 2010 over patents related to 2G wireless technology, such as GSM, EDGE and GPRS.
""Plaintiff's case on the merits fails because the patents-in-suit are exhausted and unenforceable,"" Judge Richard Posner wrote in his decision. The patents in question, he noted, were not the subject of any license agreements and therefore were ""unenforceable due to lack of privity"" between the parties.
Posner also noted that the patents were no longer subject to patent infringement claims because Motorola had","2G mobile technology, which is the focus of the litigation. The case was brought by Motorola in 2010 over patents related to 2G wireless technology, such as GSM, EDGE and GPRS.
""Plaintiff's case on the merits fails because the patents-in-suit are exhausted and unenforceable,"" Judge Richard Posner wrote in his decision. The patents in question, he noted, were not the subject of any license agreements and therefore were ""unenforceable due to lack of privity"" between the parties.
Posner also noted that the patents were no longer subject to patent infringement claims because Motorola had","{""do_sample"": true, ""temperature"": 1.0, ""top_p"": 0.95, ""top_k"": 50, ""repetition_penalty"": 1.0, ""max_new_tokens"": 128}"
bytekgwV6,1.0,0,1322,88,88,"Ford is building cars that ""talk"" with traffic lights, road signs and pedestrians. At CES 2019 in Las Vegas on ","Ford is building cars that ""talk"" with traffic lights, road signs and pedestrians. At CES 2019 in Las Vegas on 8 January, the company unveiled its new vehicle-to-everything (V2X) technology, which enables vehicles to communicate with the infrastructure around them.
The V2X technology uses dedicated short-range communications (DSRC) radio technology to exchange information with other vehicles, traffic lights, and pedestrians. This allows for a safer and more efficient transportation system, Ford claims.
Ford's V2X technology can alert drivers to potential hazards, such as a pedestrian stepping into the road or a traffic light changing to red, before they even see it. It can also provide information about traffic congestion and road closures, helping drivers plan their routes more effectively","8 January, the company unveiled its new vehicle-to-everything (V2X) technology, which enables vehicles to communicate with the infrastructure around them.
The V2X technology uses dedicated short-range communications (DSRC) radio technology to exchange information with other vehicles, traffic lights, and pedestrians. This allows for a safer and more efficient transportation system, Ford claims.
Ford's V2X technology can alert drivers to potential hazards, such as a pedestrian stepping into the road or a traffic light changing to red, before they even see it. It can also provide information about traffic congestion and road closures, helping drivers plan their routes more effectively","{""do_sample"": true, ""temperature"": 1.0, ""top_p"": 0.95, ""top_k"": 50, ""repetition_penalty"": 1.0, ""max_new_tokens"": 128}"
bytekgwV6,1.0,0,1324,90,90,"Things get a bit messy in a new brand campaign from Chobani. Centered on the tag ""Love This Life,"" its ","Things get a bit messy in a new brand campaign from Chobani. Centered on the tag ""Love This Life,"" its 30-second spot, ""Life's Little Messes,"" shows a family embracing the chaos of everyday life, with big messes and all.
The campaign is designed to showcase how Chobani yogurt can be a part of the daily routine, from breakfast to snacks to desserts, and that even with the messes, there's still room for enjoyment and love.
""We wanted to show that life isn't always perfect, but that with Chobani, you can enjoy the little moments, even when things get a bit messy,"" says Peter McGuinness, Chief Marketing Officer at Chobani. ""The 'Life's Little Messes' campaign","30-second spot, ""Life's Little Messes,"" shows a family embracing the chaos of everyday life, with big messes and all.
The campaign is designed to showcase how Chobani yogurt can be a part of the daily routine, from breakfast to snacks to desserts, and that even with the messes, there's still room for enjoyment and love.
""We wanted to show that life isn't always perfect, but that with Chobani, you can enjoy the little moments, even when things get a bit messy,"" says Peter McGuinness, Chief Marketing Officer at Chobani. ""The 'Life's Little Messes' campaign","{""do_sample"": true, ""temperature"": 1.0, ""top_p"": 0.95, ""top_k"": 50, ""repetition_penalty"": 1.0, ""max_new_tokens"": 128}"
bytekgwV6,1.0,0,1326,92,92,Trump's new immigration ad was panned as racist. Turns out it was also based on a falsehood. - Hartford Courant ,"Trump's new immigration ad was panned as racist. Turns out it was also based on a falsehood. - Hartford Courant 5 hours 29 minutes ago... The new ad, titled ""America First,"" features a montage of images and videos depicting crime, violence, and lawlessness, set to a stern warning about the dangers of immigration.... It's also based on a falsehood. The ad claims that ""over 30,000 illegal aliens"" have been released from custody due to the ""catch and release"" policy.
What's Behind the Rise of Eco-Friendly Fashion? - Fashionista 5 hours 36 minutes ago... The rise of eco-friendly fashion is no longer just a trend, it's a necessity. With the environmental impact of the fashion industry","5 hours 29 minutes ago... The new ad, titled ""America First,"" features a montage of images and videos depicting crime, violence, and lawlessness, set to a stern warning about the dangers of immigration.... It's also based on a falsehood. The ad claims that ""over 30,000 illegal aliens"" have been released from custody due to the ""catch and release"" policy.
What's Behind the Rise of Eco-Friendly Fashion? - Fashionista 5 hours 36 minutes ago... The rise of eco-friendly fashion is no longer just a trend, it's a necessity. With the environmental impact of the fashion industry","{""do_sample"": true, ""temperature"": 1.0, ""top_p"": 0.95, ""top_k"": 50, ""repetition_penalty"": 1.0, ""max_new_tokens"": 128}"
bytekgwV6,1.0,0,1328,94,94,• Engage with other SRA functions to support the evidence gathering and credible deterrence approach of the SRA. The role ,"• Engage with other SRA functions to support the evidence gathering and credible deterrence approach of the SRA. The role  will involve working closely with the SRA’s intelligence function, the specialist agencies, the police and other stakeholders to identify and disrupt the activities of offenders and to gather intelligence to inform the SRA’s risk assessment and decision making.
• Provide intelligence and information to support the SRA’s risk assessment and decision making processes. This will involve gathering, analyzing and disseminating intelligence on offenders and criminal activity, and identifying trends and patterns in order to inform the SRA’s operational activity.
• Develop and maintain relationships with other agencies and stakeholders, including the police, specialist agencies and other parts of the SRA, to support the gathering of intelligence and the"," will involve working closely with the SRA’s intelligence function, the specialist agencies, the police and other stakeholders to identify and disrupt the activities of offenders and to gather intelligence to inform the SRA’s risk assessment and decision making.
• Provide intelligence and information to support the SRA’s risk assessment and decision making processes. This will involve gathering, analyzing and disseminating intelligence on offenders and criminal activity, and identifying trends and patterns in order to inform the SRA’s operational activity.
• Develop and maintain relationships with other agencies and stakeholders, including the police, specialist agencies and other parts of the SRA, to support the gathering of intelligence and the","{""do_sample"": true, ""temperature"": 1.0, ""top_p"": 0.95, ""top_k"": 50, ""repetition_penalty"": 1.0, ""max_new_tokens"": 128}"
bytekgwV6,1.0,0,1330,96,96,"MidMichigan Health plans to restructure and re-align its work force in the coming months, and the changes could mean laying ","MidMichigan Health plans to restructure and re-align its work force in the coming months, and the changes could mean laying 45 to 50 people off.
The health system is facing financial challenges and must reduce costs to ensure its long-term sustainability, according to a news release. MidMichigan Health is a non-profit health system that serves Mid-Michigan and includes two hospitals, several medical offices and other facilities.
""We are making these changes to ensure the continued provision of high-quality patient care and services,"" said Diane Postler-Slagle, president and CEO of MidMichigan Health. ""While it's never easy to reduce the size of our workforce, we must take these steps to address our financial challenges and ensure the long-term success of our organization.""
The health","45 to 50 people off.
The health system is facing financial challenges and must reduce costs to ensure its long-term sustainability, according to a news release. MidMichigan Health is a non-profit health system that serves Mid-Michigan and includes two hospitals, several medical offices and other facilities.
""We are making these changes to ensure the continued provision of high-quality patient care and services,"" said Diane Postler-Slagle, president and CEO of MidMichigan Health. ""While it's never easy to reduce the size of our workforce, we must take these steps to address our financial challenges and ensure the long-term success of our organization.""
The health","{""do_sample"": true, ""temperature"": 1.0, ""top_p"": 0.95, ""top_k"": 50, ""repetition_penalty"": 1.0, ""max_new_tokens"": 128}"
bytekgwV6,1.0,0,1332,98,98,Tennessee farmers are cashing in on the local food movement. The federal government never measured just how much Tennessee farmers ,"Tennessee farmers are cashing in on the local food movement. The federal government never measured just how much Tennessee farmers 2018. The first farm-to-school grant was awarded in 2010, and since then, there. In 2018, the state of. Farmers, especially smaller and local farmers, have been hit hard by the pandemic. According to the Tennessee Department of Agriculture, the state has.
Tennessee Farmers Market - Home | Facebook
Tennessee farmers market. Tennessee Farmers Market, Jackson. 5,555 likes · 1 talking about this · 1,312 were here. We are a non-profit organization dedicated to promoting and supporting local agriculture in West Tennessee. Our.
Tennessee Farmers Market - Farmers Market in Jackson, Tennessee","2018. The first farm-to-school grant was awarded in 2010, and since then, there. In 2018, the state of. Farmers, especially smaller and local farmers, have been hit hard by the pandemic. According to the Tennessee Department of Agriculture, the state has.
Tennessee Farmers Market - Home | Facebook
Tennessee farmers market. Tennessee Farmers Market, Jackson. 5,555 likes · 1 talking about this · 1,312 were here. We are a non-profit organization dedicated to promoting and supporting local agriculture in West Tennessee. Our.
Tennessee Farmers Market - Farmers Market in Jackson, Tennessee","{""do_sample"": true, ""temperature"": 1.0, ""top_p"": 0.95, ""top_k"": 50, ""repetition_penalty"": 1.0, ""max_new_tokens"": 128}"
bytekgwV6,1.0,0,1334,100,100,Ozier Muhammad/The New York TimesReynaldo Rodriguez of the Care Coordination program counseled a patient with H.I.V. on how to adhere ,"Ozier Muhammad/The New York TimesReynaldo Rodriguez of the Care Coordination program counseled a patient with H.I.V. on how to adhere  …moreReynaldo Rodriguez of the Care Coordination program counseled a patient with H.I.V. on how to adhere to his medication regimen. lessReynaldo Rodriguez of the Care Coordination program counseled a patient with H.I.V. on how to adhere to his medication regimen. less
By THOMAS KELLY and ARIEL Kaminer
The New York Times, March 10, 2014
HARTFORD, Conn. — The city is testing a new approach to treating patients with H.I.V. and other chronic illnesses: sending social workers, rather than doctors, to"," …moreReynaldo Rodriguez of the Care Coordination program counseled a patient with H.I.V. on how to adhere to his medication regimen. lessReynaldo Rodriguez of the Care Coordination program counseled a patient with H.I.V. on how to adhere to his medication regimen. less
By THOMAS KELLY and ARIEL Kaminer
The New York Times, March 10, 2014
HARTFORD, Conn. — The city is testing a new approach to treating patients with H.I.V. and other chronic illnesses: sending social workers, rather than doctors, to","{""do_sample"": true, ""temperature"": 1.0, ""top_p"": 0.95, ""top_k"": 50, ""repetition_penalty"": 1.0, ""max_new_tokens"": 128}"
bytekgwV6,1.0,0,1336,102,102,"Talking to the press people here at the Heliport on Saturday, the National BJP leader, while stating the Naga issue ","Talking to the press people here at the Heliport on Saturday, the National BJP leader, while stating the Naga issue  is still a pending issue, expressed his optimism that the issue can be solved in a peaceful manner.
He said, “The Centre has already taken some steps, and the State Government has also taken some initiatives. We have to see what kind of response we get. We have to talk to different groups, and we have to try to reach a consensus. It is not going to be easy, but we are optimistic that it can be solved peacefully.”
He further said, “We have to make sure that the interests of all the parties involved are taken into account. The Centre, the State Government, and the civil society groups all have"," is still a pending issue, expressed his optimism that the issue can be solved in a peaceful manner.
He said, “The Centre has already taken some steps, and the State Government has also taken some initiatives. We have to see what kind of response we get. We have to talk to different groups, and we have to try to reach a consensus. It is not going to be easy, but we are optimistic that it can be solved peacefully.”
He further said, “We have to make sure that the interests of all the parties involved are taken into account. The Centre, the State Government, and the civil society groups all have","{""do_sample"": true, ""temperature"": 1.0, ""top_p"": 0.95, ""top_k"": 50, ""repetition_penalty"": 1.0, ""max_new_tokens"": 128}"
bytekgwV6,1.0,0,1338,104,104,"Famously tight-lipped about her Scientology faith, The Handmaid’s Tale star Elisabeth Moss has opened up in a candid new interview. ","Famously tight-lipped about her Scientology faith, The Handmaid’s Tale star Elisabeth Moss has opened up in a candid new interview.  She reveals she was indeed a Scientologist, but not for very long.
The Handmaid’s Tale’s Elisabeth Moss has been a standout as Offred, a survivor of a dystopian future where women have lost all their rights. Her performance earned her widespread critical acclaim and several award nominations, including an Emmy for Best Actress. But little did the world know, the actress behind Offred had a spiritual journey that took a surprising turn.
In an interview with The Cut, Moss opened up about her past involvement with Scientology, the religion founded by L. Ron Hubbard in 1954. She revealed that she was a member of the"," She reveals she was indeed a Scientologist, but not for very long.
The Handmaid’s Tale’s Elisabeth Moss has been a standout as Offred, a survivor of a dystopian future where women have lost all their rights. Her performance earned her widespread critical acclaim and several award nominations, including an Emmy for Best Actress. But little did the world know, the actress behind Offred had a spiritual journey that took a surprising turn.
In an interview with The Cut, Moss opened up about her past involvement with Scientology, the religion founded by L. Ron Hubbard in 1954. She revealed that she was a member of the","{""do_sample"": true, ""temperature"": 1.0, ""top_p"": 0.95, ""top_k"": 50, ""repetition_penalty"": 1.0, ""max_new_tokens"": 128}"
bytekgwV6,1.0,0,1340,106,106,Madore received the package along with three crosses she had ordered in memory of her son Christopher Medina who died ,"Madore received the package along with three crosses she had ordered in memory of her son Christopher Medina who died 14 years ago in a car accident.
""I felt it was a sense of justice, not revenge,"" Madore said. ""I hope it brings closure and peace to the families who have suffered and lost loved ones.""
A total of 25 crosses and packages were mailed to the families who were seeking justice and closure. The names and addresses of the recipients were not disclosed for their privacy.
The move comes after the National Transportation Safety Board (NTSB) ruled out a mechanical failure as the cause of the accident that killed Madore's son and two other passengers.
Madore said she believes the actions of the driver, who was allegedly texting while","14 years ago in a car accident.
""I felt it was a sense of justice, not revenge,"" Madore said. ""I hope it brings closure and peace to the families who have suffered and lost loved ones.""
A total of 25 crosses and packages were mailed to the families who were seeking justice and closure. The names and addresses of the recipients were not disclosed for their privacy.
The move comes after the National Transportation Safety Board (NTSB) ruled out a mechanical failure as the cause of the accident that killed Madore's son and two other passengers.
Madore said she believes the actions of the driver, who was allegedly texting while","{""do_sample"": true, ""temperature"": 1.0, ""top_p"": 0.95, ""top_k"": 50, ""repetition_penalty"": 1.0, ""max_new_tokens"": 128}"
bytekgwV6,1.0,0,1342,108,108,"France is in a difficult position. It has not had a sufficient spur to reform, despite the platitudes by both ","France is in a difficult position. It has not had a sufficient spur to reform, despite the platitudes by both 54 of its 58 presidents since 1945, including Sarkozy, have promised to do so. The fundamental problem in France is that it has a very generous welfare state, which is difficult to reform and which is not sustainable. This has led to a lack of investment and a lack of economic growth.
French citizens, particularly young people, are increasingly disillusioned with the system and are seeking a change. This has led to the rise of extremist parties on both the left and right, which are exploiting the anger and frustration.
The French authorities are caught between the need to address the economic problems and the difficulty of doing so, given the","54 of its 58 presidents since 1945, including Sarkozy, have promised to do so. The fundamental problem in France is that it has a very generous welfare state, which is difficult to reform and which is not sustainable. This has led to a lack of investment and a lack of economic growth.
French citizens, particularly young people, are increasingly disillusioned with the system and are seeking a change. This has led to the rise of extremist parties on both the left and right, which are exploiting the anger and frustration.
The French authorities are caught between the need to address the economic problems and the difficulty of doing so, given the","{""do_sample"": true, ""temperature"": 1.0, ""top_p"": 0.95, ""top_k"": 50, ""repetition_penalty"": 1.0, ""max_new_tokens"": 128}"
bytekgwV6,1.0,0,1344,110,110,"Nelson Mandela statue in Westminster, London. ""Comrade Mandela's release was achieved through our struggles that had pushed the apartheid regime ","Nelson Mandela statue in Westminster, London. ""Comrade Mandela's release was achieved through our struggles that had pushed the apartheid regime 10 years later, we would have achieved a democratic, non-racial and non-sexist South Africa."" Image: AP
Mandela's Message Still Resonates 25 Years After Freedom
On February 11, 1990, Nelson Mandela, the anti-apartheid revolutionary and former President of South Africa, was released from Victor Verster Prison near Cape Town, marking a new era in South African history. Twenty-five years later, his message still resonates across the globe, inspiring people from all walks of life. Continue Reading →
African News, Politics Africa, apartheid, freedom, Nelson Mandela, South Africa,","10 years later, we would have achieved a democratic, non-racial and non-sexist South Africa."" Image: AP
Mandela's Message Still Resonates 25 Years After Freedom
On February 11, 1990, Nelson Mandela, the anti-apartheid revolutionary and former President of South Africa, was released from Victor Verster Prison near Cape Town, marking a new era in South African history. Twenty-five years later, his message still resonates across the globe, inspiring people from all walks of life. Continue Reading →
African News, Politics Africa, apartheid, freedom, Nelson Mandela, South Africa,","{""do_sample"": true, ""temperature"": 1.0, ""top_p"": 0.95, ""top_k"": 50, ""repetition_penalty"": 1.0, ""max_new_tokens"": 128}"
bytekgwV6,1.0,0,1346,112,112,"Back in 1982, the Endangered Species Act took the ocelot under its protection. The ocelot is a vulnerable creature, susceptible ","Back in 1982, the Endangered Species Act took the ocelot under its protection. The ocelot is a vulnerable creature, susceptible  to various human activities, and habitat loss has contributed to its decline in some regions. To help combat this, conservation efforts were implemented, including habitat preservation and restoration, research, and education programs.
One of these programs is the Ocelot Conservation Program, led by the U.S. Fish and Wildlife Service and the National Park Service. The goal of this program is to protect and conserve ocelots and their habitats, both in the United States and Mexico. Some of the specific actions they have taken include:
Creating a network of protected areas for ocelots to roam, including national parks and wildlife refuges
Implementing wildlife corridors"," to various human activities, and habitat loss has contributed to its decline in some regions. To help combat this, conservation efforts were implemented, including habitat preservation and restoration, research, and education programs.
One of these programs is the Ocelot Conservation Program, led by the U.S. Fish and Wildlife Service and the National Park Service. The goal of this program is to protect and conserve ocelots and their habitats, both in the United States and Mexico. Some of the specific actions they have taken include:
Creating a network of protected areas for ocelots to roam, including national parks and wildlife refuges
Implementing wildlife corridors","{""do_sample"": true, ""temperature"": 1.0, ""top_p"": 0.95, ""top_k"": 50, ""repetition_penalty"": 1.0, ""max_new_tokens"": 128}"
bytekgwV6,1.0,0,1348,114,114,"Assembly Minority Leader Pat Hickey, R-Reno, will have a GOP primary election opponent in 2014. Richard Fineberg, a retired lawyer ","Assembly Minority Leader Pat Hickey, R-Reno, will have a GOP primary election opponent in 2014. Richard Fineberg, a retired lawyer  and former chairman of the Washoe County Republican Party, has announced his candidacy for the 41st Assembly District seat.
Hickey, who has represented the 41st District since 2004, has not yet announced his decision whether he will seek re-election. Fineberg and other potential candidates will have until March 21 to file their candidacy papers with the Nevada Secretary of State's office.
Fineberg, 69, of Reno, served as chairman of the Washoe County Republican Party from 2002 to 2004 and was a member of the party's state central committee. He is a retired lawyer with a background in"," and former chairman of the Washoe County Republican Party, has announced his candidacy for the 41st Assembly District seat.
Hickey, who has represented the 41st District since 2004, has not yet announced his decision whether he will seek re-election. Fineberg and other potential candidates will have until March 21 to file their candidacy papers with the Nevada Secretary of State's office.
Fineberg, 69, of Reno, served as chairman of the Washoe County Republican Party from 2002 to 2004 and was a member of the party's state central committee. He is a retired lawyer with a background in","{""do_sample"": true, ""temperature"": 1.0, ""top_p"": 0.95, ""top_k"": 50, ""repetition_penalty"": 1.0, ""max_new_tokens"": 128}"
bytekgwV6,1.0,0,1350,116,116,"Friday Night Live: Hilarious Improv Comedy featuring live music from pianist Keith Munslow! Get beside yourself with FNL’s interactive scenes, ","Friday Night Live: Hilarious Improv Comedy featuring live music from pianist Keith Munslow! Get beside yourself with FNL’s interactive scenes, 4th wall-breaking humor and musical mayhem. You never know what might happen on stage! Don’t miss this fun and wild night out with FNL! Friday Night Live: Improv Comedy featuring Keith Munslow Pianist!
FNL is a team of improvisers who create hilarious scenes on the spot, often incorporating suggestions from the audience. With no scripts, no net, and no boring pauses, FNL will have you laughing and on the edge of your seat! Join us for a unique and unforgettable comedy experience!
Keith Munslow is a talented pianist who has played with numerous bands and has performed in a variety of settings","4th wall-breaking humor and musical mayhem. You never know what might happen on stage! Don’t miss this fun and wild night out with FNL! Friday Night Live: Improv Comedy featuring Keith Munslow Pianist!
FNL is a team of improvisers who create hilarious scenes on the spot, often incorporating suggestions from the audience. With no scripts, no net, and no boring pauses, FNL will have you laughing and on the edge of your seat! Join us for a unique and unforgettable comedy experience!
Keith Munslow is a talented pianist who has played with numerous bands and has performed in a variety of settings","{""do_sample"": true, ""temperature"": 1.0, ""top_p"": 0.95, ""top_k"": 50, ""repetition_penalty"": 1.0, ""max_new_tokens"": 128}"
bytekgwV6,1.0,0,1352,118,118,Do Twinkle and mum Dimple share a wardrobe? The star wife was missing for a greater part of the year ,"Do Twinkle and mum Dimple share a wardrobe? The star wife was missing for a greater part of the year 2020, and some fans started speculating that she had left him for someone else. But, in an Instagram post in June 2020, Twinkle shared a picture with Dimple, and they both looked fabulous. So, it seems they do share a wardrobe, and there is no reason to believe that Dimple left Twinkle for someone else....Read More
Do Twinkle and mum Dimple share a wardrobe? The star wife was missing for a greater part of the year 2020, and some fans started speculating that she had left him for someone else. But, in an Instagram post in June 202","2020, and some fans started speculating that she had left him for someone else. But, in an Instagram post in June 2020, Twinkle shared a picture with Dimple, and they both looked fabulous. So, it seems they do share a wardrobe, and there is no reason to believe that Dimple left Twinkle for someone else....Read More
Do Twinkle and mum Dimple share a wardrobe? The star wife was missing for a greater part of the year 2020, and some fans started speculating that she had left him for someone else. But, in an Instagram post in June 202","{""do_sample"": true, ""temperature"": 1.0, ""top_p"": 0.95, ""top_k"": 50, ""repetition_penalty"": 1.0, ""max_new_tokens"": 128}"
bytekgwV6,1.0,0,1354,120,120,the World Challenge a year ago. He won at Hilton Head on the U.S. Championships in Doral and Shanghai. the ,"the World Challenge a year ago. He won at Hilton Head on the U.S. Championships in Doral and Shanghai. the 2018 Masters tournament. But he has not been able to replicate the success he had a year ago.
the 2018 British Open. The 2018 Masters champion has not played in the British Open since then.
the Masters tournament in April. He won the 2019 Masters and the 2019 British Open, and he also has a win at the 2019 PGA Championship. He has not played in the British Open since then.
the 2019 British Open and has a win at the 2019 PGA Championship. He has not played in the British Open since then.
the 2019 Masters and has a win","2018 Masters tournament. But he has not been able to replicate the success he had a year ago.
the 2018 British Open. The 2018 Masters champion has not played in the British Open since then.
the Masters tournament in April. He won the 2019 Masters and the 2019 British Open, and he also has a win at the 2019 PGA Championship. He has not played in the British Open since then.
the 2019 British Open and has a win at the 2019 PGA Championship. He has not played in the British Open since then.
the 2019 Masters and has a win","{""do_sample"": true, ""temperature"": 1.0, ""top_p"": 0.95, ""top_k"": 50, ""repetition_penalty"": 1.0, ""max_new_tokens"": 128}"
bytekgwV6,1.0,0,1356,122,122,2 bedroom home with extra room for office or 3rd bedroom. Kitchen features Oak cabinets. Home features wood flooring in ,"2 bedroom home with extra room for office or 3rd bedroom. Kitchen features Oak cabinets. Home features wood flooring in 2 bedrooms and office, tile flooring in kitchen and bathrooms. Master bedroom has large walk-in closet. Master bathroom features separate shower and tub. Fenced backyard with patio area. Community pool and playground. Close to shopping and dining.","2 bedrooms and office, tile flooring in kitchen and bathrooms. Master bedroom has large walk-in closet. Master bathroom features separate shower and tub. Fenced backyard with patio area. Community pool and playground. Close to shopping and dining.","{""do_sample"": true, ""temperature"": 1.0, ""top_p"": 0.95, ""top_k"": 50, ""repetition_penalty"": 1.0, ""max_new_tokens"": 128}"
bytekgwV6,1.0,0,1358,124,124,"Following her acceptance into iPOP! after try-outs in Fort Walton Beach, Michelle Bryant is talking positively about her fast-approaching opportunity. ","Following her acceptance into iPOP! after try-outs in Fort Walton Beach, Michelle Bryant is talking positively about her fast-approaching opportunity. 12-year-old Michelle is one of the few chosen for the exclusive program, which is designed to help young talent hone their craft in the entertainment industry.
Michelle, who will be attending the exclusive program at the end of the summer, is excited for the chance to learn from industry experts and meet fellow young performers. She is planning to use her experience at iPOP! to further her acting and modeling career, and we can’t wait to see what the future holds for this talented young star.
The Bryant family is thrilled to share this experience with their talented daughter, Michelle. They will be traveling with her to Los Angeles for the program, which","12-year-old Michelle is one of the few chosen for the exclusive program, which is designed to help young talent hone their craft in the entertainment industry.
Michelle, who will be attending the exclusive program at the end of the summer, is excited for the chance to learn from industry experts and meet fellow young performers. She is planning to use her experience at iPOP! to further her acting and modeling career, and we can’t wait to see what the future holds for this talented young star.
The Bryant family is thrilled to share this experience with their talented daughter, Michelle. They will be traveling with her to Los Angeles for the program, which","{""do_sample"": true, ""temperature"": 1.0, ""top_p"": 0.95, ""top_k"": 50, ""repetition_penalty"": 1.0, ""max_new_tokens"": 128}"
bytekgwV6,1.0,0,1360,126,126,"In the past 11 months, Mauti has had to rely on his words unlike any other time in his life. ","In the past 11 months, Mauti has had to rely on his words unlike any other time in his life. 2010 marked his first year as a full-time...
Read more at: [www.post-gazette.com](http://www.post-gazette.com)...
Related articles: [The Times Leader](http://www.thetimes- leader.com)...
[The Morning Call](http://www.themcall.com)...
[CBS Sports](http://www.cbssports.com)...
[WGRZ-TV Buffalo, NY](http://www.wgrz.com)...
[Daily Princetonian](http://www.dailyprincetonian.com)...
[ESPN](http://www.espn.go.com)...
[USA Today](http://","2010 marked his first year as a full-time...
Read more at: [www.post-gazette.com](http://www.post-gazette.com)...
Related articles: [The Times Leader](http://www.thetimes- leader.com)...
[The Morning Call](http://www.themcall.com)...
[CBS Sports](http://www.cbssports.com)...
[WGRZ-TV Buffalo, NY](http://www.wgrz.com)...
[Daily Princetonian](http://www.dailyprincetonian.com)...
[ESPN](http://www.espn.go.com)...
[USA Today](http://","{""do_sample"": true, ""temperature"": 1.0, ""top_p"": 0.95, ""top_k"": 50, ""repetition_penalty"": 1.0, ""max_new_tokens"": 128}"
bytekgwV6,1.0,0,1362,128,128,The FINANCIAL (AD) -- ProCredit Bank has donated a unique ex libris collection to the National Centre of Manuscripts. This ,"The FINANCIAL (AD) -- ProCredit Bank has donated a unique ex libris collection to the National Centre of Manuscripts. This 400-volume book collection includes works on financial and economic subjects, as well as literature about the history of banking and currency.
ProCredit Bank has been actively supporting cultural and educational institutions in Georgia for many years. The donation of the ex libris collection to the National Centre of Manuscripts is a testament to the bank's commitment to promoting intellectual and cultural development in the country.
The ex libris collection includes books that are not only valuable from an intellectual standpoint, but also from an aesthetic perspective. The collection features works from renowned authors and economists, such as Adam Smith, John Maynard Keynes, and Milton Friedman, as well as historical and philosophical","400-volume book collection includes works on financial and economic subjects, as well as literature about the history of banking and currency.
ProCredit Bank has been actively supporting cultural and educational institutions in Georgia for many years. The donation of the ex libris collection to the National Centre of Manuscripts is a testament to the bank's commitment to promoting intellectual and cultural development in the country.
The ex libris collection includes books that are not only valuable from an intellectual standpoint, but also from an aesthetic perspective. The collection features works from renowned authors and economists, such as Adam Smith, John Maynard Keynes, and Milton Friedman, as well as historical and philosophical","{""do_sample"": true, ""temperature"": 1.0, ""top_p"": 0.95, ""top_k"": 50, ""repetition_penalty"": 1.0, ""max_new_tokens"": 128}"
bytekgwV6,1.0,0,1364,130,130,These two healthcare REITs are trading for dirt-cheap valuations despite high dividends and a solid history of growth. Investing in ,"These two healthcare REITs are trading for dirt-cheap valuations despite high dividends and a solid history of growth. Investing in 2022 is all about patience, so consider giving these two companies a close look.
1. Welltower Inc. (WELL)
With a market capitalization of over $50 billion, Welltower is one of the largest healthcare REITs in the world. It has a diverse portfolio of medical office buildings, hospitals, and post-acute care facilities. WELL has a proven track record of growing its FFO (Funds From Operations) at a high rate, with a 5-year average annual growth rate of 5.5%.
WELL's dividend yield is currently around 3.3%, which is attractive in today's","2022 is all about patience, so consider giving these two companies a close look.
1. Welltower Inc. (WELL)
With a market capitalization of over $50 billion, Welltower is one of the largest healthcare REITs in the world. It has a diverse portfolio of medical office buildings, hospitals, and post-acute care facilities. WELL has a proven track record of growing its FFO (Funds From Operations) at a high rate, with a 5-year average annual growth rate of 5.5%.
WELL's dividend yield is currently around 3.3%, which is attractive in today's","{""do_sample"": true, ""temperature"": 1.0, ""top_p"": 0.95, ""top_k"": 50, ""repetition_penalty"": 1.0, ""max_new_tokens"": 128}"
bytekgwV6,1.0,0,1366,132,132,Young Lions skipper Brad Galvin isn’t afraid of taking his side’s ‘scrappy’ style of play into Sunday’s semi final clash ,"Young Lions skipper Brad Galvin isn’t afraid of taking his side’s ‘scrappy’ style of play into Sunday’s semi final clash  against Nadi.
The Fijian side has been labelled scrappy and unsophisticated by some critics, but Galvin believes it’s a strategy that has brought them this far and will continue to work for them.
“Yeah, we might not be the prettiest team to watch, but we get the job done,” Galvin said.
“We know we’re not going to blow teams away with fancy football, but we work hard and we’re willing to put in the effort to get the result we want.
“Nadi is going to be a tough test for us, but we’re up for the challenge."," against Nadi.
The Fijian side has been labelled scrappy and unsophisticated by some critics, but Galvin believes it’s a strategy that has brought them this far and will continue to work for them.
“Yeah, we might not be the prettiest team to watch, but we get the job done,” Galvin said.
“We know we’re not going to blow teams away with fancy football, but we work hard and we’re willing to put in the effort to get the result we want.
“Nadi is going to be a tough test for us, but we’re up for the challenge.","{""do_sample"": true, ""temperature"": 1.0, ""top_p"": 0.95, ""top_k"": 50, ""repetition_penalty"": 1.0, ""max_new_tokens"": 128}"
bytekgwV6,1.0,0,1368,134,134,"For a career that once seemed so good on paper, the crisis in teacher recruitment is now hardly ever out ","For a career that once seemed so good on paper, the crisis in teacher recruitment is now hardly ever out 0f the headlines.
In 2015, the UK government promised an extra £1 billion for teachers' pay, £150 million for teacher training and a new bursary for trainees. It was a big deal, intended to make the profession more attractive.
Fast forward to today, and things are looking rather different.
Teacher recruitment remains a major challenge. According to the National Foundation for Educational Research (NFER), the number of people applying to study for a teaching qualification has been falling for several years.
In 2017, the number of applicants for teacher training dropped by 15% compared to the previous year. And it","0f the headlines.
In 2015, the UK government promised an extra £1 billion for teachers' pay, £150 million for teacher training and a new bursary for trainees. It was a big deal, intended to make the profession more attractive.
Fast forward to today, and things are looking rather different.
Teacher recruitment remains a major challenge. According to the National Foundation for Educational Research (NFER), the number of people applying to study for a teaching qualification has been falling for several years.
In 2017, the number of applicants for teacher training dropped by 15% compared to the previous year. And it","{""do_sample"": true, ""temperature"": 1.0, ""top_p"": 0.95, ""top_k"": 50, ""repetition_penalty"": 1.0, ""max_new_tokens"": 128}"
bytekgwV6,1.0,0,1370,136,136,councilors at the USC Annenberg School for Communication. Arkansas governor and congressman who joined the board in 2006. renewed attention ,"councilors at the USC Annenberg School for Communication. Arkansas governor and congressman who joined the board in 2006. renewed attention 3 days after the shooting when it emerged that the shooter was.
The University of Southern California (USC) announced Tuesday that it has hired a. said he would focus on strengthening the school’s ties with Los Angeles and promoting the university. He will also.
The USC Shoah Foundation Institute, established by Steven Spielberg in 1994, has collected over 50,000 testimonies from Holocaust survivors and other witnesses. This unique archive is a valuable resource for.
Founded in 1880, the University of Southern California (USC) is a private research university located in the heart of Los Angeles. With a diverse student body of over","3 days after the shooting when it emerged that the shooter was.
The University of Southern California (USC) announced Tuesday that it has hired a. said he would focus on strengthening the school’s ties with Los Angeles and promoting the university. He will also.
The USC Shoah Foundation Institute, established by Steven Spielberg in 1994, has collected over 50,000 testimonies from Holocaust survivors and other witnesses. This unique archive is a valuable resource for.
Founded in 1880, the University of Southern California (USC) is a private research university located in the heart of Los Angeles. With a diverse student body of over","{""do_sample"": true, ""temperature"": 1.0, ""top_p"": 0.95, ""top_k"": 50, ""repetition_penalty"": 1.0, ""max_new_tokens"": 128}"
bytekgwV6,1.0,0,1372,138,138,The Las Vegas real estate market got a small reprieve in February; with sales volume at a four-year high for ,"The Las Vegas real estate market got a small reprieve in February; with sales volume at a four-year high for 2023. The median home price for the Las Vegas Valley dropped to $425,000, which is 1.6% lower than January’s figure. According to the Greater Las Vegas Association of Realtors, 3,463 single-family homes were sold in February, which is up by 10.3% compared to the same month last year.
The median home price for condos and townhomes in Las Vegas is now at $270,000, up 1.3% from January’s figure. The total number of homes sold in February was 4,354, which represents a 9.4% increase from the","2023. The median home price for the Las Vegas Valley dropped to $425,000, which is 1.6% lower than January’s figure. According to the Greater Las Vegas Association of Realtors, 3,463 single-family homes were sold in February, which is up by 10.3% compared to the same month last year.
The median home price for condos and townhomes in Las Vegas is now at $270,000, up 1.3% from January’s figure. The total number of homes sold in February was 4,354, which represents a 9.4% increase from the","{""do_sample"": true, ""temperature"": 1.0, ""top_p"": 0.95, ""top_k"": 50, ""repetition_penalty"": 1.0, ""max_new_tokens"": 128}"
bytekgwV6,1.0,0,1374,140,140,Rafael Nadal became the first man to win eight titles at the same Grand Slam tournament after beating fellow Spaniard ,"Rafael Nadal became the first man to win eight titles at the same Grand Slam tournament after beating fellow Spaniard 17th seed Roberto Bautista Agut 6-2, 6-1, 6-3 in the US Open final.
The 19-time Grand Slam champion, known for his dominant play on clay, has now won 12 major titles, moving ahead of Pete Sampras and Roger Federer, who have 11 each. Nadal won all 16 of his service games and hit 20 winners to secure his first US Open title since 2010.
""He's a great champion, and I think he's going to stay there for a long time,"" Bautista Agut said. ""I think he","17th seed Roberto Bautista Agut 6-2, 6-1, 6-3 in the US Open final.
The 19-time Grand Slam champion, known for his dominant play on clay, has now won 12 major titles, moving ahead of Pete Sampras and Roger Federer, who have 11 each. Nadal won all 16 of his service games and hit 20 winners to secure his first US Open title since 2010.
""He's a great champion, and I think he's going to stay there for a long time,"" Bautista Agut said. ""I think he","{""do_sample"": true, ""temperature"": 1.0, ""top_p"": 0.95, ""top_k"": 50, ""repetition_penalty"": 1.0, ""max_new_tokens"": 128}"
bytekgwV6,1.0,0,1376,142,142,"No longer limited to calling other Jaxtr users, the service is taking cue from Skype for its revenue strategy. Jaxtr, ","No longer limited to calling other Jaxtr users, the service is taking cue from Skype for its revenue strategy. Jaxtr, 24 months old, allows users to dial any phone number in the world, using the VoIP (voice over internet protocol) technology.
The new plan allows Jaxtr users to purchase credits, similar to Skype, and use them to make calls to landlines or mobile phones worldwide. The company has expanded its service to support more than 200 countries and has a global reach of over 300 million users.
""Jaxtr's expanded service now makes it easier for users to stay connected with friends and family all over the world, using a simple, affordable and convenient way,"" said Payam Zamani, Jaxtr's founder and","24 months old, allows users to dial any phone number in the world, using the VoIP (voice over internet protocol) technology.
The new plan allows Jaxtr users to purchase credits, similar to Skype, and use them to make calls to landlines or mobile phones worldwide. The company has expanded its service to support more than 200 countries and has a global reach of over 300 million users.
""Jaxtr's expanded service now makes it easier for users to stay connected with friends and family all over the world, using a simple, affordable and convenient way,"" said Payam Zamani, Jaxtr's founder and","{""do_sample"": true, ""temperature"": 1.0, ""top_p"": 0.95, ""top_k"": 50, ""repetition_penalty"": 1.0, ""max_new_tokens"": 128}"
bytekgwV6,1.0,0,1378,144,144,A three member bench of the Supreme Court has adjourned the hearing of Orange Line Metro Train case till Friday. ,"A three member bench of the Supreme Court has adjourned the hearing of Orange Line Metro Train case till Friday.  Justice Sheikh Azmat Saeed, Justice Mansoor Ali Shah and Justice Amir Farooq heard the case and expressed their reservations over the construction work of Orange Line Metro Train project.
During the hearing, the counsel for the petitioners, Muhammad Azhar Siddique, presented his arguments and informed the court that the construction work was being carried out without the permission of the competent authority.
The counsel for the Lahore Development Authority (LDA), Faisal Siddique, argued that the LDA had given its approval for the construction work and the project was being carried out according to the approved design.
Justice Sheikh Azmat Saeed asked"," Justice Sheikh Azmat Saeed, Justice Mansoor Ali Shah and Justice Amir Farooq heard the case and expressed their reservations over the construction work of Orange Line Metro Train project.
During the hearing, the counsel for the petitioners, Muhammad Azhar Siddique, presented his arguments and informed the court that the construction work was being carried out without the permission of the competent authority.
The counsel for the Lahore Development Authority (LDA), Faisal Siddique, argued that the LDA had given its approval for the construction work and the project was being carried out according to the approved design.
Justice Sheikh Azmat Saeed asked","{""do_sample"": true, ""temperature"": 1.0, ""top_p"": 0.95, ""top_k"": 50, ""repetition_penalty"": 1.0, ""max_new_tokens"": 128}"
bytekgwV6,1.0,0,1380,146,146,"A primary school caretaker has been found guilty of attacking a group of teenagers. Karl Lucas, 27, of Manor Fields, ","A primary school caretaker has been found guilty of attacking a group of teenagers. Karl Lucas, 27, of Manor Fields,  was accused of assaulting three teenagers, aged 15, 16, and 17, in a park in Coventry.
The court heard that the incident occurred in the early hours of October 20, when the group of teenagers were sitting on a bench in the park.
Lucas, who was off-duty at the time, approached the group and began shouting at them, claiming they were trespassing. When the teenagers tried to leave, Lucas grabbed one of them and pushed him to the ground, causing him to fall and hit his head on a rock.
The teenagers fled the scene, but the 16-year-old boy who was"," was accused of assaulting three teenagers, aged 15, 16, and 17, in a park in Coventry.
The court heard that the incident occurred in the early hours of October 20, when the group of teenagers were sitting on a bench in the park.
Lucas, who was off-duty at the time, approached the group and began shouting at them, claiming they were trespassing. When the teenagers tried to leave, Lucas grabbed one of them and pushed him to the ground, causing him to fall and hit his head on a rock.
The teenagers fled the scene, but the 16-year-old boy who was","{""do_sample"": true, ""temperature"": 1.0, ""top_p"": 0.95, ""top_k"": 50, ""repetition_penalty"": 1.0, ""max_new_tokens"": 128}"
bytekgwV6,1.0,0,1382,148,148,"It's not always easy to keep mentally focused during running. Focus requires discipline and a certain level of mental toughness, ","It's not always easy to keep mentally focused during running. Focus requires discipline and a certain level of mental toughness, 1. The goal of this mental technique is to distract the mind from pain, boredom, and other distractions and maintain a consistent pace. The use of mental tricks to improve your running can vary depending on the individual, but the most important thing is to find what works best for you.

Here are some mental techniques that can help you stay focused while running:

1. **Set specific goals**: Setting specific, challenging goals can help you stay motivated and focused during your run. It could be anything from a certain distance or time to beat your personal best.

2. **Use positive self-talk**: Encouraging yourself with positive affirmations can help","1. The goal of this mental technique is to distract the mind from pain, boredom, and other distractions and maintain a consistent pace. The use of mental tricks to improve your running can vary depending on the individual, but the most important thing is to find what works best for you.

Here are some mental techniques that can help you stay focused while running:

1. **Set specific goals**: Setting specific, challenging goals can help you stay motivated and focused during your run. It could be anything from a certain distance or time to beat your personal best.

2. **Use positive self-talk**: Encouraging yourself with positive affirmations can help","{""do_sample"": true, ""temperature"": 1.0, ""top_p"": 0.95, ""top_k"": 50, ""repetition_penalty"": 1.0, ""max_new_tokens"": 128}"
bytekgwV6,1.0,0,1384,150,150,"Amazingly, half of all Americans say they don’t care about government surveillance — and during a random sampling of people ","Amazingly, half of all Americans say they don’t care about government surveillance — and during a random sampling of people 25 and older, 23% said they weren’t concerned at all. This has led some researchers to wonder if Americans have grown so accustomed to privacy intrusions that they simply accept them as part of life, or if there’s something more going on here.
One theory is that people have become desensitized to the idea of government snooping, thanks to years of exposure to stories about surveillance and hacking. Another is that some people genuinely believe that if they have nothing to hide, they have nothing to lose. That is, if they’re not doing anything wrong, they figure the government has no reason to be snooping on them.
","25 and older, 23% said they weren’t concerned at all. This has led some researchers to wonder if Americans have grown so accustomed to privacy intrusions that they simply accept them as part of life, or if there’s something more going on here.
One theory is that people have become desensitized to the idea of government snooping, thanks to years of exposure to stories about surveillance and hacking. Another is that some people genuinely believe that if they have nothing to hide, they have nothing to lose. That is, if they’re not doing anything wrong, they figure the government has no reason to be snooping on them.
","{""do_sample"": true, ""temperature"": 1.0, ""top_p"": 0.95, ""top_k"": 50, ""repetition_penalty"": 1.0, ""max_new_tokens"": 128}"
bytekgwV6,1.0,0,1386,152,152,"Ubuntu 10.04 LTS Lucid Lynx is the latest Linux operating system from Canonical, aimed at consumers. It's free, but is ","Ubuntu 10.04 LTS Lucid Lynx is the latest Linux operating system from Canonical, aimed at consumers. It's free, but is 10.04 LTS worth your time?
The beauty of Linux lies in its ability to provide a robust, open-source, and free alternative to proprietary operating systems. While Linux might not have the same level of polish and ease of use as Windows or Mac, it offers a unique set of features and customizations that make it an attractive option for many users.
Ubuntu is one of the most popular Linux distributions, known for its user-friendly interface, vast hardware support, and regular updates. The latest release, Ubuntu 10.04 LTS (Lucid Lynx), promises to be a major update to the series, with improved performance, new features","10.04 LTS worth your time?
The beauty of Linux lies in its ability to provide a robust, open-source, and free alternative to proprietary operating systems. While Linux might not have the same level of polish and ease of use as Windows or Mac, it offers a unique set of features and customizations that make it an attractive option for many users.
Ubuntu is one of the most popular Linux distributions, known for its user-friendly interface, vast hardware support, and regular updates. The latest release, Ubuntu 10.04 LTS (Lucid Lynx), promises to be a major update to the series, with improved performance, new features","{""do_sample"": true, ""temperature"": 1.0, ""top_p"": 0.95, ""top_k"": 50, ""repetition_penalty"": 1.0, ""max_new_tokens"": 128}"
bytekgwV6,1.0,0,1388,154,154,"New York’s bike share really does attract way more commuters than tourists. Since its debut last year, New York City’s ","New York’s bike share really does attract way more commuters than tourists. Since its debut last year, New York City’s 24,000-strong bike-share fleet has racked up millions of trips, with the majority going to daily commuters. According to data released by the city yesterday, the most popular routes in the bike-share system are actually just a few miles long – suggesting that many people are using the bikes to get to work, school or other regular destinations.
In the data, released to WNYC, the five most popular routes in the bike-share system are all less than 5 miles long, and only one of them takes riders out of Manhattan. The top route, which has been taken by more than 1.6 million people, is the route","24,000-strong bike-share fleet has racked up millions of trips, with the majority going to daily commuters. According to data released by the city yesterday, the most popular routes in the bike-share system are actually just a few miles long – suggesting that many people are using the bikes to get to work, school or other regular destinations.
In the data, released to WNYC, the five most popular routes in the bike-share system are all less than 5 miles long, and only one of them takes riders out of Manhattan. The top route, which has been taken by more than 1.6 million people, is the route","{""do_sample"": true, ""temperature"": 1.0, ""top_p"": 0.95, ""top_k"": 50, ""repetition_penalty"": 1.0, ""max_new_tokens"": 128}"
bytekgwV6,1.0,0,1390,156,156,"On Jan. 15, nine of 12 members of the National Park System Advisory Board sent a letter to Interior Secretary ","On Jan. 15, nine of 12 members of the National Park System Advisory Board sent a letter to Interior Secretary  Zinke, urging him to keep the Bears Ears National Monument and other national monuments in their current form.
The Board is an independent body established by Congress in 1935 to provide guidance on the development of the national park system. Its members are appointed by the President and serve six-year terms.
The letter stated that the board ""believes it is essential to maintain the integrity and significance of these national monuments, which are irreplaceable cultural, historical, and natural resources."" It also expressed concern about the impact of reducing the size of these monuments on public access, recreation, and the economies of local communities that rely on them.
"," Zinke, urging him to keep the Bears Ears National Monument and other national monuments in their current form.
The Board is an independent body established by Congress in 1935 to provide guidance on the development of the national park system. Its members are appointed by the President and serve six-year terms.
The letter stated that the board ""believes it is essential to maintain the integrity and significance of these national monuments, which are irreplaceable cultural, historical, and natural resources."" It also expressed concern about the impact of reducing the size of these monuments on public access, recreation, and the economies of local communities that rely on them.
","{""do_sample"": true, ""temperature"": 1.0, ""top_p"": 0.95, ""top_k"": 50, ""repetition_penalty"": 1.0, ""max_new_tokens"": 128}"
bytekgwV6,1.0,0,1392,158,158,"October 30, 2017  Mancari offers stories of wandering and homecoming, colored by a determination to live, artistically, beyond the ","October 30, 2017  Mancari offers stories of wandering and homecoming, colored by a determination to live, artistically, beyond the 9-to-5.
October 16, 2017  In her critically acclaimed debut novel, Less, Andrew Sean Greer takes readers on a humorous and poignant journey around the world.
October 9, 2017  Tova Mirvis's novel, The Book of Separation, explores the tensions and complexities of a Jewish woman's decision to leave her community.
September 18, 2017  Lauren Groff's novel, Florida, is a collection of stories that weave together the lives of women and girls in the author's home state.
September 11, 2017  In her debut novel","9-to-5.
October 16, 2017  In her critically acclaimed debut novel, Less, Andrew Sean Greer takes readers on a humorous and poignant journey around the world.
October 9, 2017  Tova Mirvis's novel, The Book of Separation, explores the tensions and complexities of a Jewish woman's decision to leave her community.
September 18, 2017  Lauren Groff's novel, Florida, is a collection of stories that weave together the lives of women and girls in the author's home state.
September 11, 2017  In her debut novel","{""do_sample"": true, ""temperature"": 1.0, ""top_p"": 0.95, ""top_k"": 50, ""repetition_penalty"": 1.0, ""max_new_tokens"": 128}"
bytekgwV6,1.0,0,1394,160,160,"Since 2010, Microsoft has been working on a gaming display system so small that it wouldn't need to be sitting ","Since 2010, Microsoft has been working on a gaming display system so small that it wouldn't need to be sitting 6 feet away from the player. Instead, it would sit directly on the player's face, effectively creating a miniature window into a digital world.

Today, the tech giant announced that it has made significant progress with its HoloLens project. The first-ever public demo of HoloLens was held at the Build 2014 developer conference in San Francisco, where attendees donned the futuristic-looking headset and explored a 3D holographic game. The display was crisp and clear, with characters and objects projected directly onto the surrounding environment.

HoloLens is designed to work seamlessly with the player's surroundings. The device uses a 45-degree","6 feet away from the player. Instead, it would sit directly on the player's face, effectively creating a miniature window into a digital world.

Today, the tech giant announced that it has made significant progress with its HoloLens project. The first-ever public demo of HoloLens was held at the Build 2014 developer conference in San Francisco, where attendees donned the futuristic-looking headset and explored a 3D holographic game. The display was crisp and clear, with characters and objects projected directly onto the surrounding environment.

HoloLens is designed to work seamlessly with the player's surroundings. The device uses a 45-degree","{""do_sample"": true, ""temperature"": 1.0, ""top_p"": 0.95, ""top_k"": 50, ""repetition_penalty"": 1.0, ""max_new_tokens"": 128}"
bytekgwV6,1.0,0,1396,162,162,Dubai: The Dubai Financial Market (DFM) witnessed another round of selling on Monday as traders remained cautious ahead of a ,"Dubai: The Dubai Financial Market (DFM) witnessed another round of selling on Monday as traders remained cautious ahead of a 5-day Eid holiday.
The bourse ended the day 1.4 per cent lower, with the overall market capitalisation declining to Dh1.54 trillion (approximately $417 billion) from Dh1.56 trillion the previous day.
Investors were hesitant to make large bets, citing concerns about the global economic outlook, weak earnings and ongoing uncertainty surrounding the US-China trade tensions.
The DFM General Index closed at 3,533.45 points, down 1.4 per cent or 49.37 points from the previous day’s close.
Sector-wise, the real estate and insurance sectors led the losses, each declining ","5-day Eid holiday.
The bourse ended the day 1.4 per cent lower, with the overall market capitalisation declining to Dh1.54 trillion (approximately $417 billion) from Dh1.56 trillion the previous day.
Investors were hesitant to make large bets, citing concerns about the global economic outlook, weak earnings and ongoing uncertainty surrounding the US-China trade tensions.
The DFM General Index closed at 3,533.45 points, down 1.4 per cent or 49.37 points from the previous day’s close.
Sector-wise, the real estate and insurance sectors led the losses, each declining ","{""do_sample"": true, ""temperature"": 1.0, ""top_p"": 0.95, ""top_k"": 50, ""repetition_penalty"": 1.0, ""max_new_tokens"": 128}"
bytekgwV6,1.0,0,1398,164,164,"I didn’t notice, but I’ve been told George W, Bush delivered his latest speech smoothly, more so than most of ","I didn’t notice, but I’ve been told George W, Bush delivered his latest speech smoothly, more so than most of 2008 candidates
I must say I didn’t watch the speech myself, but a little bird told me that his speech was indeed a successful one. Well done, George W. Bush! I’m glad he’s still got it when it comes to public speaking. After all, he did get elected president not once, but twice, which is no easy feat.
I think there were a few people who were surprised by how well he delivered the speech, considering he’s not exactly known for his eloquence. But I suppose practice makes perfect, and he’s definitely had his fair share of practice over the years. I mean, being president","2008 candidates
I must say I didn’t watch the speech myself, but a little bird told me that his speech was indeed a successful one. Well done, George W. Bush! I’m glad he’s still got it when it comes to public speaking. After all, he did get elected president not once, but twice, which is no easy feat.
I think there were a few people who were surprised by how well he delivered the speech, considering he’s not exactly known for his eloquence. But I suppose practice makes perfect, and he’s definitely had his fair share of practice over the years. I mean, being president","{""do_sample"": true, ""temperature"": 1.0, ""top_p"": 0.95, ""top_k"": 50, ""repetition_penalty"": 1.0, ""max_new_tokens"": 128}"
bytekgwV6,1.0,0,1400,166,166,Seven-Year-Old Florida Boy Swallows Grill! This 7-year-old boy became the latest victim of hip-hop culture – as he was rushed ,"Seven-Year-Old Florida Boy Swallows Grill! This 7-year-old boy became the latest victim of hip-hop culture – as he was rushed  to a hospital after swallowing a grill he found on the beach.
The boy, who was not identified, was playing on the beach with his family in Destin, Florida when he came across the grill, which was abandoned.
In a 911 call, his frantic mother described the situation: ""My son just swallowed something. I don't know what it is. He found something on the beach, and I don't think it's safe for him to eat it.""
Emergency responders quickly arrived and rushed the boy to a nearby hospital, where doctors were able to remove the grill from his digestive system.
The boy was treated and released from"," to a hospital after swallowing a grill he found on the beach.
The boy, who was not identified, was playing on the beach with his family in Destin, Florida when he came across the grill, which was abandoned.
In a 911 call, his frantic mother described the situation: ""My son just swallowed something. I don't know what it is. He found something on the beach, and I don't think it's safe for him to eat it.""
Emergency responders quickly arrived and rushed the boy to a nearby hospital, where doctors were able to remove the grill from his digestive system.
The boy was treated and released from","{""do_sample"": true, ""temperature"": 1.0, ""top_p"": 0.95, ""top_k"": 50, ""repetition_penalty"": 1.0, ""max_new_tokens"": 128}"
bytekgwV6,1.0,0,1402,168,168,"Plan B has announced a nationwide UK tour this autumn. The rapper-turned-singer, who scored a UK Number One album with ","Plan B has announced a nationwide UK tour this autumn. The rapper-turned-singer, who scored a UK Number One album with 2006’s Who Needs Action?, will play shows in London, Manchester, Glasgow, Cardiff and more.
The tour follows the release of his latest album, You Are Alpha, which arrived in May to critical acclaim. It’s Plan B’s first new material since 2012’s The Ballad Of Bonehead, Jones and the Others.
You Are Alpha saw Plan B working with production duo The Heatwave, and features guest appearances from singer-songwriter Rachel Zeffira and grime MC Kano. The album has been praised for its blend of soul, reggae and hip-hop influences, and has been described by NME as","2006’s Who Needs Action?, will play shows in London, Manchester, Glasgow, Cardiff and more.
The tour follows the release of his latest album, You Are Alpha, which arrived in May to critical acclaim. It’s Plan B’s first new material since 2012’s The Ballad Of Bonehead, Jones and the Others.
You Are Alpha saw Plan B working with production duo The Heatwave, and features guest appearances from singer-songwriter Rachel Zeffira and grime MC Kano. The album has been praised for its blend of soul, reggae and hip-hop influences, and has been described by NME as","{""do_sample"": true, ""temperature"": 1.0, ""top_p"": 0.95, ""top_k"": 50, ""repetition_penalty"": 1.0, ""max_new_tokens"": 128}"
bytekgwV6,1.0,0,1404,170,170,"Do as I did, started my own business and see how much work it takes and then go from there. ","Do as I did, started my own business and see how much work it takes and then go from there. 1. I started my own business, which was selling t-shirts. I created a brand and a product that I was passionate about, and I worked hard to promote it and sell it. I learned a lot about marketing, sales, and entrepreneurship, and I also learned a lot about myself and what I was capable of.
Do as I did, started my own business and see how much work it takes and then go from there. I started my own business, which was selling t-shirts. I created a brand and a product that I was passionate about, and I worked hard to promote it and sell it. I learned a lot about","1. I started my own business, which was selling t-shirts. I created a brand and a product that I was passionate about, and I worked hard to promote it and sell it. I learned a lot about marketing, sales, and entrepreneurship, and I also learned a lot about myself and what I was capable of.
Do as I did, started my own business and see how much work it takes and then go from there. I started my own business, which was selling t-shirts. I created a brand and a product that I was passionate about, and I worked hard to promote it and sell it. I learned a lot about","{""do_sample"": true, ""temperature"": 1.0, ""top_p"": 0.95, ""top_k"": 50, ""repetition_penalty"": 1.0, ""max_new_tokens"": 128}"
bytekgwV6,1.0,0,1406,172,172,"A large, brand-new movie studio in Palm Beach County already has a potential box-office hit. Twentieth Century Fox will film ","A large, brand-new movie studio in Palm Beach County already has a potential box-office hit. Twentieth Century Fox will film 11 episodes of the popular TV series ""Burn Notice"" at the new studio, which is being built in Lake Worth.
The studio, called the Palm Beach Film & Television Production Facility, is being constructed on a 12-acre site in Lake Worth. It will feature eight soundstages, including a 30,000-square-foot stage and a 10,000-square-foot stage.
In addition to the ""Burn Notice"" production, the studio is expected to attract other film and TV productions to the area, creating hundreds of jobs and generating millions of dollars in economic activity for the local community.
""We're thrilled to have Twentieth Century Fox","11 episodes of the popular TV series ""Burn Notice"" at the new studio, which is being built in Lake Worth.
The studio, called the Palm Beach Film & Television Production Facility, is being constructed on a 12-acre site in Lake Worth. It will feature eight soundstages, including a 30,000-square-foot stage and a 10,000-square-foot stage.
In addition to the ""Burn Notice"" production, the studio is expected to attract other film and TV productions to the area, creating hundreds of jobs and generating millions of dollars in economic activity for the local community.
""We're thrilled to have Twentieth Century Fox","{""do_sample"": true, ""temperature"": 1.0, ""top_p"": 0.95, ""top_k"": 50, ""repetition_penalty"": 1.0, ""max_new_tokens"": 128}"
bytekgwV6,1.0,0,1408,174,174,Bengaluru — Gold prices rose on Thursday as the growing expectation that the US Federal Reserve will pause its rate ,"Bengaluru — Gold prices rose on Thursday as the growing expectation that the US Federal Reserve will pause its rate  hike cycle in coming months supported the safe-haven metal, but the gains were limited by a stronger dollar.
Spot gold rose 0.3% to $1,323.44 per ounce, while US gold futures climbed 0.4% to $1,324.50 per ounce.
The dollar index, which measures the greenback against six major currencies, rose 0.3% against a basket of currencies, making gold more expensive for holders of other currencies.
“Gold has been benefiting from the expectation of a rate cut or a pause in rate hikes by the Fed, but the dollar's strength is still capping"," hike cycle in coming months supported the safe-haven metal, but the gains were limited by a stronger dollar.
Spot gold rose 0.3% to $1,323.44 per ounce, while US gold futures climbed 0.4% to $1,324.50 per ounce.
The dollar index, which measures the greenback against six major currencies, rose 0.3% against a basket of currencies, making gold more expensive for holders of other currencies.
“Gold has been benefiting from the expectation of a rate cut or a pause in rate hikes by the Fed, but the dollar's strength is still capping","{""do_sample"": true, ""temperature"": 1.0, ""top_p"": 0.95, ""top_k"": 50, ""repetition_penalty"": 1.0, ""max_new_tokens"": 128}"
bytekgwV6,1.0,0,1410,176,176,"After your business is up and running, your focus naturally shifts to increasing efficiency. The small things you do to ","After your business is up and running, your focus naturally shifts to increasing efficiency. The small things you do to  make sure your business runs smoothly, such as developing strong processes, leveraging technology, and creating a supportive organizational structure, are crucial for success. These tips can help you improve your overall efficiency and profitability.
1. Automate Repetitive Tasks
Automation is one of the most effective ways to increase efficiency in business. By automating repetitive tasks, you can free up your team to focus on more complex and creative tasks.
2. Streamline Communication
Good communication is the backbone of any successful business. However, it can be easy to get bogged down in email, phone calls, and meetings. Streamlining communication by using project management tools"," make sure your business runs smoothly, such as developing strong processes, leveraging technology, and creating a supportive organizational structure, are crucial for success. These tips can help you improve your overall efficiency and profitability.
1. Automate Repetitive Tasks
Automation is one of the most effective ways to increase efficiency in business. By automating repetitive tasks, you can free up your team to focus on more complex and creative tasks.
2. Streamline Communication
Good communication is the backbone of any successful business. However, it can be easy to get bogged down in email, phone calls, and meetings. Streamlining communication by using project management tools","{""do_sample"": true, ""temperature"": 1.0, ""top_p"": 0.95, ""top_k"": 50, ""repetition_penalty"": 1.0, ""max_new_tokens"": 128}"
bytekgwV6,1.0,0,1412,178,178,"(Trinidad Guardian) It has been 42 days since Gan­gad­har Hanooman, 49, has been miss­ing and rel­a­tives in re­new­ing their calls ","(Trinidad Guardian) It has been 42 days since Gan­gad­har Hanooman, 49, has been miss­ing and rel­a­tives in re­new­ing their calls  for as­sis­tance from the po­lice to find him.
Hanooman, a res­i­dent of the San­ge­er­tar area, was last seen leav­ing his home on Jan­u­ary 17. His fam­i­ly said he had plans to go to a neigh­bour­hood shop but never re­turned.
His wife, Sunita, and two adult sons, Raja and Kiran, have been or­gan­is­ing search par­ties and dis­trib­ut­ing post­ers around the area, but so far, there have"," for as­sis­tance from the po­lice to find him.
Hanooman, a res­i­dent of the San­ge­er­tar area, was last seen leav­ing his home on Jan­u­ary 17. His fam­i­ly said he had plans to go to a neigh­bour­hood shop but never re­turned.
His wife, Sunita, and two adult sons, Raja and Kiran, have been or­gan­is­ing search par­ties and dis­trib­ut­ing post­ers around the area, but so far, there have","{""do_sample"": true, ""temperature"": 1.0, ""top_p"": 0.95, ""top_k"": 50, ""repetition_penalty"": 1.0, ""max_new_tokens"": 128}"
bytekgwV6,1.0,0,1414,180,180,"Maureen Hancock is an internationally renowned Spirit Medium, intuitive, teacher, lecturer, Holistic Healer, and author of the bestselling book, “The ","Maureen Hancock is an internationally renowned Spirit Medium, intuitive, teacher, lecturer, Holistic Healer, and author of the bestselling book, “The 5 Levels of Healing”. She has been featured on numerous television shows, including “The Montel Williams Show,” “The View,” “The Early Show,” and “Ripley’s Believe It or Not!”

Maureen Hancock is a gifted medium who has been communicating with the spirit world for over 30 years. She has worked with countless individuals, providing them with accurate and insightful readings. Her connection to the spirit world has allowed her to bring messages of love, healing, and hope to those who are seeking guidance and support.

Maureen Hancock is also a passionate teacher and lecturer, sharing her knowledge and expertise with others. She has taught","5 Levels of Healing”. She has been featured on numerous television shows, including “The Montel Williams Show,” “The View,” “The Early Show,” and “Ripley’s Believe It or Not!”

Maureen Hancock is a gifted medium who has been communicating with the spirit world for over 30 years. She has worked with countless individuals, providing them with accurate and insightful readings. Her connection to the spirit world has allowed her to bring messages of love, healing, and hope to those who are seeking guidance and support.

Maureen Hancock is also a passionate teacher and lecturer, sharing her knowledge and expertise with others. She has taught","{""do_sample"": true, ""temperature"": 1.0, ""top_p"": 0.95, ""top_k"": 50, ""repetition_penalty"": 1.0, ""max_new_tokens"": 128}"
bytekgwV6,1.0,0,1416,182,182,"Samoas and Thin Mints and Tagalongs, oh my! It's time to celebrate those little cookies that make diets shut right ","Samoas and Thin Mints and Tagalongs, oh my! It's time to celebrate those little cookies that make diets shut right  up.
I've made my own versions of these delicious Girl Scout cookies, but the real fun is experimenting with new flavor combinations and decorating ideas.
If you're a fellow Girl Scout cookie enthusiast, then you've got to check out this blog post from Good Housekeeping. They've rounded up 15 creative Girl Scout cookie hacks and ideas to make your cookie love even stronger.
Here are a few of my favorites:

1. S'mores Samoas: Use Samoas, graham crackers, chocolate chips, and marshmallows to create the ultimate s'mores sandwich.
2. Thin Mint Brownies: Crush Thin Mints"," up.
I've made my own versions of these delicious Girl Scout cookies, but the real fun is experimenting with new flavor combinations and decorating ideas.
If you're a fellow Girl Scout cookie enthusiast, then you've got to check out this blog post from Good Housekeeping. They've rounded up 15 creative Girl Scout cookie hacks and ideas to make your cookie love even stronger.
Here are a few of my favorites:

1. S'mores Samoas: Use Samoas, graham crackers, chocolate chips, and marshmallows to create the ultimate s'mores sandwich.
2. Thin Mint Brownies: Crush Thin Mints","{""do_sample"": true, ""temperature"": 1.0, ""top_p"": 0.95, ""top_k"": 50, ""repetition_penalty"": 1.0, ""max_new_tokens"": 128}"
bytekgwV6,1.0,0,1418,184,184,"If it were ever possible to cram all the glittering boy-meets-girl, high-school-love-story stereotypes into one movie, A Cinderella Story does ","If it were ever possible to cram all the glittering boy-meets-girl, high-school-love-story stereotypes into one movie, A Cinderella Story does 95% of the heavy lifting. Hilary Duff and Chad Michael Murray star as Sam, a computer-whiz Cinderella, and Austin, the school's most popular jock, who unwittingly fall in love after an online chat.
But don't worry, this isn't your grandmother's fairy tale. The movie tosses in a batch of pop-culture updates, from a mean girl named Fiona (Jennifer Coolidge) who's the stepmother equivalent, to a hip-hop loving Cinderella who's more interested in coding than prancing around in glass slippers.
The result is a movie that's equal parts cheesy and charming,","95% of the heavy lifting. Hilary Duff and Chad Michael Murray star as Sam, a computer-whiz Cinderella, and Austin, the school's most popular jock, who unwittingly fall in love after an online chat.
But don't worry, this isn't your grandmother's fairy tale. The movie tosses in a batch of pop-culture updates, from a mean girl named Fiona (Jennifer Coolidge) who's the stepmother equivalent, to a hip-hop loving Cinderella who's more interested in coding than prancing around in glass slippers.
The result is a movie that's equal parts cheesy and charming,","{""do_sample"": true, ""temperature"": 1.0, ""top_p"": 0.95, ""top_k"": 50, ""repetition_penalty"": 1.0, ""max_new_tokens"": 128}"
bytekgwV6,1.0,0,1420,186,186,Readers may be familiar with the fundamental changes that took place in the Roman world as it converted from paganism ,"Readers may be familiar with the fundamental changes that took place in the Roman world as it converted from paganism  to Christianity. In this conversion process, the Roman Empire encountered a series of challenges related to the destruction of pagan temples, the incorporation of Christians into the Empire's social hierarchy, and the transformation of Roman culture. This course explores these challenges and the ways in which they shaped the development of Christianity and the Roman world. (Note: this course has been updated and replaced by a new course, ""From Paganism to Christianity: Transforming the Roman World, 2nd-4th Centuries CE"".)
This course examines the fundamental changes that took place in the Roman world as it converted from paganism to Christianity. We will"," to Christianity. In this conversion process, the Roman Empire encountered a series of challenges related to the destruction of pagan temples, the incorporation of Christians into the Empire's social hierarchy, and the transformation of Roman culture. This course explores these challenges and the ways in which they shaped the development of Christianity and the Roman world. (Note: this course has been updated and replaced by a new course, ""From Paganism to Christianity: Transforming the Roman World, 2nd-4th Centuries CE"".)
This course examines the fundamental changes that took place in the Roman world as it converted from paganism to Christianity. We will","{""do_sample"": true, ""temperature"": 1.0, ""top_p"": 0.95, ""top_k"": 50, ""repetition_penalty"": 1.0, ""max_new_tokens"": 128}"
bytekgwV6,1.0,0,1422,188,188,"A spokesman for the Red Crescent, Mahmoud al-Saadi, said Israeli forces opened fire on two young men who were traveling ","A spokesman for the Red Crescent, Mahmoud al-Saadi, said Israeli forces opened fire on two young men who were traveling 300 meters (1,000 feet) into the border, but they were able to return to the Gaza Strip unharmed.
The violence came as Palestinians in Gaza and the West Bank marked the anniversary of Israel's founding in 1948, which they call ""Nakba Day"" or the ""Day of the Catastrophe.""
Israel claims that the displacement of hundreds of thousands of Palestinians during the 1948 war was a result of Arab countries' rejection of the UN plan to partition the territory, and that many Palestinians left their homes voluntarily or were encouraged to do so by Arab leaders.
Palestinians, however, say that","300 meters (1,000 feet) into the border, but they were able to return to the Gaza Strip unharmed.
The violence came as Palestinians in Gaza and the West Bank marked the anniversary of Israel's founding in 1948, which they call ""Nakba Day"" or the ""Day of the Catastrophe.""
Israel claims that the displacement of hundreds of thousands of Palestinians during the 1948 war was a result of Arab countries' rejection of the UN plan to partition the territory, and that many Palestinians left their homes voluntarily or were encouraged to do so by Arab leaders.
Palestinians, however, say that","{""do_sample"": true, ""temperature"": 1.0, ""top_p"": 0.95, ""top_k"": 50, ""repetition_penalty"": 1.0, ""max_new_tokens"": 128}"
bytekgwV6,1.0,0,1424,190,190,"Can Container Store Start 2015 on a Positive Note? In 2014, it was hard to find bad-performing stocks, as the ","Can Container Store Start 2015 on a Positive Note? In 2014, it was hard to find bad-performing stocks, as the 2013-2014 stock market rally continued without any major correction. However, The Container Store Group, Inc. (NYSE:TCS) was one of the few names that underperformed during this period.
As a result, it will be interesting to see how the company starts 2015. The Container Store Group, Inc. (NYSE:TCS) reported fourth-quarter earnings that were better than expected, but the shares still fell after the announcement. Is there enough evidence to suggest that the stock can bounce back this year? Let's take a closer look at the company's financials and trends to find out.
The Container Store Group","2013-2014 stock market rally continued without any major correction. However, The Container Store Group, Inc. (NYSE:TCS) was one of the few names that underperformed during this period.
As a result, it will be interesting to see how the company starts 2015. The Container Store Group, Inc. (NYSE:TCS) reported fourth-quarter earnings that were better than expected, but the shares still fell after the announcement. Is there enough evidence to suggest that the stock can bounce back this year? Let's take a closer look at the company's financials and trends to find out.
The Container Store Group","{""do_sample"": true, ""temperature"": 1.0, ""top_p"": 0.95, ""top_k"": 50, ""repetition_penalty"": 1.0, ""max_new_tokens"": 128}"
bytekgwV6,1.0,0,1426,192,192,Packed WonderCon panel brings out stars and exclusive sneak peeks. Footage shown at WonderCon reveals what iconic monster looks like ,"Packed WonderCon panel brings out stars and exclusive sneak peeks. Footage shown at WonderCon reveals what iconic monster looks like 30 feet tall.
By Ian Freer on April 4, 2015 at 10:44AM
San Francisco - Comic-Con International's WonderCon in Anaheim, California, has become a must-attend event for fans of genre entertainment, offering sneak peeks, panels, and interviews with the industry's biggest stars. This year's event did not disappoint, with a packed panel featuring some of the biggest franchises in the business, including Star Wars, Marvel, and Jurassic World.
The Star Wars: The Force Awakens panel saw the return of director J.J. Abrams, producer Kathleen Kennedy, and stars John Boyega, Daisy","30 feet tall.
By Ian Freer on April 4, 2015 at 10:44AM
San Francisco - Comic-Con International's WonderCon in Anaheim, California, has become a must-attend event for fans of genre entertainment, offering sneak peeks, panels, and interviews with the industry's biggest stars. This year's event did not disappoint, with a packed panel featuring some of the biggest franchises in the business, including Star Wars, Marvel, and Jurassic World.
The Star Wars: The Force Awakens panel saw the return of director J.J. Abrams, producer Kathleen Kennedy, and stars John Boyega, Daisy","{""do_sample"": true, ""temperature"": 1.0, ""top_p"": 0.95, ""top_k"": 50, ""repetition_penalty"": 1.0, ""max_new_tokens"": 128}"
bytekgwV6,1.0,0,1428,194,194,10 diversity items for June 29: Unemployment up in most U.S. cities; Pew report shows diversity of U.S. Hispanics and ,"10 diversity items for June 29: Unemployment up in most U.S. cities; Pew report shows diversity of U.S. Hispanics and 9 more.
Unemployment rises in most major U.S. cities: The unemployment rate rose in May in most major U.S. cities, with 11 cities experiencing a gain of 0.2 percentage points or more, the Labor Department reported. (Source: The Wall Street Journal)
Diverse U.S. Hispanic population reflected in new Pew report: The Pew Research Center released a report on the diversity of the U.S. Hispanic population, highlighting the different countries of origin, languages spoken and religious beliefs within the Hispanic population. (Source: Pew Research Center)
Asian Americans are among the most likely to support same-sex marriage: A new","9 more.
Unemployment rises in most major U.S. cities: The unemployment rate rose in May in most major U.S. cities, with 11 cities experiencing a gain of 0.2 percentage points or more, the Labor Department reported. (Source: The Wall Street Journal)
Diverse U.S. Hispanic population reflected in new Pew report: The Pew Research Center released a report on the diversity of the U.S. Hispanic population, highlighting the different countries of origin, languages spoken and religious beliefs within the Hispanic population. (Source: Pew Research Center)
Asian Americans are among the most likely to support same-sex marriage: A new","{""do_sample"": true, ""temperature"": 1.0, ""top_p"": 0.95, ""top_k"": 50, ""repetition_penalty"": 1.0, ""max_new_tokens"": 128}"
bytekgwV6,1.0,0,1430,196,196,"Urban, born Jacques Pantaléon in Troyes c. 1200, was elected to the papacy in 1261. He studied canon law at ","Urban, born Jacques Pantaléon in Troyes c. 1200, was elected to the papacy in 1261. He studied canon law at 12 and was soon drawn into the circle of papal advisors. He held several important offices, including papal legate to Germany and dean of the Sacred College of Cardinals, before his election to the papacy. Urban IV was known for his diplomatic and administrative abilities, which he used to address the pressing issues of the day, such as the conflict between the emperor and the Holy Roman Empire. He also presided over the Second Council of Lyon (1274), which aimed to heal the Great Schism and reform the Church. Urban IV died in 1264 and was succeeded by Clement IV. He is buried in the chapel of the","12 and was soon drawn into the circle of papal advisors. He held several important offices, including papal legate to Germany and dean of the Sacred College of Cardinals, before his election to the papacy. Urban IV was known for his diplomatic and administrative abilities, which he used to address the pressing issues of the day, such as the conflict between the emperor and the Holy Roman Empire. He also presided over the Second Council of Lyon (1274), which aimed to heal the Great Schism and reform the Church. Urban IV died in 1264 and was succeeded by Clement IV. He is buried in the chapel of the","{""do_sample"": true, ""temperature"": 1.0, ""top_p"": 0.95, ""top_k"": 50, ""repetition_penalty"": 1.0, ""max_new_tokens"": 128}"
bytekgwV6,1.0,0,1432,198,198,"AMC Networks Earnings Beat Estimates, CEO Says 'Walking Dead' Franchise ""Will Have a Long Life"" AMC Networks on Thursday reported ","AMC Networks Earnings Beat Estimates, CEO Says 'Walking Dead' Franchise ""Will Have a Long Life"" AMC Networks on Thursday reported 2023 second-quarter earnings that topped analysts' expectations, driven by the performance of its linear networks, including AMC, BBC America, and SundanceTV. The company also reiterated the importance of its flagship franchise ""The Walking Dead,"" which is expected to continue generating significant revenue for the foreseeable future.
AMC Networks Shares Plummet 14% After Earnings Miss, Weak Guidance AMC Networks shares tumbled 14% in premarket trading Friday after the media company reported fiscal fourth-quarter earnings that missed analysts' expectations and issued weak guidance.
AMC Networks Earnings Miss Expectations, Revenue Rises Amid Shift to Streaming AMC Networks reported fiscal fourth","2023 second-quarter earnings that topped analysts' expectations, driven by the performance of its linear networks, including AMC, BBC America, and SundanceTV. The company also reiterated the importance of its flagship franchise ""The Walking Dead,"" which is expected to continue generating significant revenue for the foreseeable future.
AMC Networks Shares Plummet 14% After Earnings Miss, Weak Guidance AMC Networks shares tumbled 14% in premarket trading Friday after the media company reported fiscal fourth-quarter earnings that missed analysts' expectations and issued weak guidance.
AMC Networks Earnings Miss Expectations, Revenue Rises Amid Shift to Streaming AMC Networks reported fiscal fourth","{""do_sample"": true, ""temperature"": 1.0, ""top_p"": 0.95, ""top_k"": 50, ""repetition_penalty"": 1.0, ""max_new_tokens"": 128}"
bytekgwV6,1.0,1,1235,1,1,"""Whoever gets him, they'll be getting a good one,"" David Montgomery said. INDIANAPOLIS — Hakeem Butler has been surrounded by ","""Whoever gets him, they'll be getting a good one,"" David Montgomery said. INDIANAPOLIS — Hakeem Butler has been surrounded by 12 defenders in the Indianapolis Colts' film room, and the third-round pick is just fine with that. Butler, the Iowa State wide receiver, was selected by the Colts with the 84th overall pick in the 2019 NFL draft. At 6-foot-5, 225 pounds, Butler's physicality and size make him a...
It's time to learn about Hakeem Butler, the Colts' new wide receiver!
""Whoever gets him, they'll be getting a good one,"" David Montgomery said. INDIANAPOLIS — Hakeem Butler has been surrounded by 12 defenders in the Indianapolis Colts","12 defenders in the Indianapolis Colts' film room, and the third-round pick is just fine with that. Butler, the Iowa State wide receiver, was selected by the Colts with the 84th overall pick in the 2019 NFL draft. At 6-foot-5, 225 pounds, Butler's physicality and size make him a...
It's time to learn about Hakeem Butler, the Colts' new wide receiver!
""Whoever gets him, they'll be getting a good one,"" David Montgomery said. INDIANAPOLIS — Hakeem Butler has been surrounded by 12 defenders in the Indianapolis Colts","{""do_sample"": true, ""temperature"": 1.0, ""top_p"": 0.95, ""top_k"": 50, ""repetition_penalty"": 1.0, ""max_new_tokens"": 128}"
bytekgwV6,1.0,1,1237,3,3,The Arlington County Board plans to vote Saturday afternoon on giving Amazon $23 million and other incentives to build a ,"The Arlington County Board plans to vote Saturday afternoon on giving Amazon $23 million and other incentives to build a 1 million square foot ""Last Mile"" delivery center in the former Hoffman-Madison Block (HMB) building in Clarendon.
The center, which would serve as a major sorting and processing facility for Amazon's Last Mile delivery network, would create hundreds of jobs and generate millions of dollars in economic activity for the county, according to a Board staff report.
To sweeten the deal, the county would offer Amazon the incentives, including a 10-year payment-in-lieu-of-taxes (PILOT) deal, which would require the company to pay a percentage of the property taxes it would normally pay.
The incentive package would also","1 million square foot ""Last Mile"" delivery center in the former Hoffman-Madison Block (HMB) building in Clarendon.
The center, which would serve as a major sorting and processing facility for Amazon's Last Mile delivery network, would create hundreds of jobs and generate millions of dollars in economic activity for the county, according to a Board staff report.
To sweeten the deal, the county would offer Amazon the incentives, including a 10-year payment-in-lieu-of-taxes (PILOT) deal, which would require the company to pay a percentage of the property taxes it would normally pay.
The incentive package would also","{""do_sample"": true, ""temperature"": 1.0, ""top_p"": 0.95, ""top_k"": 50, ""repetition_penalty"": 1.0, ""max_new_tokens"": 128}"
bytekgwV6,1.0,1,1239,5,5,The Hawaii man who was fired after issuing the false ballistic missile alert in mid-January told reporters Friday that he ,"The Hawaii man who was fired after issuing the false ballistic missile alert in mid-January told reporters Friday that he  felt a great sense of relief when he learned his mistake would not be prosecuted.  Greig Smith, a former employee of the Hawaii Emergency Management Agency, spoke publicly for the first time about the Jan. 13 incident, saying he felt “an incredible sense of relief” when he learned he would not face criminal charges.
“I was in a state of panic and anxiety for weeks after the event, and the thought of facing criminal charges was just devastating to me,” Smith said. “So when I found out that it wouldn’t be prosecuted, it was an incredible sense of relief.”
Smith said he still regretted the mistake,"," felt a great sense of relief when he learned his mistake would not be prosecuted.  Greig Smith, a former employee of the Hawaii Emergency Management Agency, spoke publicly for the first time about the Jan. 13 incident, saying he felt “an incredible sense of relief” when he learned he would not face criminal charges.
“I was in a state of panic and anxiety for weeks after the event, and the thought of facing criminal charges was just devastating to me,” Smith said. “So when I found out that it wouldn’t be prosecuted, it was an incredible sense of relief.”
Smith said he still regretted the mistake,","{""do_sample"": true, ""temperature"": 1.0, ""top_p"": 0.95, ""top_k"": 50, ""repetition_penalty"": 1.0, ""max_new_tokens"": 128}"
bytekgwV6,1.0,1,1241,7,7,"A version of this article appeared in the print edition of The Daily Star on July 12, 2018, on page ","A version of this article appeared in the print edition of The Daily Star on July 12, 2018, on page 8.
BEIRUT: On a sweltering summer day, Beirut's Hamra Street was buzzing with the sounds of laughter, music and the clinking of glasses. The street, famous for its lively atmosphere and eclectic mix of shops, cafes and restaurants, was hosting the annual Hamra Street Festival, a celebration of the district's unique charm.
For locals and tourists alike, the festival was a chance to enjoy the neighborhood's laid-back vibe, with its mix of street performers, live music and delicious food stalls. Visitors could indulge in traditional Lebanese cuisine, such as falafel, shawarma and kibbeh, as","8.
BEIRUT: On a sweltering summer day, Beirut's Hamra Street was buzzing with the sounds of laughter, music and the clinking of glasses. The street, famous for its lively atmosphere and eclectic mix of shops, cafes and restaurants, was hosting the annual Hamra Street Festival, a celebration of the district's unique charm.
For locals and tourists alike, the festival was a chance to enjoy the neighborhood's laid-back vibe, with its mix of street performers, live music and delicious food stalls. Visitors could indulge in traditional Lebanese cuisine, such as falafel, shawarma and kibbeh, as","{""do_sample"": true, ""temperature"": 1.0, ""top_p"": 0.95, ""top_k"": 50, ""repetition_penalty"": 1.0, ""max_new_tokens"": 128}"
bytekgwV6,1.0,1,1243,9,9,"After Kevin’s horrific leg injury, everyone is asking: will he ever play basketball again? Dr. Glashow, co-chief of sports medicine ","After Kevin’s horrific leg injury, everyone is asking: will he ever play basketball again? Dr. Glashow, co-chief of sports medicine  at Hospital for Special Surgery (HSS) in New York City, weighs in.
As the sports medicine expert, I can tell you that the road to recovery is long and arduous. Kevin has suffered a severe injury that will require a tremendous amount of rehabilitation and hard work to regain his strength, flexibility, and mobility. The next few months will be crucial in determining his future in basketball.
Kevin will need to undergo a series of physical therapy sessions to strengthen his muscles, improve his range of motion, and retrain his neuromuscular system. This process can be challenging, both physically and mentally. It will require patience"," at Hospital for Special Surgery (HSS) in New York City, weighs in.
As the sports medicine expert, I can tell you that the road to recovery is long and arduous. Kevin has suffered a severe injury that will require a tremendous amount of rehabilitation and hard work to regain his strength, flexibility, and mobility. The next few months will be crucial in determining his future in basketball.
Kevin will need to undergo a series of physical therapy sessions to strengthen his muscles, improve his range of motion, and retrain his neuromuscular system. This process can be challenging, both physically and mentally. It will require patience","{""do_sample"": true, ""temperature"": 1.0, ""top_p"": 0.95, ""top_k"": 50, ""repetition_penalty"": 1.0, ""max_new_tokens"": 128}"
bytekgwV6,1.0,1,1245,11,11,University of Utah track and field athlete Lauren McCluskey was found shot dead Monday night in the backseat of a ,"University of Utah track and field athlete Lauren McCluskey was found shot dead Monday night in the backseat of a 2016 Chevrolet Malibu parked on campus.
Lauren McCluskey, 21, was a junior and a prominent member of the university's track and field team, competing in the high jump and heptathlon. The university announced her death in a statement early Tuesday, saying that an investigation into the shooting is ongoing.
Police said that McCluskey's family had reported her missing earlier in the day, and an investigation led them to the parked car, where they found her body. Authorities have not released the name of the suspect, who they say is known to McCluskey.
The shooting is believed to have occurred sometime late Monday","2016 Chevrolet Malibu parked on campus.
Lauren McCluskey, 21, was a junior and a prominent member of the university's track and field team, competing in the high jump and heptathlon. The university announced her death in a statement early Tuesday, saying that an investigation into the shooting is ongoing.
Police said that McCluskey's family had reported her missing earlier in the day, and an investigation led them to the parked car, where they found her body. Authorities have not released the name of the suspect, who they say is known to McCluskey.
The shooting is believed to have occurred sometime late Monday","{""do_sample"": true, ""temperature"": 1.0, ""top_p"": 0.95, ""top_k"": 50, ""repetition_penalty"": 1.0, ""max_new_tokens"": 128}"
bytekgwV6,1.0,1,1247,13,13,"The location of the July 15, 2002 flare is shown at left. The other panels compare the scale of Earth ","The location of the July 15, 2002 flare is shown at left. The other panels compare the scale of Earth 9,270 kilometers (5,800 miles) in diameter, and the Sun about 1,392,000 kilometers (864,000 miles) in diameter. (NASA)
The location of the July 15, 2002 flare is shown at left. The other panels compare the scale of Earth 9,270 kilometers (5,800 miles) in diameter, and the Sun about 1,392,000 kilometers (864,000 miles) in diameter. (NASA)
On July 15, 2002, a massive solar flare erupted on the Sun, shooting a burst of energy towards Earth. The flare was a","9,270 kilometers (5,800 miles) in diameter, and the Sun about 1,392,000 kilometers (864,000 miles) in diameter. (NASA)
The location of the July 15, 2002 flare is shown at left. The other panels compare the scale of Earth 9,270 kilometers (5,800 miles) in diameter, and the Sun about 1,392,000 kilometers (864,000 miles) in diameter. (NASA)
On July 15, 2002, a massive solar flare erupted on the Sun, shooting a burst of energy towards Earth. The flare was a","{""do_sample"": true, ""temperature"": 1.0, ""top_p"": 0.95, ""top_k"": 50, ""repetition_penalty"": 1.0, ""max_new_tokens"": 128}"
bytekgwV6,1.0,1,1249,15,15,"Larry checks in with KPCC reporter Sharon McNary, who’s been hitting up several polling stations in Orange County and Los ","Larry checks in with KPCC reporter Sharon McNary, who’s been hitting up several polling stations in Orange County and Los  Angels. They discuss what she's seen on the ground, including lines, enthusiasm, and some interesting voter turnout trends. more less
Watch Full Episodes: AirTalk
Election Day 2018; Voter Turnout; LA County... S 2 : Ep 10 Aired 11/6/18: Larry checks in with KPCC reporter Sharon McNary, who’s been hitting up several polling stations in Orange County and Los... more
AirTalk Election Day Special; Live From the... S 2 : Ep 9 Aired 11/6/18: It's Election Day in California, and Larry"," Angels. They discuss what she's seen on the ground, including lines, enthusiasm, and some interesting voter turnout trends. more less
Watch Full Episodes: AirTalk
Election Day 2018; Voter Turnout; LA County... S 2 : Ep 10 Aired 11/6/18: Larry checks in with KPCC reporter Sharon McNary, who’s been hitting up several polling stations in Orange County and Los... more
AirTalk Election Day Special; Live From the... S 2 : Ep 9 Aired 11/6/18: It's Election Day in California, and Larry","{""do_sample"": true, ""temperature"": 1.0, ""top_p"": 0.95, ""top_k"": 50, ""repetition_penalty"": 1.0, ""max_new_tokens"": 128}"
bytekgwV6,1.0,1,1251,17,17,Health authorities in New Zealand said that about 200 passengers on the Dawn Princess ship became infected with the norovirus. ,"Health authorities in New Zealand said that about 200 passengers on the Dawn Princess ship became infected with the norovirus.  This information was shared on Monday. According to the health authorities, there were over 1,500 people on the ship when it arrived in Auckland, New Zealand, and about 200 people reported symptoms of the norovirus.
The passengers who were infected with the norovirus were not hospitalized, and they were isolated in their cabins while the remaining passengers on the ship were given a cleaning treatment to prevent the spread of the disease.
The Health Minister, Dr. David Clark, said that the norovirus is highly contagious and spreads quickly, especially in crowded areas like cruise ships.
The ship has been cleared to continue its journey, and"," This information was shared on Monday. According to the health authorities, there were over 1,500 people on the ship when it arrived in Auckland, New Zealand, and about 200 people reported symptoms of the norovirus.
The passengers who were infected with the norovirus were not hospitalized, and they were isolated in their cabins while the remaining passengers on the ship were given a cleaning treatment to prevent the spread of the disease.
The Health Minister, Dr. David Clark, said that the norovirus is highly contagious and spreads quickly, especially in crowded areas like cruise ships.
The ship has been cleared to continue its journey, and","{""do_sample"": true, ""temperature"": 1.0, ""top_p"": 0.95, ""top_k"": 50, ""repetition_penalty"": 1.0, ""max_new_tokens"": 128}"
bytekgwV6,1.0,1,1253,19,19,NEW YORK (AP) — Could the U.S. lose its top credit rating even if a deal is reached to raise ,"NEW YORK (AP) — Could the U.S. lose its top credit rating even if a deal is reached to raise  the debt ceiling?
The answer is yes, though it's not a foregone conclusion. Here's a breakdown of what could happen:
THE RISK:
The debt ceiling is not a hard limit. Instead, it's a trigger that requires Congress to negotiate a package of spending cuts and revenue increases, known as a ""grand bargain."" If a deal isn't reached, the government will default on its debts. But even if a deal is reached, the U.S. could still lose its top credit rating if the agreement doesn't do enough to address the nation's long-term fiscal challenges.
FITCH RATINGS, one of the three"," the debt ceiling?
The answer is yes, though it's not a foregone conclusion. Here's a breakdown of what could happen:
THE RISK:
The debt ceiling is not a hard limit. Instead, it's a trigger that requires Congress to negotiate a package of spending cuts and revenue increases, known as a ""grand bargain."" If a deal isn't reached, the government will default on its debts. But even if a deal is reached, the U.S. could still lose its top credit rating if the agreement doesn't do enough to address the nation's long-term fiscal challenges.
FITCH RATINGS, one of the three","{""do_sample"": true, ""temperature"": 1.0, ""top_p"": 0.95, ""top_k"": 50, ""repetition_penalty"": 1.0, ""max_new_tokens"": 128}"
bytekgwV6,1.0,1,1255,21,21,"IHS Markit INFO, -0.02% a world leader in critical information, analytics and solutions, expanded its alternative data offering for asset ","IHS Markit INFO, -0.02% a world leader in critical information, analytics and solutions, expanded its alternative data offering for asset  management firms, institutional investors, and other financial institutions with the acquisition of TruValue Labs, a leading provider of artificial intelligence-driven alternative data and analytics.
The acquisition strengthens IHS Markit's position as a leading provider of alternative data and analytics solutions, and further enhances the company's ability to help clients make better-informed investment decisions.
""The acquisition of TruValue Labs expands our capabilities in alternative data and analytics, allowing us to provide our clients with even more insights and tools to navigate the rapidly changing investment landscape,"" said Alex Klose, head of alternative data and analytics at IHS Markit. ""We are excited to welcome TruValue"," management firms, institutional investors, and other financial institutions with the acquisition of TruValue Labs, a leading provider of artificial intelligence-driven alternative data and analytics.
The acquisition strengthens IHS Markit's position as a leading provider of alternative data and analytics solutions, and further enhances the company's ability to help clients make better-informed investment decisions.
""The acquisition of TruValue Labs expands our capabilities in alternative data and analytics, allowing us to provide our clients with even more insights and tools to navigate the rapidly changing investment landscape,"" said Alex Klose, head of alternative data and analytics at IHS Markit. ""We are excited to welcome TruValue","{""do_sample"": true, ""temperature"": 1.0, ""top_p"": 0.95, ""top_k"": 50, ""repetition_penalty"": 1.0, ""max_new_tokens"": 128}"
bytekgwV6,1.0,1,1257,23,23,SOUND FORGE Audio Cleaning Lab can be used to record any sound you can hear on your computer - from ,"SOUND FORGE Audio Cleaning Lab can be used to record any sound you can hear on your computer - from 8 kHz to 48 kHz, and from 16 to 24 bits. SOUND FORGE Audio Cleaning Lab features advanced noise reduction algorithms and a powerful editor with advanced features. It also supports popular audio formats such as MP3, WAV, and OGG.
Audio Cleaning Lab - Professional tool for cleaning and restoring audio files.
Professional audio editing software with advanced noise reduction algorithms.
Support for popular audio formats such as MP3, WAV, and OGG.
Support for stereo and mono audio.
Advanced noise reduction algorithms for cleaning audio tracks.
Ability to work with audio files with a frequency range of 8 kHz to 48 kHz and a bit","8 kHz to 48 kHz, and from 16 to 24 bits. SOUND FORGE Audio Cleaning Lab features advanced noise reduction algorithms and a powerful editor with advanced features. It also supports popular audio formats such as MP3, WAV, and OGG.
Audio Cleaning Lab - Professional tool for cleaning and restoring audio files.
Professional audio editing software with advanced noise reduction algorithms.
Support for popular audio formats such as MP3, WAV, and OGG.
Support for stereo and mono audio.
Advanced noise reduction algorithms for cleaning audio tracks.
Ability to work with audio files with a frequency range of 8 kHz to 48 kHz and a bit","{""do_sample"": true, ""temperature"": 1.0, ""top_p"": 0.95, ""top_k"": 50, ""repetition_penalty"": 1.0, ""max_new_tokens"": 128}"
bytekgwV6,1.0,1,1259,25,25,"President Donald Trump returned to Washington, DC on Monday for a very important event. It was not for a meeting ","President Donald Trump returned to Washington, DC on Monday for a very important event. It was not for a meeting  about the budget, taxes, or healthcare reform, but for the annual Easter Egg Roll event at the White House. Yes, you read that right – the White House is hosting an Easter Egg Roll event, and President Trump was there to kick it off.
According to CNN, the event is a longstanding tradition that dates back to 1878, where children roll decorated Easter eggs on the White House lawn. This year, thousands of kids and their families attended the event, which featured Easter egg hunts, face painting, and live music.
President Trump and his wife Melania Trump participated in the event, meeting with children and their families, taking"," about the budget, taxes, or healthcare reform, but for the annual Easter Egg Roll event at the White House. Yes, you read that right – the White House is hosting an Easter Egg Roll event, and President Trump was there to kick it off.
According to CNN, the event is a longstanding tradition that dates back to 1878, where children roll decorated Easter eggs on the White House lawn. This year, thousands of kids and their families attended the event, which featured Easter egg hunts, face painting, and live music.
President Trump and his wife Melania Trump participated in the event, meeting with children and their families, taking","{""do_sample"": true, ""temperature"": 1.0, ""top_p"": 0.95, ""top_k"": 50, ""repetition_penalty"": 1.0, ""max_new_tokens"": 128}"
bytekgwV6,1.0,1,1261,27,27,"ST. JOHNS COUNTY, Fla. - Commissioners in St. Johns County voted unanimously to postpone any legislative action against a localized ","ST. JOHNS COUNTY, Fla. - Commissioners in St. Johns County voted unanimously to postpone any legislative action against a localized 10-cent sales tax for the county's public schools until a special meeting in January.
The vote came after a lengthy discussion and public comment period on the proposal, which was put forth by the St. Johns County School Board.
The school board has been asking for the tax to help fund the construction of new schools and renovations to existing ones to keep up with the rapidly growing student population in the county.
Many people who spoke during the public comment period expressed support for the tax, including several parents and business owners who argued that it would ultimately benefit the community and help to improve the quality of education in the county.
However, others expressed concerns about","10-cent sales tax for the county's public schools until a special meeting in January.
The vote came after a lengthy discussion and public comment period on the proposal, which was put forth by the St. Johns County School Board.
The school board has been asking for the tax to help fund the construction of new schools and renovations to existing ones to keep up with the rapidly growing student population in the county.
Many people who spoke during the public comment period expressed support for the tax, including several parents and business owners who argued that it would ultimately benefit the community and help to improve the quality of education in the county.
However, others expressed concerns about","{""do_sample"": true, ""temperature"": 1.0, ""top_p"": 0.95, ""top_k"": 50, ""repetition_penalty"": 1.0, ""max_new_tokens"": 128}"
bytekgwV6,1.0,1,1263,29,29,This was Reinsdorf's reply on Friday when asked whether the preseason announcement that Phil Jackson will not return as coach ,"This was Reinsdorf's reply on Friday when asked whether the preseason announcement that Phil Jackson will not return as coach 2015 NBA champions was a disappointment for him. In a statement released by the Bulls organization Thursday, Jackson, 68, announced his retirement from coaching.
""I think it's a great opportunity for our organization to move forward and start a new chapter,"" Reinsdorf said. ""We're grateful for all that Phil has done for the Bulls, and we wish him all the best.
""We're excited about the opportunity to bring in a new coach and start a new era. We've been working hard to find the right fit, and we're confident that we'll find someone who can help us build on the success we've had.""
Re","2015 NBA champions was a disappointment for him. In a statement released by the Bulls organization Thursday, Jackson, 68, announced his retirement from coaching.
""I think it's a great opportunity for our organization to move forward and start a new chapter,"" Reinsdorf said. ""We're grateful for all that Phil has done for the Bulls, and we wish him all the best.
""We're excited about the opportunity to bring in a new coach and start a new era. We've been working hard to find the right fit, and we're confident that we'll find someone who can help us build on the success we've had.""
Re","{""do_sample"": true, ""temperature"": 1.0, ""top_p"": 0.95, ""top_k"": 50, ""repetition_penalty"": 1.0, ""max_new_tokens"": 128}"
bytekgwV6,1.0,1,1265,31,31,This is the news you’re looking for. Carrie Fisher has seemingly confirmed to Palm Beach Illustrated magazine that she will ,"This is the news you’re looking for. Carrie Fisher has seemingly confirmed to Palm Beach Illustrated magazine that she will 100% be appearing in the next Star Wars film. Fisher, who played the iconic role of Princess Leia in the original trilogy and made a cameo appearance in The Force Awakens, had previously expressed uncertainty about returning for the new trilogy. However, it appears that has all changed.
""I'm in. I'm as honest as you can be when there's a lot of money involved. But I'm not going to pay my taxes if I have to go into that again. I think I've paid my dues. I'm 59, and I'm not going to give up my Social Security check,"" Fisher told the magazine.
Fisher","100% be appearing in the next Star Wars film. Fisher, who played the iconic role of Princess Leia in the original trilogy and made a cameo appearance in The Force Awakens, had previously expressed uncertainty about returning for the new trilogy. However, it appears that has all changed.
""I'm in. I'm as honest as you can be when there's a lot of money involved. But I'm not going to pay my taxes if I have to go into that again. I think I've paid my dues. I'm 59, and I'm not going to give up my Social Security check,"" Fisher told the magazine.
Fisher","{""do_sample"": true, ""temperature"": 1.0, ""top_p"": 0.95, ""top_k"": 50, ""repetition_penalty"": 1.0, ""max_new_tokens"": 128}"
bytekgwV6,1.0,1,1267,33,33,In the market for a low-cost networked storage solution? You may want to take a look at the Netgear ReadyNAS ,"In the market for a low-cost networked storage solution? You may want to take a look at the Netgear ReadyNAS 104, a 2-bay NAS enclosure that packs a punch for its price.
The ReadyNAS 104 is a compact, fanless device that measures 6.5 inches wide, 3.5 inches deep, and 8.1 inches tall. It's powered by a dual-core Intel Atom processor, 512MB of RAM, and a Marvell Armada 370 storage controller. The NAS has two SATA III ports, supporting up to 4TB of storage capacity (using two 2TB drives).
One of the key benefits of the ReadyNAS 104 is its affordability. With a list price of around $","104, a 2-bay NAS enclosure that packs a punch for its price.
The ReadyNAS 104 is a compact, fanless device that measures 6.5 inches wide, 3.5 inches deep, and 8.1 inches tall. It's powered by a dual-core Intel Atom processor, 512MB of RAM, and a Marvell Armada 370 storage controller. The NAS has two SATA III ports, supporting up to 4TB of storage capacity (using two 2TB drives).
One of the key benefits of the ReadyNAS 104 is its affordability. With a list price of around $","{""do_sample"": true, ""temperature"": 1.0, ""top_p"": 0.95, ""top_k"": 50, ""repetition_penalty"": 1.0, ""max_new_tokens"": 128}"
bytekgwV6,1.0,1,1269,35,35,"MANILA, Philippines — The state-run Land Bank of the Philippines (Landbank) has extended by one more month or until Jan. ","MANILA, Philippines — The state-run Land Bank of the Philippines (Landbank) has extended by one more month or until Jan. 31, 2021, the deadline for farmers and fishers to apply for a loan under the Philippine Coconut Authority (PCA) and Department of Agriculture (DA)’s farm debt rehabilitation program.

In a statement, Landbank said it has granted the extension to enable more farmers and fishers to participate in the program and avail of the benefits of debt relief, which aims to help them recover from the effects of the pandemic.

The program provides debt relief to farmers and fishers who have outstanding loans from banks and other financial institutions. Under the program, eligible borrowers can opt to restructure their loans, suspend payment, or even have their","31, 2021, the deadline for farmers and fishers to apply for a loan under the Philippine Coconut Authority (PCA) and Department of Agriculture (DA)’s farm debt rehabilitation program.

In a statement, Landbank said it has granted the extension to enable more farmers and fishers to participate in the program and avail of the benefits of debt relief, which aims to help them recover from the effects of the pandemic.

The program provides debt relief to farmers and fishers who have outstanding loans from banks and other financial institutions. Under the program, eligible borrowers can opt to restructure their loans, suspend payment, or even have their","{""do_sample"": true, ""temperature"": 1.0, ""top_p"": 0.95, ""top_k"": 50, ""repetition_penalty"": 1.0, ""max_new_tokens"": 128}"
bytekgwV6,1.0,1,1271,37,37,It’s a continuation of a trend they have seen over the last several years. “It’s been almost three years of ,"It’s a continuation of a trend they have seen over the last several years. “It’s been almost three years of 20% annual growth or higher in the industry, and we believe it is sustainable,” he said.
The growth can be attributed to several factors, including an increasing awareness of the importance of pet health and wellness, as well as an increase in pet ownership.
Pet ownership has grown due to various factors such as increased awareness of the benefits of pet ownership, urbanization, and lifestyle changes.
The increasing awareness of pet health and wellness has also been driven by the growing popularity of holistic and alternative medicine, as well as an increasing awareness of the importance of mental and emotional well-being.
Consumers are more willing to spend money on their pets, and","20% annual growth or higher in the industry, and we believe it is sustainable,” he said.
The growth can be attributed to several factors, including an increasing awareness of the importance of pet health and wellness, as well as an increase in pet ownership.
Pet ownership has grown due to various factors such as increased awareness of the benefits of pet ownership, urbanization, and lifestyle changes.
The increasing awareness of pet health and wellness has also been driven by the growing popularity of holistic and alternative medicine, as well as an increasing awareness of the importance of mental and emotional well-being.
Consumers are more willing to spend money on their pets, and","{""do_sample"": true, ""temperature"": 1.0, ""top_p"": 0.95, ""top_k"": 50, ""repetition_penalty"": 1.0, ""max_new_tokens"": 128}"
bytekgwV6,1.0,1,1273,39,39,"Originally Published: September 24, 2018 8 p.m. Soledad O’Brien, 10 to 11:30 a.m., Yavapai College Performing Arts Center, 1100 E ","Originally Published: September 24, 2018 8 p.m. Soledad O’Brien, 10 to 11:30 a.m., Yavapai College Performing Arts Center, 1100 E 3rd St, Prescott. The former CNN anchor will share her insights on storytelling, news and the importance of the media in today's world. Admission is $15 for the public, $10 for students and seniors.
Originally Published: September 24, 2018 8 p.m. Soledad O'Brien, 10 to 11:30 a.m., Yavapai College Performing Arts Center, 1100 E 3rd St, Prescott. The former CNN anchor will share her insights on storytelling, news and the importance of the media in today's world. Admission is $15 for the public, $10","3rd St, Prescott. The former CNN anchor will share her insights on storytelling, news and the importance of the media in today's world. Admission is $15 for the public, $10 for students and seniors.
Originally Published: September 24, 2018 8 p.m. Soledad O'Brien, 10 to 11:30 a.m., Yavapai College Performing Arts Center, 1100 E 3rd St, Prescott. The former CNN anchor will share her insights on storytelling, news and the importance of the media in today's world. Admission is $15 for the public, $10","{""do_sample"": true, ""temperature"": 1.0, ""top_p"": 0.95, ""top_k"": 50, ""repetition_penalty"": 1.0, ""max_new_tokens"": 128}"
bytekgwV6,1.0,1,1275,41,41,"Attendees visit the Vodafone Group pavilion at the Mobile World Congress in Barcelona, Spain, March 4, 2015. Vodafone, one of ","Attendees visit the Vodafone Group pavilion at the Mobile World Congress in Barcelona, Spain, March 4, 2015. Vodafone, one of 18 major telecom operators that have signed up for the European Union's ambitious project to create a single, secure and seamless digital identity verification system for Europeans.
Europe's plans for a single digital identity system gained traction on Monday as 18 major telecom operators, including Vodafone, signed up to participate in the ambitious project.
The European Union's (EU) Digital Identity Wallet, also known as the eIDAS Regulation, aims to create a single, secure and seamless digital identity verification system for Europeans.
Under the project, EU citizens will have a digital ID, which will serve as a digital identity, allowing them to access public and private services,","18 major telecom operators that have signed up for the European Union's ambitious project to create a single, secure and seamless digital identity verification system for Europeans.
Europe's plans for a single digital identity system gained traction on Monday as 18 major telecom operators, including Vodafone, signed up to participate in the ambitious project.
The European Union's (EU) Digital Identity Wallet, also known as the eIDAS Regulation, aims to create a single, secure and seamless digital identity verification system for Europeans.
Under the project, EU citizens will have a digital ID, which will serve as a digital identity, allowing them to access public and private services,","{""do_sample"": true, ""temperature"": 1.0, ""top_p"": 0.95, ""top_k"": 50, ""repetition_penalty"": 1.0, ""max_new_tokens"": 128}"
bytekgwV6,1.0,1,1277,43,43,The Congress of South African Trade Unions has noted the latest cabinet reshuffle by President Jacob Zuma. We can confirm ,"The Congress of South African Trade Unions has noted the latest cabinet reshuffle by President Jacob Zuma. We can confirm 3 new ministers, including Mrs. Faith Muthambi, Mr. Lynne Brown, and Mr. Blade Nzimande.
These appointments have a significant impact on the landscape of our national economy and will certainly have a bearing on the working-class people of our country. We can only hope that the new appointees will act with diligence and integrity to serve the interests of the people and not the interests of the ruling elite.
As COSATU, we have always called for greater transparency and accountability in the allocation of resources and power in our country. We hope that the new cabinet will prioritize the needs of the poor and the working-class people","3 new ministers, including Mrs. Faith Muthambi, Mr. Lynne Brown, and Mr. Blade Nzimande.
These appointments have a significant impact on the landscape of our national economy and will certainly have a bearing on the working-class people of our country. We can only hope that the new appointees will act with diligence and integrity to serve the interests of the people and not the interests of the ruling elite.
As COSATU, we have always called for greater transparency and accountability in the allocation of resources and power in our country. We hope that the new cabinet will prioritize the needs of the poor and the working-class people","{""do_sample"": true, ""temperature"": 1.0, ""top_p"": 0.95, ""top_k"": 50, ""repetition_penalty"": 1.0, ""max_new_tokens"": 128}"
bytekgwV6,1.0,1,1279,45,45,"After much anticipation, Melania Trump has finally given the world a glimpse of her platform. Like those before her, Trump ","After much anticipation, Melania Trump has finally given the world a glimpse of her platform. Like those before her, Trump 85 has committed to making the lives of children better. Trump says that her platform, “Be Best,” will focus on improving the lives of children by addressing issues such as bullying, online safety, and substance abuse. The first lady is also planning to focus on promoting kindness and healthy habits among children. Trump also announced that she would be using her own experiences growing up in a difficult home to inform her work. Trump was born in Slovenia, but moved to the United States in 2000. She met her husband while working as a model, and the two got married in 2005. Trump has been criticized for not being involved in","85 has committed to making the lives of children better. Trump says that her platform, “Be Best,” will focus on improving the lives of children by addressing issues such as bullying, online safety, and substance abuse. The first lady is also planning to focus on promoting kindness and healthy habits among children. Trump also announced that she would be using her own experiences growing up in a difficult home to inform her work. Trump was born in Slovenia, but moved to the United States in 2000. She met her husband while working as a model, and the two got married in 2005. Trump has been criticized for not being involved in","{""do_sample"": true, ""temperature"": 1.0, ""top_p"": 0.95, ""top_k"": 50, ""repetition_penalty"": 1.0, ""max_new_tokens"": 128}"
bytekgwV6,1.0,1,1281,47,47,We build our students up only to encourage them to flee. Why? Combining advertising campaigns handled by pros along with ,"We build our students up only to encourage them to flee. Why? Combining advertising campaigns handled by pros along with 3 or more marketing channels can create a lot of awareness. Our student recruitment and retention strategies are tailored to fit the unique needs and goals of your institution. We offer a range of recruitment services, including: Lead generation and qualification, recruitment marketing, social media advertising, email marketing, event planning, and yield management. Why Choose Us? A. We are committed to helping students find the best programs for their educational goals and aspirations. As one of the leading student recruitment agencies, we have a vast network of educational institutions and a deep understanding of the student market.
Our recruitment services include: Student Lead Generation: We generate high-quality student leads through","3 or more marketing channels can create a lot of awareness. Our student recruitment and retention strategies are tailored to fit the unique needs and goals of your institution. We offer a range of recruitment services, including: Lead generation and qualification, recruitment marketing, social media advertising, email marketing, event planning, and yield management. Why Choose Us? A. We are committed to helping students find the best programs for their educational goals and aspirations. As one of the leading student recruitment agencies, we have a vast network of educational institutions and a deep understanding of the student market.
Our recruitment services include: Student Lead Generation: We generate high-quality student leads through","{""do_sample"": true, ""temperature"": 1.0, ""top_p"": 0.95, ""top_k"": 50, ""repetition_penalty"": 1.0, ""max_new_tokens"": 128}"
bytekgwV6,1.0,1,1283,49,49,Federal Reserve Bank of Minneapolis President Narayana Kocherlakota will step down when his current term ends in February 2016. The ,"Federal Reserve Bank of Minneapolis President Narayana Kocherlakota will step down when his current term ends in February 2016. The 54-year-old economist has served as the head of the bank since 2009 and will depart after serving the maximum eight-year term allowed for Fed bank presidents.
Kocherlakota's tenure was marked by his focus on economic inequality and the need for the Fed to address it. He has been a vocal critic of the Fed's current approach to monetary policy, arguing that the central bank's reliance on interest rates to stimulate the economy has limited its ability to address income inequality.
During his time at the Minneapolis Fed, Kocherlakota also developed a reputation for his willingness to challenge consensus views and his commitment to using data-driven analysis to","54-year-old economist has served as the head of the bank since 2009 and will depart after serving the maximum eight-year term allowed for Fed bank presidents.
Kocherlakota's tenure was marked by his focus on economic inequality and the need for the Fed to address it. He has been a vocal critic of the Fed's current approach to monetary policy, arguing that the central bank's reliance on interest rates to stimulate the economy has limited its ability to address income inequality.
During his time at the Minneapolis Fed, Kocherlakota also developed a reputation for his willingness to challenge consensus views and his commitment to using data-driven analysis to","{""do_sample"": true, ""temperature"": 1.0, ""top_p"": 0.95, ""top_k"": 50, ""repetition_penalty"": 1.0, ""max_new_tokens"": 128}"
bytekgwV6,1.0,1,1285,51,51,Roger Federer of Switzerland and Bill Gates shake hands at the Match For Africa 4 exhibition match at KeyArena on ,"Roger Federer of Switzerland and Bill Gates shake hands at the Match For Africa 4 exhibition match at KeyArena on 7th March 2018 in Seattle, Washington. Getty Images for Match For Africa 4.
Roger Federer and Bill Gates shake hands at the Match For Africa 4 exhibition match at KeyArena on 7th March 2018 in Seattle, Washington.
Roger Federer (R) and Bill Gates (L) pose for a photo at the Match For Africa 4 exhibition match at KeyArena on 7th March 2018 in Seattle, Washington. Getty Images for Match For Africa 4.
Roger Federer (R) and Bill Gates (L) pose for a photo at the Match For Africa 4 exhibition match","7th March 2018 in Seattle, Washington. Getty Images for Match For Africa 4.
Roger Federer and Bill Gates shake hands at the Match For Africa 4 exhibition match at KeyArena on 7th March 2018 in Seattle, Washington.
Roger Federer (R) and Bill Gates (L) pose for a photo at the Match For Africa 4 exhibition match at KeyArena on 7th March 2018 in Seattle, Washington. Getty Images for Match For Africa 4.
Roger Federer (R) and Bill Gates (L) pose for a photo at the Match For Africa 4 exhibition match","{""do_sample"": true, ""temperature"": 1.0, ""top_p"": 0.95, ""top_k"": 50, ""repetition_penalty"": 1.0, ""max_new_tokens"": 128}"
bytekgwV6,1.0,1,1287,53,53,"BAGHDAD, Iraq -- Fighting in the Shiite stronghold of Sadr City killed 23 Iraqis yesterday, hospital officials said, and the ","BAGHDAD, Iraq -- Fighting in the Shiite stronghold of Sadr City killed 23 Iraqis yesterday, hospital officials said, and the 34th day of a standoff between government forces and radical cleric Muqtada al-Sadr's followers drew to a close.
The violence came as the Iraqi government vowed to continue its offensive against Mr. al-Sadr's Mahdi Army militia, despite calls from senior religious leaders for a ceasefire.
In Sadr City, one of the most impoverished and densely populated areas of Baghdad, helicopters fired rockets at suspected Mahdi Army positions, and troops moved into neighborhoods in an attempt to capture the cleric's followers.
Meanwhile, the United Nations High Commissioner for Human Rights, Louise Arbour, urged both the Iraqi government and the Mahdi Army to cease","34th day of a standoff between government forces and radical cleric Muqtada al-Sadr's followers drew to a close.
The violence came as the Iraqi government vowed to continue its offensive against Mr. al-Sadr's Mahdi Army militia, despite calls from senior religious leaders for a ceasefire.
In Sadr City, one of the most impoverished and densely populated areas of Baghdad, helicopters fired rockets at suspected Mahdi Army positions, and troops moved into neighborhoods in an attempt to capture the cleric's followers.
Meanwhile, the United Nations High Commissioner for Human Rights, Louise Arbour, urged both the Iraqi government and the Mahdi Army to cease","{""do_sample"": true, ""temperature"": 1.0, ""top_p"": 0.95, ""top_k"": 50, ""repetition_penalty"": 1.0, ""max_new_tokens"": 128}"
bytekgwV6,1.0,1,1289,55,55,"Tulsa race riot survivor: ""Learn how to forgive, but never forget"" SAN FRANCISCO, California (CNN) -- A 100-inch, high definition ","Tulsa race riot survivor: ""Learn how to forgive, but never forget"" SAN FRANCISCO, California (CNN) -- A 100-inch, high definition 3D image of the Civil War-era battle of Gettysburg will be displayed at the National Mall in Washington D.C. this summer. The 3D holographic exhibit will be part of the 150th anniversary celebration of the battle of Gettysburg, which took place from July 1 to 3, 1863.
In a nearby studio, a 100-year-old survivor of the Tulsa race riot, less than a decade later, shared her powerful story with CNN. Less...
Related topics : tulsa race riot / washington dc / national mall / civil war / war
""The Day the United States Invaded","3D image of the Civil War-era battle of Gettysburg will be displayed at the National Mall in Washington D.C. this summer. The 3D holographic exhibit will be part of the 150th anniversary celebration of the battle of Gettysburg, which took place from July 1 to 3, 1863.
In a nearby studio, a 100-year-old survivor of the Tulsa race riot, less than a decade later, shared her powerful story with CNN. Less...
Related topics : tulsa race riot / washington dc / national mall / civil war / war
""The Day the United States Invaded","{""do_sample"": true, ""temperature"": 1.0, ""top_p"": 0.95, ""top_k"": 50, ""repetition_penalty"": 1.0, ""max_new_tokens"": 128}"
bytekgwV6,1.0,1,1291,57,57,When Cait and I found out how easy it is to make ravioli–and with such completely impressive and delicious results!–we ,"When Cait and I found out how easy it is to make ravioli–and with such completely impressive and delicious results!–we  decided to give it a try. After all, what better way to celebrate being 50% done with  the semester than with a fun, pasta-filled project?

Before we even started making the ravioli, we decided to make our own pasta dough. There’s something special about using freshly made pasta dough instead of store-bought, right? And the best part is that it really isn’t that difficult!

Here’s our recipe:

Ingredients:

• 1 cup all-purpose flour
• 1 large egg
• 1/4 teaspoon salt
• 1 tablespoon olive oil

Instructions:

1. In a"," decided to give it a try. After all, what better way to celebrate being 50% done with  the semester than with a fun, pasta-filled project?

Before we even started making the ravioli, we decided to make our own pasta dough. There’s something special about using freshly made pasta dough instead of store-bought, right? And the best part is that it really isn’t that difficult!

Here’s our recipe:

Ingredients:

• 1 cup all-purpose flour
• 1 large egg
• 1/4 teaspoon salt
• 1 tablespoon olive oil

Instructions:

1. In a","{""do_sample"": true, ""temperature"": 1.0, ""top_p"": 0.95, ""top_k"": 50, ""repetition_penalty"": 1.0, ""max_new_tokens"": 128}"
bytekgwV6,1.0,1,1293,59,59,"It may not have been enough to bring out the skis, but Wood River Valley residents woke up with a ","It may not have been enough to bring out the skis, but Wood River Valley residents woke up with a 4-7 inch blanket of new snow this morning, courtesy of the winter storm that passed through the area last night.
The snow has made for great driving conditions, and the fresh powder has turned the local ski hills into winter wonderlands. Ski resorts in the Wood River Valley, such as Sun Valley, Bald Mountain and Dollar Mountain, are reporting varying levels of fresh powder, with some reporting up to 10 inches in certain areas.
While it's not ideal for cross-country skiers, who might have been hoping for a bit more snow, the new powder should be a treat for downhill skiers and snowboarders.
As the snow","4-7 inch blanket of new snow this morning, courtesy of the winter storm that passed through the area last night.
The snow has made for great driving conditions, and the fresh powder has turned the local ski hills into winter wonderlands. Ski resorts in the Wood River Valley, such as Sun Valley, Bald Mountain and Dollar Mountain, are reporting varying levels of fresh powder, with some reporting up to 10 inches in certain areas.
While it's not ideal for cross-country skiers, who might have been hoping for a bit more snow, the new powder should be a treat for downhill skiers and snowboarders.
As the snow","{""do_sample"": true, ""temperature"": 1.0, ""top_p"": 0.95, ""top_k"": 50, ""repetition_penalty"": 1.0, ""max_new_tokens"": 128}"
bytekgwV6,1.0,1,1295,61,61,"Are stoners now a target advertising demographic for fast food companies? Ever since Harold and Kumar went to White Castle, ","Are stoners now a target advertising demographic for fast food companies? Ever since Harold and Kumar went to White Castle, 420-friendly fast food joints have been a thing. But now it seems like fast food chains are really going all in on the stoner demographic. Case in point: White Castle's latest marketing campaign, which features the...
Are stoners now a target advertising demographic for fast food companies? Ever since Harold and Kumar went to White Castle, 420-friendly fast food joints have been a thing. But now it seems like fast food chains are really going all in on the stoner demographic. Case in point: White Castle's latest marketing campaign, which features the...
Fast food chains have long targeted specific demographics to increase brand recognition and loyalty.","420-friendly fast food joints have been a thing. But now it seems like fast food chains are really going all in on the stoner demographic. Case in point: White Castle's latest marketing campaign, which features the...
Are stoners now a target advertising demographic for fast food companies? Ever since Harold and Kumar went to White Castle, 420-friendly fast food joints have been a thing. But now it seems like fast food chains are really going all in on the stoner demographic. Case in point: White Castle's latest marketing campaign, which features the...
Fast food chains have long targeted specific demographics to increase brand recognition and loyalty.","{""do_sample"": true, ""temperature"": 1.0, ""top_p"": 0.95, ""top_k"": 50, ""repetition_penalty"": 1.0, ""max_new_tokens"": 128}"
bytekgwV6,1.0,1,1297,63,63,"Due to Hurricane Irene, parts of New Jersey were declared a federal disaster area this week. Federal funding is available ","Due to Hurricane Irene, parts of New Jersey were declared a federal disaster area this week. Federal funding is available  to help residents and businesses recover from the storm’s damage. So, if you have been affected by the storm, here are some steps you can take to get started with the recovery process:
1. Document your damage: Take photos and videos of your damaged property to document the extent of the damage. Keep receipts for any expenses related to the damage.
2. Check with your insurance company: If you have insurance, contact your insurance company as soon as possible to report your damage. Follow their instructions for submitting claims and providing documentation.
3. Contact your local government: Find your local government’s emergency management office or disaster recovery center to get"," to help residents and businesses recover from the storm’s damage. So, if you have been affected by the storm, here are some steps you can take to get started with the recovery process:
1. Document your damage: Take photos and videos of your damaged property to document the extent of the damage. Keep receipts for any expenses related to the damage.
2. Check with your insurance company: If you have insurance, contact your insurance company as soon as possible to report your damage. Follow their instructions for submitting claims and providing documentation.
3. Contact your local government: Find your local government’s emergency management office or disaster recovery center to get","{""do_sample"": true, ""temperature"": 1.0, ""top_p"": 0.95, ""top_k"": 50, ""repetition_penalty"": 1.0, ""max_new_tokens"": 128}"
bytekgwV6,1.0,1,1299,65,65,"As many British visitors to France have learnt to their dismay, if you ask a local, “Parlez-vous anglais?”, the answer ","As many British visitors to France have learnt to their dismay, if you ask a local, “Parlez-vous anglais?”, the answer 99% of the time will be “Non, je ne parle pas anglais”. It may seem harsh, but it’s a simple question that gets asked frequently, and they may not want to get into a prolonged conversation in a foreign language.

For visitors, it can be frustrating when locals respond in this way. But, as any linguist will tell you, it’s not about being unfriendly – it’s about being honest about one’s language skills!

The reason why so many French people respond this way is because they may not be confident in their English, or they might not want to risk not being understood correctly. They may also","99% of the time will be “Non, je ne parle pas anglais”. It may seem harsh, but it’s a simple question that gets asked frequently, and they may not want to get into a prolonged conversation in a foreign language.

For visitors, it can be frustrating when locals respond in this way. But, as any linguist will tell you, it’s not about being unfriendly – it’s about being honest about one’s language skills!

The reason why so many French people respond this way is because they may not be confident in their English, or they might not want to risk not being understood correctly. They may also","{""do_sample"": true, ""temperature"": 1.0, ""top_p"": 0.95, ""top_k"": 50, ""repetition_penalty"": 1.0, ""max_new_tokens"": 128}"
bytekgwV6,1.0,1,1301,67,67,"For professors, publishing in elite journals is an unavoidable part of university life. The grueling process of subjecting work to ","For professors, publishing in elite journals is an unavoidable part of university life. The grueling process of subjecting work to 3,000-word limitations, rigorous peer review, and the occasional rejection letter can be a daunting prospect, especially for those who haven't been trained in the art of publishing.

As we continue to shift away from the print-based paradigm, it's essential that professors learn the ins and outs of digital publishing to keep up with the ever-evolving academic landscape. Here are some tips to help professors navigate the world of digital publishing:

### Identify the right journal for your work

Before submitting your work, research the journal's scope, impact factor, and editorial board to ensure it aligns with your manuscript. Look for open-access options like PLOS","3,000-word limitations, rigorous peer review, and the occasional rejection letter can be a daunting prospect, especially for those who haven't been trained in the art of publishing.

As we continue to shift away from the print-based paradigm, it's essential that professors learn the ins and outs of digital publishing to keep up with the ever-evolving academic landscape. Here are some tips to help professors navigate the world of digital publishing:

### Identify the right journal for your work

Before submitting your work, research the journal's scope, impact factor, and editorial board to ensure it aligns with your manuscript. Look for open-access options like PLOS","{""do_sample"": true, ""temperature"": 1.0, ""top_p"": 0.95, ""top_k"": 50, ""repetition_penalty"": 1.0, ""max_new_tokens"": 128}"
bytekgwV6,1.0,1,1303,69,69,"After rebranding from beverages to a blockchain company, Long Blockchain says it is refocusing yet again and launching operations related ","After rebranding from beverages to a blockchain company, Long Blockchain says it is refocusing yet again and launching operations related 5G connectivity.
Long Blockchain, the company that gained international attention in 2017 for rebranding from a beverage company to a blockchain company, is changing its focus yet again. The company, which was known as Long Island Iced Tea Corp. before its rebrand, has announced that it is launching a new division focused on 5G connectivity.
The new division, called LB Network, will focus on developing and deploying 5G infrastructure and services. The company claims that its technology will provide a secure and reliable connection for a wide range of applications, including IoT devices, smart cities, and more.
LB Network will be led","5G connectivity.
Long Blockchain, the company that gained international attention in 2017 for rebranding from a beverage company to a blockchain company, is changing its focus yet again. The company, which was known as Long Island Iced Tea Corp. before its rebrand, has announced that it is launching a new division focused on 5G connectivity.
The new division, called LB Network, will focus on developing and deploying 5G infrastructure and services. The company claims that its technology will provide a secure and reliable connection for a wide range of applications, including IoT devices, smart cities, and more.
LB Network will be led","{""do_sample"": true, ""temperature"": 1.0, ""top_p"": 0.95, ""top_k"": 50, ""repetition_penalty"": 1.0, ""max_new_tokens"": 128}"
bytekgwV6,1.0,1,1305,71,71,"Noel Gallo, an organ builder who designed a new organ at Xewkija parish church and Paolo Oreni, an international organist ","Noel Gallo, an organ builder who designed a new organ at Xewkija parish church and Paolo Oreni, an international organist 15 years ago. On Saturday, Gallo and Oreni returned to Xewkija for a recital to celebrate the organ's 15th anniversary.
The recital, which was attended by a capacity audience, included a wide range of music, from Bach and Handel to contemporary composers. Gallo and Oreni played the organ with great skill and passion, bringing the audience to its feet on several occasions.
The highlight of the recital was a performance of the famous Passacaglia and Fugue in C minor by Bach. Gallo's organ played the role of the orchestra, providing the perfect accompan","15 years ago. On Saturday, Gallo and Oreni returned to Xewkija for a recital to celebrate the organ's 15th anniversary.
The recital, which was attended by a capacity audience, included a wide range of music, from Bach and Handel to contemporary composers. Gallo and Oreni played the organ with great skill and passion, bringing the audience to its feet on several occasions.
The highlight of the recital was a performance of the famous Passacaglia and Fugue in C minor by Bach. Gallo's organ played the role of the orchestra, providing the perfect accompan","{""do_sample"": true, ""temperature"": 1.0, ""top_p"": 0.95, ""top_k"": 50, ""repetition_penalty"": 1.0, ""max_new_tokens"": 128}"
bytekgwV6,1.0,1,1307,73,73,"Meet Google's Robot Army. It's Growing. Google can't stop buying robotics companies. In the past two months, eight of the ","Meet Google's Robot Army. It's Growing. Google can't stop buying robotics companies. In the past two months, eight of the 13 companies Google has acquired have some kind of robotics or artificial intelligence focus. Here's a rundown of the deals:
• 7 March: Google buys robotics firm Boston Dynamics for $400 million
• 13 March: Google acquires artificial intelligence company DeepMind for £400 million (around $640 million)
• 17 March: Google buys Lift Labs, a startup that helps people with paralysis control their wheelchairs, for an undisclosed sum
• 18 March: Google acquires Emu, a maker of robots for the elderly, for an undisclosed sum
• 24 March: Google buys Songify, a company that creates","13 companies Google has acquired have some kind of robotics or artificial intelligence focus. Here's a rundown of the deals:
• 7 March: Google buys robotics firm Boston Dynamics for $400 million
• 13 March: Google acquires artificial intelligence company DeepMind for £400 million (around $640 million)
• 17 March: Google buys Lift Labs, a startup that helps people with paralysis control their wheelchairs, for an undisclosed sum
• 18 March: Google acquires Emu, a maker of robots for the elderly, for an undisclosed sum
• 24 March: Google buys Songify, a company that creates","{""do_sample"": true, ""temperature"": 1.0, ""top_p"": 0.95, ""top_k"": 50, ""repetition_penalty"": 1.0, ""max_new_tokens"": 128}"
bytekgwV6,1.0,1,1309,75,75,"Michael Schumacher - a seven-time Formula One world champion is ""not bedridden or living on tubes"", it has been reported ","Michael Schumacher - a seven-time Formula One world champion is ""not bedridden or living on tubes"", it has been reported 12 years after a serious skiing accident.
Michael Schumacher, 52, has been under intense medical care and rehabilitation since he fell and hit his head while skiing in the French Alps on December 29, 2013.
Although the former F1 driver's condition has been kept private, it has been reported that he has made gradual progress and is able to do simple tasks and communicate.
Schumacher's family, including his wife Corinna and their two children, have been at his side throughout his recovery, with his wife reportedly being his primary caregiver.
According to reports, Schumacher's condition has been monitored closely by","12 years after a serious skiing accident.
Michael Schumacher, 52, has been under intense medical care and rehabilitation since he fell and hit his head while skiing in the French Alps on December 29, 2013.
Although the former F1 driver's condition has been kept private, it has been reported that he has made gradual progress and is able to do simple tasks and communicate.
Schumacher's family, including his wife Corinna and their two children, have been at his side throughout his recovery, with his wife reportedly being his primary caregiver.
According to reports, Schumacher's condition has been monitored closely by","{""do_sample"": true, ""temperature"": 1.0, ""top_p"": 0.95, ""top_k"": 50, ""repetition_penalty"": 1.0, ""max_new_tokens"": 128}"
bytekgwV6,1.0,1,1311,77,77,"On April 4, 1975, Bill Gates and Paul Allen founded Microsoft. The small firm used to develop and sell BASIC ","On April 4, 1975, Bill Gates and Paul Allen founded Microsoft. The small firm used to develop and sell BASIC 6502 for the Altair 8800 microcomputer. Today, Microsoft is one of the most successful companies in the world, worth over $2 trillion and employing over 144,000 people.

In their early days, Bill Gates and Paul Allen were passionate about coding and developing software. They spent countless hours writing programs for the Altair 8800, which was a popular microcomputer at the time. After developing the BASIC 6502, they decided to create their own operating system, which they called MS-DOS.

MS-DOS, or Microsoft Disk Operating System, revolutionized the computer industry. It was the first operating system","6502 for the Altair 8800 microcomputer. Today, Microsoft is one of the most successful companies in the world, worth over $2 trillion and employing over 144,000 people.

In their early days, Bill Gates and Paul Allen were passionate about coding and developing software. They spent countless hours writing programs for the Altair 8800, which was a popular microcomputer at the time. After developing the BASIC 6502, they decided to create their own operating system, which they called MS-DOS.

MS-DOS, or Microsoft Disk Operating System, revolutionized the computer industry. It was the first operating system","{""do_sample"": true, ""temperature"": 1.0, ""top_p"": 0.95, ""top_k"": 50, ""repetition_penalty"": 1.0, ""max_new_tokens"": 128}"
bytekgwV6,1.0,1,1313,79,79,John Beilein and the Michigan Wolverines are one win away from a national title. On Saturday the Wolverines knocked off ,"John Beilein and the Michigan Wolverines are one win away from a national title. On Saturday the Wolverines knocked off 1-seed Oregon 71-56 in the national semifinals. Michigan held Oregon to just 18 points in the second half and shot 53% from the field for the game.
The Wolverines were led by senior guard Derrick Walton, who scored 20 points, including 12 in the second half. Moritz Wagner added 15 points and seven rebounds off the bench for Michigan.
On Monday, the Wolverines will face either North Carolina or Gonzaga in the national championship game. It will be Michigan's second national title in program history, with the first coming in 1989 under Steve Fisher. Beilein is looking","1-seed Oregon 71-56 in the national semifinals. Michigan held Oregon to just 18 points in the second half and shot 53% from the field for the game.
The Wolverines were led by senior guard Derrick Walton, who scored 20 points, including 12 in the second half. Moritz Wagner added 15 points and seven rebounds off the bench for Michigan.
On Monday, the Wolverines will face either North Carolina or Gonzaga in the national championship game. It will be Michigan's second national title in program history, with the first coming in 1989 under Steve Fisher. Beilein is looking","{""do_sample"": true, ""temperature"": 1.0, ""top_p"": 0.95, ""top_k"": 50, ""repetition_penalty"": 1.0, ""max_new_tokens"": 128}"
bytekgwV6,1.0,1,1315,81,81,Two Democratic state representatives from South Florida said Thursday that they've gathered with 33 colleagues to file paperwork with the ,"Two Democratic state representatives from South Florida said Thursday that they've gathered with 33 colleagues to file paperwork with the 2022 gubernatorial candidate who they say will unite the party and have a chance to defeat Republican Gov. Ron DeSantis.
Rep. Dotie Joseph, D-Miami, and Rep. Christine Hunschofsen, D-Jupiter, announced at a press conference in Tallahassee that they've filed as delegates for Charlie Crist, the former Republican governor who's making a comeback bid for the top office.
""We need a candidate who is a unifying force for our party,"" Joseph said. ""We need a candidate who has the leadership skills and the vision to bring people together.""
Crist, who served as governor from ","2022 gubernatorial candidate who they say will unite the party and have a chance to defeat Republican Gov. Ron DeSantis.
Rep. Dotie Joseph, D-Miami, and Rep. Christine Hunschofsen, D-Jupiter, announced at a press conference in Tallahassee that they've filed as delegates for Charlie Crist, the former Republican governor who's making a comeback bid for the top office.
""We need a candidate who is a unifying force for our party,"" Joseph said. ""We need a candidate who has the leadership skills and the vision to bring people together.""
Crist, who served as governor from ","{""do_sample"": true, ""temperature"": 1.0, ""top_p"": 0.95, ""top_k"": 50, ""repetition_penalty"": 1.0, ""max_new_tokens"": 128}"
bytekgwV6,1.0,1,1317,83,83,"Hospitals are seeking ways to reduce readmissions, due to new penalties from Medicare. Demand for qualified professionals in the health ","Hospitals are seeking ways to reduce readmissions, due to new penalties from Medicare. Demand for qualified professionals in the health  care industry is on the rise, particularly in the areas of nursing, healthcare administration, and healthcare information technology. This course will provide students with the knowledge and skills necessary to succeed in these areas and prepare them for the growing demand for healthcare professionals.
The Health Sciences program offers a comprehensive curriculum that includes:
Foundational courses in biology, chemistry, and statistics
Core courses in health sciences, including anatomy and physiology, health systems, and healthcare finance
Specialization courses in nursing, healthcare administration, or healthcare information technology
Clinical and practicum experiences that provide hands-on training and opportunities for networking
Interdisciplinary learning opportunities that emphasize communication, teamwork,"," care industry is on the rise, particularly in the areas of nursing, healthcare administration, and healthcare information technology. This course will provide students with the knowledge and skills necessary to succeed in these areas and prepare them for the growing demand for healthcare professionals.
The Health Sciences program offers a comprehensive curriculum that includes:
Foundational courses in biology, chemistry, and statistics
Core courses in health sciences, including anatomy and physiology, health systems, and healthcare finance
Specialization courses in nursing, healthcare administration, or healthcare information technology
Clinical and practicum experiences that provide hands-on training and opportunities for networking
Interdisciplinary learning opportunities that emphasize communication, teamwork,","{""do_sample"": true, ""temperature"": 1.0, ""top_p"": 0.95, ""top_k"": 50, ""repetition_penalty"": 1.0, ""max_new_tokens"": 128}"
bytekgwV6,1.0,1,1319,85,85,"OK!'s NYC Fashion Week Blog: Gwen Stefani's L.A.M.B. Can’t make it to NYC for Fashion Week? Don’t worry, OK!’s got ","OK!'s NYC Fashion Week Blog: Gwen Stefani's L.A.M.B. Can’t make it to NYC for Fashion Week? Don’t worry, OK!’s got 411! We’re giving you the lowdown on all the hottest trends, must-see shows, and A-list sightings from the Big Apple. Check back daily for updates! — Monday, February 23rd —
It's officially Fashion Week in NYC and we've got all the buzz for you! Day two of the festivities kicked off with Gwen Stefani's L.A.M.B. show at Milk Studios. The Harajuku Girls -inspired collection was a visual feast, with bold prints, daring silhouettes, and a whole lot of sass. The crowd went wild for the edgy, avant-garde designs, which featured","411! We’re giving you the lowdown on all the hottest trends, must-see shows, and A-list sightings from the Big Apple. Check back daily for updates! — Monday, February 23rd —
It's officially Fashion Week in NYC and we've got all the buzz for you! Day two of the festivities kicked off with Gwen Stefani's L.A.M.B. show at Milk Studios. The Harajuku Girls -inspired collection was a visual feast, with bold prints, daring silhouettes, and a whole lot of sass. The crowd went wild for the edgy, avant-garde designs, which featured","{""do_sample"": true, ""temperature"": 1.0, ""top_p"": 0.95, ""top_k"": 50, ""repetition_penalty"": 1.0, ""max_new_tokens"": 128}"
bytekgwV6,1.0,1,1321,87,87,"FILE - Guinea security forces, center, face people rioting and burning rubbish and other goods in the streets of Conakry, ","FILE - Guinea security forces, center, face people rioting and burning rubbish and other goods in the streets of Conakry, 24 Oct. 2007. A new report has found that the West African country of Guinea is facing a ""humanitarian crisis"" with more than 80,000 people displaced and thousands of others affected by violence and looting.
A new report by the United Nations Office for the Coordination of Humanitarian Affairs (OCHA) has found that the West African country of Guinea is facing a ""humanitarian crisis"" with more than 80,000 people displaced and thousands of others affected by violence and looting.
According to the report, the crisis in Guinea is linked to political tensions and a dispute over the results of the presidential election","24 Oct. 2007. A new report has found that the West African country of Guinea is facing a ""humanitarian crisis"" with more than 80,000 people displaced and thousands of others affected by violence and looting.
A new report by the United Nations Office for the Coordination of Humanitarian Affairs (OCHA) has found that the West African country of Guinea is facing a ""humanitarian crisis"" with more than 80,000 people displaced and thousands of others affected by violence and looting.
According to the report, the crisis in Guinea is linked to political tensions and a dispute over the results of the presidential election","{""do_sample"": true, ""temperature"": 1.0, ""top_p"": 0.95, ""top_k"": 50, ""repetition_penalty"": 1.0, ""max_new_tokens"": 128}"
bytekgwV6,1.0,1,1323,89,89,Sunday's college basketball roundup: No. 8 N.C. State women stay unbeaten with rout at U.Va. Do conference hoops tournaments hinder ,"Sunday's college basketball roundup: No. 8 N.C. State women stay unbeaten with rout at U.Va. Do conference hoops tournaments hinder 2nd-round exits in NCAA tourney?
Sunday's sports roundup: N.C. State women, UNC men move closer to ACC titles; Liberty women win Big South tournament title; Virginia Tech men fall to Clemson
College basketball: UNC Wilmington's first-half barrage leads to 92-76 victory over Hampton
Hampton University's men's basketball team dropped a 92-76 decision to UNC Wilmington on Saturday at the Atlantic Union Bank Center in Harrisonburg, Va.
The Seahawks (12-12, 8-5 Colonial Athletic Association) made 13 of their 24 3-point attempts, including 9 of 14 in","2nd-round exits in NCAA tourney?
Sunday's sports roundup: N.C. State women, UNC men move closer to ACC titles; Liberty women win Big South tournament title; Virginia Tech men fall to Clemson
College basketball: UNC Wilmington's first-half barrage leads to 92-76 victory over Hampton
Hampton University's men's basketball team dropped a 92-76 decision to UNC Wilmington on Saturday at the Atlantic Union Bank Center in Harrisonburg, Va.
The Seahawks (12-12, 8-5 Colonial Athletic Association) made 13 of their 24 3-point attempts, including 9 of 14 in","{""do_sample"": true, ""temperature"": 1.0, ""top_p"": 0.95, ""top_k"": 50, ""repetition_penalty"": 1.0, ""max_new_tokens"": 128}"
bytekgwV6,1.0,1,1325,91,91,“All the gold names have been pretty much getting hammered both on the credit side and the equity side for ,"“All the gold names have been pretty much getting hammered both on the credit side and the equity side for 2019, but a lot of those names are still trading at 10-15 times earnings on the bottom line,” said Paul Westra, portfolio manager for the Hartford Multicap Value Fund. “That’s actually not too bad for a lot of these high-quality companies that have been growing their earnings at 10-15% per year for the past five years. We still think these companies are undervalued, and we think they have a lot of upside potential in 2019 and beyond.” (Source: Value investor sees opportunity in beaten-down companies, Barron’s, February 25, 2019) →
Tag","2019, but a lot of those names are still trading at 10-15 times earnings on the bottom line,” said Paul Westra, portfolio manager for the Hartford Multicap Value Fund. “That’s actually not too bad for a lot of these high-quality companies that have been growing their earnings at 10-15% per year for the past five years. We still think these companies are undervalued, and we think they have a lot of upside potential in 2019 and beyond.” (Source: Value investor sees opportunity in beaten-down companies, Barron’s, February 25, 2019) →
Tag","{""do_sample"": true, ""temperature"": 1.0, ""top_p"": 0.95, ""top_k"": 50, ""repetition_penalty"": 1.0, ""max_new_tokens"": 128}"
bytekgwV6,1.0,1,1327,93,93,"Customers line up to purchase lottery tickets, Monday, Oct. 22, 2018, at La Preferida Superdiscount store in Hialeah, Fla. For ","Customers line up to purchase lottery tickets, Monday, Oct. 22, 2018, at La Preferida Superdiscount store in Hialeah, Fla. For 13 years, the Florida Lottery has paid out jackpots worth a billion dollars or more, a streak that has made it one of the most lucrative lotteries in the United States. (AP Photo/Alan Diaz)
JACKPOT MANIA: Florida Lottery Celebrates 13 Years of $1 Billion+ Jackpots
TALLAHASSEE, Fla. – Today, the Florida Lottery is celebrating a remarkable milestone – 13 years of paying out jackpots worth $1 billion or more. Since October 2005, the Florida Lottery has had an impressive streak of 14 jackpots worth $1 billion","13 years, the Florida Lottery has paid out jackpots worth a billion dollars or more, a streak that has made it one of the most lucrative lotteries in the United States. (AP Photo/Alan Diaz)
JACKPOT MANIA: Florida Lottery Celebrates 13 Years of $1 Billion+ Jackpots
TALLAHASSEE, Fla. – Today, the Florida Lottery is celebrating a remarkable milestone – 13 years of paying out jackpots worth $1 billion or more. Since October 2005, the Florida Lottery has had an impressive streak of 14 jackpots worth $1 billion","{""do_sample"": true, ""temperature"": 1.0, ""top_p"": 0.95, ""top_k"": 50, ""repetition_penalty"": 1.0, ""max_new_tokens"": 128}"
bytekgwV6,1.0,1,1329,95,95,There're no feet like happy feet and these Rechargeable Heated Slippers will ensure your feet are always happy. Just slip ,"There're no feet like happy feet and these Rechargeable Heated Slippers will ensure your feet are always happy. Just slip  your feet into these soft, plush slippers and let the soothing heat work its magic.
These heated slippers are perfect for cold winter nights, as a relaxing treat after a long day, or as a romantic gesture for your loved one. The soft, fleecy interior and the gentle heat will make you feel like you're walking on clouds.
The slippers come with 3 heat settings and a automatic shut-off feature to ensure your safety. The rechargeable battery provides up to 8 hours of continuous heating, so you can use them all night long.
Soft, fleecy interior and a comfortable fit make these heated slippers"," your feet into these soft, plush slippers and let the soothing heat work its magic.
These heated slippers are perfect for cold winter nights, as a relaxing treat after a long day, or as a romantic gesture for your loved one. The soft, fleecy interior and the gentle heat will make you feel like you're walking on clouds.
The slippers come with 3 heat settings and a automatic shut-off feature to ensure your safety. The rechargeable battery provides up to 8 hours of continuous heating, so you can use them all night long.
Soft, fleecy interior and a comfortable fit make these heated slippers","{""do_sample"": true, ""temperature"": 1.0, ""top_p"": 0.95, ""top_k"": 50, ""repetition_penalty"": 1.0, ""max_new_tokens"": 128}"
bytekgwV6,1.0,1,1331,97,97,"When Katherine Gotovsky sees a problem, her response is immediate. The gears in her 17-year-old mind start working away, determined ","When Katherine Gotovsky sees a problem, her response is immediate. The gears in her 17-year-old mind start working away, determined  to find a solution. It's this entrepreneurial spirit that earned her the top prize at the 2014 National Science Olympiad and caught the attention of judges at the 2014 Google Science Fair.
At the age of 12, Katherine identified a problem with her community's recycling program: food waste was being tossed into regular trash bins, where it would end up in landfills and contribute to greenhouse gases. She recognized that this problem was not unique to her community, but rather a widespread issue across the United States.
Determined to make a change, Katherine developed ""FoodRecycle,"" a system designed to divert organic waste from landfills"," to find a solution. It's this entrepreneurial spirit that earned her the top prize at the 2014 National Science Olympiad and caught the attention of judges at the 2014 Google Science Fair.
At the age of 12, Katherine identified a problem with her community's recycling program: food waste was being tossed into regular trash bins, where it would end up in landfills and contribute to greenhouse gases. She recognized that this problem was not unique to her community, but rather a widespread issue across the United States.
Determined to make a change, Katherine developed ""FoodRecycle,"" a system designed to divert organic waste from landfills","{""do_sample"": true, ""temperature"": 1.0, ""top_p"": 0.95, ""top_k"": 50, ""repetition_penalty"": 1.0, ""max_new_tokens"": 128}"
bytekgwV6,1.0,1,1333,99,99,"A rocket attack by ISIS militants in northern Syria caused symptoms of “chemical gas” in 22 Syrian rebels, state media ","A rocket attack by ISIS militants in northern Syria caused symptoms of “chemical gas” in 22 Syrian rebels, state media  reported.
The attack on a rebel-held town in the Aleppo province on Saturday evening caused respiratory problems and other symptoms similar to those caused by chemical weapons, the Syrian Arab News Agency (SANA) reported.
The British-based Syrian Observatory for Human Rights (SOHR) confirmed the attack, saying it caused widespread panic among rebels and civilians in the area.
A rebel fighter told SANA that the attack caused 22 of his comrades to suffer from respiratory problems, nausea, and eye irritation.
The ISIS militants fired a rocket towards a rebel position in the town of Atarib, causing the symptoms, the SOHR reported.
The exact type of"," reported.
The attack on a rebel-held town in the Aleppo province on Saturday evening caused respiratory problems and other symptoms similar to those caused by chemical weapons, the Syrian Arab News Agency (SANA) reported.
The British-based Syrian Observatory for Human Rights (SOHR) confirmed the attack, saying it caused widespread panic among rebels and civilians in the area.
A rebel fighter told SANA that the attack caused 22 of his comrades to suffer from respiratory problems, nausea, and eye irritation.
The ISIS militants fired a rocket towards a rebel position in the town of Atarib, causing the symptoms, the SOHR reported.
The exact type of","{""do_sample"": true, ""temperature"": 1.0, ""top_p"": 0.95, ""top_k"": 50, ""repetition_penalty"": 1.0, ""max_new_tokens"": 128}"
bytekgwV6,1.0,1,1335,101,101,And yet the Cardinals are in position to complete a three-game sweep of the Cubs on Sunday night after erasing ,"And yet the Cardinals are in position to complete a three-game sweep of the Cubs on Sunday night after erasing 3-0 and 4-3 deficits earlier in the weekend.
It's a tale of two teams, and one that's reminiscent of the Cardinals' dominance over the Cubs in the National League Central over the years.
St. Louis ace Adam Wainwright (11-4, 2.45 ERA) will start the series finale, looking to become the Cardinals' first 12-game winner this season. The Cubs will counter with left-hander Jon Lester (6-8, 3.69).
The Cubs have struggled against Wainwright throughout his career, with a.243 batting average and a.317 on-base percentage","3-0 and 4-3 deficits earlier in the weekend.
It's a tale of two teams, and one that's reminiscent of the Cardinals' dominance over the Cubs in the National League Central over the years.
St. Louis ace Adam Wainwright (11-4, 2.45 ERA) will start the series finale, looking to become the Cardinals' first 12-game winner this season. The Cubs will counter with left-hander Jon Lester (6-8, 3.69).
The Cubs have struggled against Wainwright throughout his career, with a.243 batting average and a.317 on-base percentage","{""do_sample"": true, ""temperature"": 1.0, ""top_p"": 0.95, ""top_k"": 50, ""repetition_penalty"": 1.0, ""max_new_tokens"": 128}"
bytekgwV6,1.0,1,1337,103,103,LUCERNE VALLEY — A motorist on Thursday morning found the body of a bicyclist who had been struck by a ,"LUCERNE VALLEY — A motorist on Thursday morning found the body of a bicyclist who had been struck by a 1998 Honda Civic in Lucerne Valley, the San Bernardino County Sheriff’s Department reported.
The incident occurred about 7:15 a.m. at the intersection of Highway 18 and Barstow Road, sheriff’s officials said.
According to authorities, the 1998 Honda Civic, driven by a 23-year-old Victorville man, had been heading north on Highway 18 when it failed to stop at the stop sign and collided with a bicyclist who was traveling east on Barstow Road.
The bicyclist, who has not been identified, died at the scene.
The driver of the Honda Civic remained at the scene and","1998 Honda Civic in Lucerne Valley, the San Bernardino County Sheriff’s Department reported.
The incident occurred about 7:15 a.m. at the intersection of Highway 18 and Barstow Road, sheriff’s officials said.
According to authorities, the 1998 Honda Civic, driven by a 23-year-old Victorville man, had been heading north on Highway 18 when it failed to stop at the stop sign and collided with a bicyclist who was traveling east on Barstow Road.
The bicyclist, who has not been identified, died at the scene.
The driver of the Honda Civic remained at the scene and","{""do_sample"": true, ""temperature"": 1.0, ""top_p"": 0.95, ""top_k"": 50, ""repetition_penalty"": 1.0, ""max_new_tokens"": 128}"
bytekgwV6,1.0,1,1339,105,105,"TOPEKA, Kan. (WIBW) -- With a snowstorm (and possible blizzard) moving, many of us will spend Sunday indoors. And, while ","TOPEKA, Kan. (WIBW) -- With a snowstorm (and possible blizzard) moving, many of us will spend Sunday indoors. And, while 24News and other weather providers are keeping an eye on the forecast and reporting on the latest developments, some folks will turn to other ways to pass the time.
Whether you're looking for a fun family activity or simply want to relax and unwind, there are plenty of options to keep you occupied on a snowy Sunday. Here are a few ideas:
Indoor Games and Puzzles:
* Board games: From classics like Monopoly and Scrabble to newer games like Settlers of Catan and Pandemic, there are plenty of options to choose from.
* Card games: Whether you're a poker fan or enjoy more casual games like","24News and other weather providers are keeping an eye on the forecast and reporting on the latest developments, some folks will turn to other ways to pass the time.
Whether you're looking for a fun family activity or simply want to relax and unwind, there are plenty of options to keep you occupied on a snowy Sunday. Here are a few ideas:
Indoor Games and Puzzles:
* Board games: From classics like Monopoly and Scrabble to newer games like Settlers of Catan and Pandemic, there are plenty of options to choose from.
* Card games: Whether you're a poker fan or enjoy more casual games like","{""do_sample"": true, ""temperature"": 1.0, ""top_p"": 0.95, ""top_k"": 50, ""repetition_penalty"": 1.0, ""max_new_tokens"": 128}"
bytekgwV6,1.0,1,1341,107,107,"Rockland — Maine-based nonprofit WindowDressers coordinates community volunteers to build affordable, re-usable, interior insulating window inserts that tighten up existing ","Rockland — Maine-based nonprofit WindowDressers coordinates community volunteers to build affordable, re-usable, interior insulating window inserts that tighten up existing 1-6/9"" sash windows, reducing heat loss and energy bills.
Community volunteers build the inserts, designed by a local engineer, from recycled materials at local workshops. The inserts, called ""draft-stoppers,"" can save homeowners 10-30% on energy costs. WindowDressers has helped hundreds of families in Maine and will expand to other locations.
The organization's goal is to provide a simple, affordable and effective solution to address energy efficiency issues, and to engage and empower local communities to take action on this issue. For more information, visit windowdressers.org. (Photo courtesy of WindowDressers)","1-6/9"" sash windows, reducing heat loss and energy bills.
Community volunteers build the inserts, designed by a local engineer, from recycled materials at local workshops. The inserts, called ""draft-stoppers,"" can save homeowners 10-30% on energy costs. WindowDressers has helped hundreds of families in Maine and will expand to other locations.
The organization's goal is to provide a simple, affordable and effective solution to address energy efficiency issues, and to engage and empower local communities to take action on this issue. For more information, visit windowdressers.org. (Photo courtesy of WindowDressers)","{""do_sample"": true, ""temperature"": 1.0, ""top_p"": 0.95, ""top_k"": 50, ""repetition_penalty"": 1.0, ""max_new_tokens"": 128}"
bytekgwV6,1.0,1,1343,109,109,"The Volstead Act was repealed on this date in 1933, returning control of alcohol to the states, and it was ","The Volstead Act was repealed on this date in 1933, returning control of alcohol to the states, and it was 15 years before the United States would see a national alcohol prohibition again, this time with the repeal of the 18th Amendment, followed by the 21st Amendment, which made the ban legal. Source: Prohibition was repealed on December 5, 1933, with the ratification of the 21st Amendment to the U.S. Constitution. In the United States, the 21st Amendment, also known as the ""Repeal Amendment,"" was ratified on December 5, 1933, making it the 21st amendment to the United States Constitution. This amendment repealed the 18th Amendment, which had","15 years before the United States would see a national alcohol prohibition again, this time with the repeal of the 18th Amendment, followed by the 21st Amendment, which made the ban legal. Source: Prohibition was repealed on December 5, 1933, with the ratification of the 21st Amendment to the U.S. Constitution. In the United States, the 21st Amendment, also known as the ""Repeal Amendment,"" was ratified on December 5, 1933, making it the 21st amendment to the United States Constitution. This amendment repealed the 18th Amendment, which had","{""do_sample"": true, ""temperature"": 1.0, ""top_p"": 0.95, ""top_k"": 50, ""repetition_penalty"": 1.0, ""max_new_tokens"": 128}"
bytekgwV6,1.0,1,1345,111,111,"Ronny Deila blamed a rutted, ploughed Hampden pitch for his side's failure to inflict League Cup embarrassment upon Rangers. Denying ","Ronny Deila blamed a rutted, ploughed Hampden pitch for his side's failure to inflict League Cup embarrassment upon Rangers. Denying 10-man Celtic were deserving winners, Deila claimed the surface made it difficult for his team to play their best football, while also questioning the referee's decisions.
It was the Norwegian's first defeat in the League Cup with Celtic, and he was left fuming by the performance and the conditions. ""I'm very disappointed with the way we played,"" Deila said. ""The pitch was very, very bad. It was a lot of effort just to get the ball on the ground, and we couldn't play our game. It was very difficult for us to play our normal football.
""I don't think we deserved to win the game","10-man Celtic were deserving winners, Deila claimed the surface made it difficult for his team to play their best football, while also questioning the referee's decisions.
It was the Norwegian's first defeat in the League Cup with Celtic, and he was left fuming by the performance and the conditions. ""I'm very disappointed with the way we played,"" Deila said. ""The pitch was very, very bad. It was a lot of effort just to get the ball on the ground, and we couldn't play our game. It was very difficult for us to play our normal football.
""I don't think we deserved to win the game","{""do_sample"": true, ""temperature"": 1.0, ""top_p"": 0.95, ""top_k"": 50, ""repetition_penalty"": 1.0, ""max_new_tokens"": 128}"
bytekgwV6,1.0,1,1347,113,113,Why do CEOs need extravagant perks even when they are firing staff and pleading for taxpayer bailouts? It may just ,"Why do CEOs need extravagant perks even when they are firing staff and pleading for taxpayer bailouts? It may just  be a symptom of a wider problem.
Why do CEOs need extravagant perks even when they are firing staff and pleading for taxpayer bailouts? It may just be a symptom of a wider problem.
It seems that when companies are struggling financially, CEOs need more and more luxuries to cope with the pressure. This is a symptom of a broader issue: the prioritization of shareholder profits over people and the planet.
The corporate model has created an environment where CEOs are incentivized to maximize profits, often at the expense of workers, the environment, and the broader public good. It's a system that rewards short-term gains over long-term sustainability,"," be a symptom of a wider problem.
Why do CEOs need extravagant perks even when they are firing staff and pleading for taxpayer bailouts? It may just be a symptom of a wider problem.
It seems that when companies are struggling financially, CEOs need more and more luxuries to cope with the pressure. This is a symptom of a broader issue: the prioritization of shareholder profits over people and the planet.
The corporate model has created an environment where CEOs are incentivized to maximize profits, often at the expense of workers, the environment, and the broader public good. It's a system that rewards short-term gains over long-term sustainability,","{""do_sample"": true, ""temperature"": 1.0, ""top_p"": 0.95, ""top_k"": 50, ""repetition_penalty"": 1.0, ""max_new_tokens"": 128}"
bytekgwV6,1.0,1,1349,115,115,Northeastern International Airways suspended service on all but one of its routes after an unsuccessful attempt to attract passengers with ,"Northeastern International Airways suspended service on all but one of its routes after an unsuccessful attempt to attract passengers with 5-cent fares.
The Miami-based airline had been struggling to fill its planes and had announced the 5-cent fare promotion to attract customers. However, the deal was heavily subsidized by the airline, and the low fares did not generate the expected number of passengers.
As a result, the airline has suspended service on several routes, including flights from Miami to Nassau, the Bahamas, and St. Petersburg, Fla. However, the airline will continue to operate flights from Miami to Tampa, Fla.
Northeastern International Airways had been operating for about two years and had been facing increased competition from other airlines. The airline's CEO has said that","5-cent fares.
The Miami-based airline had been struggling to fill its planes and had announced the 5-cent fare promotion to attract customers. However, the deal was heavily subsidized by the airline, and the low fares did not generate the expected number of passengers.
As a result, the airline has suspended service on several routes, including flights from Miami to Nassau, the Bahamas, and St. Petersburg, Fla. However, the airline will continue to operate flights from Miami to Tampa, Fla.
Northeastern International Airways had been operating for about two years and had been facing increased competition from other airlines. The airline's CEO has said that","{""do_sample"": true, ""temperature"": 1.0, ""top_p"": 0.95, ""top_k"": 50, ""repetition_penalty"": 1.0, ""max_new_tokens"": 128}"
bytekgwV6,1.0,1,1351,117,117,"DAVIDSON, N.C., Jan. 10, 2019 /PRNewswire/ -- Rocus Networks, a managed cybersecurity service provider for business, announced today that it ","DAVIDSON, N.C., Jan. 10, 2019 /PRNewswire/ -- Rocus Networks, a managed cybersecurity service provider for business, announced today that it  has been selected as a Top 10 Finalist for the 2019 Cybersecurity Excellence Awards in the category of ""Managed Security Services Provider."" The Cybersecurity Excellence Awards are an annual awards program that recognizes the world's leading cybersecurity companies and solutions.
""We are thrilled to be named a Top 10 Finalist for the 2019 Cybersecurity Excellence Awards,"" said James R. Krouse, CEO of Rocus Networks. ""Our team is dedicated to providing comprehensive managed cybersecurity services that help businesses protect their most valuable assets - their data and their customers' trust. We believe that this recognition is a testament to our commitment to excellence and"," has been selected as a Top 10 Finalist for the 2019 Cybersecurity Excellence Awards in the category of ""Managed Security Services Provider."" The Cybersecurity Excellence Awards are an annual awards program that recognizes the world's leading cybersecurity companies and solutions.
""We are thrilled to be named a Top 10 Finalist for the 2019 Cybersecurity Excellence Awards,"" said James R. Krouse, CEO of Rocus Networks. ""Our team is dedicated to providing comprehensive managed cybersecurity services that help businesses protect their most valuable assets - their data and their customers' trust. We believe that this recognition is a testament to our commitment to excellence and","{""do_sample"": true, ""temperature"": 1.0, ""top_p"": 0.95, ""top_k"": 50, ""repetition_penalty"": 1.0, ""max_new_tokens"": 128}"
bytekgwV6,1.0,1,1353,119,119,McDonald’s jumped 5.3 percent after the world’s biggest fast-food chain by revenue topped analysts’ forecasts for profit and sales. Shares ,"McDonald’s jumped 5.3 percent after the world’s biggest fast-food chain by revenue topped analysts’ forecasts for profit and sales. Shares 2022, 2023, and 2025.
The Q4 earnings results exceeded market predictions for the company, driven by strong sales and cost-cutting efforts. The improved sales were attributed to a combination of factors including menu item innovations, targeted marketing efforts, and ongoing menu optimization.
The Q4 revenue came in at $5.6 billion, beating the forecast of $5.5 billion, while the net income jumped 14% to $2.6 billion, exceeding the estimated $2.5 billion. In comparison to the same period last year, the net income rose 6% year-over-year.

McDonald's","2022, 2023, and 2025.
The Q4 earnings results exceeded market predictions for the company, driven by strong sales and cost-cutting efforts. The improved sales were attributed to a combination of factors including menu item innovations, targeted marketing efforts, and ongoing menu optimization.
The Q4 revenue came in at $5.6 billion, beating the forecast of $5.5 billion, while the net income jumped 14% to $2.6 billion, exceeding the estimated $2.5 billion. In comparison to the same period last year, the net income rose 6% year-over-year.

McDonald's","{""do_sample"": true, ""temperature"": 1.0, ""top_p"": 0.95, ""top_k"": 50, ""repetition_penalty"": 1.0, ""max_new_tokens"": 128}"
bytekgwV6,1.0,1,1355,121,121,Hull - Where the US goes the UK often follows. This is especially true of negatives. If the US has ,"Hull - Where the US goes the UK often follows. This is especially true of negatives. If the US has 2 million vacant homes, then the UK should expect around 300,000 to 400,000 vacant homes.
In the 1980s and 1990s, the UK had a housing boom that led to a glut of new homes. This, combined with a shift in demographics and societal changes, has led to a rise in vacant homes.
According to a study by the University of Stirling, the UK's vacant homes problem is particularly pronounced in older, more affluent areas. The study found that 1 in 10 homes in areas like Cheshire and Cumbria are vacant.
The main causes of vacant homes are:
","2 million vacant homes, then the UK should expect around 300,000 to 400,000 vacant homes.
In the 1980s and 1990s, the UK had a housing boom that led to a glut of new homes. This, combined with a shift in demographics and societal changes, has led to a rise in vacant homes.
According to a study by the University of Stirling, the UK's vacant homes problem is particularly pronounced in older, more affluent areas. The study found that 1 in 10 homes in areas like Cheshire and Cumbria are vacant.
The main causes of vacant homes are:
","{""do_sample"": true, ""temperature"": 1.0, ""top_p"": 0.95, ""top_k"": 50, ""repetition_penalty"": 1.0, ""max_new_tokens"": 128}"
bytekgwV6,1.0,1,1357,123,123,"GRANT COUNTY, N.M. - ""Everywhere I go, the kids call me the book lady,"" Dolly Parton said. She may be ","GRANT COUNTY, N.M. - ""Everywhere I go, the kids call me the book lady,"" Dolly Parton said. She may be 71 years old, but the Queen of Country still has a way with people. Especially the young people in this rural New Mexico town, where she's dedicated to improving literacy and giving back to her childhood home. Parton's Imagination Library has been distributing free books to local kids for 12 years, and has grown to serve over 200,000 children in four states, including New Mexico, Tennessee, North Carolina and Sevier County, Tenn. In Grant County, she's given away over 1 million books. ""Dolly's Imagination Library has made a huge impact on our community,"" said Grant County Manager, Tom Johnson","71 years old, but the Queen of Country still has a way with people. Especially the young people in this rural New Mexico town, where she's dedicated to improving literacy and giving back to her childhood home. Parton's Imagination Library has been distributing free books to local kids for 12 years, and has grown to serve over 200,000 children in four states, including New Mexico, Tennessee, North Carolina and Sevier County, Tenn. In Grant County, she's given away over 1 million books. ""Dolly's Imagination Library has made a huge impact on our community,"" said Grant County Manager, Tom Johnson","{""do_sample"": true, ""temperature"": 1.0, ""top_p"": 0.95, ""top_k"": 50, ""repetition_penalty"": 1.0, ""max_new_tokens"": 128}"
bytekgwV6,1.0,1,1359,125,125,"While many restaurants in New York City have close relationships with farmers, and boast unimpeachable farm-to-table ethics, far fewer have ","While many restaurants in New York City have close relationships with farmers, and boast unimpeachable farm-to-table ethics, far fewer have 500 acres of their own farmland, right in the city. But then, we're not talking about just any restaurant – we're talking about Blue Hill at Stone Barns, the celebrated eatery run by chef Dan Barber and James Petrini at the Stone Barns Center for Food and Agriculture.
Since 2004, Blue Hill at Stone Barns has been offering diners a taste of the farm's bounty, with a menu that changes frequently based on what's in season. The result is a restaurant that's equal parts farm, kitchen, and table – a true celebration of the cycle of life and the pleasures of the table.
","500 acres of their own farmland, right in the city. But then, we're not talking about just any restaurant – we're talking about Blue Hill at Stone Barns, the celebrated eatery run by chef Dan Barber and James Petrini at the Stone Barns Center for Food and Agriculture.
Since 2004, Blue Hill at Stone Barns has been offering diners a taste of the farm's bounty, with a menu that changes frequently based on what's in season. The result is a restaurant that's equal parts farm, kitchen, and table – a true celebration of the cycle of life and the pleasures of the table.
","{""do_sample"": true, ""temperature"": 1.0, ""top_p"": 0.95, ""top_k"": 50, ""repetition_penalty"": 1.0, ""max_new_tokens"": 128}"
bytekgwV6,1.0,1,1361,127,127,T-Mobile has just rolled out a service called HotSpot @Homethat allows you to use a WiFi-enabled cell phone to make ,"T-Mobile has just rolled out a service called HotSpot @Homethat allows you to use a WiFi-enabled cell phone to make 3G calls on your home network. The service is available to T-Mobile customers with a 3G-enabled phone and a qualifying rate plan.
Here's how it works: with HotSpot @Home, you'll need to use a 3G-enabled phone with a WiFi adapter, such as the T-Mobile Dash 3G or the Nokia E71. Once you've got the adapter plugged in and your phone connected to your home network, you can make and receive calls just like you would with a traditional landline. You'll also be able to send and receive texts, and use your phone's other features like email and the web","3G calls on your home network. The service is available to T-Mobile customers with a 3G-enabled phone and a qualifying rate plan.
Here's how it works: with HotSpot @Home, you'll need to use a 3G-enabled phone with a WiFi adapter, such as the T-Mobile Dash 3G or the Nokia E71. Once you've got the adapter plugged in and your phone connected to your home network, you can make and receive calls just like you would with a traditional landline. You'll also be able to send and receive texts, and use your phone's other features like email and the web","{""do_sample"": true, ""temperature"": 1.0, ""top_p"": 0.95, ""top_k"": 50, ""repetition_penalty"": 1.0, ""max_new_tokens"": 128}"
bytekgwV6,1.0,1,1363,129,129,"""Oh, you are stuck on homework problem number 13? I found a solution on YouTube. That helped a lot. Just ","""Oh, you are stuck on homework problem number 13? I found a solution on YouTube. That helped a lot. Just 15 minutes of viewing and the problem was...
Added by Prasanna Kumar on July 31, 2018 at 12:29pm — 1 Comment
Added by Prasanna Kumar on July 31, 2018 at 12:21pm — 2 Comments
The Importance of Having a Good Night's Sleep for Students
Sleep is essential for the overall health and well-being of individuals, including students. When students get a good night's sleep, they can perform better academically, have better concentration, and are more likely to be successful in their studies. In this blog post, we'll discuss the","15 minutes of viewing and the problem was...
Added by Prasanna Kumar on July 31, 2018 at 12:29pm — 1 Comment
Added by Prasanna Kumar on July 31, 2018 at 12:21pm — 2 Comments
The Importance of Having a Good Night's Sleep for Students
Sleep is essential for the overall health and well-being of individuals, including students. When students get a good night's sleep, they can perform better academically, have better concentration, and are more likely to be successful in their studies. In this blog post, we'll discuss the","{""do_sample"": true, ""temperature"": 1.0, ""top_p"": 0.95, ""top_k"": 50, ""repetition_penalty"": 1.0, ""max_new_tokens"": 128}"
bytekgwV6,1.0,1,1365,131,131,Up to an inch of snow is likely on the Eastern Shore and up into Sussex County Friday afternoon. Below-freezing ,"Up to an inch of snow is likely on the Eastern Shore and up into Sussex County Friday afternoon. Below-freezing  temperatures overnight will leave some areas with icy patches. ( Delaware State Police)
Up to an inch of snow is likely on the Eastern Shore and up into Sussex County Friday afternoon. Below-freezing temperatures overnight will leave some areas with icy patches. ( Delaware State Police)
WILMINGTON, Delaware - A winter weather advisory has been issued by the National Weather Service for the Eastern Shore and southern Sussex County for a chance of snow and freezing temperatures.
The advisory will go into effect at 3 p.m. Friday and last until 9 a.m. Saturday.
According to the weather service, up to an inch of snow is expected to fall"," temperatures overnight will leave some areas with icy patches. ( Delaware State Police)
Up to an inch of snow is likely on the Eastern Shore and up into Sussex County Friday afternoon. Below-freezing temperatures overnight will leave some areas with icy patches. ( Delaware State Police)
WILMINGTON, Delaware - A winter weather advisory has been issued by the National Weather Service for the Eastern Shore and southern Sussex County for a chance of snow and freezing temperatures.
The advisory will go into effect at 3 p.m. Friday and last until 9 a.m. Saturday.
According to the weather service, up to an inch of snow is expected to fall","{""do_sample"": true, ""temperature"": 1.0, ""top_p"": 0.95, ""top_k"": 50, ""repetition_penalty"": 1.0, ""max_new_tokens"": 128}"
bytekgwV6,1.0,1,1367,133,133,"It’s dense, interesting, weird and funny, but what it’s all wrapped around is another “Chosen One” story that really feels ","It’s dense, interesting, weird and funny, but what it’s all wrapped around is another “Chosen One” story that really feels 100 years old and done to death.
I don’t think it’s possible for someone to not have read a fantasy novel with a Chosen One character. It’s been done so many times and in so many ways that it can feel formulaic and predictable. That’s what makes Leigh Bardugo’s Six of Crows such a breath of fresh air. Sure, there are some similarities, but Bardugo has really managed to put her own spin on the genre and create a character in Kaz Brekker who is both familiar and unexpected.

Kaz is a master thief, a.k.a. the Wraith, and he’s the one who","100 years old and done to death.
I don’t think it’s possible for someone to not have read a fantasy novel with a Chosen One character. It’s been done so many times and in so many ways that it can feel formulaic and predictable. That’s what makes Leigh Bardugo’s Six of Crows such a breath of fresh air. Sure, there are some similarities, but Bardugo has really managed to put her own spin on the genre and create a character in Kaz Brekker who is both familiar and unexpected.

Kaz is a master thief, a.k.a. the Wraith, and he’s the one who","{""do_sample"": true, ""temperature"": 1.0, ""top_p"": 0.95, ""top_k"": 50, ""repetition_penalty"": 1.0, ""max_new_tokens"": 128}"
bytekgwV6,1.0,1,1369,135,135,"Maddie Hinch and her England team-mates should be proud of their Hockey Women’s World Cup exploits, according to their head ","Maddie Hinch and her England team-mates should be proud of their Hockey Women’s World Cup exploits, according to their head  coach Mark Hager.
Hinch, widely regarded as one of the best goalkeepers in the world, played a starring role as England finished ninth in the 12-team tournament in London.
While they suffered a disappointing 4-0 defeat to Australia in the quarter-finals, their campaign was marked by some impressive performances, including victories over South Africa and Chile.
Hager praised his team’s efforts, saying: “We should be very proud of what we have achieved here. We set out to be competitive and we were, and we also showed some really good hockey.
“Of course, we didn’t get the outcome we wanted"," coach Mark Hager.
Hinch, widely regarded as one of the best goalkeepers in the world, played a starring role as England finished ninth in the 12-team tournament in London.
While they suffered a disappointing 4-0 defeat to Australia in the quarter-finals, their campaign was marked by some impressive performances, including victories over South Africa and Chile.
Hager praised his team’s efforts, saying: “We should be very proud of what we have achieved here. We set out to be competitive and we were, and we also showed some really good hockey.
“Of course, we didn’t get the outcome we wanted","{""do_sample"": true, ""temperature"": 1.0, ""top_p"": 0.95, ""top_k"": 50, ""repetition_penalty"": 1.0, ""max_new_tokens"": 128}"
bytekgwV6,1.0,1,1371,137,137,"Anna C. Christensen has been a supporter of family planning since high school, when she stuffed envelopes as a volunteer ","Anna C. Christensen has been a supporter of family planning since high school, when she stuffed envelopes as a volunteer 4-H representative for Planned Parenthood. Today, as the executive director of the National Coalition of STD Directors (NCSD), she continues to advocate for the rights and health of women and families.
Christensen has spent more than 20 years working in the public health sector, primarily focused on sexually transmitted disease (STD) prevention and management. She earned a Master of Public Health degree from the University of California, Berkeley and has held various positions at local, state, and national levels, including as a county public health director in California.
As NCSD's executive director, Christensen works to promote STD prevention, improve testing and treatment services, and","4-H representative for Planned Parenthood. Today, as the executive director of the National Coalition of STD Directors (NCSD), she continues to advocate for the rights and health of women and families.
Christensen has spent more than 20 years working in the public health sector, primarily focused on sexually transmitted disease (STD) prevention and management. She earned a Master of Public Health degree from the University of California, Berkeley and has held various positions at local, state, and national levels, including as a county public health director in California.
As NCSD's executive director, Christensen works to promote STD prevention, improve testing and treatment services, and","{""do_sample"": true, ""temperature"": 1.0, ""top_p"": 0.95, ""top_k"": 50, ""repetition_penalty"": 1.0, ""max_new_tokens"": 128}"
bytekgwV6,1.0,1,1373,139,139,Jesse Winker will undergo season-ending shoulder surgery. He was batting .299 this year with 7 homers and 43 RBI. Throughout ,"Jesse Winker will undergo season-ending shoulder surgery. He was batting.299 this year with 7 homers and 43 RBI. Throughout 2022, he’s been one of the most consistent players on the team.
Jesse Winker is expected to undergo season-ending surgery on his right shoulder, sources confirm. Winker, who has been a consistent force for the Reds this season, has batted.299 with 7 homers and 43 RBI.
The Cincinnati Reds announced that Jesse Winker will have season-ending surgery on his right shoulder after an examination revealed the extent of the injury.
Winker, who has been a key player for the Reds this year, is expected to undergo surgery next week and then spend the next 4-6 months rehabilitating the injury.
","2022, he’s been one of the most consistent players on the team.
Jesse Winker is expected to undergo season-ending surgery on his right shoulder, sources confirm. Winker, who has been a consistent force for the Reds this season, has batted.299 with 7 homers and 43 RBI.
The Cincinnati Reds announced that Jesse Winker will have season-ending surgery on his right shoulder after an examination revealed the extent of the injury.
Winker, who has been a key player for the Reds this year, is expected to undergo surgery next week and then spend the next 4-6 months rehabilitating the injury.
","{""do_sample"": true, ""temperature"": 1.0, ""top_p"": 0.95, ""top_k"": 50, ""repetition_penalty"": 1.0, ""max_new_tokens"": 128}"
bytekgwV6,1.0,1,1375,141,141,Combined company will make Chevron second-largest petroleum producer in the world. The combined company will remain far behind Exxon Mobil ,"Combined company will make Chevron second-largest petroleum producer in the world. The combined company will remain far behind Exxon Mobil 3rd in the ranking of the world's largest companies.
Chevron Corp. on Friday agreed to acquire Anadarko Petroleum Corp. in a deal valued at $33 billion, creating the second-largest petroleum producer in the world.
Chevron will acquire all of Anadarko's outstanding shares for $65 per share, a 39% premium over the stock's closing price on Thursday, the companies said.
The acquisition adds Anadarko's significant assets in the Permian Basin in Texas and New Mexico to Chevron's existing operations in the region, and also expands Chevron's presence in liquefied natural gas (LNG","3rd in the ranking of the world's largest companies.
Chevron Corp. on Friday agreed to acquire Anadarko Petroleum Corp. in a deal valued at $33 billion, creating the second-largest petroleum producer in the world.
Chevron will acquire all of Anadarko's outstanding shares for $65 per share, a 39% premium over the stock's closing price on Thursday, the companies said.
The acquisition adds Anadarko's significant assets in the Permian Basin in Texas and New Mexico to Chevron's existing operations in the region, and also expands Chevron's presence in liquefied natural gas (LNG","{""do_sample"": true, ""temperature"": 1.0, ""top_p"": 0.95, ""top_k"": 50, ""repetition_penalty"": 1.0, ""max_new_tokens"": 128}"
bytekgwV6,1.0,1,1377,143,143,"YOKOHAMA, Japan – Nissan Motor Co. announced it has licensed its Around View Monitor and Moving Object Detection technology, jointly ","YOKOHAMA, Japan – Nissan Motor Co. announced it has licensed its Around View Monitor and Moving Object Detection technology, jointly  developed with Japan-based Omron Corp., to various manufacturers for use in their vehicles.
Around View Monitor provides a 360-degree view of the vehicle's surroundings using cameras mounted on the front, rear and sides of the vehicle, enhancing the driver's visibility and reducing the risk of accidents. Moving Object Detection, on the other hand, uses radar sensors and cameras to detect moving objects around the vehicle and alert the driver of potential hazards.
The technology is available on select Nissan models, including the Altima, Maxima and Murano. By licensing the technology, other manufacturers can integrate it into their vehicles, potentially reducing the risk of accidents and improving"," developed with Japan-based Omron Corp., to various manufacturers for use in their vehicles.
Around View Monitor provides a 360-degree view of the vehicle's surroundings using cameras mounted on the front, rear and sides of the vehicle, enhancing the driver's visibility and reducing the risk of accidents. Moving Object Detection, on the other hand, uses radar sensors and cameras to detect moving objects around the vehicle and alert the driver of potential hazards.
The technology is available on select Nissan models, including the Altima, Maxima and Murano. By licensing the technology, other manufacturers can integrate it into their vehicles, potentially reducing the risk of accidents and improving","{""do_sample"": true, ""temperature"": 1.0, ""top_p"": 0.95, ""top_k"": 50, ""repetition_penalty"": 1.0, ""max_new_tokens"": 128}"
bytekgwV6,1.0,1,1379,145,145,A concrete slab and 10-foot high block walls with exposed rebar sit behind a chain link fence as an ugly ,"A concrete slab and 10-foot high block walls with exposed rebar sit behind a chain link fence as an ugly 15,000 square-foot structure on 25 acres of land. No sign or indication of what this building was used for, except for the occasional scrap metal and discarded construction materials scattered about. Location is about 30 miles east of downtown Los Angeles. [Update: I was told that this was an old animal rendering plant.]... View more
Keywords: abandoned, architecture, brutalism, california, concrete, exposed rebar, industrial, la county, los angeles, render plant, ruin, structure, urban decay, warehouse
A concrete slab and 10-foot high block walls with exposed rebar sit behind a chain link fence as","15,000 square-foot structure on 25 acres of land. No sign or indication of what this building was used for, except for the occasional scrap metal and discarded construction materials scattered about. Location is about 30 miles east of downtown Los Angeles. [Update: I was told that this was an old animal rendering plant.]... View more
Keywords: abandoned, architecture, brutalism, california, concrete, exposed rebar, industrial, la county, los angeles, render plant, ruin, structure, urban decay, warehouse
A concrete slab and 10-foot high block walls with exposed rebar sit behind a chain link fence as","{""do_sample"": true, ""temperature"": 1.0, ""top_p"": 0.95, ""top_k"": 50, ""repetition_penalty"": 1.0, ""max_new_tokens"": 128}"
bytekgwV6,1.0,1,1381,147,147,It may be noted that Air India's was the only service that plied between Madurai and Mumbai. Some passengers pointed ,"It may be noted that Air India's was the only service that plied between Madurai and Mumbai. Some passengers pointed outhat it was a significant inconvenience and a burden on their pocket as they had to pay a high ticket fare for the shorter distance.
Madurai, Oct 30: Air India has decided to discontinue its air services between Madurai and Mumbai, effective November 8. The move has been met with disappointment from the passengers and the aviation fraternity in the city.
In a statement, Air India said that the decision was taken due to operational and commercial constraints. The airline operates a daily service on the route with a Boeing 737 aircraft, and the decision to discontinue services was taken after considering the operational viability of the route.
It may","outhat it was a significant inconvenience and a burden on their pocket as they had to pay a high ticket fare for the shorter distance.
Madurai, Oct 30: Air India has decided to discontinue its air services between Madurai and Mumbai, effective November 8. The move has been met with disappointment from the passengers and the aviation fraternity in the city.
In a statement, Air India said that the decision was taken due to operational and commercial constraints. The airline operates a daily service on the route with a Boeing 737 aircraft, and the decision to discontinue services was taken after considering the operational viability of the route.
It may","{""do_sample"": true, ""temperature"": 1.0, ""top_p"": 0.95, ""top_k"": 50, ""repetition_penalty"": 1.0, ""max_new_tokens"": 128}"
bytekgwV6,1.0,1,1383,149,149,"Initiated by Joint Chiefs of Staff Chairman General Nathan Twining and Chief of Naval Operations Admiral Arleigh Burke, and then ","Initiated by Joint Chiefs of Staff Chairman General Nathan Twining and Chief of Naval Operations Admiral Arleigh Burke, and then 4 years and 8 months in the making, the USS Enterprise CVN-65 officially joined the United States Navy on September 25, 1961. This aircraft carrier was the first nuclear-powered aircraft carrier in the world and served for 51 years, including combat operations in Vietnam, the Gulf War, and other conflicts.
Built by Newport News Shipbuilding & Dry Dock Company, the USS Enterprise took a long and arduous journey to completion, faced numerous delays, and underwent significant changes along the way. Its unique features included a nuclear reactor, providing 280,000 horsepower and allowing for speed of up to 30 knots (","4 years and 8 months in the making, the USS Enterprise CVN-65 officially joined the United States Navy on September 25, 1961. This aircraft carrier was the first nuclear-powered aircraft carrier in the world and served for 51 years, including combat operations in Vietnam, the Gulf War, and other conflicts.
Built by Newport News Shipbuilding & Dry Dock Company, the USS Enterprise took a long and arduous journey to completion, faced numerous delays, and underwent significant changes along the way. Its unique features included a nuclear reactor, providing 280,000 horsepower and allowing for speed of up to 30 knots (","{""do_sample"": true, ""temperature"": 1.0, ""top_p"": 0.95, ""top_k"": 50, ""repetition_penalty"": 1.0, ""max_new_tokens"": 128}"
bytekgwV6,1.0,1,1385,151,151,"DAVENPORT - Don Skipper, an administrative assistant at Ridge Community High School, was named the school's head boys basketball coach ","DAVENPORT - Don Skipper, an administrative assistant at Ridge Community High School, was named the school's head boys basketball coach 12 years ago. Since then, he has led the Bolts to five district championships and two regional titles.
Skipper, who will retire at the end of the 2012-13 school year, said he is ""blessed"" to have had the opportunity to coach and make a positive impact on the lives of his players.
""This has been an incredible journey,"" Skipper said. ""I've had the chance to coach some amazing players and help them grow into fine young men. It's been a real privilege.""
Under Skipper's guidance, the Ridge Community boys basketball team has consistently been one of the top programs in Pol","12 years ago. Since then, he has led the Bolts to five district championships and two regional titles.
Skipper, who will retire at the end of the 2012-13 school year, said he is ""blessed"" to have had the opportunity to coach and make a positive impact on the lives of his players.
""This has been an incredible journey,"" Skipper said. ""I've had the chance to coach some amazing players and help them grow into fine young men. It's been a real privilege.""
Under Skipper's guidance, the Ridge Community boys basketball team has consistently been one of the top programs in Pol","{""do_sample"": true, ""temperature"": 1.0, ""top_p"": 0.95, ""top_k"": 50, ""repetition_penalty"": 1.0, ""max_new_tokens"": 128}"
bytekgwV6,1.0,1,1387,153,153,Still image of Lisa Sharon Harper from YouTube. Pastors and lay leaders who represent minority and multiethnic communities and are ,"Still image of Lisa Sharon Harper from YouTube. Pastors and lay leaders who represent minority and multiethnic communities and are 21st-century social media savvy are often the ones who are leading the charge.
The current social justice landscape is complex, multifaceted, and evolving, and it is critical to recognize that leadership and influence within these movements are not limited to traditional figures or institutions. Instead, a new generation of leaders and influencers has emerged, harnessing the power of social media and their unique voices to shape the narrative and mobilize action.
Among these leaders are individuals who have grown up with social media as an integral part of their lives and are adept at leveraging various platforms to amplify their message, build movements, and engage with diverse audiences. Here are a","21st-century social media savvy are often the ones who are leading the charge.
The current social justice landscape is complex, multifaceted, and evolving, and it is critical to recognize that leadership and influence within these movements are not limited to traditional figures or institutions. Instead, a new generation of leaders and influencers has emerged, harnessing the power of social media and their unique voices to shape the narrative and mobilize action.
Among these leaders are individuals who have grown up with social media as an integral part of their lives and are adept at leveraging various platforms to amplify their message, build movements, and engage with diverse audiences. Here are a","{""do_sample"": true, ""temperature"": 1.0, ""top_p"": 0.95, ""top_k"": 50, ""repetition_penalty"": 1.0, ""max_new_tokens"": 128}"
bytekgwV6,1.0,1,1389,155,155,"It’s amazing what a difference time can make in the way we perceive certain technologies. A few years ago, the ","It’s amazing what a difference time can make in the way we perceive certain technologies. A few years ago, the 3D printer was seen as a futuristic tool for prototyping, but nowadays, it’s become a common tool for makers and hobbyists alike.
With that in mind, the 3D printing industry has seen a lot of growth, and it’s expected to continue to grow in the years to come. According to a report from Grand View Research, the global 3D printing market size is expected to reach USD 23.8 billion by 2025, expanding at a CAGR of 18.2% during the forecast period.
That being said, the 3D printing market is still relatively niche, and there are a","3D printer was seen as a futuristic tool for prototyping, but nowadays, it’s become a common tool for makers and hobbyists alike.
With that in mind, the 3D printing industry has seen a lot of growth, and it’s expected to continue to grow in the years to come. According to a report from Grand View Research, the global 3D printing market size is expected to reach USD 23.8 billion by 2025, expanding at a CAGR of 18.2% during the forecast period.
That being said, the 3D printing market is still relatively niche, and there are a","{""do_sample"": true, ""temperature"": 1.0, ""top_p"": 0.95, ""top_k"": 50, ""repetition_penalty"": 1.0, ""max_new_tokens"": 128}"
bytekgwV6,1.0,1,1391,157,157,"Boston Marathon Bombing Suspect Enters Not Guilty Pleas In 1st Public Court HearingFor the first plea, Dzhokhar Tsarnaev leaned toward ","Boston Marathon Bombing Suspect Enters Not Guilty Pleas In 1st Public Court HearingFor the first plea, Dzhokhar Tsarnaev leaned toward  the judge in his seat, his eyes closed. For the second, he nodded slightly, his eyes open, as the judge read the charges.
Boston Marathon Bombing Suspect's Lawyer: Trial Will Focus On Suspect's Age, MaturityAt a hearing Monday, Tsarnaev's lawyer, Judy Clarke, argued that the jury should consider the suspect's age and maturity when deciding whether he was capable of knowing right from wrong.
Boston Marathon Bombing Suspect's Lawyer Says He May Seek Plea BargainDzhokhar Tsarnaev's lawyer indicated Friday that she may seek a plea bargain, saying it's possible to find"," the judge in his seat, his eyes closed. For the second, he nodded slightly, his eyes open, as the judge read the charges.
Boston Marathon Bombing Suspect's Lawyer: Trial Will Focus On Suspect's Age, MaturityAt a hearing Monday, Tsarnaev's lawyer, Judy Clarke, argued that the jury should consider the suspect's age and maturity when deciding whether he was capable of knowing right from wrong.
Boston Marathon Bombing Suspect's Lawyer Says He May Seek Plea BargainDzhokhar Tsarnaev's lawyer indicated Friday that she may seek a plea bargain, saying it's possible to find","{""do_sample"": true, ""temperature"": 1.0, ""top_p"": 0.95, ""top_k"": 50, ""repetition_penalty"": 1.0, ""max_new_tokens"": 128}"
bytekgwV6,1.0,1,1393,159,159,"Chee Wei Wong, professor of electrical and computer engineering in the UCLA Samueli School of Engineering, was named a fellow ","Chee Wei Wong, professor of electrical and computer engineering in the UCLA Samueli School of Engineering, was named a fellow  of the Institute of Electrical and Electronics Engineers (IEEE) for his contributions to the field of microwave and millimeter-wave engineering.
Wong was recognized for his work on the design and development of novel microwave and millimeter-wave devices, including filters, couplers, and antennas, as well as his research on microwave and millimeter-wave imaging and sensing techniques.
The IEEE is the world’s largest and most prestigious technical professional organization for electrical and electronics engineers. IEEE Fellows are selected for their exceptional contributions to the field, and fewer than 1% of the organization’s members are named fellows each year.
Wong is also a professor of electrical"," of the Institute of Electrical and Electronics Engineers (IEEE) for his contributions to the field of microwave and millimeter-wave engineering.
Wong was recognized for his work on the design and development of novel microwave and millimeter-wave devices, including filters, couplers, and antennas, as well as his research on microwave and millimeter-wave imaging and sensing techniques.
The IEEE is the world’s largest and most prestigious technical professional organization for electrical and electronics engineers. IEEE Fellows are selected for their exceptional contributions to the field, and fewer than 1% of the organization’s members are named fellows each year.
Wong is also a professor of electrical","{""do_sample"": true, ""temperature"": 1.0, ""top_p"": 0.95, ""top_k"": 50, ""repetition_penalty"": 1.0, ""max_new_tokens"": 128}"
bytekgwV6,1.0,1,1395,161,161,Viewers will not want to miss Friday’s episode of General Hospital. Spoilers tease that everybody will see lots of juicy ,"Viewers will not want to miss Friday’s episode of General Hospital. Spoilers tease that everybody will see lots of juicy  action, with new developments in the mystery surrounding Julian Jerome, and the consequences of Sonny Corinthos and Jason Morgan’s investigation.
The latest updates from Soap Opera Digest suggest that Valentin Cassadine will take things into his own hands, trying to uncover the truth about Julian’s possible return. Meanwhile, Sonny and Jason’s investigation will lead them to some surprising clues that will throw everything they thought they knew into question.
The episode will also feature a dramatic confrontation between Carly Corinthos and Ava Jerome, as the two women come face-to-face over their complicated histories and mutual animosity towards each other.
In other General Hospital spoilers,"," action, with new developments in the mystery surrounding Julian Jerome, and the consequences of Sonny Corinthos and Jason Morgan’s investigation.
The latest updates from Soap Opera Digest suggest that Valentin Cassadine will take things into his own hands, trying to uncover the truth about Julian’s possible return. Meanwhile, Sonny and Jason’s investigation will lead them to some surprising clues that will throw everything they thought they knew into question.
The episode will also feature a dramatic confrontation between Carly Corinthos and Ava Jerome, as the two women come face-to-face over their complicated histories and mutual animosity towards each other.
In other General Hospital spoilers,","{""do_sample"": true, ""temperature"": 1.0, ""top_p"": 0.95, ""top_k"": 50, ""repetition_penalty"": 1.0, ""max_new_tokens"": 128}"
bytekgwV6,1.0,1,1397,163,163,"Tue., May 29, 2018, 10:20 a.m. CAGUAS, Puerto Rico – At least 4,645 people died as a result of Hurricane ","Tue., May 29, 2018, 10:20 a.m. CAGUAS, Puerto Rico – At least 4,645 people died as a result of Hurricane  ...
In the aftermath of Hurricane Maria, which devastated Puerto Rico in September 2017, the government reported 2,975 deaths. However, a study published in the New England Journal of Medicine in October 2018 estimated that the death toll was much higher, at 4,645.
The study, led by Dr. Lynn Goldman of the George Washington University Milken Institute School of Public Health, analyzed data from death certificates, hospital records and other sources. The researchers found that the death toll was caused by a combination of factors, including damage to the electrical grid, transportation disruptions and lack of access to healthcare.
Puerto Rico"," ...
In the aftermath of Hurricane Maria, which devastated Puerto Rico in September 2017, the government reported 2,975 deaths. However, a study published in the New England Journal of Medicine in October 2018 estimated that the death toll was much higher, at 4,645.
The study, led by Dr. Lynn Goldman of the George Washington University Milken Institute School of Public Health, analyzed data from death certificates, hospital records and other sources. The researchers found that the death toll was caused by a combination of factors, including damage to the electrical grid, transportation disruptions and lack of access to healthcare.
Puerto Rico","{""do_sample"": true, ""temperature"": 1.0, ""top_p"": 0.95, ""top_k"": 50, ""repetition_penalty"": 1.0, ""max_new_tokens"": 128}"
bytekgwV6,1.0,1,1399,165,165,"Kyle Schwarber may be out for the season, but the home run ball he hit during the Cubs-Cardinals National League ","Kyle Schwarber may be out for the season, but the home run ball he hit during the Cubs-Cardinals National League 5th Place Play-In on Monday will be remembered for a long time.
Schwarber's monstrous blast off Cardinals closer Jordan Hicks traveled an estimated 475 feet and landed in the third deck of Wrigley Field's right-field bleachers. The ball was barely touched by the fans who tried to catch it, and it ultimately came to rest with a groundskeeper.
The shot was Schwarber's 33rd of the season, and it put the Cubs up 4-2 in the bottom of the eighth inning. Chicago went on to win the game 8-6.
The play-in game was a unique scenario, as the","5th Place Play-In on Monday will be remembered for a long time.
Schwarber's monstrous blast off Cardinals closer Jordan Hicks traveled an estimated 475 feet and landed in the third deck of Wrigley Field's right-field bleachers. The ball was barely touched by the fans who tried to catch it, and it ultimately came to rest with a groundskeeper.
The shot was Schwarber's 33rd of the season, and it put the Cubs up 4-2 in the bottom of the eighth inning. Chicago went on to win the game 8-6.
The play-in game was a unique scenario, as the","{""do_sample"": true, ""temperature"": 1.0, ""top_p"": 0.95, ""top_k"": 50, ""repetition_penalty"": 1.0, ""max_new_tokens"": 128}"
bytekgwV6,1.0,1,1401,167,167,Only former Israeli President Shimon Peres could pull off something like organizing a friendly football (soccer) match between Israeli and ,"Only former Israeli President Shimon Peres could pull off something like organizing a friendly football (soccer) match between Israeli and  Palestinian youth teams, bringing together rivals in a spirit of peace and understanding. Last Thursday, the match was played in the city of Haifa, with teams of 15 players each from Israel and Palestine.
Peres, who was Israel's ninth president from 2007 to 2014 and is now a symbol of peace and reconciliation, initiated this event in collaboration with the Israeli-Palestinian Football Confederation and other organizations. This historic match was not only a testament to the power of football to unite people but also showed that, despite the deep political divisions between Israel and Palestine, there are still many who want to work together"," Palestinian youth teams, bringing together rivals in a spirit of peace and understanding. Last Thursday, the match was played in the city of Haifa, with teams of 15 players each from Israel and Palestine.
Peres, who was Israel's ninth president from 2007 to 2014 and is now a symbol of peace and reconciliation, initiated this event in collaboration with the Israeli-Palestinian Football Confederation and other organizations. This historic match was not only a testament to the power of football to unite people but also showed that, despite the deep political divisions between Israel and Palestine, there are still many who want to work together","{""do_sample"": true, ""temperature"": 1.0, ""top_p"": 0.95, ""top_k"": 50, ""repetition_penalty"": 1.0, ""max_new_tokens"": 128}"
bytekgwV6,1.0,1,1403,169,169,Katie Price and her new baby return home after holidaying in Europe. Alex Reid has tweeted a message of support ,"Katie Price and her new baby return home after holidaying in Europe. Alex Reid has tweeted a message of support 20/04/2014
Katie Price and her new baby return home after holidaying in Europe. Alex Reid has tweeted a message of support 20/04/2014
Katie Price and her new baby return home after holidaying in Europe. Alex Reid has tweeted a message of support 20/04/2014
Katie Price and her new baby return home after holidaying in Europe. Alex Reid has tweeted a message of support 20/04/2014
Katie Price and her new baby return home after holidaying in Europe. Alex Reid has tweeted a message of support 20/04/","20/04/2014
Katie Price and her new baby return home after holidaying in Europe. Alex Reid has tweeted a message of support 20/04/2014
Katie Price and her new baby return home after holidaying in Europe. Alex Reid has tweeted a message of support 20/04/2014
Katie Price and her new baby return home after holidaying in Europe. Alex Reid has tweeted a message of support 20/04/2014
Katie Price and her new baby return home after holidaying in Europe. Alex Reid has tweeted a message of support 20/04/","{""do_sample"": true, ""temperature"": 1.0, ""top_p"": 0.95, ""top_k"": 50, ""repetition_penalty"": 1.0, ""max_new_tokens"": 128}"
bytekgwV6,1.0,1,1405,171,171,"Stopping nearsightedness in kids and more. This week, Dr. Sydney Spiesel discusses a way to stop the progression of nearsightedness ","Stopping nearsightedness in kids and more. This week, Dr. Sydney Spiesel discusses a way to stop the progression of nearsightedness  (mydriasis) in kids, as well as how the current flu season affects seniors and why pediatricians should not recommend dietary supplements for kids. (02:40)
I'm Dr. Sydney Spiesel, and this is Your Medical Myth-Buster.
Welcome back to our show. Today, we're going to tackle a few common myths and misconceptions in medicine. First up, let's talk about how to stop the progression of nearsightedness in kids. Now, myopia, also known as nearsightedness, is a common condition affecting many people, especially kids and young adults. But there's new evidence"," (mydriasis) in kids, as well as how the current flu season affects seniors and why pediatricians should not recommend dietary supplements for kids. (02:40)
I'm Dr. Sydney Spiesel, and this is Your Medical Myth-Buster.
Welcome back to our show. Today, we're going to tackle a few common myths and misconceptions in medicine. First up, let's talk about how to stop the progression of nearsightedness in kids. Now, myopia, also known as nearsightedness, is a common condition affecting many people, especially kids and young adults. But there's new evidence","{""do_sample"": true, ""temperature"": 1.0, ""top_p"": 0.95, ""top_k"": 50, ""repetition_penalty"": 1.0, ""max_new_tokens"": 128}"
bytekgwV6,1.0,1,1407,173,173,"In this Sept. 1, 2014 photo released by the U.S. Geological Survey, fluid lava streams from the June 27 lava ","In this Sept. 1, 2014 photo released by the U.S. Geological Survey, fluid lava streams from the June 27 lava 13/15 lava flow near the Kilauea volcano's Pu'u O'o vent on the Big Island of Hawaii. The ongoing eruption of Kilauea volcano has led to the evacuation of nearly 2,000 people on the Big Island of Hawaii. (AP Photo/U.S. Geological Survey)
HONOLULU (AP) — The eruption of Hawaii's Kilauea volcano has led to the evacuation of nearly 2,000 people and has destroyed hundreds of homes, with no end in sight for the disaster.
The volcano's continuous lava flow has been destroying neighborhoods and has prompted authorities to open shelters for displaced","13/15 lava flow near the Kilauea volcano's Pu'u O'o vent on the Big Island of Hawaii. The ongoing eruption of Kilauea volcano has led to the evacuation of nearly 2,000 people on the Big Island of Hawaii. (AP Photo/U.S. Geological Survey)
HONOLULU (AP) — The eruption of Hawaii's Kilauea volcano has led to the evacuation of nearly 2,000 people and has destroyed hundreds of homes, with no end in sight for the disaster.
The volcano's continuous lava flow has been destroying neighborhoods and has prompted authorities to open shelters for displaced","{""do_sample"": true, ""temperature"": 1.0, ""top_p"": 0.95, ""top_k"": 50, ""repetition_penalty"": 1.0, ""max_new_tokens"": 128}"
bytekgwV6,1.0,1,1409,175,175,The air ambulance was mobilised following reports that a man had fallen on a tree branch and impaled his neck ,"The air ambulance was mobilised following reports that a man had fallen on a tree branch and impaled his neck 6 inches deep.
Paramedics, police and fire crews all rushed to the scene, near the village of Oakley, near Bedford, at around 1.45pm today.
The air ambulance was able to land nearby and a team of doctors and paramedics rushed to treat the man, who was in a critical condition.
Despite the severity of his injuries, the man was successfully stabilised on scene and airlifted to University Hospital Coventry for further treatment.
The crew of the air ambulance, who are a mix of doctors and paramedics, worked closely with the ambulance service and other emergency services to treat the patient.
A statement from","6 inches deep.
Paramedics, police and fire crews all rushed to the scene, near the village of Oakley, near Bedford, at around 1.45pm today.
The air ambulance was able to land nearby and a team of doctors and paramedics rushed to treat the man, who was in a critical condition.
Despite the severity of his injuries, the man was successfully stabilised on scene and airlifted to University Hospital Coventry for further treatment.
The crew of the air ambulance, who are a mix of doctors and paramedics, worked closely with the ambulance service and other emergency services to treat the patient.
A statement from","{""do_sample"": true, ""temperature"": 1.0, ""top_p"": 0.95, ""top_k"": 50, ""repetition_penalty"": 1.0, ""max_new_tokens"": 128}"
bytekgwV6,1.0,1,1411,177,177,The University of Maryland President Wallace Loh. University of Maryland President Wallace Loh stood before reporters Aug. 14 and apologized ,"The University of Maryland President Wallace Loh. University of Maryland President Wallace Loh stood before reporters Aug. 14 and apologized 6 for his role in the handling of the case of Jordan McNair, who died in June after collapsing during a football practice.
COLLEGE PARK, Md. (AP) - University of Maryland President Wallace Loh stood before reporters Monday and apologized for his role in the handling of the case of Jordan McNair, who died in June after collapsing during a football practice.
Loh said he was responsible for the ""lack of urgency"" in responding to McNair's heat stroke and for not immediately sending him to the hospital.
""I failed Jordan McNair,"" Loh said, his voice shaking. ""I failed his family. I failed","6 for his role in the handling of the case of Jordan McNair, who died in June after collapsing during a football practice.
COLLEGE PARK, Md. (AP) - University of Maryland President Wallace Loh stood before reporters Monday and apologized for his role in the handling of the case of Jordan McNair, who died in June after collapsing during a football practice.
Loh said he was responsible for the ""lack of urgency"" in responding to McNair's heat stroke and for not immediately sending him to the hospital.
""I failed Jordan McNair,"" Loh said, his voice shaking. ""I failed his family. I failed","{""do_sample"": true, ""temperature"": 1.0, ""top_p"": 0.95, ""top_k"": 50, ""repetition_penalty"": 1.0, ""max_new_tokens"": 128}"
bytekgwV6,1.0,1,1413,179,179,"in French). Nov. 19 at 3:30: ""Walkabout"" (1971, Nicolas Roeg). Nov. 20 at 1 and Nov. 22 at 4:40: ""Mean ","in French). Nov. 19 at 3:30: ""Walkabout"" (1971, Nicolas Roeg). Nov. 20 at 1 and Nov. 22 at 4:40: ""Mean 15"" (1990, Gary Walker). Nov. 22 at 7:30: ""La Haine"" (1995, Mathieu Kassovitz). Nov. 19 at 6:15 and Nov. 21 at 2:30: ""The Cook, the Thief, His Wife & Her Lover"" (1989, Peter Greenaway).
Also playing at the New York Public Library:
""The 400 Blows"" (1959, François Truffaut). Nov. 18 and 20 at 2:30: ""The Discreet Charm of the Bourgeoisie"" (1972","15"" (1990, Gary Walker). Nov. 22 at 7:30: ""La Haine"" (1995, Mathieu Kassovitz). Nov. 19 at 6:15 and Nov. 21 at 2:30: ""The Cook, the Thief, His Wife & Her Lover"" (1989, Peter Greenaway).
Also playing at the New York Public Library:
""The 400 Blows"" (1959, François Truffaut). Nov. 18 and 20 at 2:30: ""The Discreet Charm of the Bourgeoisie"" (1972","{""do_sample"": true, ""temperature"": 1.0, ""top_p"": 0.95, ""top_k"": 50, ""repetition_penalty"": 1.0, ""max_new_tokens"": 128}"
bytekgwV6,1.0,1,1415,181,181,(Reuters) - U.S. ride services firm Lyft Inc is in talks with an advisor for a targeted March or April ,"(Reuters) - U.S. ride services firm Lyft Inc is in talks with an advisor for a targeted March or April 2019 initial public offering (IPO), Bloomberg News reported on Friday, citing people familiar with the matter.
Lyft's IPO plans are contingent on several factors, including market conditions and the outcome of its efforts to obtain a certain level of interest from investors, Bloomberg said.
The news comes after rival ride-hailing service Uber Technologies Inc is expected to file for its own IPO as early as March 2019, which could precede Lyft's listing.
Lyft's potential IPO valuation could range from $15 billion to $20 billion, Bloomberg reported, citing sources.
The IPO would likely be a traditional listing, where Lyft sells new shares","2019 initial public offering (IPO), Bloomberg News reported on Friday, citing people familiar with the matter.
Lyft's IPO plans are contingent on several factors, including market conditions and the outcome of its efforts to obtain a certain level of interest from investors, Bloomberg said.
The news comes after rival ride-hailing service Uber Technologies Inc is expected to file for its own IPO as early as March 2019, which could precede Lyft's listing.
Lyft's potential IPO valuation could range from $15 billion to $20 billion, Bloomberg reported, citing sources.
The IPO would likely be a traditional listing, where Lyft sells new shares","{""do_sample"": true, ""temperature"": 1.0, ""top_p"": 0.95, ""top_k"": 50, ""repetition_penalty"": 1.0, ""max_new_tokens"": 128}"
bytekgwV6,1.0,1,1417,183,183,Advocates for government accountability were alarmed to learn Gov. Jared Polis was undecided on whether to veto a bill to ,"Advocates for government accountability were alarmed to learn Gov. Jared Polis was undecided on whether to veto a bill to 911 calls to the office of the attorney general.
The bill, SB-22-106, passed with bipartisan support in the state legislature and was intended to allow Coloradans to directly report suspected attorney misconduct to the Office of the Attorney General (OAG). The OAG is tasked with investigating and disciplining attorneys who engage in professional misconduct.
Critics argue that the bill would allow the OAG to potentially investigate complaints against judges, legislators, or other elected officials, potentially jeopardizing the independence of the judiciary and the separation of powers.
Polis’ indecision on the bill has sparked outrage from transparency advocates, who argue that it would","911 calls to the office of the attorney general.
The bill, SB-22-106, passed with bipartisan support in the state legislature and was intended to allow Coloradans to directly report suspected attorney misconduct to the Office of the Attorney General (OAG). The OAG is tasked with investigating and disciplining attorneys who engage in professional misconduct.
Critics argue that the bill would allow the OAG to potentially investigate complaints against judges, legislators, or other elected officials, potentially jeopardizing the independence of the judiciary and the separation of powers.
Polis’ indecision on the bill has sparked outrage from transparency advocates, who argue that it would","{""do_sample"": true, ""temperature"": 1.0, ""top_p"": 0.95, ""top_k"": 50, ""repetition_penalty"": 1.0, ""max_new_tokens"": 128}"
bytekgwV6,1.0,1,1419,185,185,"MADRID: As Cristiano Ronaldo enjoyed his time off at the French Riviera, his Portugal team-mates were busy handing Italy another ","MADRID: As Cristiano Ronaldo enjoyed his time off at the French Riviera, his Portugal team-mates were busy handing Italy another 3-0 defeat, their third successive loss in this World Cup qualifying campaign.
The Azzurri were humiliated 3-0 by Sweden on Friday and things only got worse for them in Porto as Portugal took control from the start.
Ronaldo was not involved in the match, having been granted permission by the Portuguese Football Federation to join his holiday at the end of the season, and he was probably enjoying the warm weather and the sound of the Italian national anthem being sung in defeat.
The Portuguese, already qualified for the World Cup, were dominant from the start and took the lead in the 13th minute when Joao","3-0 defeat, their third successive loss in this World Cup qualifying campaign.
The Azzurri were humiliated 3-0 by Sweden on Friday and things only got worse for them in Porto as Portugal took control from the start.
Ronaldo was not involved in the match, having been granted permission by the Portuguese Football Federation to join his holiday at the end of the season, and he was probably enjoying the warm weather and the sound of the Italian national anthem being sung in defeat.
The Portuguese, already qualified for the World Cup, were dominant from the start and took the lead in the 13th minute when Joao","{""do_sample"": true, ""temperature"": 1.0, ""top_p"": 0.95, ""top_k"": 50, ""repetition_penalty"": 1.0, ""max_new_tokens"": 128}"
bytekgwV6,1.0,1,1421,187,187,"Florida Institute of Technology quarterback Brandon Ziarno. MELBOURNE, Fla. - Florida Institute of Technology quarterback Brandon Ziarno was arrested Friday ","Florida Institute of Technology quarterback Brandon Ziarno. MELBOURNE, Fla. - Florida Institute of Technology quarterback Brandon Ziarno was arrested Friday 14 days after the disappearance of his friend, who has not been found.
Florida Institute of Technology quarterback Brandon Ziarno was arrested Friday 14 days after the disappearance of his friend, who has not been found.
According to the Brevard County Sheriff's Office, Ziarno, 22, was charged with accessory after the fact to a felony for his role in the disappearance of 21-year-old Michael Staskiewicz.
Staskiewicz was last seen on Nov. 14, and his disappearance has sparked a search effort involving the sheriff's office, the FBI and other local law enforcement agencies.
Ziarno","14 days after the disappearance of his friend, who has not been found.
Florida Institute of Technology quarterback Brandon Ziarno was arrested Friday 14 days after the disappearance of his friend, who has not been found.
According to the Brevard County Sheriff's Office, Ziarno, 22, was charged with accessory after the fact to a felony for his role in the disappearance of 21-year-old Michael Staskiewicz.
Staskiewicz was last seen on Nov. 14, and his disappearance has sparked a search effort involving the sheriff's office, the FBI and other local law enforcement agencies.
Ziarno","{""do_sample"": true, ""temperature"": 1.0, ""top_p"": 0.95, ""top_k"": 50, ""repetition_penalty"": 1.0, ""max_new_tokens"": 128}"
bytekgwV6,1.0,1,1423,189,189,Runaway Entertainment is looking for an experienced Associate General Manager to work across all their productions. Runaway Entertainment Ltd is ,"Runaway Entertainment is looking for an experienced Associate General Manager to work across all their productions. Runaway Entertainment Ltd is 2-time BAFTA and multi-award winning independent production company specializing in factual and observational documentary programming. We are seeking a highly organized, efficient and experienced Associate General Manager to support the Executive Producers, Production Managers and other members of the team across all productions.
Key Responsibilities Include:
* Supporting the production team with day-to-day production issues, such as scheduling, budgeting, and logistics.
* Managing and maintaining detailed production schedules, budgets and reports.
* Liaising with external suppliers and vendors to ensure the smooth delivery of productions.
* Assisting with script development, research and pre-production planning.
* Coordinating and managing the movement of","2-time BAFTA and multi-award winning independent production company specializing in factual and observational documentary programming. We are seeking a highly organized, efficient and experienced Associate General Manager to support the Executive Producers, Production Managers and other members of the team across all productions.
Key Responsibilities Include:
* Supporting the production team with day-to-day production issues, such as scheduling, budgeting, and logistics.
* Managing and maintaining detailed production schedules, budgets and reports.
* Liaising with external suppliers and vendors to ensure the smooth delivery of productions.
* Assisting with script development, research and pre-production planning.
* Coordinating and managing the movement of","{""do_sample"": true, ""temperature"": 1.0, ""top_p"": 0.95, ""top_k"": 50, ""repetition_penalty"": 1.0, ""max_new_tokens"": 128}"
bytekgwV6,1.0,1,1425,191,191,The New York Times on Thursday printed a special section featuring portraits of nearly every member of the record number ,"The New York Times on Thursday printed a special section featuring portraits of nearly every member of the record number 435 U.S. House members.
The special section, published on the front of the newspaper's Style section, showcases the diverse range of Americans serving in Congress, from young and old to men and women from all walks of life.
The portraits were taken by Getty Images photographers and show each member in their own unique style, from serious and formal to casual and playful.
The publication of the portraits is a nod to the 100th anniversary of the 19th Amendment, which granted women the right to vote. The Times noted that the section features a record number of women serving in the House, with 133 women making up nearly one-third","435 U.S. House members.
The special section, published on the front of the newspaper's Style section, showcases the diverse range of Americans serving in Congress, from young and old to men and women from all walks of life.
The portraits were taken by Getty Images photographers and show each member in their own unique style, from serious and formal to casual and playful.
The publication of the portraits is a nod to the 100th anniversary of the 19th Amendment, which granted women the right to vote. The Times noted that the section features a record number of women serving in the House, with 133 women making up nearly one-third","{""do_sample"": true, ""temperature"": 1.0, ""top_p"": 0.95, ""top_k"": 50, ""repetition_penalty"": 1.0, ""max_new_tokens"": 128}"
bytekgwV6,1.0,1,1427,193,193,"Equipped with their own factory, they make different kinds of outstanding fish cake. Fish cake in Busan is the most ","Equipped with their own factory, they make different kinds of outstanding fish cake. Fish cake in Busan is the most 10. Add to Cart. ₱45.00 ₱65.00 31%. Fish Cakes (Fish Cakes with Spicy Sauce) 1,000,000KRW 1,500,000KRW ₱8,500 ₱9,300 ₱2,400 ₱2,700. They are typically formed into patties or slices, and are often served in a bun or as an ingredient in soups and stews.... 10, Jukbyeon 2(i)-gil, Seo-gu, Busan … Korean Fish Cake, also known as Eomuk","10. Add to Cart. ₱45.00 ₱65.00 31%. Fish Cakes (Fish Cakes with Spicy Sauce) 1,000,000KRW 1,500,000KRW ₱8,500 ₱9,300 ₱2,400 ₱2,700. They are typically formed into patties or slices, and are often served in a bun or as an ingredient in soups and stews.... 10, Jukbyeon 2(i)-gil, Seo-gu, Busan … Korean Fish Cake, also known as Eomuk","{""do_sample"": true, ""temperature"": 1.0, ""top_p"": 0.95, ""top_k"": 50, ""repetition_penalty"": 1.0, ""max_new_tokens"": 128}"
bytekgwV6,1.0,1,1429,195,195,An Alsip police officer seriously wounded a man in an on-duty shooting early Wednesday after tracking a Cadillac suspected of ,"An Alsip police officer seriously wounded a man in an on-duty shooting early Wednesday after tracking a Cadillac suspected of 16 carjackings across the South Side, authorities said.
The officer, a 5-year veteran of the Alsip Police Department, fired multiple rounds from his department-issued Glock 21 handgun during an exchange of gunfire with the driver of the Cadillac, a male suspect who was later taken into custody, police said.
The officer was not injured, but the suspect, who was not immediately identified, was taken to Advocate Christ Medical Center in Oak Lawn in serious condition, according to Alsip Police Chief Richard Artimas.
The shooting occurred just before 2 a.m. in the 7800 block of South Winchester Avenue, in the West","16 carjackings across the South Side, authorities said.
The officer, a 5-year veteran of the Alsip Police Department, fired multiple rounds from his department-issued Glock 21 handgun during an exchange of gunfire with the driver of the Cadillac, a male suspect who was later taken into custody, police said.
The officer was not injured, but the suspect, who was not immediately identified, was taken to Advocate Christ Medical Center in Oak Lawn in serious condition, according to Alsip Police Chief Richard Artimas.
The shooting occurred just before 2 a.m. in the 7800 block of South Winchester Avenue, in the West","{""do_sample"": true, ""temperature"": 1.0, ""top_p"": 0.95, ""top_k"": 50, ""repetition_penalty"": 1.0, ""max_new_tokens"": 128}"
bytekgwV6,1.0,1,1431,197,197,"If you would like to support the Down Syndrome Association of West Michigan's campaign of kindness, you may visit the ","If you would like to support the Down Syndrome Association of West Michigan's campaign of kindness, you may visit the 16th Street Market Place or our website at dsawm.org.
The Down Syndrome Association of West Michigan would like to invite the community to come together and spread kindness throughout the city.
As part of this campaign, the association will be launching a kindness chain, where local businesses and individuals can participate by sharing acts of kindness with others.
Throughout the campaign, the Down Syndrome Association of West Michigan will be sharing stories and photos of the kindness acts on social media, using the hashtag #DSAWMKindnessChain.
For every 10 acts of kindness shared on social media, the association will be donating one hour of free respite care to","16th Street Market Place or our website at dsawm.org.
The Down Syndrome Association of West Michigan would like to invite the community to come together and spread kindness throughout the city.
As part of this campaign, the association will be launching a kindness chain, where local businesses and individuals can participate by sharing acts of kindness with others.
Throughout the campaign, the Down Syndrome Association of West Michigan will be sharing stories and photos of the kindness acts on social media, using the hashtag #DSAWMKindnessChain.
For every 10 acts of kindness shared on social media, the association will be donating one hour of free respite care to","{""do_sample"": true, ""temperature"": 1.0, ""top_p"": 0.95, ""top_k"": 50, ""repetition_penalty"": 1.0, ""max_new_tokens"": 128}"
bytekgwV6,1.0,1,1433,199,199,Jan. 22 will be here before agencies know it. So will Feb. 6. Here’s betting that even April 16 will ,"Jan. 22 will be here before agencies know it. So will Feb. 6. Here’s betting that even April 16 will  come and go without much fanfare. Why? Because those dates are the start dates for the Affordable Care Act’s major provisions.
But you can bet that come January 2014, healthcare reform will be all the rage, dominating headlines, television airwaves, and watercooler conversations. And not just the usual suspects will be talking about it – folks like health insurance executives, wonks, and politicians – but the average Joe and Jane, too. Your coworkers, friends, and family members will be asking you questions like: “What’s the deal with the Affordable Care Act?” or “How is this going to affect me"," come and go without much fanfare. Why? Because those dates are the start dates for the Affordable Care Act’s major provisions.
But you can bet that come January 2014, healthcare reform will be all the rage, dominating headlines, television airwaves, and watercooler conversations. And not just the usual suspects will be talking about it – folks like health insurance executives, wonks, and politicians – but the average Joe and Jane, too. Your coworkers, friends, and family members will be asking you questions like: “What’s the deal with the Affordable Care Act?” or “How is this going to affect me","{""do_sample"": true, ""temperature"": 1.0, ""top_p"": 0.95, ""top_k"": 50, ""repetition_penalty"": 1.0, ""max_new_tokens"": 128}"
