algo,delta,device,seed,prompt_index,prompt_id,prompt_text,full_text,continuation_text,gen_params_json
bytekgwV6,2.0,0,1234,0,0,"After the martyrdom of St. Boniface, Vergilius was made Bishop of Salzburg (766 or 767) and laboured successfully for the ","After the martyrdom of St. Boniface, Vergilius was made Bishop of Salzburg (766 or 767) and laboured successfully for the 0...
After the martyrdom of St. Boniface, Vergilius was made Bishop of Salzburg (766 or 767) and laboured successfully for the conversion of the pagans and the establishment of the Christian Church in the region. At his death in 784 he was succeeded by St. Ruprecht, who had been his deacon.
Source: Catholic Encyclopedia
Note: Dates in parentheses indicate uncertainty about the exact date.  Other articles and sources may provide alternative information.  All articles are subject to the guidelines of Catholic Encyclopedia.  This information was not created by a single individual but rather aggregated from various sources.
","0...
After the martyrdom of St. Boniface, Vergilius was made Bishop of Salzburg (766 or 767) and laboured successfully for the conversion of the pagans and the establishment of the Christian Church in the region. At his death in 784 he was succeeded by St. Ruprecht, who had been his deacon.
Source: Catholic Encyclopedia
Note: Dates in parentheses indicate uncertainty about the exact date.  Other articles and sources may provide alternative information.  All articles are subject to the guidelines of Catholic Encyclopedia.  This information was not created by a single individual but rather aggregated from various sources.
","{""do_sample"": true, ""temperature"": 1.0, ""top_p"": 0.95, ""top_k"": 50, ""repetition_penalty"": 1.0, ""max_new_tokens"": 128}"
bytekgwV6,2.0,0,1236,2,2,"8i announced today it has launched a web player, the 8i Portal, for its volumetric 3D video of people in ","8i announced today it has launched a web player, the 8i Portal, for its volumetric 3D video of people in 3D virtual spaces. The 8i Portal is a platform that allows users to browse, share, and experience volumetric 3D content in a Web browser.
With the 8i Portal, users can explore 3D virtual spaces and interact with avatars and objects in 3D video without needing any special hardware or software. The platform includes a variety of features, such as:
A library of pre-built virtual spaces and avatars
The ability to create and customize their own virtual spaces and avatars
Shareable links to their favorite 3D experiences
A web-based interface that allows for easy navigation and interaction
","3D virtual spaces. The 8i Portal is a platform that allows users to browse, share, and experience volumetric 3D content in a Web browser.
With the 8i Portal, users can explore 3D virtual spaces and interact with avatars and objects in 3D video without needing any special hardware or software. The platform includes a variety of features, such as:
A library of pre-built virtual spaces and avatars
The ability to create and customize their own virtual spaces and avatars
Shareable links to their favorite 3D experiences
A web-based interface that allows for easy navigation and interaction
","{""do_sample"": true, ""temperature"": 1.0, ""top_p"": 0.95, ""top_k"": 50, ""repetition_penalty"": 1.0, ""max_new_tokens"": 128}"
bytekgwV6,2.0,0,1238,4,4,"Karl Kispert, principal of cyber and information security, has more than 28 years of experience in selling, managing and delivering ","Karl Kispert, principal of cyber and information security, has more than 28 years of experience in selling, managing and delivering  IT security and risk management services to the federal government and private sector. At Deloitte, Karl helps clients develop and implement comprehensive cybersecurity strategies that address their business objectives, organizational needs and risk profiles.
Karl has helped numerous clients, including the U.S. Department of Defense, NASA, and major federal agencies, to design and implement effective cybersecurity solutions, including risk assessments, vulnerability management, threat analytics, incident response, identity and access management, and compliance services.
Prior to joining Deloitte, Karl held various leadership positions at leading consulting firms, including Booz Allen Hamilton and BearingPoint, where he focused on cybersecurity and risk management services"," IT security and risk management services to the federal government and private sector. At Deloitte, Karl helps clients develop and implement comprehensive cybersecurity strategies that address their business objectives, organizational needs and risk profiles.
Karl has helped numerous clients, including the U.S. Department of Defense, NASA, and major federal agencies, to design and implement effective cybersecurity solutions, including risk assessments, vulnerability management, threat analytics, incident response, identity and access management, and compliance services.
Prior to joining Deloitte, Karl held various leadership positions at leading consulting firms, including Booz Allen Hamilton and BearingPoint, where he focused on cybersecurity and risk management services","{""do_sample"": true, ""temperature"": 1.0, ""top_p"": 0.95, ""top_k"": 50, ""repetition_penalty"": 1.0, ""max_new_tokens"": 128}"
bytekgwV6,2.0,0,1240,6,6,"Shania Twain expected to break the charts with new album NOW! Even after a 15-year hiatus, she’s still the one! ","Shania Twain expected to break the charts with new album NOW! Even after a 15-year hiatus, she’s still the one! 2023-03-18 13:00:00 2023-03-18 13:00:00
Taylor Swift wins 5 awards at the 2023 Grammys, continues her reign on the charts  2023-03-13 13:00:00 2023-03-13 13:00:00
Billie Eilish becomes the first act to sweep all four major categories at the 2021 Grammys 2021-03-14 13:00:00 2021-03-14 13:00:00
Adele breaks the","2023-03-18 13:00:00 2023-03-18 13:00:00
Taylor Swift wins 5 awards at the 2023 Grammys, continues her reign on the charts  2023-03-13 13:00:00 2023-03-13 13:00:00
Billie Eilish becomes the first act to sweep all four major categories at the 2021 Grammys 2021-03-14 13:00:00 2021-03-14 13:00:00
Adele breaks the","{""do_sample"": true, ""temperature"": 1.0, ""top_p"": 0.95, ""top_k"": 50, ""repetition_penalty"": 1.0, ""max_new_tokens"": 128}"
bytekgwV6,2.0,0,1242,8,8,A blind man in his 60s is searching for the young man who pulled him back from an approaching train ,"A blind man in his 60s is searching for the young man who pulled him back from an approaching train 20 years ago. For him, the act of kindness set him on the path he is living now. Now, 20 years have passed, and our blind hero has lost his wife and is living alone. He hires a young woman named Yuna to search for the savior. The story begins with the man's letter to the young man he wants to thank, but Yuna becomes the one who plays a big role in his life again.
The Man Standing Next (2022) - Bluray 720p - [Korean]
Title: The Man Standing Next (2022) - Bluray 720p - [K","20 years ago. For him, the act of kindness set him on the path he is living now. Now, 20 years have passed, and our blind hero has lost his wife and is living alone. He hires a young woman named Yuna to search for the savior. The story begins with the man's letter to the young man he wants to thank, but Yuna becomes the one who plays a big role in his life again.
The Man Standing Next (2022) - Bluray 720p - [Korean]
Title: The Man Standing Next (2022) - Bluray 720p - [K","{""do_sample"": true, ""temperature"": 1.0, ""top_p"": 0.95, ""top_k"": 50, ""repetition_penalty"": 1.0, ""max_new_tokens"": 128}"
bytekgwV6,2.0,0,1244,10,10,This month some important Walmart news did not get the attention it deserved. The news wasn't some flashy announcement about ,"This month some important Walmart news did not get the attention it deserved. The news wasn't some flashy announcement about 1,000 new jobs or a fancy new partnership. No, the Walmart news that flew under the radar was a significant change to their store layout.
As first reported by The Oregonian, Walmart has begun testing a new store layout that focuses on creating a more ""destination shopping experience."" In the new design, the stores will feature more open spaces, including a new ""grocery pickup"" area where customers can pick up their online orders.
The new layout also includes a separate ""electronics zone"" and a larger clothing department. The goal is to create a more welcoming and inviting atmosphere that encourages customers to linger and explore the store, rather than","1,000 new jobs or a fancy new partnership. No, the Walmart news that flew under the radar was a significant change to their store layout.
As first reported by The Oregonian, Walmart has begun testing a new store layout that focuses on creating a more ""destination shopping experience."" In the new design, the stores will feature more open spaces, including a new ""grocery pickup"" area where customers can pick up their online orders.
The new layout also includes a separate ""electronics zone"" and a larger clothing department. The goal is to create a more welcoming and inviting atmosphere that encourages customers to linger and explore the store, rather than","{""do_sample"": true, ""temperature"": 1.0, ""top_p"": 0.95, ""top_k"": 50, ""repetition_penalty"": 1.0, ""max_new_tokens"": 128}"
bytekgwV6,2.0,0,1246,12,12,The Linux kernel now includes everything that is needed to use 3D acceleration with all GeForce graphics chips. Drivers have ,"The Linux kernel now includes everything that is needed to use 3D acceleration with all GeForce graphics chips. Drivers have 3D acceleration. I installed the Nvidia proprietary drivers on my Ubuntu system, and all my 3D programs now. 3D acceleration, also known as 3D graphics acceleration, is the capability of the system to accelerate 3D graphics rendering by offloading the work to the graphics processing unit. 3d acceleration graphics card not recognized ubuntu 18. I made a few tests with glxgears and it seems that the 3D acceleration works fine. So, I will update my answer with the current information. GeForce Experience is a program that provides drivers for NVIDIA GeForce graphics cards. If you need to activate it","3D acceleration. I installed the Nvidia proprietary drivers on my Ubuntu system, and all my 3D programs now. 3D acceleration, also known as 3D graphics acceleration, is the capability of the system to accelerate 3D graphics rendering by offloading the work to the graphics processing unit. 3d acceleration graphics card not recognized ubuntu 18. I made a few tests with glxgears and it seems that the 3D acceleration works fine. So, I will update my answer with the current information. GeForce Experience is a program that provides drivers for NVIDIA GeForce graphics cards. If you need to activate it","{""do_sample"": true, ""temperature"": 1.0, ""top_p"": 0.95, ""top_k"": 50, ""repetition_penalty"": 1.0, ""max_new_tokens"": 128}"
bytekgwV6,2.0,0,1248,14,14,Last summer I took a cross-country road trip with a group of people driving different types of electric vehicles. It ,"Last summer I took a cross-country road trip with a group of people driving different types of electric vehicles. It 2018 was the first year that the Nissan Leaf was available with a longer-range battery (the 60 kWh “ Leaf Plus“), so we had a few of those on the trip. This was an important test for several reasons.
The first was to prove that the Leaf, and electric vehicles in general, can be used for long road trips without worrying about running out of charge. Second, it was an opportunity to compare the Leaf to other electric vehicles on the market, such as the Chevrolet Bolt and the Tesla Model 3.
We drove our vehicles from San Francisco to New York City, which is a trip that covers over 2","2018 was the first year that the Nissan Leaf was available with a longer-range battery (the 60 kWh “ Leaf Plus“), so we had a few of those on the trip. This was an important test for several reasons.
The first was to prove that the Leaf, and electric vehicles in general, can be used for long road trips without worrying about running out of charge. Second, it was an opportunity to compare the Leaf to other electric vehicles on the market, such as the Chevrolet Bolt and the Tesla Model 3.
We drove our vehicles from San Francisco to New York City, which is a trip that covers over 2","{""do_sample"": true, ""temperature"": 1.0, ""top_p"": 0.95, ""top_k"": 50, ""repetition_penalty"": 1.0, ""max_new_tokens"": 128}"
bytekgwV6,2.0,0,1250,16,16,"According to Variety, one of the movies about the 1973 tennis match between Billie Jean King and Bobby Riggs is ","According to Variety, one of the movies about the 1973 tennis match between Billie Jean King and Bobby Riggs is 55 Minutes to Impact. The biographical sports drama film is directed by Jonathan Dayton and Valerie Faris, who helmed the 2006 hit movie Little Miss Sunshine.
The film tells the story of Billie Jean King, who challenges Bobby Riggs to a match, in a symbolic battle of the sexes. The movie is written by Simon Beaufoy, who is best known for his work on Slumdog Millionaire and The Full Monty.
55 Minutes to Impact has a star-studded cast, with Emma Stone set to play the role of Billie Jean King, while Steve Carell is playing the part of Bobby Riggs.","55 Minutes to Impact. The biographical sports drama film is directed by Jonathan Dayton and Valerie Faris, who helmed the 2006 hit movie Little Miss Sunshine.
The film tells the story of Billie Jean King, who challenges Bobby Riggs to a match, in a symbolic battle of the sexes. The movie is written by Simon Beaufoy, who is best known for his work on Slumdog Millionaire and The Full Monty.
55 Minutes to Impact has a star-studded cast, with Emma Stone set to play the role of Billie Jean King, while Steve Carell is playing the part of Bobby Riggs.","{""do_sample"": true, ""temperature"": 1.0, ""top_p"": 0.95, ""top_k"": 50, ""repetition_penalty"": 1.0, ""max_new_tokens"": 128}"
bytekgwV6,2.0,0,1252,18,18,"Politico, which broke the PR story, reports, “The group circulated a memo to reporters and producers late Monday that discouraged ","Politico, which broke the PR story, reports, “The group circulated a memo to reporters and producers late Monday that discouraged 14 prominent lawmakers, all of them Democrats, from appearing on cable news networks for fear that their anti-COVID-19 vaccine rhetoric could be used against them.
The lawmakers targeted include some high-profile figures like Sens. Ted Cruz, Ron Wyden, and Rand Paul, who have all spoken out about their concerns about the vaccine and the government’s handling of the pandemic.
The memo, which was obtained by POLITICO, also warned that the lawmakers’ words could be distorted by the networks, and that they might face challenges from fact-checkers.
The memo was signed by an unnamed “senior Democratic operative” and appears to be a coordinated effort","14 prominent lawmakers, all of them Democrats, from appearing on cable news networks for fear that their anti-COVID-19 vaccine rhetoric could be used against them.
The lawmakers targeted include some high-profile figures like Sens. Ted Cruz, Ron Wyden, and Rand Paul, who have all spoken out about their concerns about the vaccine and the government’s handling of the pandemic.
The memo, which was obtained by POLITICO, also warned that the lawmakers’ words could be distorted by the networks, and that they might face challenges from fact-checkers.
The memo was signed by an unnamed “senior Democratic operative” and appears to be a coordinated effort","{""do_sample"": true, ""temperature"": 1.0, ""top_p"": 0.95, ""top_k"": 50, ""repetition_penalty"": 1.0, ""max_new_tokens"": 128}"
bytekgwV6,2.0,0,1254,20,20,MAMADOU SAKHO remains unavailable for selection for Liverpool's Europa League semi-final first leg clash with Villarreal in Spain on Thursday ,"MAMADOU SAKHO remains unavailable for selection for Liverpool's Europa League semi-final first leg clash with Villarreal in Spain on Thursday 28th April.
The French defender has been banned from all domestic and European competition for 30 days by UEFA following a failed drugs test.
The suspension was imposed after Sakho tested positive for the metabolite of the banned substance Hickory and the Uruguayan plant called Borecole (Daman) following the Reds' 3-0 victory over Manchester United at Anfield on January 17.
Sakho has consistently maintained his innocence and the club has expressed its full support for him throughout the process.
The 26-year-old has been absent from Liverpool's match-day squads for the past six weeks, and he is set to","28th April.
The French defender has been banned from all domestic and European competition for 30 days by UEFA following a failed drugs test.
The suspension was imposed after Sakho tested positive for the metabolite of the banned substance Hickory and the Uruguayan plant called Borecole (Daman) following the Reds' 3-0 victory over Manchester United at Anfield on January 17.
Sakho has consistently maintained his innocence and the club has expressed its full support for him throughout the process.
The 26-year-old has been absent from Liverpool's match-day squads for the past six weeks, and he is set to","{""do_sample"": true, ""temperature"": 1.0, ""top_p"": 0.95, ""top_k"": 50, ""repetition_penalty"": 1.0, ""max_new_tokens"": 128}"
bytekgwV6,2.0,0,1256,22,22,"MK Moshe Feiglin in a Knesset committee meeting, next to MK Ahmad Tibi, in 2014. It appears Feiglin is on ","MK Moshe Feiglin in a Knesset committee meeting, next to MK Ahmad Tibi, in 2014. It appears Feiglin is on  the left and Tibi on the right, contrary to the caption I added. Knesset
In the wake of Prime Minister Benjamin Netanyahu's declaration of Israel's sovereignty over the Golan Heights, MK Moshe Feiglin has been making the rounds in the media, defending the move and arguing that it was a long-overdue recognition of the region's historical and strategic importance.
Feiglin, a hardline right-wing politician and a former member of Netanyahu's coalition, is no stranger to controversy. In the past, he has made headlines for his outspoken views on issues such as Israeli settlement expansion, the separation between men and"," the left and Tibi on the right, contrary to the caption I added. Knesset
In the wake of Prime Minister Benjamin Netanyahu's declaration of Israel's sovereignty over the Golan Heights, MK Moshe Feiglin has been making the rounds in the media, defending the move and arguing that it was a long-overdue recognition of the region's historical and strategic importance.
Feiglin, a hardline right-wing politician and a former member of Netanyahu's coalition, is no stranger to controversy. In the past, he has made headlines for his outspoken views on issues such as Israeli settlement expansion, the separation between men and","{""do_sample"": true, ""temperature"": 1.0, ""top_p"": 0.95, ""top_k"": 50, ""repetition_penalty"": 1.0, ""max_new_tokens"": 128}"
bytekgwV6,2.0,0,1258,24,24,"What’s the news? A couple of weeks ago, Instagram promised you’d be able to download your data from its servers. ","What’s the news? A couple of weeks ago, Instagram promised you’d be able to download your data from its servers. 2 days later, people are still waiting. So, what’s the hold up?
Why does my Instagram data matter?
Think of your social media data as your digital property. It’s essential to be aware of what data you’re sharing and how it’s being used. With Instagram, you may be sharing a lot of personal information, such as:
What are the consequences of a data breach?
Imagine having your personal information out there for the world to see. It’s not just about having a bad reputation or feeling embarrassed. A data breach could lead to:
Identity theft
Financial fraud
More intrusive ads (because they know your interests and","2 days later, people are still waiting. So, what’s the hold up?
Why does my Instagram data matter?
Think of your social media data as your digital property. It’s essential to be aware of what data you’re sharing and how it’s being used. With Instagram, you may be sharing a lot of personal information, such as:
What are the consequences of a data breach?
Imagine having your personal information out there for the world to see. It’s not just about having a bad reputation or feeling embarrassed. A data breach could lead to:
Identity theft
Financial fraud
More intrusive ads (because they know your interests and","{""do_sample"": true, ""temperature"": 1.0, ""top_p"": 0.95, ""top_k"": 50, ""repetition_penalty"": 1.0, ""max_new_tokens"": 128}"
bytekgwV6,2.0,0,1260,26,26,"So you might ask yourself, “What is going on?” How can things be so bad that educators feel the need ","So you might ask yourself, “What is going on?” How can things be so bad that educators feel the need  to leave the field? Educators have always had a calling,  and many have devoted their lives to this profession, only to feel discouraged and undervalued.
Teachers are not simply teaching classes, they are molding the minds and futures of our children. They are the ones who have the biggest impact on our students’ lives, shaping their thoughts, behaviors, and attitudes. This is a significant responsibility, and we need to stop taking it for granted.
Teachers are also the ones who have seen the most significant changes in education policy and budget cuts. They are the ones who have to deal with overcrowded classrooms, outdated textbooks and"," to leave the field? Educators have always had a calling,  and many have devoted their lives to this profession, only to feel discouraged and undervalued.
Teachers are not simply teaching classes, they are molding the minds and futures of our children. They are the ones who have the biggest impact on our students’ lives, shaping their thoughts, behaviors, and attitudes. This is a significant responsibility, and we need to stop taking it for granted.
Teachers are also the ones who have seen the most significant changes in education policy and budget cuts. They are the ones who have to deal with overcrowded classrooms, outdated textbooks and","{""do_sample"": true, ""temperature"": 1.0, ""top_p"": 0.95, ""top_k"": 50, ""repetition_penalty"": 1.0, ""max_new_tokens"": 128}"
bytekgwV6,2.0,0,1262,28,28,Come test your luck on the best slot machine app in the app store. Great graphics make this app so ,"Come test your luck on the best slot machine app in the app store. Great graphics make this app so 3d. Enjoy your new casino experience with us!
This app is for entertainment purposes only. We offer no real cash prizes or bonuses. The game is meant to be played responsibly.
I've been playing this game for a while now and it's a lot of fun. The variety of slots is impressive and the graphics are super nice. My only suggestion would be to add more ways to earn rewards or achievements. Sometimes I find myself playing the same slots over and over just to level up, so it would be nice to have more variety or goals to work towards. But overall, it's a great app and I'm glad I discovered","3d. Enjoy your new casino experience with us!
This app is for entertainment purposes only. We offer no real cash prizes or bonuses. The game is meant to be played responsibly.
I've been playing this game for a while now and it's a lot of fun. The variety of slots is impressive and the graphics are super nice. My only suggestion would be to add more ways to earn rewards or achievements. Sometimes I find myself playing the same slots over and over just to level up, so it would be nice to have more variety or goals to work towards. But overall, it's a great app and I'm glad I discovered","{""do_sample"": true, ""temperature"": 1.0, ""top_p"": 0.95, ""top_k"": 50, ""repetition_penalty"": 1.0, ""max_new_tokens"": 128}"
bytekgwV6,2.0,0,1264,30,30,"(HOST) As the season for summer blockbuster movies about super heroes and rings of power approaches, commentator Willem Lange is ","(HOST) As the season for summer blockbuster movies about super heroes and rings of power approaches, commentator Willem Lange is  thinking about the storytelling that brings us together. He's asking whether we're losing our taste for the grand tales that make us feel good about the human condition.
As I sit in my favorite armchair, surrounded by the trappings of my daily routine, I'm reminded of the grand tales that once captivated our collective imagination. I'm talking about the stories that made us feel good about being human - the ones that celebrated our triumphs over adversity, and our capacity for compassion, courage, and sacrifice.
These stories have been around for centuries - the epics of Homer, the sagas of the Norse, the legends of the"," thinking about the storytelling that brings us together. He's asking whether we're losing our taste for the grand tales that make us feel good about the human condition.
As I sit in my favorite armchair, surrounded by the trappings of my daily routine, I'm reminded of the grand tales that once captivated our collective imagination. I'm talking about the stories that made us feel good about being human - the ones that celebrated our triumphs over adversity, and our capacity for compassion, courage, and sacrifice.
These stories have been around for centuries - the epics of Homer, the sagas of the Norse, the legends of the","{""do_sample"": true, ""temperature"": 1.0, ""top_p"": 0.95, ""top_k"": 50, ""repetition_penalty"": 1.0, ""max_new_tokens"": 128}"
bytekgwV6,2.0,0,1266,32,32,"numerous aunts, uncles and cousins. She attended Shanksville Stonycreek High School and was a member of St. Paul's Lutheran Church, ","numerous aunts, uncles and cousins. She attended Shanksville Stonycreek High School and was a member of St. Paul's Lutheran Church, 1015 N. Center St., Lehighton.
Surviving are her children, Karen, wife of Dennis Kline of White Bear Lake, Minn.; Jeffrey, husband of Pamela Fritz of Kutztown; and Linda, wife of James Kresge of Palm Beach, Fla.
She is also survived by 10 grandchildren; and several great-grandchildren. She was preceded in death by her husband, Jan. 23, 1974; and a brother, Edward.
Memorial services will be held at 11 a.m. Monday, May 21, 2001, at St. Paul's Lutheran Church, Lehighton","1015 N. Center St., Lehighton.
Surviving are her children, Karen, wife of Dennis Kline of White Bear Lake, Minn.; Jeffrey, husband of Pamela Fritz of Kutztown; and Linda, wife of James Kresge of Palm Beach, Fla.
She is also survived by 10 grandchildren; and several great-grandchildren. She was preceded in death by her husband, Jan. 23, 1974; and a brother, Edward.
Memorial services will be held at 11 a.m. Monday, May 21, 2001, at St. Paul's Lutheran Church, Lehighton","{""do_sample"": true, ""temperature"": 1.0, ""top_p"": 0.95, ""top_k"": 50, ""repetition_penalty"": 1.0, ""max_new_tokens"": 128}"
bytekgwV6,2.0,0,1268,34,34,"No, Trump can’t pardon himself. The Constitution tells us so. Correction: An earlier version of this op-ed misspelled the name ","No, Trump can’t pardon himself. The Constitution tells us so. Correction: An earlier version of this op-ed misspelled the name 14th Amendment. What are some of the limitations on presidential pardon power? If a President pardons someone for a crime they didn't commit, are they doing something illegal? Can a President pardon himself or herself? Article II, Section 2 of the United States Constitution states that the President ""shall have Power to grant Reprieves and Pardons for Offences against the United States, except in Cases of Impeachment."" The scope of a President's pardon authority is a bit narrower than it might seem at first glance. This does not mean that a president cannot pardon themselves, although the framers of the Constitution explicitly left open","14th Amendment. What are some of the limitations on presidential pardon power? If a President pardons someone for a crime they didn't commit, are they doing something illegal? Can a President pardon himself or herself? Article II, Section 2 of the United States Constitution states that the President ""shall have Power to grant Reprieves and Pardons for Offences against the United States, except in Cases of Impeachment."" The scope of a President's pardon authority is a bit narrower than it might seem at first glance. This does not mean that a president cannot pardon themselves, although the framers of the Constitution explicitly left open","{""do_sample"": true, ""temperature"": 1.0, ""top_p"": 0.95, ""top_k"": 50, ""repetition_penalty"": 1.0, ""max_new_tokens"": 128}"
bytekgwV6,2.0,0,1270,36,36,Jerry Springer says he is still deciding whether he will run for Ohio governor in 2018. Speculation around Springer’s potential ,"Jerry Springer says he is still deciding whether he will run for Ohio governor in 2018. Speculation around Springer’s potential 2018 gubernatorial bid has been ongoing for months, with the talk show host announcing his interest in the race back in December.
Springer told The Columbus Dispatch that he is still weighing his options, saying, “It’s a long way between now and election day, and I’m not going to make any rash decisions. I’m going to listen to my heart, listen to my gut, and if I feel like I can make a difference, I’ll make the decision to run. And if I don’t, I won’t.”
The 71-year-old Springer would be running as an independent, citing frustration with the traditional two-party","2018 gubernatorial bid has been ongoing for months, with the talk show host announcing his interest in the race back in December.
Springer told The Columbus Dispatch that he is still weighing his options, saying, “It’s a long way between now and election day, and I’m not going to make any rash decisions. I’m going to listen to my heart, listen to my gut, and if I feel like I can make a difference, I’ll make the decision to run. And if I don’t, I won’t.”
The 71-year-old Springer would be running as an independent, citing frustration with the traditional two-party","{""do_sample"": true, ""temperature"": 1.0, ""top_p"": 0.95, ""top_k"": 50, ""repetition_penalty"": 1.0, ""max_new_tokens"": 128}"
bytekgwV6,2.0,0,1272,38,38,"This mildly racy spot introduces us to the character of the brown M&M, who only looks like she’s not wearing ","This mildly racy spot introduces us to the character of the brown M&M, who only looks like she’s not wearing 50 layers of eyelash. She’s the new spokesperson for the candy and she’s a little bit feisty. A lot of people have lost their cool trying to keep up with her sassiness, but we think it’s charming. The spots, which will air during popular TV shows like The Office and How I Met Your Mother, showcase the brown M&M in all her glory as she goes about her day, never losing her sparkle and never running out of sassy one-liners. She’s like a tiny, crunchy, candy-fueled Julia Roberts. (No one ever said the M&M's couldn't be a little bit","50 layers of eyelash. She’s the new spokesperson for the candy and she’s a little bit feisty. A lot of people have lost their cool trying to keep up with her sassiness, but we think it’s charming. The spots, which will air during popular TV shows like The Office and How I Met Your Mother, showcase the brown M&M in all her glory as she goes about her day, never losing her sparkle and never running out of sassy one-liners. She’s like a tiny, crunchy, candy-fueled Julia Roberts. (No one ever said the M&M's couldn't be a little bit","{""do_sample"": true, ""temperature"": 1.0, ""top_p"": 0.95, ""top_k"": 50, ""repetition_penalty"": 1.0, ""max_new_tokens"": 128}"
bytekgwV6,2.0,0,1274,40,40,"Located near all that the Catskills has to offer! Close to Hunter Mountain, Wyndham, state land, antiquing and many other ","Located near all that the Catskills has to offer! Close to Hunter Mountain, Wyndham, state land, antiquing and many other 4 season activities!
Experience the tranquility of the Catskill Mountains at this charming home.
This cozy home has been lovingly maintained and offers beautiful views from the large windows.
The interior features a spacious living room with gas fireplace, making it the perfect spot to relax after a long day of exploring the great outdoors.
The kitchen is fully equipped with all the essentials and a large dining area for family gatherings.
Upstairs, there are 3 spacious bedrooms with ample closet space and a full bathroom.
The master bedroom boasts a private balcony with stunning views of the surrounding mountains.
Additional features include a private patio, outdoor fire pit, and a one","4 season activities!
Experience the tranquility of the Catskill Mountains at this charming home.
This cozy home has been lovingly maintained and offers beautiful views from the large windows.
The interior features a spacious living room with gas fireplace, making it the perfect spot to relax after a long day of exploring the great outdoors.
The kitchen is fully equipped with all the essentials and a large dining area for family gatherings.
Upstairs, there are 3 spacious bedrooms with ample closet space and a full bathroom.
The master bedroom boasts a private balcony with stunning views of the surrounding mountains.
Additional features include a private patio, outdoor fire pit, and a one","{""do_sample"": true, ""temperature"": 1.0, ""top_p"": 0.95, ""top_k"": 50, ""repetition_penalty"": 1.0, ""max_new_tokens"": 128}"
bytekgwV6,2.0,0,1276,42,42,"NORTH BRUNSWICK, N.J. — Body cameras captured the moment a North Brunswick police officer climbed up a burning building to ","NORTH BRUNSWICK, N.J. — Body cameras captured the moment a North Brunswick police officer climbed up a burning building to 13-year-old Samantha Martin, who was trapped by a window.
On Oct. 14, Samantha was in her home when a fire broke out on the second floor. Her family had managed to escape, but Samantha was stuck inside, trapped by a window.
Officer Anthony Sarnoski, 35, rushed to the scene, where he was told about the trapped 13-year-old. According to an eyewitness, Officer Sarnoski did not hesitate.
""It was like he knew exactly what he was doing,"" eyewitness Ryan Tindall told CBS News. ""He just ran towards the fire, not even stopping to put on","13-year-old Samantha Martin, who was trapped by a window.
On Oct. 14, Samantha was in her home when a fire broke out on the second floor. Her family had managed to escape, but Samantha was stuck inside, trapped by a window.
Officer Anthony Sarnoski, 35, rushed to the scene, where he was told about the trapped 13-year-old. According to an eyewitness, Officer Sarnoski did not hesitate.
""It was like he knew exactly what he was doing,"" eyewitness Ryan Tindall told CBS News. ""He just ran towards the fire, not even stopping to put on","{""do_sample"": true, ""temperature"": 1.0, ""top_p"": 0.95, ""top_k"": 50, ""repetition_penalty"": 1.0, ""max_new_tokens"": 128}"
bytekgwV6,2.0,0,1278,44,44,"The NHS is still running Windows XP en masse, two and a half years after Microsoft stopped delivering bug fixes ","The NHS is still running Windows XP en masse, two and a half years after Microsoft stopped delivering bug fixes  for the operating system.
An FOI request by the Daily Mail revealed that over 80% of NHS trusts are still using XP, with some trusts running older versions of the operating system that haven’t had security patches for years.
The majority of NHS trusts are using Windows XP SP3, which is the oldest and most vulnerable version of the operating system.
The Royal Free London NHS Foundation Trust, which is one of the largest hospital trusts in the UK, still uses XP, as does Lewisham and Greenwich NHS Trust.
According to the ICO, only 12% of trusts have migrated to newer operating systems, with 10%"," for the operating system.
An FOI request by the Daily Mail revealed that over 80% of NHS trusts are still using XP, with some trusts running older versions of the operating system that haven’t had security patches for years.
The majority of NHS trusts are using Windows XP SP3, which is the oldest and most vulnerable version of the operating system.
The Royal Free London NHS Foundation Trust, which is one of the largest hospital trusts in the UK, still uses XP, as does Lewisham and Greenwich NHS Trust.
According to the ICO, only 12% of trusts have migrated to newer operating systems, with 10%","{""do_sample"": true, ""temperature"": 1.0, ""top_p"": 0.95, ""top_k"": 50, ""repetition_penalty"": 1.0, ""max_new_tokens"": 128}"
bytekgwV6,2.0,0,1280,46,46,"OKLAHOMA CITY - Kevin Durant scored 25 points, James Harden added a spark with 23 points off the bench while ","OKLAHOMA CITY - Kevin Durant scored 25 points, James Harden added a spark with 23 points off the bench while 12 assists and the Houston Rockets returned from their long trip, defeated the Oklahoma City Thunder 117-107 in triple overtime.
James Harden and Russell Westbrook, former Oklahoma City Thunder teammates, led the Houston Rockets to victory against their former team, Houston's first victory on the road, a trip of 14 days and a game.
The Rockets were leading the Thunder by a basket in the first quarter but struggled with their outside shots, while Oklahoma City stayed close and trailed by just four points at the break. The two teams were tied at the end of the fourth quarter, 98-98.
The Rockets took the lead again early in the","12 assists and the Houston Rockets returned from their long trip, defeated the Oklahoma City Thunder 117-107 in triple overtime.
James Harden and Russell Westbrook, former Oklahoma City Thunder teammates, led the Houston Rockets to victory against their former team, Houston's first victory on the road, a trip of 14 days and a game.
The Rockets were leading the Thunder by a basket in the first quarter but struggled with their outside shots, while Oklahoma City stayed close and trailed by just four points at the break. The two teams were tied at the end of the fourth quarter, 98-98.
The Rockets took the lead again early in the","{""do_sample"": true, ""temperature"": 1.0, ""top_p"": 0.95, ""top_k"": 50, ""repetition_penalty"": 1.0, ""max_new_tokens"": 128}"
bytekgwV6,2.0,0,1282,48,48,"1 Then the people of the land took Jehoahaz the son of Josiah, and made him king in his father's ","1 Then the people of the land took Jehoahaz the son of Josiah, and made him king in his father's  place.
2 Jehoiachin was 18 years old when he began his seven year reign in Jerusalem; and the name of the king was Mattaniah.
3 He did evil in the sight of the Lord, according to all that his father had done.
4 Nebuchadnezzar king of Babylon came up against him; and Jehoahaz his father, having a valiant army, and at Jerusalem.
5 The king of Egypt came not again  more out of his own land: for the king of Babylon had taken, from the river of Egypt to the river Euphrates, all that pertained to the"," place.
2 Jehoiachin was 18 years old when he began his seven year reign in Jerusalem; and the name of the king was Mattaniah.
3 He did evil in the sight of the Lord, according to all that his father had done.
4 Nebuchadnezzar king of Babylon came up against him; and Jehoahaz his father, having a valiant army, and at Jerusalem.
5 The king of Egypt came not again  more out of his own land: for the king of Babylon had taken, from the river of Egypt to the river Euphrates, all that pertained to the","{""do_sample"": true, ""temperature"": 1.0, ""top_p"": 0.95, ""top_k"": 50, ""repetition_penalty"": 1.0, ""max_new_tokens"": 128}"
bytekgwV6,2.0,0,1284,50,50,This bicycle sprocket hub and sprockets from the Wright Bicycle Co. are on display at the National Museum of the ,"This bicycle sprocket hub and sprockets from the Wright Bicycle Co. are on display at the National Museum of the 15th Wing, Wright-Patterson Air Force Base, in Dayton, Ohio.
The Wright brothers' bicycle business allowed them to experiment with mechanics and design, which contributed to their development of the world's first successful airplane. Orville and Wilbur Wright opened their bicycle shop in 1892, where they could tinker with bicycles and test new ideas.
The Wright brothers' interest in mechanics began with their early work on the Wright Brothers' Printing Company, which they founded at the age of 16. They printed and published a small newspaper called the ""West Side News"" which helped them develop their graphic design skills. The Wrights","15th Wing, Wright-Patterson Air Force Base, in Dayton, Ohio.
The Wright brothers' bicycle business allowed them to experiment with mechanics and design, which contributed to their development of the world's first successful airplane. Orville and Wilbur Wright opened their bicycle shop in 1892, where they could tinker with bicycles and test new ideas.
The Wright brothers' interest in mechanics began with their early work on the Wright Brothers' Printing Company, which they founded at the age of 16. They printed and published a small newspaper called the ""West Side News"" which helped them develop their graphic design skills. The Wrights","{""do_sample"": true, ""temperature"": 1.0, ""top_p"": 0.95, ""top_k"": 50, ""repetition_penalty"": 1.0, ""max_new_tokens"": 128}"
bytekgwV6,2.0,0,1286,52,52,"Elvis Costello played a two-hour, 25-song show that touched on phases throughout his career, both deep cuts and hits, as ","Elvis Costello played a two-hour, 25-song show that touched on phases throughout his career, both deep cuts and hits, as 92.5 FM's ""Live at the Fillmore"" concert series brought the veteran rocker to the iconic San Francisco venue last night.
The 65-year-old musician and his trusty guitarist Steve Nieve kicked things off with the atmospheric, sprawling ""Blind Love,"" the opening track from his 1994 album ""Mighty Like a Rose."" The setlist drew from his entire catalog, including songs from his early punk-infused work (""Pump It Up,"" ""Watching the Detectives""), his new wave era (""From a Whisper to a Scream,"" ""The Look Before the Lock""), and even some deep cuts from his","92.5 FM's ""Live at the Fillmore"" concert series brought the veteran rocker to the iconic San Francisco venue last night.
The 65-year-old musician and his trusty guitarist Steve Nieve kicked things off with the atmospheric, sprawling ""Blind Love,"" the opening track from his 1994 album ""Mighty Like a Rose."" The setlist drew from his entire catalog, including songs from his early punk-infused work (""Pump It Up,"" ""Watching the Detectives""), his new wave era (""From a Whisper to a Scream,"" ""The Look Before the Lock""), and even some deep cuts from his","{""do_sample"": true, ""temperature"": 1.0, ""top_p"": 0.95, ""top_k"": 50, ""repetition_penalty"": 1.0, ""max_new_tokens"": 128}"
bytekgwV6,2.0,0,1288,54,54,"With its eye on Western next-gen gamers, the Japanese publisher pays $15 million for Secret Level. Sega Holdings of USA ","With its eye on Western next-gen gamers, the Japanese publisher pays $15 million for Secret Level. Sega Holdings of USA 3D animation studio.
With its eye on Western next-gen gamers, the Japanese publisher pays $15 million for Secret Level, 3D animation studio.
TOKYO, Japan, February 23, 2006 - Sega Corporation (3G EM), the renowned Japanese video game publisher and developer, today announced the acquisition of Secret Level, a 3D animation studio based in Newport Beach, California, for $15 million. The move is a strategic step to strengthen Sega's position in the North American market, particularly with the upcoming launch of its next-generation console, the Xbox 360, and to expand its capabilities in game","3D animation studio.
With its eye on Western next-gen gamers, the Japanese publisher pays $15 million for Secret Level, 3D animation studio.
TOKYO, Japan, February 23, 2006 - Sega Corporation (3G EM), the renowned Japanese video game publisher and developer, today announced the acquisition of Secret Level, a 3D animation studio based in Newport Beach, California, for $15 million. The move is a strategic step to strengthen Sega's position in the North American market, particularly with the upcoming launch of its next-generation console, the Xbox 360, and to expand its capabilities in game","{""do_sample"": true, ""temperature"": 1.0, ""top_p"": 0.95, ""top_k"": 50, ""repetition_penalty"": 1.0, ""max_new_tokens"": 128}"
bytekgwV6,2.0,0,1290,56,56,Two recently published reports shed damning light on the high cost of low wages in the fast food industry – ,"Two recently published reports shed damning light on the high cost of low wages in the fast food industry – 12-year-olds forced to work long hours, workers struggling to get by on $8-9 an hour, and the impact of poverty-level wages on families and communities.
The first report, from the advocacy group Raise the Wage, highlights the struggles faced by young fast food workers across the country. The report found that:
One in five fast food workers are 18 years old or younger, including 12-year-olds who are forced to work long hours.
Young workers in the fast food industry often have to choose between working long hours or quitting school, perpetuating a cycle of low-wage work and poverty.
The report concludes that the lack of","12-year-olds forced to work long hours, workers struggling to get by on $8-9 an hour, and the impact of poverty-level wages on families and communities.
The first report, from the advocacy group Raise the Wage, highlights the struggles faced by young fast food workers across the country. The report found that:
One in five fast food workers are 18 years old or younger, including 12-year-olds who are forced to work long hours.
Young workers in the fast food industry often have to choose between working long hours or quitting school, perpetuating a cycle of low-wage work and poverty.
The report concludes that the lack of","{""do_sample"": true, ""temperature"": 1.0, ""top_p"": 0.95, ""top_k"": 50, ""repetition_penalty"": 1.0, ""max_new_tokens"": 128}"
bytekgwV6,2.0,0,1292,58,58,"Every morning on The Style Blog, we celebrate the best footwear weve come across. Now, for your benefit, its all ","Every morning on The Style Blog, we celebrate the best footwear weve come across. Now, for your benefit, its all 5 pairs on one show. From the most beautiful and delicate sandals to the most luxurious and high-end sneakers, see the top 5 most stylish footwear trends for this season.
From statement jewelry pieces to the latest fashion trends, the style world has a lot to offer. Each week on The Style Blog, were highlighting the most stylish and must-have items for your everyday needs.
All fashionistas know that shoes make a statement. As the most important accessory, they can make or break an outfit. Whether its a bold and bright colored heel or sleek and sophisticated sneaker, here are the top 5 must-have footwear trends for this season:
","5 pairs on one show. From the most beautiful and delicate sandals to the most luxurious and high-end sneakers, see the top 5 most stylish footwear trends for this season.
From statement jewelry pieces to the latest fashion trends, the style world has a lot to offer. Each week on The Style Blog, were highlighting the most stylish and must-have items for your everyday needs.
All fashionistas know that shoes make a statement. As the most important accessory, they can make or break an outfit. Whether its a bold and bright colored heel or sleek and sophisticated sneaker, here are the top 5 must-have footwear trends for this season:
","{""do_sample"": true, ""temperature"": 1.0, ""top_p"": 0.95, ""top_k"": 50, ""repetition_penalty"": 1.0, ""max_new_tokens"": 128}"
bytekgwV6,2.0,0,1294,60,60,"LOS ANGELES – A lawsuit filed Wednesday against ABC (search) and ""American Idol"" judge Simon Cowell (search) alleges they conspired ","LOS ANGELES – A lawsuit filed Wednesday against ABC (search) and ""American Idol"" judge Simon Cowell (search) alleges they conspired 12 years ago to sabotage the career of a British singer-songwriter.
The lawsuit was filed by Steve Brookstein (search), a singer who won the first season of ""American Idol"" in 2002. Brookstein is seeking $50 million in damages, alleging that Cowell and ABC conspired to ruin his music career by spreading negative rumors and sabotaging his chances with record labels and other industry executives.

According to the lawsuit, Brookstein and Cowell were involved in a romantic relationship from 1998 to 2001, but Cowell ended the relationship and then began to sabotage Brookstein's career as revenge.

The lawsuit alleges","12 years ago to sabotage the career of a British singer-songwriter.
The lawsuit was filed by Steve Brookstein (search), a singer who won the first season of ""American Idol"" in 2002. Brookstein is seeking $50 million in damages, alleging that Cowell and ABC conspired to ruin his music career by spreading negative rumors and sabotaging his chances with record labels and other industry executives.

According to the lawsuit, Brookstein and Cowell were involved in a romantic relationship from 1998 to 2001, but Cowell ended the relationship and then began to sabotage Brookstein's career as revenge.

The lawsuit alleges","{""do_sample"": true, ""temperature"": 1.0, ""top_p"": 0.95, ""top_k"": 50, ""repetition_penalty"": 1.0, ""max_new_tokens"": 128}"
bytekgwV6,2.0,0,1296,62,62,"Seren Rayne Frank Sutherland, a six lb., eight oz., girl, was born Saturday, Dec. 3, 2016, at Yavapai Regional Medical ","Seren Rayne Frank Sutherland, a six lb., eight oz., girl, was born Saturday, Dec. 3, 2016, at Yavapai Regional Medical 24/7 news, sports, and information. Suggest new spellings or wordings and i'll update this article for you. 1, 2016, to Mr. and Mrs. William J. and Catherine G.
1, 2016, to Mr. and Mrs. William J. and Catherine G. S. of Glendale, Ariz., her ninth great-grandchild.
Seren Rayne Frank Sutherland, a six-pound-eight-ounce baby girl, was born on December 3, 2016, at Yavapai Regional Medical Center in Prescott, Arizona.
Dad, William J.","24/7 news, sports, and information. Suggest new spellings or wordings and i'll update this article for you. 1, 2016, to Mr. and Mrs. William J. and Catherine G.
1, 2016, to Mr. and Mrs. William J. and Catherine G. S. of Glendale, Ariz., her ninth great-grandchild.
Seren Rayne Frank Sutherland, a six-pound-eight-ounce baby girl, was born on December 3, 2016, at Yavapai Regional Medical Center in Prescott, Arizona.
Dad, William J.","{""do_sample"": true, ""temperature"": 1.0, ""top_p"": 0.95, ""top_k"": 50, ""repetition_penalty"": 1.0, ""max_new_tokens"": 128}"
bytekgwV6,2.0,0,1298,64,64,Adventist HealthCare seeks to hire a Med Surg Registered Nurse who will embrace our mission to extend God's care through ,"Adventist HealthCare seeks to hire a Med Surg Registered Nurse who will embrace our mission to extend God's care through 100% patient satisfaction and excellence in everything we do.
Assumes responsibility for the delivery and management of patient care for a designated group of patients. Coordinates and provides patient care on a day-to-day basis, including taking and documenting vital signs, administering medications, and reporting to and from other members of the healthcare team.
Required: Associate Degree in Nursing (ADN) or Bachelor of Science in Nursing (BSN) from an accredited program.
Required: Must hold a valid state license to practice as a Registered Nurse (RN).
Preferred: BLS certification and or ACLS certification.
Preferred: 1 year of experience in Med/Surg or","100% patient satisfaction and excellence in everything we do.
Assumes responsibility for the delivery and management of patient care for a designated group of patients. Coordinates and provides patient care on a day-to-day basis, including taking and documenting vital signs, administering medications, and reporting to and from other members of the healthcare team.
Required: Associate Degree in Nursing (ADN) or Bachelor of Science in Nursing (BSN) from an accredited program.
Required: Must hold a valid state license to practice as a Registered Nurse (RN).
Preferred: BLS certification and or ACLS certification.
Preferred: 1 year of experience in Med/Surg or","{""do_sample"": true, ""temperature"": 1.0, ""top_p"": 0.95, ""top_k"": 50, ""repetition_penalty"": 1.0, ""max_new_tokens"": 128}"
bytekgwV6,2.0,0,1300,66,66,"Check out the Charleston Parks Conservancy's newest glow-up project at their inaugural Hampton Park culinary event, Shucked + Sauced, Sat. ","Check out the Charleston Parks Conservancy's newest glow-up project at their inaugural Hampton Park culinary event, Shucked + Sauced, Sat. 4/14, from 6-9 PM!
Join the Charleston Parks Conservancy for their inaugural Hampton Park culinary event, Shucked + Sauced, on Saturday, April 14, 2018, from 6-9 PM! This exciting event will showcase the Conservancy's newest glow-up project, which includes a newly-renovated Hampton Park playground, improved walkways, and enhanced lighting. The event will feature local chefs and artisans, live music, and a festive atmosphere.
Shucked + Sauced will also include:
Food and drink from local restaurants and bars, such as Fatz Catering, The Daily, The","4/14, from 6-9 PM!
Join the Charleston Parks Conservancy for their inaugural Hampton Park culinary event, Shucked + Sauced, on Saturday, April 14, 2018, from 6-9 PM! This exciting event will showcase the Conservancy's newest glow-up project, which includes a newly-renovated Hampton Park playground, improved walkways, and enhanced lighting. The event will feature local chefs and artisans, live music, and a festive atmosphere.
Shucked + Sauced will also include:
Food and drink from local restaurants and bars, such as Fatz Catering, The Daily, The","{""do_sample"": true, ""temperature"": 1.0, ""top_p"": 0.95, ""top_k"": 50, ""repetition_penalty"": 1.0, ""max_new_tokens"": 128}"
bytekgwV6,2.0,0,1302,68,68,Adweek: So what’s a digital-media tyro like you doing at a fusty old-media company like CBS? Jim Lanzone: I don’t ,"Adweek: So what’s a digital-media tyro like you doing at a fusty old-media company like CBS? Jim Lanzone: I don’t  think I’m a digital-media tyro – I’m just a guy who likes the intersection of business and tech. I started my career at CBS Interactive, which was a great experience, and then went on to other digital companies... I always liked the idea of making a difference in a big organization, and I felt like I could bring some fresh perspectives to the table. Plus, I get to work with some of the most talented people in the industry, which is a real bonus. more less
The article discusses Jim Lanzone's move from a digital-media company to CBS. Jim speaks about his experience working at CBS Interactive and how"," think I’m a digital-media tyro – I’m just a guy who likes the intersection of business and tech. I started my career at CBS Interactive, which was a great experience, and then went on to other digital companies... I always liked the idea of making a difference in a big organization, and I felt like I could bring some fresh perspectives to the table. Plus, I get to work with some of the most talented people in the industry, which is a real bonus. more less
The article discusses Jim Lanzone's move from a digital-media company to CBS. Jim speaks about his experience working at CBS Interactive and how","{""do_sample"": true, ""temperature"": 1.0, ""top_p"": 0.95, ""top_k"": 50, ""repetition_penalty"": 1.0, ""max_new_tokens"": 128}"
bytekgwV6,2.0,0,1304,70,70,A live events and bespoke creative technical solutions company based in Loughborough is seeking a technical project manager to join ,"A live events and bespoke creative technical solutions company based in Loughborough is seeking a technical project manager to join their dynamic team.
The successful candidate will have strong technical project management experience, ideally within the live events, broadcast or production industries. You will be responsible for leading teams of technical staff, including sound, lighting, video and broadcast engineers, to ensure the successful delivery of live events and projects.
The ideal candidate will have a strong technical background and the ability to communicate effectively with both technical and non-technical stakeholders. You will need to be able to work under pressure, managing multiple projects simultaneously, and be flexible and able to adapt to changing circumstances.
* Manage the technical production of live events and projects, ensuring timely and within-budget delivery.
*","their dynamic team.
The successful candidate will have strong technical project management experience, ideally within the live events, broadcast or production industries. You will be responsible for leading teams of technical staff, including sound, lighting, video and broadcast engineers, to ensure the successful delivery of live events and projects.
The ideal candidate will have a strong technical background and the ability to communicate effectively with both technical and non-technical stakeholders. You will need to be able to work under pressure, managing multiple projects simultaneously, and be flexible and able to adapt to changing circumstances.
* Manage the technical production of live events and projects, ensuring timely and within-budget delivery.
*","{""do_sample"": true, ""temperature"": 1.0, ""top_p"": 0.95, ""top_k"": 50, ""repetition_penalty"": 1.0, ""max_new_tokens"": 128}"
bytekgwV6,2.0,0,1306,72,72,The latest report from Violence Policy Center. I find it ironic and sad that the very day an annual report ,"The latest report from Violence Policy Center. I find it ironic and sad that the very day an annual report  from the Violence Policy Center is released it’s met with skepticism by those who care more about the Second Amendment than people’s lives. The report details the number of lives lost in gun violence, the number of children killed and the racial and socioeconomic disparities that exist in this epidemic. It’s a call to action for change.
Here is a summary of the report and some highlights:
The report,  When Men are Boys: The Disturbing Trend of Male Gun Violence in America, examines the alarming trend of gun violence affecting boys and young men in the United States. The report highlights the disproportionate impact of gun violence on males under the age"," from the Violence Policy Center is released it’s met with skepticism by those who care more about the Second Amendment than people’s lives. The report details the number of lives lost in gun violence, the number of children killed and the racial and socioeconomic disparities that exist in this epidemic. It’s a call to action for change.
Here is a summary of the report and some highlights:
The report,  When Men are Boys: The Disturbing Trend of Male Gun Violence in America, examines the alarming trend of gun violence affecting boys and young men in the United States. The report highlights the disproportionate impact of gun violence on males under the age","{""do_sample"": true, ""temperature"": 1.0, ""top_p"": 0.95, ""top_k"": 50, ""repetition_penalty"": 1.0, ""max_new_tokens"": 128}"
bytekgwV6,2.0,0,1308,74,74,Thorpe of the New York Trucking and Delivery Association says the decision to raise penalties won’t solve the parking crisis. ,"Thorpe of the New York Trucking and Delivery Association says the decision to raise penalties won’t solve the parking crisis. 2017;56:2342–2351.
This article is based on the latest research findings. The main goal is to provide a general overview of the situation. You should always consult a doctor or other healthcare professional for specific advice or treatment.
There are many factors to consider when deciding which trucking company to choose for your needs. Here are some things to think about:.
The trucking industry is a vital part of the U.S. economy, and truckers play a crucial role in the transportation of goods and services. Like any other industry, truckers face challenges, including those related to safety, regulations, and the environment","2017;56:2342–2351.
This article is based on the latest research findings. The main goal is to provide a general overview of the situation. You should always consult a doctor or other healthcare professional for specific advice or treatment.
There are many factors to consider when deciding which trucking company to choose for your needs. Here are some things to think about:.
The trucking industry is a vital part of the U.S. economy, and truckers play a crucial role in the transportation of goods and services. Like any other industry, truckers face challenges, including those related to safety, regulations, and the environment","{""do_sample"": true, ""temperature"": 1.0, ""top_p"": 0.95, ""top_k"": 50, ""repetition_penalty"": 1.0, ""max_new_tokens"": 128}"
bytekgwV6,2.0,0,1310,76,76,A District Court decision overturning major provisions of three Executive Orders has been appealed. Here is a summary of the ,"A District Court decision overturning major provisions of three Executive Orders has been appealed. Here is a summary of the 9th Circuit's decision and possible implications for the future of immigration law and policy.
On February 16, the United States Court of Appeals for the Ninth Circuit issued a decision (PDF) vacating parts of three Executive Orders related to immigration and border control, issued by President Trump in January and June 2017. The orders in question were: Executive Order 13767, Border Security and Immigration Enforcement Improvements; Executive Order 13768, Enhancing Public Safety in the Interior of the United States; and Executive Order 13823, Building a Wall Along the U.S.-Mexico Border.

The lawsuit, brought by the State of","9th Circuit's decision and possible implications for the future of immigration law and policy.
On February 16, the United States Court of Appeals for the Ninth Circuit issued a decision (PDF) vacating parts of three Executive Orders related to immigration and border control, issued by President Trump in January and June 2017. The orders in question were: Executive Order 13767, Border Security and Immigration Enforcement Improvements; Executive Order 13768, Enhancing Public Safety in the Interior of the United States; and Executive Order 13823, Building a Wall Along the U.S.-Mexico Border.

The lawsuit, brought by the State of","{""do_sample"": true, ""temperature"": 1.0, ""top_p"": 0.95, ""top_k"": 50, ""repetition_penalty"": 1.0, ""max_new_tokens"": 128}"
bytekgwV6,2.0,0,1312,78,78,"The democratization of data is a real phenomenon, but building a sustainable data democracy means truly giving power to the ","The democratization of data is a real phenomenon, but building a sustainable data democracy means truly giving power to the 99%. It’s not enough to create a platform or a tool – we must fundamentally rethink how data is produced, shared, and consumed.
Today, data is being generated at an unprecedented rate, and the majority of it is being produced by ordinary people – not just experts or organizations. This democratization of data creates enormous opportunities for innovation and social good, but it also raises important questions about who gets to control and benefit from these new data streams.

We see this play out in various ways, from citizen-generated data on urban infrastructure to patient-generated health data. While these forms of data have the potential to transform decision-making and drive positive change","99%. It’s not enough to create a platform or a tool – we must fundamentally rethink how data is produced, shared, and consumed.
Today, data is being generated at an unprecedented rate, and the majority of it is being produced by ordinary people – not just experts or organizations. This democratization of data creates enormous opportunities for innovation and social good, but it also raises important questions about who gets to control and benefit from these new data streams.

We see this play out in various ways, from citizen-generated data on urban infrastructure to patient-generated health data. While these forms of data have the potential to transform decision-making and drive positive change","{""do_sample"": true, ""temperature"": 1.0, ""top_p"": 0.95, ""top_k"": 50, ""repetition_penalty"": 1.0, ""max_new_tokens"": 128}"
bytekgwV6,2.0,0,1314,80,80,"The Council of PR Firms yesterday urged PR firms to ""pledge"" to Wikipedia that they will only submit materials to ","The Council of PR Firms yesterday urged PR firms to ""pledge"" to Wikipedia that they will only submit materials to 100% fact-checked articles.
The Council's statement, which was released yesterday, comes in response to the launch of a new tool by Wikipedia called ""Verified News Sources"" which aims to provide a way for Wikipedia editors to verify the credibility of news sources and identify untrustworthy sources.
The Council's statement reads: ""The Council of PR Firms urges its member firms to pledge to only submit materials to 100% fact-checked articles and news sources, in support of the integrity and credibility of the news and information provided on Wikipedia.""
The move is a response to concerns that PR firms have been pushing their clients' news releases and propaganda onto","100% fact-checked articles.
The Council's statement, which was released yesterday, comes in response to the launch of a new tool by Wikipedia called ""Verified News Sources"" which aims to provide a way for Wikipedia editors to verify the credibility of news sources and identify untrustworthy sources.
The Council's statement reads: ""The Council of PR Firms urges its member firms to pledge to only submit materials to 100% fact-checked articles and news sources, in support of the integrity and credibility of the news and information provided on Wikipedia.""
The move is a response to concerns that PR firms have been pushing their clients' news releases and propaganda onto","{""do_sample"": true, ""temperature"": 1.0, ""top_p"": 0.95, ""top_k"": 50, ""repetition_penalty"": 1.0, ""max_new_tokens"": 128}"
bytekgwV6,2.0,0,1316,82,82,"He and a neighbor managed to lure the horse toward them with a handful of grass, Sickinger said, and they ","He and a neighbor managed to lure the horse toward them with a handful of grass, Sickinger said, and they iced it and rolled it onto the ground to calm it down.... The horse was said to have been ""panicked"" by the recent arrival of a new foal. Horses are flight animals and are naturally inclined to flee danger, but they are also social animals and will often react to the presence of a companion or peer.
From ""Man helps calm panicked horse that wandered off a farm"" by John Kiesewetter, WCPO, Cincinnati.com, May 17, 2017. Photo by WCPO.com.
He and a neighbor managed to lure the horse toward them with a handful of grass, Sickinger said,","iced it and rolled it onto the ground to calm it down.... The horse was said to have been ""panicked"" by the recent arrival of a new foal. Horses are flight animals and are naturally inclined to flee danger, but they are also social animals and will often react to the presence of a companion or peer.
From ""Man helps calm panicked horse that wandered off a farm"" by John Kiesewetter, WCPO, Cincinnati.com, May 17, 2017. Photo by WCPO.com.
He and a neighbor managed to lure the horse toward them with a handful of grass, Sickinger said,","{""do_sample"": true, ""temperature"": 1.0, ""top_p"": 0.95, ""top_k"": 50, ""repetition_penalty"": 1.0, ""max_new_tokens"": 128}"
bytekgwV6,2.0,0,1318,84,84,"Wolf, 33, joined the Africa Mercy crew in March, taking a short leave from her job as a registered nurse ","Wolf, 33, joined the Africa Mercy crew in March, taking a short leave from her job as a registered nurse 10 months prior. She was trained in medical-surgical nursing and had experience in pediatric and emergency care before joining the ship.
As a Mercy Ship nurse, Wolf worked in the medical and dental departments, providing care to patients who would otherwise not have access to these services. She was also involved in training local healthcare workers and was a mentor to other nurses on the ship.
Wolf described her experience on the Africa Mercy as ""life-changing"" and said she learned more from her patients than they learned from her. She also appreciated the ship's mission to provide medical care to those in need and said it was an honor to be a part of it","10 months prior. She was trained in medical-surgical nursing and had experience in pediatric and emergency care before joining the ship.
As a Mercy Ship nurse, Wolf worked in the medical and dental departments, providing care to patients who would otherwise not have access to these services. She was also involved in training local healthcare workers and was a mentor to other nurses on the ship.
Wolf described her experience on the Africa Mercy as ""life-changing"" and said she learned more from her patients than they learned from her. She also appreciated the ship's mission to provide medical care to those in need and said it was an honor to be a part of it","{""do_sample"": true, ""temperature"": 1.0, ""top_p"": 0.95, ""top_k"": 50, ""repetition_penalty"": 1.0, ""max_new_tokens"": 128}"
bytekgwV6,2.0,0,1320,86,86,"A Chicago judge on Thursday dismissed a patent case between Apple and Motorola because, he said, neither side could adequately ","A Chicago judge on Thursday dismissed a patent case between Apple and Motorola because, he said, neither side could adequately  prove they owned the disputed technology.
The case, which has been ongoing for years, centered on a patent for a feature that allows mobile devices to switch between different cellular networks.
In his decision, Judge Richard Posner said that the dispute boiled down to a question of whether the technology was a distinct innovation that deserved patent protection. Ultimately, he found that neither side had made a strong enough case to establish ownership of the technology.
""This case has gotten more and more absurd as it's gone on,"" Posner said in court, according to CNET. ""I think both sides have made very poor cases, and I don't think anyone"," prove they owned the disputed technology.
The case, which has been ongoing for years, centered on a patent for a feature that allows mobile devices to switch between different cellular networks.
In his decision, Judge Richard Posner said that the dispute boiled down to a question of whether the technology was a distinct innovation that deserved patent protection. Ultimately, he found that neither side had made a strong enough case to establish ownership of the technology.
""This case has gotten more and more absurd as it's gone on,"" Posner said in court, according to CNET. ""I think both sides have made very poor cases, and I don't think anyone","{""do_sample"": true, ""temperature"": 1.0, ""top_p"": 0.95, ""top_k"": 50, ""repetition_penalty"": 1.0, ""max_new_tokens"": 128}"
bytekgwV6,2.0,0,1322,88,88,"Ford is building cars that ""talk"" with traffic lights, road signs and pedestrians. At CES 2019 in Las Vegas on ","Ford is building cars that ""talk"" with traffic lights, road signs and pedestrians. At CES 2019 in Las Vegas on 8 January, the automaker unveiled the new technology, which they're calling ""Smart Mobility"".
The tech uses a range of sensors, cameras, and communication protocols to interact with the surroundings. It helps to reduce congestion, improve safety, and enhance the overall driving experience.
When a car with the technology approaches an intersection, it can automatically communicate with the traffic light and receive real-time updates on the traffic flow. This allows it to adjust its speed and trajectory to optimize its journey.
Additionally, the car can communicate with other cars on the road to prevent potential collisions and improve traffic flow. The technology also includes features like pedestrian recognition, which allows","8 January, the automaker unveiled the new technology, which they're calling ""Smart Mobility"".
The tech uses a range of sensors, cameras, and communication protocols to interact with the surroundings. It helps to reduce congestion, improve safety, and enhance the overall driving experience.
When a car with the technology approaches an intersection, it can automatically communicate with the traffic light and receive real-time updates on the traffic flow. This allows it to adjust its speed and trajectory to optimize its journey.
Additionally, the car can communicate with other cars on the road to prevent potential collisions and improve traffic flow. The technology also includes features like pedestrian recognition, which allows","{""do_sample"": true, ""temperature"": 1.0, ""top_p"": 0.95, ""top_k"": 50, ""repetition_penalty"": 1.0, ""max_new_tokens"": 128}"
bytekgwV6,2.0,0,1324,90,90,"Things get a bit messy in a new brand campaign from Chobani. Centered on the tag ""Love This Life,"" its ","Things get a bit messy in a new brand campaign from Chobani. Centered on the tag ""Love This Life,"" its 30-second spot, called ""Breakfast with the World,"" features a multicultural cast of individuals from around the world enjoying their Chobani yogurt.
The idea is that while breakfast may be universal, the way we enjoy it can be a reflection of our personality, heritage and culture. As the individuals share a breakfast table with their loved ones, they let their guard down and get messy – with yogurt, fruit and granola – and connect on a deeper level.

""We believe that breakfast is a time to slow down, appreciate the little things and connect with the people around us,"" said Peter Gregorian, Chief Marketing and Culture Officer, Chob","30-second spot, called ""Breakfast with the World,"" features a multicultural cast of individuals from around the world enjoying their Chobani yogurt.
The idea is that while breakfast may be universal, the way we enjoy it can be a reflection of our personality, heritage and culture. As the individuals share a breakfast table with their loved ones, they let their guard down and get messy – with yogurt, fruit and granola – and connect on a deeper level.

""We believe that breakfast is a time to slow down, appreciate the little things and connect with the people around us,"" said Peter Gregorian, Chief Marketing and Culture Officer, Chob","{""do_sample"": true, ""temperature"": 1.0, ""top_p"": 0.95, ""top_k"": 50, ""repetition_penalty"": 1.0, ""max_new_tokens"": 128}"
bytekgwV6,2.0,0,1326,92,92,Trump's new immigration ad was panned as racist. Turns out it was also based on a falsehood. - Hartford Courant ,"Trump's new immigration ad was panned as racist. Turns out it was also based on a falsehood. - Hartford Courant 5 hours ago
Trump's new immigration ad was panned as racist. Turns out it was also based on a falsehood. By Manuel Roig-Franzia January 24, 2020 The Washington Post A new immigration...
Trump's new immigration ad was panned as racist. Turns out it was also based on a falsehood. 5 hours ago
Trump's new immigration ad was panned as racist. Turns out it was also based on a falsehood. By Manuel Roig-Franzia January 24, 2020 The Washington Post A new immigration advertisement...
Donald Trump's latest immigration ad was panned as racist. Now","5 hours ago
Trump's new immigration ad was panned as racist. Turns out it was also based on a falsehood. By Manuel Roig-Franzia January 24, 2020 The Washington Post A new immigration...
Trump's new immigration ad was panned as racist. Turns out it was also based on a falsehood. 5 hours ago
Trump's new immigration ad was panned as racist. Turns out it was also based on a falsehood. By Manuel Roig-Franzia January 24, 2020 The Washington Post A new immigration advertisement...
Donald Trump's latest immigration ad was panned as racist. Now","{""do_sample"": true, ""temperature"": 1.0, ""top_p"": 0.95, ""top_k"": 50, ""repetition_penalty"": 1.0, ""max_new_tokens"": 128}"
bytekgwV6,2.0,0,1328,94,94,• Engage with other SRA functions to support the evidence gathering and credible deterrence approach of the SRA. The role ,"• Engage with other SRA functions to support the evidence gathering and credible deterrence approach of the SRA. The role  will involve working closely with the SRA’s intelligence function, the specialist agencies, the Crown Prosecution Service (CPS) and other law enforcement agencies (LEAs).
• Support the SRA’s efforts to identify, disrupt and prosecute individuals and groups engaged in the illegal activity of money laundering and terrorist financing.
• Develop and maintain a deep understanding of the SRA's goals, objectives, and strategies to enable informed decision-making and effective collaboration.
• Build and maintain relationships with SRA stakeholders, including senior stakeholders, to identify potential risks and opportunities for the SRA and to facilitate effective information sharing.
• Develop, review and maintain records,"," will involve working closely with the SRA’s intelligence function, the specialist agencies, the Crown Prosecution Service (CPS) and other law enforcement agencies (LEAs).
• Support the SRA’s efforts to identify, disrupt and prosecute individuals and groups engaged in the illegal activity of money laundering and terrorist financing.
• Develop and maintain a deep understanding of the SRA's goals, objectives, and strategies to enable informed decision-making and effective collaboration.
• Build and maintain relationships with SRA stakeholders, including senior stakeholders, to identify potential risks and opportunities for the SRA and to facilitate effective information sharing.
• Develop, review and maintain records,","{""do_sample"": true, ""temperature"": 1.0, ""top_p"": 0.95, ""top_k"": 50, ""repetition_penalty"": 1.0, ""max_new_tokens"": 128}"
bytekgwV6,2.0,0,1330,96,96,"MidMichigan Health plans to restructure and re-align its work force in the coming months, and the changes could mean laying ","MidMichigan Health plans to restructure and re-align its work force in the coming months, and the changes could mean laying 45 to 50 people off.
The health system is seeking to create more efficient and cost-effective operations, and that has led to the need for restructuring, said Gary McManus, MidMichigan Health's senior vice president of operations.
""We are experiencing changes in the health care industry that require us to adapt and become more efficient,"" McManus said. ""We are positioning ourselves for success in the future, and this restructuring effort will help us achieve that goal.""
The affected employees will be notified by the end of the year, and the changes are expected to be completed by the end of March 2023, he said.
The health","45 to 50 people off.
The health system is seeking to create more efficient and cost-effective operations, and that has led to the need for restructuring, said Gary McManus, MidMichigan Health's senior vice president of operations.
""We are experiencing changes in the health care industry that require us to adapt and become more efficient,"" McManus said. ""We are positioning ourselves for success in the future, and this restructuring effort will help us achieve that goal.""
The affected employees will be notified by the end of the year, and the changes are expected to be completed by the end of March 2023, he said.
The health","{""do_sample"": true, ""temperature"": 1.0, ""top_p"": 0.95, ""top_k"": 50, ""repetition_penalty"": 1.0, ""max_new_tokens"": 128}"
bytekgwV6,2.0,0,1332,98,98,Tennessee farmers are cashing in on the local food movement. The federal government never measured just how much Tennessee farmers ,"Tennessee farmers are cashing in on the local food movement. The federal government never measured just how much Tennessee farmers 2018. The first farm-to-school grant was worth 50,000, but the grant applications in. A study conducted by.
Sep 12, 2018. In fact, a study by the International Food Policy Research Institute found that every dollar invested in local food systems generates an estimated.
The 2018 USDA report noted that the share of farms with annual sales above $100,000 increased. but many small and local farmers.
The USDA's Food and Agricultural Service (FAS) is also providing grant opportunities to support local and regional food systems. A new study by the.
This study, published in 2018,","2018. The first farm-to-school grant was worth 50,000, but the grant applications in. A study conducted by.
Sep 12, 2018. In fact, a study by the International Food Policy Research Institute found that every dollar invested in local food systems generates an estimated.
The 2018 USDA report noted that the share of farms with annual sales above $100,000 increased. but many small and local farmers.
The USDA's Food and Agricultural Service (FAS) is also providing grant opportunities to support local and regional food systems. A new study by the.
This study, published in 2018,","{""do_sample"": true, ""temperature"": 1.0, ""top_p"": 0.95, ""top_k"": 50, ""repetition_penalty"": 1.0, ""max_new_tokens"": 128}"
bytekgwV6,2.0,0,1334,100,100,Ozier Muhammad/The New York TimesReynaldo Rodriguez of the Care Coordination program counseled a patient with H.I.V. on how to adhere ,"Ozier Muhammad/The New York TimesReynaldo Rodriguez of the Care Coordination program counseled a patient with H.I.V. on how to adhere  …moreReynaldo Rodriguez of the Care Coordination program counseled a patient with H.I.V. on how to adhere to his treatment plan. less
Reynaldo Rodriguez of the Care Coordination program counseled a patient with H.I.V. on how to adhere to his treatment plan. less
SAN ANTONIO — When Reynaldo Rodriguez was assigned to work with patients with H.I.V., he realized that their biggest challenge wasn't the disease itself, but rather navigating the complexities of the health care system.

Many patients struggled to remember their medication schedules, follow-up appointments and lab tests, and communicate with medical"," …moreReynaldo Rodriguez of the Care Coordination program counseled a patient with H.I.V. on how to adhere to his treatment plan. less
Reynaldo Rodriguez of the Care Coordination program counseled a patient with H.I.V. on how to adhere to his treatment plan. less
SAN ANTONIO — When Reynaldo Rodriguez was assigned to work with patients with H.I.V., he realized that their biggest challenge wasn't the disease itself, but rather navigating the complexities of the health care system.

Many patients struggled to remember their medication schedules, follow-up appointments and lab tests, and communicate with medical","{""do_sample"": true, ""temperature"": 1.0, ""top_p"": 0.95, ""top_k"": 50, ""repetition_penalty"": 1.0, ""max_new_tokens"": 128}"
bytekgwV6,2.0,0,1336,102,102,"Talking to the press people here at the Heliport on Saturday, the National BJP leader, while stating the Naga issue ","Talking to the press people here at the Heliport on Saturday, the National BJP leader, while stating the Naga issue 1963 Agreement has been the basis of all peace talks between the Government of India and the NSCN (IM) so far, has expressed the hope that the final Agreement would be reached soon.
When asked about the current Status of the peace talk, he stated that the process of the talks was still on, and the negotiations were positive, but the parties were still working on certain issues and details.
He added that the Naga Issue was a matter of the heart for the Naga people and the Indian Government was committed to finding a lasting and honourable solution.
This reporter was unable to get much more from the National BJP leader who chose","1963 Agreement has been the basis of all peace talks between the Government of India and the NSCN (IM) so far, has expressed the hope that the final Agreement would be reached soon.
When asked about the current Status of the peace talk, he stated that the process of the talks was still on, and the negotiations were positive, but the parties were still working on certain issues and details.
He added that the Naga Issue was a matter of the heart for the Naga people and the Indian Government was committed to finding a lasting and honourable solution.
This reporter was unable to get much more from the National BJP leader who chose","{""do_sample"": true, ""temperature"": 1.0, ""top_p"": 0.95, ""top_k"": 50, ""repetition_penalty"": 1.0, ""max_new_tokens"": 128}"
bytekgwV6,2.0,0,1338,104,104,"Famously tight-lipped about her Scientology faith, The Handmaid’s Tale star Elisabeth Moss has opened up in a candid new interview. ","Famously tight-lipped about her Scientology faith, The Handmaid’s Tale star Elisabeth Moss has opened up in a candid new interview.  Speaking with The Hollywood Reporter, Moss discusses the challenges of playing Offred, her Oscar-nominated role in the Hulu series, and the ways in which she has learned from the character.  Most notably, Moss reveals the ways in which her own experiences as a woman have informed her portrayal of Offred, and the ways in which the character has helped her understand the world around her.  Here are some of the highlights: [more below] [more…]
What happens when an actress is confronted with the possibility of being erased by society?  Elisabeth Moss, star of the hit Hulu series The Handmaid"," Speaking with The Hollywood Reporter, Moss discusses the challenges of playing Offred, her Oscar-nominated role in the Hulu series, and the ways in which she has learned from the character.  Most notably, Moss reveals the ways in which her own experiences as a woman have informed her portrayal of Offred, and the ways in which the character has helped her understand the world around her.  Here are some of the highlights: [more below] [more…]
What happens when an actress is confronted with the possibility of being erased by society?  Elisabeth Moss, star of the hit Hulu series The Handmaid","{""do_sample"": true, ""temperature"": 1.0, ""top_p"": 0.95, ""top_k"": 50, ""repetition_penalty"": 1.0, ""max_new_tokens"": 128}"
bytekgwV6,2.0,0,1340,106,106,Madore received the package along with three crosses she had ordered in memory of her son Christopher Medina who died ,"Madore received the package along with three crosses she had ordered in memory of her son Christopher Medina who died 14 years ago in a motorcycle accident.
She opened it to find a small bag with a note and a medal inside. The note read: ""To the mother, I heard about your loss and I wanted to let you know I'm here for you.""
Madore was moved to tears by the gesture and felt a sense of relief knowing that her son was not forgotten. She then decided to create the ""Cross for the Lost"" program, which delivers the small metal crosses to families who have lost a loved one. Madore said that the crosses serve as a reminder that their loved one's memory lives on and are not forgotten.
Madore","14 years ago in a motorcycle accident.
She opened it to find a small bag with a note and a medal inside. The note read: ""To the mother, I heard about your loss and I wanted to let you know I'm here for you.""
Madore was moved to tears by the gesture and felt a sense of relief knowing that her son was not forgotten. She then decided to create the ""Cross for the Lost"" program, which delivers the small metal crosses to families who have lost a loved one. Madore said that the crosses serve as a reminder that their loved one's memory lives on and are not forgotten.
Madore","{""do_sample"": true, ""temperature"": 1.0, ""top_p"": 0.95, ""top_k"": 50, ""repetition_penalty"": 1.0, ""max_new_tokens"": 128}"
bytekgwV6,2.0,0,1342,108,108,"France is in a difficult position. It has not had a sufficient spur to reform, despite the platitudes by both ","France is in a difficult position. It has not had a sufficient spur to reform, despite the platitudes by both 54-year-old President Emmanuel Macron and his predecessors about the need for change.
A nation that was once a beacon of innovation and progress has become sluggish and bureaucratic, with one of the highest corporate tax rates in Europe and a labor code that has made hiring and firing workers difficult.
The country's pension system is on the brink of collapse, and its healthcare system is understaffed. France's economy has been stagnant, and the cost of living is increasing faster than the standard of living.
The French have a low opinion of the economy, and it has affected their trust in the government. In a recent survey, only 26% of the","54-year-old President Emmanuel Macron and his predecessors about the need for change.
A nation that was once a beacon of innovation and progress has become sluggish and bureaucratic, with one of the highest corporate tax rates in Europe and a labor code that has made hiring and firing workers difficult.
The country's pension system is on the brink of collapse, and its healthcare system is understaffed. France's economy has been stagnant, and the cost of living is increasing faster than the standard of living.
The French have a low opinion of the economy, and it has affected their trust in the government. In a recent survey, only 26% of the","{""do_sample"": true, ""temperature"": 1.0, ""top_p"": 0.95, ""top_k"": 50, ""repetition_penalty"": 1.0, ""max_new_tokens"": 128}"
bytekgwV6,2.0,0,1344,110,110,"Nelson Mandela statue in Westminster, London. ""Comrade Mandela's release was achieved through our struggles that had pushed the apartheid regime ","Nelson Mandela statue in Westminster, London. ""Comrade Mandela's release was achieved through our struggles that had pushed the apartheid regime 10 years later, we would have achieved a democratic, non-racial and non-sexist South Africa."" Image: AP/Nick Ansell
As the world continues to remember Nelson Mandela, the first black president of South Africa and anti-apartheid icon, his legacy remains a beacon of hope and freedom.
Mandela's life was a testament to the power of resilience, forgiveness, and the struggle for human rights. He was born in 1918 in a small village in the Transkei region of South Africa, during a time when the country was still plagued by apartheid, a system of racial segregation and oppression.
After studying","10 years later, we would have achieved a democratic, non-racial and non-sexist South Africa."" Image: AP/Nick Ansell
As the world continues to remember Nelson Mandela, the first black president of South Africa and anti-apartheid icon, his legacy remains a beacon of hope and freedom.
Mandela's life was a testament to the power of resilience, forgiveness, and the struggle for human rights. He was born in 1918 in a small village in the Transkei region of South Africa, during a time when the country was still plagued by apartheid, a system of racial segregation and oppression.
After studying","{""do_sample"": true, ""temperature"": 1.0, ""top_p"": 0.95, ""top_k"": 50, ""repetition_penalty"": 1.0, ""max_new_tokens"": 128}"
bytekgwV6,2.0,0,1346,112,112,"Back in 1982, the Endangered Species Act took the ocelot under its protection. The ocelot is a vulnerable creature, susceptible ","Back in 1982, the Endangered Species Act took the ocelot under its protection. The ocelot is a vulnerable creature, susceptible  to various human activities and natural threats. Yet, there have been sightings and reports of ocelots in the wild, which is a testament to conservation efforts.
Now, researchers are working to track the movements and behavior of these elusive creatures. A team from the University of Central Florida recently published a study on the movements of ocelots in South Florida.
Ocelots roam freely across the southeastern United States, specifically in the coastal areas of Florida and Louisiana. Despite their presence, it is challenging to track and study these elusive creatures due to their nocturnal nature and vast territories.

Researchers used a combination of camera traps, GPS collars"," to various human activities and natural threats. Yet, there have been sightings and reports of ocelots in the wild, which is a testament to conservation efforts.
Now, researchers are working to track the movements and behavior of these elusive creatures. A team from the University of Central Florida recently published a study on the movements of ocelots in South Florida.
Ocelots roam freely across the southeastern United States, specifically in the coastal areas of Florida and Louisiana. Despite their presence, it is challenging to track and study these elusive creatures due to their nocturnal nature and vast territories.

Researchers used a combination of camera traps, GPS collars","{""do_sample"": true, ""temperature"": 1.0, ""top_p"": 0.95, ""top_k"": 50, ""repetition_penalty"": 1.0, ""max_new_tokens"": 128}"
bytekgwV6,2.0,0,1348,114,114,"Assembly Minority Leader Pat Hickey, R-Reno, will have a GOP primary election opponent in 2014. Richard Fineberg, a retired lawyer ","Assembly Minority Leader Pat Hickey, R-Reno, will have a GOP primary election opponent in 2014. Richard Fineberg, a retired lawyer  and former chairman of the Washoe County Republican Party, has announced his candidacy for the 41st Assembly District seat.
Fineberg, 64, has been involved in Republican politics for years and served on the Washoe County Commission from 2006 to 2010. He also was the chairman of the Washoe County GOP from 2004 to 2006 and has been active in local civic organizations.
""I think it's time for some fresh ideas and a new perspective in the Assembly,"" Fineberg said in a statement. ""As a retired lawyer and former county commissioner, I've had the opportunity to understand the issues facing"," and former chairman of the Washoe County Republican Party, has announced his candidacy for the 41st Assembly District seat.
Fineberg, 64, has been involved in Republican politics for years and served on the Washoe County Commission from 2006 to 2010. He also was the chairman of the Washoe County GOP from 2004 to 2006 and has been active in local civic organizations.
""I think it's time for some fresh ideas and a new perspective in the Assembly,"" Fineberg said in a statement. ""As a retired lawyer and former county commissioner, I've had the opportunity to understand the issues facing","{""do_sample"": true, ""temperature"": 1.0, ""top_p"": 0.95, ""top_k"": 50, ""repetition_penalty"": 1.0, ""max_new_tokens"": 128}"
bytekgwV6,2.0,0,1350,116,116,"Friday Night Live: Hilarious Improv Comedy featuring live music from pianist Keith Munslow! Get beside yourself with FNL’s interactive scenes, ","Friday Night Live: Hilarious Improv Comedy featuring live music from pianist Keith Munslow! Get beside yourself with FNL’s interactive scenes, 4th wall-breaking shenanigans and your own suggestions. We are a proud participant in the Austin Improv Community. Check out this link to get your tickets: https://www.facebook.com/events/2343421112341114/ See you there!
FRIDAY NIGHT LIVE, a hilarious improv comedy show, is back at the State Theater in Downtown Austin. Our performers use a combination of suggestion and improv to create entirely new scenes and stories on the spot. Every show is a unique experience, so be prepared for the unexpected!

Keith Munslow is the pianist for the evening! His dynamic and energetic music adds a layer of joy","4th wall-breaking shenanigans and your own suggestions. We are a proud participant in the Austin Improv Community. Check out this link to get your tickets: https://www.facebook.com/events/2343421112341114/ See you there!
FRIDAY NIGHT LIVE, a hilarious improv comedy show, is back at the State Theater in Downtown Austin. Our performers use a combination of suggestion and improv to create entirely new scenes and stories on the spot. Every show is a unique experience, so be prepared for the unexpected!

Keith Munslow is the pianist for the evening! His dynamic and energetic music adds a layer of joy","{""do_sample"": true, ""temperature"": 1.0, ""top_p"": 0.95, ""top_k"": 50, ""repetition_penalty"": 1.0, ""max_new_tokens"": 128}"
bytekgwV6,2.0,0,1352,118,118,Do Twinkle and mum Dimple share a wardrobe? The star wife was missing for a greater part of the year ,"Do Twinkle and mum Dimple share a wardrobe? The star wife was missing for a greater part of the year 2020, and her absence was widely noticed. Twinkle Khanna's mom, Dimple Kapadia, has had a remarkable career spanning over four decades, with some iconic movies like 'Kaamchor', 'Zabardast', and 'Raja Rani'.
In a recent interview, Twinkle revealed the reason for Dimple's absence from the limelight for a while. She said that Dimple had been going through some health issues and had taken a break from the industry. Twinkle shared that she had taken over Dimple's wardrobe and had even used some of her own dresses, stating that Dimple wouldn't mind","2020, and her absence was widely noticed. Twinkle Khanna's mom, Dimple Kapadia, has had a remarkable career spanning over four decades, with some iconic movies like 'Kaamchor', 'Zabardast', and 'Raja Rani'.
In a recent interview, Twinkle revealed the reason for Dimple's absence from the limelight for a while. She said that Dimple had been going through some health issues and had taken a break from the industry. Twinkle shared that she had taken over Dimple's wardrobe and had even used some of her own dresses, stating that Dimple wouldn't mind","{""do_sample"": true, ""temperature"": 1.0, ""top_p"": 0.95, ""top_k"": 50, ""repetition_penalty"": 1.0, ""max_new_tokens"": 128}"
bytekgwV6,2.0,0,1354,120,120,the World Challenge a year ago. He won at Hilton Head on the U.S. Championships in Doral and Shanghai. the ,"the World Challenge a year ago. He won at Hilton Head on the U.S. Championships in Doral and Shanghai. the 2018 Masters to have a more modest goal for the 2019 Masters, the first time he has ever held the number one ranking for longer. The Masters.
the Masters. at the moment. 19th, which is the second longest active streak on the PGA Tour behind only his good pal Rory McIlroy, the 24-year-old Spaniard led the Masters by two shots before his second-round 77, a seven-time major winner and one of the most successful players of his generation. he will probably lose the No. 1 ranking to Brooks Koepka, the year, the Masters, the British Open and the","2018 Masters to have a more modest goal for the 2019 Masters, the first time he has ever held the number one ranking for longer. The Masters.
the Masters. at the moment. 19th, which is the second longest active streak on the PGA Tour behind only his good pal Rory McIlroy, the 24-year-old Spaniard led the Masters by two shots before his second-round 77, a seven-time major winner and one of the most successful players of his generation. he will probably lose the No. 1 ranking to Brooks Koepka, the year, the Masters, the British Open and the","{""do_sample"": true, ""temperature"": 1.0, ""top_p"": 0.95, ""top_k"": 50, ""repetition_penalty"": 1.0, ""max_new_tokens"": 128}"
bytekgwV6,2.0,0,1356,122,122,2 bedroom home with extra room for office or 3rd bedroom. Kitchen features Oak cabinets. Home features wood flooring in ,"2 bedroom home with extra room for office or 3rd bedroom. Kitchen features Oak cabinets. Home features wood flooring in 2 bedrooms and office, tile flooring in kitchen and bathrooms. Master bedroom has large walk-in closet. Master bathroom features separate shower and tub. Fenced backyard with patio and shed. Roof was replaced in 2017 and gutters were replaced in 2018. Home has been well maintained and is ready for move in. Priced to sell! Schedule a showing today!
Listing information is provided exclusively for consumers' personal, non-commercial use and may not be used for any purpose other than to identify prospective properties consumers may be interested in purchasing or selling. Information deemed reliable but not guaranteed. Contact Us Today! (252) 746","2 bedrooms and office, tile flooring in kitchen and bathrooms. Master bedroom has large walk-in closet. Master bathroom features separate shower and tub. Fenced backyard with patio and shed. Roof was replaced in 2017 and gutters were replaced in 2018. Home has been well maintained and is ready for move in. Priced to sell! Schedule a showing today!
Listing information is provided exclusively for consumers' personal, non-commercial use and may not be used for any purpose other than to identify prospective properties consumers may be interested in purchasing or selling. Information deemed reliable but not guaranteed. Contact Us Today! (252) 746","{""do_sample"": true, ""temperature"": 1.0, ""top_p"": 0.95, ""top_k"": 50, ""repetition_penalty"": 1.0, ""max_new_tokens"": 128}"
bytekgwV6,2.0,0,1358,124,124,"Following her acceptance into iPOP! after try-outs in Fort Walton Beach, Michelle Bryant is talking positively about her fast-approaching opportunity. ","Following her acceptance into iPOP! after try-outs in Fort Walton Beach, Michelle Bryant is talking positively about her fast-approaching opportunity. 12-year-old Michelle is one of the few chosen for the exclusive program, which is designed to help young talent hone their acting and singing skills.
Michelle was thrilled to hear the news of her acceptance into iPOP!, as it represents a major milestone in her journey to become a successful performer. She believes this experience will be invaluable for her growth and development as a young actress and singer.
iPOP! is known for providing a nurturing environment that encourages emerging talent to flourish. Michelle is excited to have the chance to work with industry professionals who will help her refine her craft and achieve her full potential. She is grateful for the opportunity to learn from","12-year-old Michelle is one of the few chosen for the exclusive program, which is designed to help young talent hone their acting and singing skills.
Michelle was thrilled to hear the news of her acceptance into iPOP!, as it represents a major milestone in her journey to become a successful performer. She believes this experience will be invaluable for her growth and development as a young actress and singer.
iPOP! is known for providing a nurturing environment that encourages emerging talent to flourish. Michelle is excited to have the chance to work with industry professionals who will help her refine her craft and achieve her full potential. She is grateful for the opportunity to learn from","{""do_sample"": true, ""temperature"": 1.0, ""top_p"": 0.95, ""top_k"": 50, ""repetition_penalty"": 1.0, ""max_new_tokens"": 128}"
bytekgwV6,2.0,0,1360,126,126,"In the past 11 months, Mauti has had to rely on his words unlike any other time in his life. ","In the past 11 months, Mauti has had to rely on his words unlike any other time in his life. 2010 was a nightmare for him.
The year began with a promising junior season, only to take a devastating turn when the linebacker suffered a broken collarbone and was forced to sit out several games. He tried to come back, but it was too much for him and he eventually had to undergo surgery.
But Mauti was not going to let his injury define him. He used his offseason to work harder than ever before, determined to make a comeback and prove that he was more than just a talented player.
And make a comeback he did.
Mauti started the 2011 season on the Penn State bench, but a series","2010 was a nightmare for him.
The year began with a promising junior season, only to take a devastating turn when the linebacker suffered a broken collarbone and was forced to sit out several games. He tried to come back, but it was too much for him and he eventually had to undergo surgery.
But Mauti was not going to let his injury define him. He used his offseason to work harder than ever before, determined to make a comeback and prove that he was more than just a talented player.
And make a comeback he did.
Mauti started the 2011 season on the Penn State bench, but a series","{""do_sample"": true, ""temperature"": 1.0, ""top_p"": 0.95, ""top_k"": 50, ""repetition_penalty"": 1.0, ""max_new_tokens"": 128}"
bytekgwV6,2.0,0,1362,128,128,The FINANCIAL (AD) -- ProCredit Bank has donated a unique ex libris collection to the National Centre of Manuscripts. This ,"The FINANCIAL (AD) -- ProCredit Bank has donated a unique ex libris collection to the National Centre of Manuscripts. This 400-volume book collection includes works on various subjects from the 16th to the 19th centuries, and it's considered a rare and valuable cultural heritage for the country.
The ex libris collection is part of the historical and cultural assets of the former Soviet Union and is made up of rare and valuable publications that were once owned by famous bibliophiles, intellectuals and historians. The collection includes works by famous authors such as Charles Dickens, Jane Austen, Leo Tolstoy, Fyodor Dostoevsky, and others.
The books were donated to the National Centre of Manuscripts by ProCredit Bank, as part of the","400-volume book collection includes works on various subjects from the 16th to the 19th centuries, and it's considered a rare and valuable cultural heritage for the country.
The ex libris collection is part of the historical and cultural assets of the former Soviet Union and is made up of rare and valuable publications that were once owned by famous bibliophiles, intellectuals and historians. The collection includes works by famous authors such as Charles Dickens, Jane Austen, Leo Tolstoy, Fyodor Dostoevsky, and others.
The books were donated to the National Centre of Manuscripts by ProCredit Bank, as part of the","{""do_sample"": true, ""temperature"": 1.0, ""top_p"": 0.95, ""top_k"": 50, ""repetition_penalty"": 1.0, ""max_new_tokens"": 128}"
bytekgwV6,2.0,0,1364,130,130,These two healthcare REITs are trading for dirt-cheap valuations despite high dividends and a solid history of growth. Investing in ,"These two healthcare REITs are trading for dirt-cheap valuations despite high dividends and a solid history of growth. Investing in 2022 is all about patience, so consider giving these two companies a look.
The healthcare real estate investment trust (REIT) sector has faced significant headwinds in 2022, with many REITs trading at depressed levels. Two healthcare REITs that have caught my attention are Welltower Inc. ( WELL ) and Ventas Inc. ( VTR ) due to their impressive history of growth, high dividends, and bargain-basement valuations.
Let's take a closer look at each stock and why they might be attractive investments for patient investors.
Welltower Inc. (WELL)
Welltower is one of the","2022 is all about patience, so consider giving these two companies a look.
The healthcare real estate investment trust (REIT) sector has faced significant headwinds in 2022, with many REITs trading at depressed levels. Two healthcare REITs that have caught my attention are Welltower Inc. ( WELL ) and Ventas Inc. ( VTR ) due to their impressive history of growth, high dividends, and bargain-basement valuations.
Let's take a closer look at each stock and why they might be attractive investments for patient investors.
Welltower Inc. (WELL)
Welltower is one of the","{""do_sample"": true, ""temperature"": 1.0, ""top_p"": 0.95, ""top_k"": 50, ""repetition_penalty"": 1.0, ""max_new_tokens"": 128}"
bytekgwV6,2.0,0,1366,132,132,Young Lions skipper Brad Galvin isn’t afraid of taking his side’s ‘scrappy’ style of play into Sunday’s semi final clash ,"Young Lions skipper Brad Galvin isn’t afraid of taking his side’s ‘scrappy’ style of play into Sunday’s semi final clash  with Nadi.
Galvin praised the team for their never-say-die attitude after beating Suva 2-1 in the quarter-finals and said they were more than capable of pulling off an upset against the defending champions.
“Yeah, we know Nadi are the favourites and they have a lot of experience but we’re not going in there to be intimidated,” Galvin said.
“We know we can play with them and we know we can get the job done. We’ve been working hard on our set pieces and our counter attacks, so I think we can cause them some problems.”
Galvin said the Young Lions would"," with Nadi.
Galvin praised the team for their never-say-die attitude after beating Suva 2-1 in the quarter-finals and said they were more than capable of pulling off an upset against the defending champions.
“Yeah, we know Nadi are the favourites and they have a lot of experience but we’re not going in there to be intimidated,” Galvin said.
“We know we can play with them and we know we can get the job done. We’ve been working hard on our set pieces and our counter attacks, so I think we can cause them some problems.”
Galvin said the Young Lions would","{""do_sample"": true, ""temperature"": 1.0, ""top_p"": 0.95, ""top_k"": 50, ""repetition_penalty"": 1.0, ""max_new_tokens"": 128}"
bytekgwV6,2.0,0,1368,134,134,"For a career that once seemed so good on paper, the crisis in teacher recruitment is now hardly ever out ","For a career that once seemed so good on paper, the crisis in teacher recruitment is now hardly ever out 0f the headlines.
In 2015, the UK government promised an extra £1 billion for teachers' pay, £150 million for teacher training, and 13,500 new teachers. But the crisis has only worsened.
In 2018, a whopping 45% of new teachers reported feeling ""unprepared"" for the demands of the job. Now, as pupil numbers rise, more schools are being forced to cut subjects, and some staff have been made redundant.
To put this into context, when I was a teacher, we used to laugh about how hard it was to get a job in the first place! Now","0f the headlines.
In 2015, the UK government promised an extra £1 billion for teachers' pay, £150 million for teacher training, and 13,500 new teachers. But the crisis has only worsened.
In 2018, a whopping 45% of new teachers reported feeling ""unprepared"" for the demands of the job. Now, as pupil numbers rise, more schools are being forced to cut subjects, and some staff have been made redundant.
To put this into context, when I was a teacher, we used to laugh about how hard it was to get a job in the first place! Now","{""do_sample"": true, ""temperature"": 1.0, ""top_p"": 0.95, ""top_k"": 50, ""repetition_penalty"": 1.0, ""max_new_tokens"": 128}"
bytekgwV6,2.0,0,1370,136,136,councilors at the USC Annenberg School for Communication. Arkansas governor and congressman who joined the board in 2006. renewed attention ,"councilors at the USC Annenberg School for Communication. Arkansas governor and congressman who joined the board in 2006. renewed attention 3+ years after its initial public release. The latest release has been met with controversy, particularly regarding its potential privacy implications. The public release of the dataset came through a partnership between Facebook, which owns the rights to the platform, and the University of California, Los Angeles (UCLA) and the University of California, Berkeley (UC Berkeley) Data Science Research Program.
Facebook's original intent was to create a dataset for training AI models, and initially released the dataset in 2017 under the Attribution-NonCommercial 3.0 United States (CC BY-NC 3.0 US) license. The license allows for non-commercial","3+ years after its initial public release. The latest release has been met with controversy, particularly regarding its potential privacy implications. The public release of the dataset came through a partnership between Facebook, which owns the rights to the platform, and the University of California, Los Angeles (UCLA) and the University of California, Berkeley (UC Berkeley) Data Science Research Program.
Facebook's original intent was to create a dataset for training AI models, and initially released the dataset in 2017 under the Attribution-NonCommercial 3.0 United States (CC BY-NC 3.0 US) license. The license allows for non-commercial","{""do_sample"": true, ""temperature"": 1.0, ""top_p"": 0.95, ""top_k"": 50, ""repetition_penalty"": 1.0, ""max_new_tokens"": 128}"
bytekgwV6,2.0,0,1372,138,138,The Las Vegas real estate market got a small reprieve in February; with sales volume at a four-year high for ,"The Las Vegas real estate market got a small reprieve in February; with sales volume at a four-year high for 2023. The median sale price for the Las Vegas Valley dropped 4% compared to the same period last year, according to the Greater Las Vegas Association of Realtors.
February sales volume reached 2,664, a 12% increase over the same period in 2022 and a 10% increase from January. The median sale price in February was $340,000, down from $353,000 last year.
Although the market has been sluggish, some experts say the increase in sales volume could be attributed to the increase in listings. The number of available homes for sale increased 14% from the same period last year","2023. The median sale price for the Las Vegas Valley dropped 4% compared to the same period last year, according to the Greater Las Vegas Association of Realtors.
February sales volume reached 2,664, a 12% increase over the same period in 2022 and a 10% increase from January. The median sale price in February was $340,000, down from $353,000 last year.
Although the market has been sluggish, some experts say the increase in sales volume could be attributed to the increase in listings. The number of available homes for sale increased 14% from the same period last year","{""do_sample"": true, ""temperature"": 1.0, ""top_p"": 0.95, ""top_k"": 50, ""repetition_penalty"": 1.0, ""max_new_tokens"": 128}"
bytekgwV6,2.0,0,1374,140,140,Rafael Nadal became the first man to win eight titles at the same Grand Slam tournament after beating fellow Spaniard ,"Rafael Nadal became the first man to win eight titles at the same Grand Slam tournament after beating fellow Spaniard 12th seed David Ferrer 4-6, 7-5, 6-3, 6-2 in a thrilling French Open final.
Nadal claimed his 11th Grand Slam title overall and lifted the Coupe des Mousquetaires for the eighth time, surpassing his own record set last year. The 24-year-old Spaniard is now just behind the all-time record of 12 French Open titles held by French greats Henri Cochet and Billie Jean King.
Ferrer, 29, was bidding for his first Grand Slam title, but struggled with his serve and was unable to put pressure","12th seed David Ferrer 4-6, 7-5, 6-3, 6-2 in a thrilling French Open final.
Nadal claimed his 11th Grand Slam title overall and lifted the Coupe des Mousquetaires for the eighth time, surpassing his own record set last year. The 24-year-old Spaniard is now just behind the all-time record of 12 French Open titles held by French greats Henri Cochet and Billie Jean King.
Ferrer, 29, was bidding for his first Grand Slam title, but struggled with his serve and was unable to put pressure","{""do_sample"": true, ""temperature"": 1.0, ""top_p"": 0.95, ""top_k"": 50, ""repetition_penalty"": 1.0, ""max_new_tokens"": 128}"
bytekgwV6,2.0,0,1376,142,142,"No longer limited to calling other Jaxtr users, the service is taking cue from Skype for its revenue strategy. Jaxtr, ","No longer limited to calling other Jaxtr users, the service is taking cue from Skype for its revenue strategy. Jaxtr, 24sevenMedia's mobile VoIP service, has added the ability to call any phone, including landlines and mobile phones, for a small premium over the standard mobile rates.
With this update, Jaxtr will be charging users $.02 per minute for calls to other Jaxtr members, $.07 per minute for calls to other mobile phones, and $.15 per minute for calls to landlines within the U.S. International rates will vary. The service is currently available only in the United States.
Jaxtr is now competing directly with Skype, which offers similar functionality for a flat monthly fee. But Jaxtr's new business","24sevenMedia's mobile VoIP service, has added the ability to call any phone, including landlines and mobile phones, for a small premium over the standard mobile rates.
With this update, Jaxtr will be charging users $.02 per minute for calls to other Jaxtr members, $.07 per minute for calls to other mobile phones, and $.15 per minute for calls to landlines within the U.S. International rates will vary. The service is currently available only in the United States.
Jaxtr is now competing directly with Skype, which offers similar functionality for a flat monthly fee. But Jaxtr's new business","{""do_sample"": true, ""temperature"": 1.0, ""top_p"": 0.95, ""top_k"": 50, ""repetition_penalty"": 1.0, ""max_new_tokens"": 128}"
bytekgwV6,2.0,0,1378,144,144,A three member bench of the Supreme Court has adjourned the hearing of Orange Line Metro Train case till Friday. ,"A three member bench of the Supreme Court has adjourned the hearing of Orange Line Metro Train case till Friday.  Justice Sheikh Azmat Saeed, Justice Mansoor Ali Shah and Justice Amir Farooq heard the case and expressed their reservations over the construction work of Orange Line Metro Train project.
During the hearing, the Chief Justice of Pakistan Justice Asif Saeed Khosa took notice of the case and summoned the Attorney General for Pakistan to appear before the court.  Justice Sheikh Azmat Saeed observed that the project was awarded to the lowest bidder, which was a matter of concern.  Justice Mansoor Ali Shah questioned the transparency of the bidding process and asked how the lowest bidder was awarded the project.
The hearing was"," Justice Sheikh Azmat Saeed, Justice Mansoor Ali Shah and Justice Amir Farooq heard the case and expressed their reservations over the construction work of Orange Line Metro Train project.
During the hearing, the Chief Justice of Pakistan Justice Asif Saeed Khosa took notice of the case and summoned the Attorney General for Pakistan to appear before the court.  Justice Sheikh Azmat Saeed observed that the project was awarded to the lowest bidder, which was a matter of concern.  Justice Mansoor Ali Shah questioned the transparency of the bidding process and asked how the lowest bidder was awarded the project.
The hearing was","{""do_sample"": true, ""temperature"": 1.0, ""top_p"": 0.95, ""top_k"": 50, ""repetition_penalty"": 1.0, ""max_new_tokens"": 128}"
bytekgwV6,2.0,0,1380,146,146,"A primary school caretaker has been found guilty of attacking a group of teenagers. Karl Lucas, 27, of Manor Fields, ","A primary school caretaker has been found guilty of attacking a group of teenagers. Karl Lucas, 27, of Manor Fields, 35, was convicted of assault and affray after the incident, which occurred in July 2003.
A jury at Wolverhampton Crown Court took four hours to reach the verdict.
The court heard that the five teenagers were playing football in a park near Lucas's workplace when he confronted them after 7pm.
Lucas, who was wearing his school uniform, shouted and swore at the group before chasing them, kicking and punching them.
One of the boys, then 15, was left with a broken wrist and bruising.
The court was told that Lucas had a history of violence, including an earlier conviction for affray.
Luc","35, was convicted of assault and affray after the incident, which occurred in July 2003.
A jury at Wolverhampton Crown Court took four hours to reach the verdict.
The court heard that the five teenagers were playing football in a park near Lucas's workplace when he confronted them after 7pm.
Lucas, who was wearing his school uniform, shouted and swore at the group before chasing them, kicking and punching them.
One of the boys, then 15, was left with a broken wrist and bruising.
The court was told that Lucas had a history of violence, including an earlier conviction for affray.
Luc","{""do_sample"": true, ""temperature"": 1.0, ""top_p"": 0.95, ""top_k"": 50, ""repetition_penalty"": 1.0, ""max_new_tokens"": 128}"
bytekgwV6,2.0,0,1382,148,148,"It's not always easy to keep mentally focused during running. Focus requires discipline and a certain level of mental toughness, ","It's not always easy to keep mentally focused during running. Focus requires discipline and a certain level of mental toughness, 1. The goal of this mental technique is to distract the mind from pain, boredom, and other distractions and maintain attention on the task at hand, 2. In this article, we'll share some effective techniques for maintaining mental focus while running.
1. Goal Setting:
Goal setting can help keep you mentally focused by giving you something to work towards. This can be a specific distance, a certain pace, or a goal time. Knowing what you're working towards can help maintain your motivation and focus. Write down your goals before your run to help commit them to memory and visualize your success.
2. Positive Self-Talk:
Positive self","1. The goal of this mental technique is to distract the mind from pain, boredom, and other distractions and maintain attention on the task at hand, 2. In this article, we'll share some effective techniques for maintaining mental focus while running.
1. Goal Setting:
Goal setting can help keep you mentally focused by giving you something to work towards. This can be a specific distance, a certain pace, or a goal time. Knowing what you're working towards can help maintain your motivation and focus. Write down your goals before your run to help commit them to memory and visualize your success.
2. Positive Self-Talk:
Positive self","{""do_sample"": true, ""temperature"": 1.0, ""top_p"": 0.95, ""top_k"": 50, ""repetition_penalty"": 1.0, ""max_new_tokens"": 128}"
bytekgwV6,2.0,0,1384,150,150,"Amazingly, half of all Americans say they don’t care about government surveillance — and during a random sampling of people ","Amazingly, half of all Americans say they don’t care about government surveillance — and during a random sampling of people 25 and older, 44% said they have no problem with the NSA collecting phone and internet records. Just 45% of Americans believe the NSA’s spying is a threat to their privacy, and 25% think it’s a good thing that the government is collecting information.
Another poll conducted by the Economist/YouGov asked 1,000 people which of the following statements was more important:
“Protecting the country from terrorism” (67%)
“Protecting individual privacy and civil liberties” (31%)
Of course, this should be of no surprise given the apathy and lack of knowledge many Americans have about government surveillance. In","25 and older, 44% said they have no problem with the NSA collecting phone and internet records. Just 45% of Americans believe the NSA’s spying is a threat to their privacy, and 25% think it’s a good thing that the government is collecting information.
Another poll conducted by the Economist/YouGov asked 1,000 people which of the following statements was more important:
“Protecting the country from terrorism” (67%)
“Protecting individual privacy and civil liberties” (31%)
Of course, this should be of no surprise given the apathy and lack of knowledge many Americans have about government surveillance. In","{""do_sample"": true, ""temperature"": 1.0, ""top_p"": 0.95, ""top_k"": 50, ""repetition_penalty"": 1.0, ""max_new_tokens"": 128}"
bytekgwV6,2.0,0,1386,152,152,"Ubuntu 10.04 LTS Lucid Lynx is the latest Linux operating system from Canonical, aimed at consumers. It's free, but is ","Ubuntu 10.04 LTS Lucid Lynx is the latest Linux operating system from Canonical, aimed at consumers. It's free, but is 10.04 worth installing?
Linux has come a long way in recent years, and Ubuntu, a popular open-source operating system, is no exception. Ubuntu 10.04 LTS Lucid Lynx, released in May 2010, is the latest version of the OS and is designed specifically for consumers.
In this review, we'll explore the features and performance of Ubuntu 10.04 LTS Lucid Lynx to help you decide if it's worth installing on your computer.

**Ease of Use**

Ubuntu 10.04 LTS Lucid Lynx is known for its user-friendly interface, making it an ideal choice for beginners.","10.04 worth installing?
Linux has come a long way in recent years, and Ubuntu, a popular open-source operating system, is no exception. Ubuntu 10.04 LTS Lucid Lynx, released in May 2010, is the latest version of the OS and is designed specifically for consumers.
In this review, we'll explore the features and performance of Ubuntu 10.04 LTS Lucid Lynx to help you decide if it's worth installing on your computer.

**Ease of Use**

Ubuntu 10.04 LTS Lucid Lynx is known for its user-friendly interface, making it an ideal choice for beginners.","{""do_sample"": true, ""temperature"": 1.0, ""top_p"": 0.95, ""top_k"": 50, ""repetition_penalty"": 1.0, ""max_new_tokens"": 128}"
bytekgwV6,2.0,0,1388,154,154,"New York’s bike share really does attract way more commuters than tourists. Since its debut last year, New York City’s ","New York’s bike share really does attract way more commuters than tourists. Since its debut last year, New York City’s 24,000-strong bike-share fleet has racked up millions of trips, with the majority going from home to work and back again. In fact, the bike-share program has been so popular that it has changed the way many New Yorkers get around.
A new study published in the Journal of Urban Economics looked at the data from the first year of the bike-share program, which launched in May 2013. The researchers found that 70% of trips were work-related, with the majority occurring between Monday and Friday, between 7 and 9 am, and between 4 and 6 pm.
Tourist trips, on the other hand","24,000-strong bike-share fleet has racked up millions of trips, with the majority going from home to work and back again. In fact, the bike-share program has been so popular that it has changed the way many New Yorkers get around.
A new study published in the Journal of Urban Economics looked at the data from the first year of the bike-share program, which launched in May 2013. The researchers found that 70% of trips were work-related, with the majority occurring between Monday and Friday, between 7 and 9 am, and between 4 and 6 pm.
Tourist trips, on the other hand","{""do_sample"": true, ""temperature"": 1.0, ""top_p"": 0.95, ""top_k"": 50, ""repetition_penalty"": 1.0, ""max_new_tokens"": 128}"
bytekgwV6,2.0,0,1390,156,156,"On Jan. 15, nine of 12 members of the National Park System Advisory Board sent a letter to Interior Secretary ","On Jan. 15, nine of 12 members of the National Park System Advisory Board sent a letter to Interior Secretary  Zinke, urging him to reconsider the plan to shrink several national monuments, including Bears Ears and Grand Staircase-Escalante in Utah.
The board, which is made up of experts in the fields of conservation, science, and recreation, expressed concerns that the reduction of the monuments would harm the natural and cultural resources they protect. They argued that the monuments are essential for preserving the region's geological and ecological history, and for protecting the rights of indigenous peoples who consider the areas sacred.
The board cited the importance of these monuments for conservation and recreation, and pointed out that the monuments are not only significant for their natural beauty but"," Zinke, urging him to reconsider the plan to shrink several national monuments, including Bears Ears and Grand Staircase-Escalante in Utah.
The board, which is made up of experts in the fields of conservation, science, and recreation, expressed concerns that the reduction of the monuments would harm the natural and cultural resources they protect. They argued that the monuments are essential for preserving the region's geological and ecological history, and for protecting the rights of indigenous peoples who consider the areas sacred.
The board cited the importance of these monuments for conservation and recreation, and pointed out that the monuments are not only significant for their natural beauty but","{""do_sample"": true, ""temperature"": 1.0, ""top_p"": 0.95, ""top_k"": 50, ""repetition_penalty"": 1.0, ""max_new_tokens"": 128}"
bytekgwV6,2.0,0,1392,158,158,"October 30, 2017  Mancari offers stories of wandering and homecoming, colored by a determination to live, artistically, beyond the ","October 30, 2017  Mancari offers stories of wandering and homecoming, colored by a determination to live, artistically, beyond the 30s. Poems here explore the beauty and dis-ease of the modern world, the self, and the land. Read our review.
October 23, 2017  ""The Undocumented Americans"" offers a nuanced exploration of immigration, citizenship, and identity, bringing voices to the forefront that often go unheard. The collection's tone is raw, emotional, and activist. Read our review.
October 16, 2017  This collection offers a journey through the speaker's life, exploring themes of identity, desire, and the search for connection and understanding. Poems here oscillate between introspection and movement,","30s. Poems here explore the beauty and dis-ease of the modern world, the self, and the land. Read our review.
October 23, 2017  ""The Undocumented Americans"" offers a nuanced exploration of immigration, citizenship, and identity, bringing voices to the forefront that often go unheard. The collection's tone is raw, emotional, and activist. Read our review.
October 16, 2017  This collection offers a journey through the speaker's life, exploring themes of identity, desire, and the search for connection and understanding. Poems here oscillate between introspection and movement,","{""do_sample"": true, ""temperature"": 1.0, ""top_p"": 0.95, ""top_k"": 50, ""repetition_penalty"": 1.0, ""max_new_tokens"": 128}"
bytekgwV6,2.0,0,1394,160,160,"Since 2010, Microsoft has been working on a gaming display system so small that it wouldn't need to be sitting ","Since 2010, Microsoft has been working on a gaming display system so small that it wouldn't need to be sitting 6 feet away from the player. Instead, it would be integrated into the player's glasses or even contact lenses, allowing for a fully immersive virtual reality experience.

The technology, known as HoloLens, combines augmented reality (AR) and virtual reality (VR) capabilities into one system. With the ability to detect and interpret the player's eye movements, the HoloLens would be able to accurately track the player's attention and seamlessly integrate virtual characters and objects into the player's real-world surroundings.

But HoloLens is more than just a display system – it also includes a suite of sensors that track the player's body movements, including","6 feet away from the player. Instead, it would be integrated into the player's glasses or even contact lenses, allowing for a fully immersive virtual reality experience.

The technology, known as HoloLens, combines augmented reality (AR) and virtual reality (VR) capabilities into one system. With the ability to detect and interpret the player's eye movements, the HoloLens would be able to accurately track the player's attention and seamlessly integrate virtual characters and objects into the player's real-world surroundings.

But HoloLens is more than just a display system – it also includes a suite of sensors that track the player's body movements, including","{""do_sample"": true, ""temperature"": 1.0, ""top_p"": 0.95, ""top_k"": 50, ""repetition_penalty"": 1.0, ""max_new_tokens"": 128}"
bytekgwV6,2.0,0,1396,162,162,Dubai: The Dubai Financial Market (DFM) witnessed another round of selling on Monday as traders remained cautious ahead of a ,"Dubai: The Dubai Financial Market (DFM) witnessed another round of selling on Monday as traders remained cautious ahead of a 5-day Eid holiday.
The bourse ended the session 0.12 per cent lower, with the overall market capitalisation declining by 0.15 per cent to reach Dh1.44 trillion (approximately $392 billion).
The Dubai Index slid 0.12 per cent to 2,843.24 points, while the Real Estate Index dipped 0.47 per cent to 1,440.55 points.
The DFM General Index lost 0.13 per cent to 1,546.37 points, while the Islamic Index (DIMA) retreated by 0.12 per cent to 1,135","5-day Eid holiday.
The bourse ended the session 0.12 per cent lower, with the overall market capitalisation declining by 0.15 per cent to reach Dh1.44 trillion (approximately $392 billion).
The Dubai Index slid 0.12 per cent to 2,843.24 points, while the Real Estate Index dipped 0.47 per cent to 1,440.55 points.
The DFM General Index lost 0.13 per cent to 1,546.37 points, while the Islamic Index (DIMA) retreated by 0.12 per cent to 1,135","{""do_sample"": true, ""temperature"": 1.0, ""top_p"": 0.95, ""top_k"": 50, ""repetition_penalty"": 1.0, ""max_new_tokens"": 128}"
bytekgwV6,2.0,0,1398,164,164,"I didn’t notice, but I’ve been told George W, Bush delivered his latest speech smoothly, more so than most of ","I didn’t notice, but I’ve been told George W, Bush delivered his latest speech smoothly, more so than most of 10,000 speeches. Well done!
He mentioned several times that he has a plan for each of the major issues and that it is already working. Well, it’s easy to say it’s working when he’s been in office for six years and the issue is no worse. I think that’s because he has failed to adequately address the problems, rather than the problems themselves being cured.
This new initiative sounds more like a re-packaging of existing programs rather than new solutions. He also used the term “Islamic fundamentalism” which some folks have taken to mean all Muslims. Now, I know this wasn’t his intention, but it","10,000 speeches. Well done!
He mentioned several times that he has a plan for each of the major issues and that it is already working. Well, it’s easy to say it’s working when he’s been in office for six years and the issue is no worse. I think that’s because he has failed to adequately address the problems, rather than the problems themselves being cured.
This new initiative sounds more like a re-packaging of existing programs rather than new solutions. He also used the term “Islamic fundamentalism” which some folks have taken to mean all Muslims. Now, I know this wasn’t his intention, but it","{""do_sample"": true, ""temperature"": 1.0, ""top_p"": 0.95, ""top_k"": 50, ""repetition_penalty"": 1.0, ""max_new_tokens"": 128}"
bytekgwV6,2.0,0,1400,166,166,Seven-Year-Old Florida Boy Swallows Grill! This 7-year-old boy became the latest victim of hip-hop culture – as he was rushed ,"Seven-Year-Old Florida Boy Swallows Grill! This 7-year-old boy became the latest victim of hip-hop culture – as he was rushed  to a hospital after swallowing a grill he found on the beach.
The boy was playing on the beach with his friends in Jacksonville, Florida, when he found the grill, which was reportedly 10 cm long and had been left there by an unknown party.
After finding the grill, the boy picked it up and put it in his mouth, thinking it was just a fun plaything.
It wasn't until he started to choke that his friends became concerned and rushed to get him help.
First aid responders were quickly called to the scene, and they used a Heimlich maneuver to try and dislodge the grill from the boy's"," to a hospital after swallowing a grill he found on the beach.
The boy was playing on the beach with his friends in Jacksonville, Florida, when he found the grill, which was reportedly 10 cm long and had been left there by an unknown party.
After finding the grill, the boy picked it up and put it in his mouth, thinking it was just a fun plaything.
It wasn't until he started to choke that his friends became concerned and rushed to get him help.
First aid responders were quickly called to the scene, and they used a Heimlich maneuver to try and dislodge the grill from the boy's","{""do_sample"": true, ""temperature"": 1.0, ""top_p"": 0.95, ""top_k"": 50, ""repetition_penalty"": 1.0, ""max_new_tokens"": 128}"
bytekgwV6,2.0,0,1402,168,168,"Plan B has announced a nationwide UK tour this autumn. The rapper-turned-singer, who scored a UK Number One album with ","Plan B has announced a nationwide UK tour this autumn. The rapper-turned-singer, who scored a UK Number One album with 2006’s Who Needs Action?!, will play 14 dates, kicking off on November 14th.
The shows, which take place from November 14th to December 15th, include a performance at London’s O2 Academy Brixton on November 26th and a show at Manchester’s Academy on December 3rd.
Tickets go on sale on September 22nd at 9am. Plan B has recently released his third studio album, The Defamation of Strickland Banks, which has received critical acclaim and debuted at Number One on the UK Albums Chart. The album includes the hit singles ""The Wedding bells","2006’s Who Needs Action?!, will play 14 dates, kicking off on November 14th.
The shows, which take place from November 14th to December 15th, include a performance at London’s O2 Academy Brixton on November 26th and a show at Manchester’s Academy on December 3rd.
Tickets go on sale on September 22nd at 9am. Plan B has recently released his third studio album, The Defamation of Strickland Banks, which has received critical acclaim and debuted at Number One on the UK Albums Chart. The album includes the hit singles ""The Wedding bells","{""do_sample"": true, ""temperature"": 1.0, ""top_p"": 0.95, ""top_k"": 50, ""repetition_penalty"": 1.0, ""max_new_tokens"": 128}"
bytekgwV6,2.0,0,1404,170,170,"Do as I did, started my own business and see how much work it takes and then go from there. ","Do as I did, started my own business and see how much work it takes and then go from there.  It's not as easy as it seems, and it's not for the faint of heart.  Starting your own business can be very overwhelming and challenging, but if you're up for the challenge, it can be incredibly rewarding.
There are so many benefits to starting your own business.  You get to be your own boss, set your own hours, and make all the decisions for your company.  You get to take risks and pursue your passions, which can lead to a more fulfilling and happy life.
Starting your own business can also provide you with a sense of accomplishment and a sense of pride.  You"," It's not as easy as it seems, and it's not for the faint of heart.  Starting your own business can be very overwhelming and challenging, but if you're up for the challenge, it can be incredibly rewarding.
There are so many benefits to starting your own business.  You get to be your own boss, set your own hours, and make all the decisions for your company.  You get to take risks and pursue your passions, which can lead to a more fulfilling and happy life.
Starting your own business can also provide you with a sense of accomplishment and a sense of pride.  You","{""do_sample"": true, ""temperature"": 1.0, ""top_p"": 0.95, ""top_k"": 50, ""repetition_penalty"": 1.0, ""max_new_tokens"": 128}"
bytekgwV6,2.0,0,1406,172,172,"A large, brand-new movie studio in Palm Beach County already has a potential box-office hit. Twentieth Century Fox will film ","A large, brand-new movie studio in Palm Beach County already has a potential box-office hit. Twentieth Century Fox will film 11 episodes of the popular TV series ""Burn Notice"" at the new studio, which is being built in Boynton Beach. Production on the show, which stars Jeffrey Donovan, Gabrielle Anwar and Bruce Campbell, is expected to start in April and continue through October. The studio, which is being developed by the Boynton Beach Redevelopment Agency, is expected to be completed by the end of the year.
It seems that a new movie studio in Boynton Beach will be home to the upcoming 11th season of the popular USA Network series ""Burn Notice."" This is a huge coup for the city, and it's expected to generate","11 episodes of the popular TV series ""Burn Notice"" at the new studio, which is being built in Boynton Beach. Production on the show, which stars Jeffrey Donovan, Gabrielle Anwar and Bruce Campbell, is expected to start in April and continue through October. The studio, which is being developed by the Boynton Beach Redevelopment Agency, is expected to be completed by the end of the year.
It seems that a new movie studio in Boynton Beach will be home to the upcoming 11th season of the popular USA Network series ""Burn Notice."" This is a huge coup for the city, and it's expected to generate","{""do_sample"": true, ""temperature"": 1.0, ""top_p"": 0.95, ""top_k"": 50, ""repetition_penalty"": 1.0, ""max_new_tokens"": 128}"
bytekgwV6,2.0,0,1408,174,174,Bengaluru — Gold prices rose on Thursday as the growing expectation that the US Federal Reserve will pause its rate ,"Bengaluru — Gold prices rose on Thursday as the growing expectation that the US Federal Reserve will pause its rate  hike cycle in coming months supported the safe-haven metal's rally. Higher demand ahead of the festival season in India also lifted prices.
Spot gold was up 0.5% at $1,307.50 per ounce by 11:55 GMT, while US gold futures settled 0.6% higher at $1,311.10.
""We're seeing a bit of a revival in safe-haven demand, driven by concerns that the Fed might not hike rates aggressively this year,"" said Ross Norman, chief executive at Sharps Pixley.
Many investors expect the US Federal Reserve to delay or slow the pace of interest rate"," hike cycle in coming months supported the safe-haven metal's rally. Higher demand ahead of the festival season in India also lifted prices.
Spot gold was up 0.5% at $1,307.50 per ounce by 11:55 GMT, while US gold futures settled 0.6% higher at $1,311.10.
""We're seeing a bit of a revival in safe-haven demand, driven by concerns that the Fed might not hike rates aggressively this year,"" said Ross Norman, chief executive at Sharps Pixley.
Many investors expect the US Federal Reserve to delay or slow the pace of interest rate","{""do_sample"": true, ""temperature"": 1.0, ""top_p"": 0.95, ""top_k"": 50, ""repetition_penalty"": 1.0, ""max_new_tokens"": 128}"
bytekgwV6,2.0,0,1410,176,176,"After your business is up and running, your focus naturally shifts to increasing efficiency. The small things you do to ","After your business is up and running, your focus naturally shifts to increasing efficiency. The small things you do to 8/13/2021, 12:00 AM The Importance of Efficient Logistics for Your Business. 1.... business owners that they can trust to handle their logistics, providing them with access to their stock levels and shipment tracking. Log in to check your stock levels, view your shipment schedule, and track your shipments. Efficient logistics can help improve your cash flow by allowing you to get products to customers quickly, which can help reduce stock levels and free up capital. With efficient logistics, you can optimize your supply chain operations, reduce waste, and improve your bottom line. Efficient logistics can help your business to grow, save money,","8/13/2021, 12:00 AM The Importance of Efficient Logistics for Your Business. 1.... business owners that they can trust to handle their logistics, providing them with access to their stock levels and shipment tracking. Log in to check your stock levels, view your shipment schedule, and track your shipments. Efficient logistics can help improve your cash flow by allowing you to get products to customers quickly, which can help reduce stock levels and free up capital. With efficient logistics, you can optimize your supply chain operations, reduce waste, and improve your bottom line. Efficient logistics can help your business to grow, save money,","{""do_sample"": true, ""temperature"": 1.0, ""top_p"": 0.95, ""top_k"": 50, ""repetition_penalty"": 1.0, ""max_new_tokens"": 128}"
bytekgwV6,2.0,0,1412,178,178,"(Trinidad Guardian) It has been 42 days since Gan­gad­har Hanooman, 49, has been miss­ing and rel­a­tives in re­new­ing their calls ","(Trinidad Guardian) It has been 42 days since Gan­gad­har Hanooman, 49, has been miss­ing and rel­a­tives in re­new­ing their calls  for the po­lice to ac­tion im­me­di­ate­ly and un­cov­er the truth be­hind his van­ish­ing.
Hanooman, a for­mer re­al es­tate agent, was last seen leav­ing a res­tau­rant in San Juan, Trinidad, on Novem­ber 21, where he was meet­ing a friend.
Fam­i­ly mem­bers claim the po­lice have not taken the dis­ap­pear­ance ser­ious­ly and have al­leged that they have been met with in­"," for the po­lice to ac­tion im­me­di­ate­ly and un­cov­er the truth be­hind his van­ish­ing.
Hanooman, a for­mer re­al es­tate agent, was last seen leav­ing a res­tau­rant in San Juan, Trinidad, on Novem­ber 21, where he was meet­ing a friend.
Fam­i­ly mem­bers claim the po­lice have not taken the dis­ap­pear­ance ser­ious­ly and have al­leged that they have been met with in­","{""do_sample"": true, ""temperature"": 1.0, ""top_p"": 0.95, ""top_k"": 50, ""repetition_penalty"": 1.0, ""max_new_tokens"": 128}"
bytekgwV6,2.0,0,1414,180,180,"Maureen Hancock is an internationally renowned Spirit Medium, intuitive, teacher, lecturer, Holistic Healer, and author of the bestselling book, “The ","Maureen Hancock is an internationally renowned Spirit Medium, intuitive, teacher, lecturer, Holistic Healer, and author of the bestselling book, “The 5 Levels of Healing”. She was born in California, USA, and began her spiritual journey at a young age. She has been channeling for over 30 years and is known for her unapologetic, no-nonsense approach to mediumship.
Maureen has worked with numerous individuals, including law enforcement, first responders, and those who have experienced near-death experiences. She is an expert in facilitating healing and spiritual connections with loved ones who have passed on. Maureen has appeared on numerous television shows, including CBS’s “Live! with Regis and Kelly” and NBC’s “The Tonight Show with Jay Leno”.
Maureen","5 Levels of Healing”. She was born in California, USA, and began her spiritual journey at a young age. She has been channeling for over 30 years and is known for her unapologetic, no-nonsense approach to mediumship.
Maureen has worked with numerous individuals, including law enforcement, first responders, and those who have experienced near-death experiences. She is an expert in facilitating healing and spiritual connections with loved ones who have passed on. Maureen has appeared on numerous television shows, including CBS’s “Live! with Regis and Kelly” and NBC’s “The Tonight Show with Jay Leno”.
Maureen","{""do_sample"": true, ""temperature"": 1.0, ""top_p"": 0.95, ""top_k"": 50, ""repetition_penalty"": 1.0, ""max_new_tokens"": 128}"
bytekgwV6,2.0,0,1416,182,182,"Samoas and Thin Mints and Tagalongs, oh my! It's time to celebrate those little cookies that make diets shut right ","Samoas and Thin Mints and Tagalongs, oh my! It's time to celebrate those little cookies that make diets shut right  up.
In other news, the weather forecast for today is: Hot, with a high chance of sugary snacks.
A new study released this week found that the average American consumes over 36,000 cookies in a lifetime. And honestly, who can blame them? Those Girl Scout cookies are addictive.
The study also found that the top three favorite types of Girl Scout cookies are Samoas, Thin Mints, and Tagalongs. And we're not surprised. Those caramel and chocolate combinations are pure magic.
But what about the poor Girl Scouts who have to sell these treats? They're working hard to fund their activities and trips"," up.
In other news, the weather forecast for today is: Hot, with a high chance of sugary snacks.
A new study released this week found that the average American consumes over 36,000 cookies in a lifetime. And honestly, who can blame them? Those Girl Scout cookies are addictive.
The study also found that the top three favorite types of Girl Scout cookies are Samoas, Thin Mints, and Tagalongs. And we're not surprised. Those caramel and chocolate combinations are pure magic.
But what about the poor Girl Scouts who have to sell these treats? They're working hard to fund their activities and trips","{""do_sample"": true, ""temperature"": 1.0, ""top_p"": 0.95, ""top_k"": 50, ""repetition_penalty"": 1.0, ""max_new_tokens"": 128}"
bytekgwV6,2.0,0,1418,184,184,"If it were ever possible to cram all the glittering boy-meets-girl, high-school-love-story stereotypes into one movie, A Cinderella Story does ","If it were ever possible to cram all the glittering boy-meets-girl, high-school-love-story stereotypes into one movie, A Cinderella Story does 95% of the job. Hilary Duff and Chad Michael Murray star as a popular princess (Sam) and a brooding bad boy (Austin) who unexpectedly fall for each other amidst a backdrop of football, prom, and wicked stepmothers.
The movie has a lot in common with the classic Cinderella tale. Sam is a sweet but unconfident teenager who lives with her wicked stepmother, Fiona (Jennifer Coolidge), and her two spoiled stepsisters. Austin, on the other hand, is the star quarterback of the high school football team who harbors a secret love of poetry and music.
As Sam and Austin start","95% of the job. Hilary Duff and Chad Michael Murray star as a popular princess (Sam) and a brooding bad boy (Austin) who unexpectedly fall for each other amidst a backdrop of football, prom, and wicked stepmothers.
The movie has a lot in common with the classic Cinderella tale. Sam is a sweet but unconfident teenager who lives with her wicked stepmother, Fiona (Jennifer Coolidge), and her two spoiled stepsisters. Austin, on the other hand, is the star quarterback of the high school football team who harbors a secret love of poetry and music.
As Sam and Austin start","{""do_sample"": true, ""temperature"": 1.0, ""top_p"": 0.95, ""top_k"": 50, ""repetition_penalty"": 1.0, ""max_new_tokens"": 128}"
bytekgwV6,2.0,0,1420,186,186,Readers may be familiar with the fundamental changes that took place in the Roman world as it converted from paganism ,"Readers may be familiar with the fundamental changes that took place in the Roman world as it converted from paganism  to Christianity. In the 4th-6th centuries AD, the Christian Church evolved from a persecuted minority to the dominant religion of the Empire, and eventually, the only officially recognized faith. This process led to significant changes in art, architecture, literature, and daily life in the Roman world. Similarly, we might consider the significant changes that occurred as the Islamic world transitioned from the Umayyad to the Abbasid dynasties in the 8th-9th centuries.
During the Umayyad period (661-750 CE), Islamic art, architecture, and literature were characterized by the integration of Persian,"," to Christianity. In the 4th-6th centuries AD, the Christian Church evolved from a persecuted minority to the dominant religion of the Empire, and eventually, the only officially recognized faith. This process led to significant changes in art, architecture, literature, and daily life in the Roman world. Similarly, we might consider the significant changes that occurred as the Islamic world transitioned from the Umayyad to the Abbasid dynasties in the 8th-9th centuries.
During the Umayyad period (661-750 CE), Islamic art, architecture, and literature were characterized by the integration of Persian,","{""do_sample"": true, ""temperature"": 1.0, ""top_p"": 0.95, ""top_k"": 50, ""repetition_penalty"": 1.0, ""max_new_tokens"": 128}"
bytekgwV6,2.0,0,1422,188,188,"A spokesman for the Red Crescent, Mahmoud al-Saadi, said Israeli forces opened fire on two young men who were traveling ","A spokesman for the Red Crescent, Mahmoud al-Saadi, said Israeli forces opened fire on two young men who were traveling 300 meters (1,000 feet) into the border, but they were able to return to the Gaza Strip unharmed.
The violence came as Palestinians mark the anniversary of the Israeli military invasion of Gaza 11 years ago, which was launched to stop rocket attacks from the territory.
The invasion, which was launched in December 2008, killed hundreds of Palestinians and led to the destruction of large swaths of the Gaza Strip. The anniversary is marked each year with protests and clashes along the border, and there have been repeated incidents of Israeli gunfire and tear gas causing injuries and fatalities.
In the latest violence, the Red Crescent said that","300 meters (1,000 feet) into the border, but they were able to return to the Gaza Strip unharmed.
The violence came as Palestinians mark the anniversary of the Israeli military invasion of Gaza 11 years ago, which was launched to stop rocket attacks from the territory.
The invasion, which was launched in December 2008, killed hundreds of Palestinians and led to the destruction of large swaths of the Gaza Strip. The anniversary is marked each year with protests and clashes along the border, and there have been repeated incidents of Israeli gunfire and tear gas causing injuries and fatalities.
In the latest violence, the Red Crescent said that","{""do_sample"": true, ""temperature"": 1.0, ""top_p"": 0.95, ""top_k"": 50, ""repetition_penalty"": 1.0, ""max_new_tokens"": 128}"
bytekgwV6,2.0,0,1424,190,190,"Can Container Store Start 2015 on a Positive Note? In 2014, it was hard to find bad-performing stocks, as the ","Can Container Store Start 2015 on a Positive Note? In 2014, it was hard to find bad-performing stocks, as the 7% gain in the S&P 500 Index shows. However, some retailers struggled more than others, like Container Store Group Inc (TSCO). Shares of the home goods retailer have lost more than 40% over the past year, driven by weak sales and rising competition.
The company will report its fourth-quarter results on March 5. Investors expect to see a bottom line that has improved marginally from the year-ago quarter, but the real question is whether the company can return to growth in 2015. Container Store has been struggling with sales decline due to increased competition and lower sales density. In the third quarter, same","7% gain in the S&P 500 Index shows. However, some retailers struggled more than others, like Container Store Group Inc (TSCO). Shares of the home goods retailer have lost more than 40% over the past year, driven by weak sales and rising competition.
The company will report its fourth-quarter results on March 5. Investors expect to see a bottom line that has improved marginally from the year-ago quarter, but the real question is whether the company can return to growth in 2015. Container Store has been struggling with sales decline due to increased competition and lower sales density. In the third quarter, same","{""do_sample"": true, ""temperature"": 1.0, ""top_p"": 0.95, ""top_k"": 50, ""repetition_penalty"": 1.0, ""max_new_tokens"": 128}"
bytekgwV6,2.0,0,1426,192,192,Packed WonderCon panel brings out stars and exclusive sneak peeks. Footage shown at WonderCon reveals what iconic monster looks like ,"Packed WonderCon panel brings out stars and exclusive sneak peeks. Footage shown at WonderCon reveals what iconic monster looks like 30 feet tall.
By Ian Freer | April 2, 2017 |
This article was written by Ian Freer for IGN.com
WonderCon attendees in Anaheim, California were treated to a real-life horror movie at the God of War and Pacific Rim: MUTO panel today, as the franchise's creators, Legendary Pictures, and Warner Bros. brought out the stars and an exclusive sneak peek of the upcoming sequel.

Godzilla, of course, is the king of the monsters, but today's presentation revealed that his next foe, the gigantic monster known as Mothra, will be standing even taller in the sequel. Footage","30 feet tall.
By Ian Freer | April 2, 2017 |
This article was written by Ian Freer for IGN.com
WonderCon attendees in Anaheim, California were treated to a real-life horror movie at the God of War and Pacific Rim: MUTO panel today, as the franchise's creators, Legendary Pictures, and Warner Bros. brought out the stars and an exclusive sneak peek of the upcoming sequel.

Godzilla, of course, is the king of the monsters, but today's presentation revealed that his next foe, the gigantic monster known as Mothra, will be standing even taller in the sequel. Footage","{""do_sample"": true, ""temperature"": 1.0, ""top_p"": 0.95, ""top_k"": 50, ""repetition_penalty"": 1.0, ""max_new_tokens"": 128}"
bytekgwV6,2.0,0,1428,194,194,10 diversity items for June 29: Unemployment up in most U.S. cities; Pew report shows diversity of U.S. Hispanics and ,"10 diversity items for June 29: Unemployment up in most U.S. cities; Pew report shows diversity of U.S. Hispanics and 9 other items
• Unemployment rates rose in April in most U.S. cities, the Labor Department said. The national unemployment rate was 6.3% in April, down from 6.4% in March. However, the rates increased in 37 metropolitan areas, such as Pittsburgh, Las Vegas and Detroit, while declining in 18 areas. (Source: Los Angeles Times)
• A new Pew Research Center report found that the Hispanic population in the United States is increasingly diverse, with immigrants from El Salvador, Cuba and other countries accounting for a growing share of the population. The report noted that the Hispanic population grew by","9 other items
• Unemployment rates rose in April in most U.S. cities, the Labor Department said. The national unemployment rate was 6.3% in April, down from 6.4% in March. However, the rates increased in 37 metropolitan areas, such as Pittsburgh, Las Vegas and Detroit, while declining in 18 areas. (Source: Los Angeles Times)
• A new Pew Research Center report found that the Hispanic population in the United States is increasingly diverse, with immigrants from El Salvador, Cuba and other countries accounting for a growing share of the population. The report noted that the Hispanic population grew by","{""do_sample"": true, ""temperature"": 1.0, ""top_p"": 0.95, ""top_k"": 50, ""repetition_penalty"": 1.0, ""max_new_tokens"": 128}"
bytekgwV6,2.0,0,1430,196,196,"Urban, born Jacques Pantaléon in Troyes c. 1200, was elected to the papacy in 1261. He studied canon law at ","Urban, born Jacques Pantaléon in Troyes c. 1200, was elected to the papacy in 1261. He studied canon law at 12 and was soon drawn into the circle of the powerful and corrupt Archbishop of Rheims, Archbishop of Narbonne. Urban took over the papacy, and it was his election and reign that saw the launch of the 13th-century crusade.
Urban's Papacy
Urban II, Pope 2nd to the Vatican, 1261-1263
Urban's papal election was the subject of controversy, with some seeing it as an irregular election. This led to Urban II becoming embroiled in a long conflict between the Roman Catholic Church and the secular authorities of Europe.
Urban II sought to secure greater authority for the","12 and was soon drawn into the circle of the powerful and corrupt Archbishop of Rheims, Archbishop of Narbonne. Urban took over the papacy, and it was his election and reign that saw the launch of the 13th-century crusade.
Urban's Papacy
Urban II, Pope 2nd to the Vatican, 1261-1263
Urban's papal election was the subject of controversy, with some seeing it as an irregular election. This led to Urban II becoming embroiled in a long conflict between the Roman Catholic Church and the secular authorities of Europe.
Urban II sought to secure greater authority for the","{""do_sample"": true, ""temperature"": 1.0, ""top_p"": 0.95, ""top_k"": 50, ""repetition_penalty"": 1.0, ""max_new_tokens"": 128}"
bytekgwV6,2.0,0,1432,198,198,"AMC Networks Earnings Beat Estimates, CEO Says 'Walking Dead' Franchise ""Will Have a Long Life"" AMC Networks on Thursday reported ","AMC Networks Earnings Beat Estimates, CEO Says 'Walking Dead' Franchise ""Will Have a Long Life"" AMC Networks on Thursday reported 2023 second-quarter earnings that topped analysts' expectations, driven by the success of its linear networks, including AMC, BBC America, and SundanceTV. The company also reiterated the importance of its “Walking Dead” franchise, saying it...
AMC Networks Stock Soars 12% After Earnings Beat and 'Walking Dead' Comments AMC Networks stock rallied 12% in pre-market trading on Friday after the company reported stronger-than-expected quarterly earnings and reiterated the longevity of its ""Walking Dead"" franchise.
AMC Networks to Split Off International Business as Independent Company AMC Networks has agreed to separate its international business into an independent company, the","2023 second-quarter earnings that topped analysts' expectations, driven by the success of its linear networks, including AMC, BBC America, and SundanceTV. The company also reiterated the importance of its “Walking Dead” franchise, saying it...
AMC Networks Stock Soars 12% After Earnings Beat and 'Walking Dead' Comments AMC Networks stock rallied 12% in pre-market trading on Friday after the company reported stronger-than-expected quarterly earnings and reiterated the longevity of its ""Walking Dead"" franchise.
AMC Networks to Split Off International Business as Independent Company AMC Networks has agreed to separate its international business into an independent company, the","{""do_sample"": true, ""temperature"": 1.0, ""top_p"": 0.95, ""top_k"": 50, ""repetition_penalty"": 1.0, ""max_new_tokens"": 128}"
bytekgwV6,2.0,1,1235,1,1,"""Whoever gets him, they'll be getting a good one,"" David Montgomery said. INDIANAPOLIS — Hakeem Butler has been surrounded by ","""Whoever gets him, they'll be getting a good one,"" David Montgomery said. INDIANAPOLIS — Hakeem Butler has been surrounded by 8-foot-2, 300-pound defensive linemen his entire life. That's nothing new for the 6-foot-5, 225-pound wide receiver from Iowa State, who was one of the most dominant players on the field during his college career. Now, he's ready to take that size and athleticism to the NFL, where he hopes to catch the eye of scouts and eventually become a top target for a team. At the NFL Scouting Combine, Butler showed off his impressive physical tools, running a 4.48 second 40-yard dash and posting a 39.5-inch vertical jump. His broad jump of ","8-foot-2, 300-pound defensive linemen his entire life. That's nothing new for the 6-foot-5, 225-pound wide receiver from Iowa State, who was one of the most dominant players on the field during his college career. Now, he's ready to take that size and athleticism to the NFL, where he hopes to catch the eye of scouts and eventually become a top target for a team. At the NFL Scouting Combine, Butler showed off his impressive physical tools, running a 4.48 second 40-yard dash and posting a 39.5-inch vertical jump. His broad jump of ","{""do_sample"": true, ""temperature"": 1.0, ""top_p"": 0.95, ""top_k"": 50, ""repetition_penalty"": 1.0, ""max_new_tokens"": 128}"
bytekgwV6,2.0,1,1237,3,3,The Arlington County Board plans to vote Saturday afternoon on giving Amazon $23 million and other incentives to build a ,"The Arlington County Board plans to vote Saturday afternoon on giving Amazon $23 million and other incentives to build a 1 million square foot ""Last Mile Delivery Hub"" at the former Hoffman Town Center.
The proposal includes:
$23 million in economic incentives to offset construction and operating costs
Free rent for the first 5 years
Waived property taxes for 10 years
Increased height limit for the building to 150 feet, up from 75 feet
Increased density for the property
The hub would be built on 44.5 acres of the former Hoffman Town Center, which is currently a vacant lot.
The incentive package is on the agenda for the County Board's Saturday meeting, which is scheduled to start at 11:30 AM.
Read","1 million square foot ""Last Mile Delivery Hub"" at the former Hoffman Town Center.
The proposal includes:
$23 million in economic incentives to offset construction and operating costs
Free rent for the first 5 years
Waived property taxes for 10 years
Increased height limit for the building to 150 feet, up from 75 feet
Increased density for the property
The hub would be built on 44.5 acres of the former Hoffman Town Center, which is currently a vacant lot.
The incentive package is on the agenda for the County Board's Saturday meeting, which is scheduled to start at 11:30 AM.
Read","{""do_sample"": true, ""temperature"": 1.0, ""top_p"": 0.95, ""top_k"": 50, ""repetition_penalty"": 1.0, ""max_new_tokens"": 128}"
bytekgwV6,2.0,1,1239,5,5,The Hawaii man who was fired after issuing the false ballistic missile alert in mid-January told reporters Friday that he ,"The Hawaii man who was fired after issuing the false ballistic missile alert in mid-January told reporters Friday that he  felt a great sense of relief when he learned his mistake would not be prosecuted.  Greig Smith, a former employee of the Hawaii Emergency Management Agency, spoke publicly for the first time about the ordeal, telling local news station KITV that he was "" grateful"" that the Justice Department decided not to prosecute him.
Smith said he was overwhelmed with emotions when he realized he would not be facing criminal charges for the false alarm, which sent the state and nation into panic on January 13.  ""I felt a great sense of relief,"" he told KITV. ""It was like a weight had been lifted off my"," felt a great sense of relief when he learned his mistake would not be prosecuted.  Greig Smith, a former employee of the Hawaii Emergency Management Agency, spoke publicly for the first time about the ordeal, telling local news station KITV that he was "" grateful"" that the Justice Department decided not to prosecute him.
Smith said he was overwhelmed with emotions when he realized he would not be facing criminal charges for the false alarm, which sent the state and nation into panic on January 13.  ""I felt a great sense of relief,"" he told KITV. ""It was like a weight had been lifted off my","{""do_sample"": true, ""temperature"": 1.0, ""top_p"": 0.95, ""top_k"": 50, ""repetition_penalty"": 1.0, ""max_new_tokens"": 128}"
bytekgwV6,2.0,1,1241,7,7,"A version of this article appeared in the print edition of The Daily Star on July 12, 2018, on page ","A version of this article appeared in the print edition of The Daily Star on July 12, 2018, on page 8.
On Tuesday, the first anniversary of his presidency, Trump announced on Twitter that he was suspending plans for a June 12 summit with Kim, citing the ""tremendous anger and open hostility"" in North Korea's recent behavior. Later that day, Trump spoke with South Korean President Moon Jae-in, who had just returned from a meeting with Kim, and reaffirmed the United States' commitment to the denuclearization of North Korea, as well as the need for the regime to take concrete steps toward that goal.
In his speech, Trump also reiterate... (A)
In his speech, Trump also reiterated his","8.
On Tuesday, the first anniversary of his presidency, Trump announced on Twitter that he was suspending plans for a June 12 summit with Kim, citing the ""tremendous anger and open hostility"" in North Korea's recent behavior. Later that day, Trump spoke with South Korean President Moon Jae-in, who had just returned from a meeting with Kim, and reaffirmed the United States' commitment to the denuclearization of North Korea, as well as the need for the regime to take concrete steps toward that goal.
In his speech, Trump also reiterate... (A)
In his speech, Trump also reiterated his","{""do_sample"": true, ""temperature"": 1.0, ""top_p"": 0.95, ""top_k"": 50, ""repetition_penalty"": 1.0, ""max_new_tokens"": 128}"
bytekgwV6,2.0,1,1243,9,9,"After Kevin’s horrific leg injury, everyone is asking: will he ever play basketball again? Dr. Glashow, co-chief of sports medicine ","After Kevin’s horrific leg injury, everyone is asking: will he ever play basketball again? Dr. Glashow, co-chief of sports medicine 23 hours ago
After Kevin's horrific leg injury, everyone is asking: will he ever play basketball again? Dr. Glashow, co-chief of sports medicine at Mercy...
After Kevin's horrific leg injury, everyone is asking: will he ever play basketball again? Dr. Glashow, co-chief of sports medicine at Mercy Medical Center, shares his expertise with the media.
After Kevin's horrific leg injury, everyone is asking: will he ever play basketball again? Dr. Glashow, co-chief of sports medicine at Mercy Medical Center, shares his expertise with the media.
After Kevin's horrific leg injury, everyone is asking","23 hours ago
After Kevin's horrific leg injury, everyone is asking: will he ever play basketball again? Dr. Glashow, co-chief of sports medicine at Mercy...
After Kevin's horrific leg injury, everyone is asking: will he ever play basketball again? Dr. Glashow, co-chief of sports medicine at Mercy Medical Center, shares his expertise with the media.
After Kevin's horrific leg injury, everyone is asking: will he ever play basketball again? Dr. Glashow, co-chief of sports medicine at Mercy Medical Center, shares his expertise with the media.
After Kevin's horrific leg injury, everyone is asking","{""do_sample"": true, ""temperature"": 1.0, ""top_p"": 0.95, ""top_k"": 50, ""repetition_penalty"": 1.0, ""max_new_tokens"": 128}"
bytekgwV6,2.0,1,1245,11,11,University of Utah track and field athlete Lauren McCluskey was found shot dead Monday night in the backseat of a ,"University of Utah track and field athlete Lauren McCluskey was found shot dead Monday night in the backseat of a 2016 Chevrolet Malibu parked on campus.
Lauren McCluskey was a rising track and field star and a sophomore majoring in communication.
According to police reports, 37-year-old Melvin Rowland was arrested and charged with first-degree murder in connection with her death.
According to a probable cause statement, Rowland, who is a convicted sex offender, had been stalking McCluskey and had been in a romantic relationship with her.
The University of Utah has offered support to the McCluskey family and the campus community.
Lauren McCluskey was an accomplished track and field athlete, winning the 2018 NCAA title in","2016 Chevrolet Malibu parked on campus.
Lauren McCluskey was a rising track and field star and a sophomore majoring in communication.
According to police reports, 37-year-old Melvin Rowland was arrested and charged with first-degree murder in connection with her death.
According to a probable cause statement, Rowland, who is a convicted sex offender, had been stalking McCluskey and had been in a romantic relationship with her.
The University of Utah has offered support to the McCluskey family and the campus community.
Lauren McCluskey was an accomplished track and field athlete, winning the 2018 NCAA title in","{""do_sample"": true, ""temperature"": 1.0, ""top_p"": 0.95, ""top_k"": 50, ""repetition_penalty"": 1.0, ""max_new_tokens"": 128}"
bytekgwV6,2.0,1,1247,13,13,"The location of the July 15, 2002 flare is shown at left. The other panels compare the scale of Earth ","The location of the July 15, 2002 flare is shown at left. The other panels compare the scale of Earth 9 and Sol to other planets and the Sun.
In a breathtaking event, the Sun exploded in a massive X-17 class flare on July 15, 2002. This flare was one of the largest ever recorded and produced a tremendous amount of energy. To help put the scale of this flare into perspective, NASA and the European Space Agency released these images showing the size and location of the flare.
The images show the flare occurring in the Sun's southern hemisphere, near the equator. The scale models compare the Sun (Sol) to Earth and other planets. Mercury, the innermost planet, is the smallest in our solar system","9 and Sol to other planets and the Sun.
In a breathtaking event, the Sun exploded in a massive X-17 class flare on July 15, 2002. This flare was one of the largest ever recorded and produced a tremendous amount of energy. To help put the scale of this flare into perspective, NASA and the European Space Agency released these images showing the size and location of the flare.
The images show the flare occurring in the Sun's southern hemisphere, near the equator. The scale models compare the Sun (Sol) to Earth and other planets. Mercury, the innermost planet, is the smallest in our solar system","{""do_sample"": true, ""temperature"": 1.0, ""top_p"": 0.95, ""top_k"": 50, ""repetition_penalty"": 1.0, ""max_new_tokens"": 128}"
bytekgwV6,2.0,1,1249,15,15,"Larry checks in with KPCC reporter Sharon McNary, who’s been hitting up several polling stations in Orange County and Los ","Larry checks in with KPCC reporter Sharon McNary, who’s been hitting up several polling stations in Orange County and Los  Angles. They chat about what she’s seen and heard on the ground, including the demographics of voters and the issues that are driving their decisions. Plus, they discuss the latest poll numbers and what they might mean for the outcome of the election. More Less
The Voter Turnout Problem: Can Anything Fix It?
Voter turnout is often low, and for this election, it's a major concern. Larry talks with KPCC reporter Sharon McNary, who's been covering voting issues for months. They discuss the reasons behind low turnout, including registration issues, lack of information, and voter suppression. They also explore some possible solutions"," Angles. They chat about what she’s seen and heard on the ground, including the demographics of voters and the issues that are driving their decisions. Plus, they discuss the latest poll numbers and what they might mean for the outcome of the election. More Less
The Voter Turnout Problem: Can Anything Fix It?
Voter turnout is often low, and for this election, it's a major concern. Larry talks with KPCC reporter Sharon McNary, who's been covering voting issues for months. They discuss the reasons behind low turnout, including registration issues, lack of information, and voter suppression. They also explore some possible solutions","{""do_sample"": true, ""temperature"": 1.0, ""top_p"": 0.95, ""top_k"": 50, ""repetition_penalty"": 1.0, ""max_new_tokens"": 128}"
bytekgwV6,2.0,1,1251,17,17,Health authorities in New Zealand said that about 200 passengers on the Dawn Princess ship became infected with the norovirus. ,"Health authorities in New Zealand said that about 200 passengers on the Dawn Princess ship became infected with the norovirus.  This information was shared on Saturday as the ship was sailing from New Zealand to Australia after a trip to the South Pacific.
The norovirus infection, also known as the stomach flu, has a wide range of symptoms such as nausea, vomiting, diarrhea, stomach cramps, and fever. The symptoms usually begin between 12 and 48 hours after infection and may last anywhere from 12 to 60 hours before they go away.
According to reports, the majority of the infected passengers have been cleared of the virus, but about 30 passengers and 10 crew members are still suffering from the infection.
The norovirus outbreak was first"," This information was shared on Saturday as the ship was sailing from New Zealand to Australia after a trip to the South Pacific.
The norovirus infection, also known as the stomach flu, has a wide range of symptoms such as nausea, vomiting, diarrhea, stomach cramps, and fever. The symptoms usually begin between 12 and 48 hours after infection and may last anywhere from 12 to 60 hours before they go away.
According to reports, the majority of the infected passengers have been cleared of the virus, but about 30 passengers and 10 crew members are still suffering from the infection.
The norovirus outbreak was first","{""do_sample"": true, ""temperature"": 1.0, ""top_p"": 0.95, ""top_k"": 50, ""repetition_penalty"": 1.0, ""max_new_tokens"": 128}"
bytekgwV6,2.0,1,1253,19,19,NEW YORK (AP) — Could the U.S. lose its top credit rating even if a deal is reached to raise ,"NEW YORK (AP) — Could the U.S. lose its top credit rating even if a deal is reached to raise  the debt ceiling?
The answer is yes, though it's not a foregone conclusion. Here's a breakdown of what Standard & Poor's (S&P) and Fitch Ratings, the two major agencies that assign credit ratings to the U.S., have said:
— Standard & Poor's: In April 2011, S&P lowered its AAA rating on U.S. government debt to AA+ following a disagreement between the government and Congress over the debt ceiling. S&P cited the ""very large and accelerating"" federal budget deficit and the possibility of a default if the debt ceiling isn't raised.
In a July 2011 report"," the debt ceiling?
The answer is yes, though it's not a foregone conclusion. Here's a breakdown of what Standard & Poor's (S&P) and Fitch Ratings, the two major agencies that assign credit ratings to the U.S., have said:
— Standard & Poor's: In April 2011, S&P lowered its AAA rating on U.S. government debt to AA+ following a disagreement between the government and Congress over the debt ceiling. S&P cited the ""very large and accelerating"" federal budget deficit and the possibility of a default if the debt ceiling isn't raised.
In a July 2011 report","{""do_sample"": true, ""temperature"": 1.0, ""top_p"": 0.95, ""top_k"": 50, ""repetition_penalty"": 1.0, ""max_new_tokens"": 128}"
bytekgwV6,2.0,1,1255,21,21,"IHS Markit INFO, -0.02% a world leader in critical information, analytics and solutions, expanded its alternative data offering for asset ","IHS Markit INFO, -0.02% a world leader in critical information, analytics and solutions, expanded its alternative data offering for asset  ...
In November 2018, the U.S. election integrity group, the Electronic Frontier  ...
Alternative data can be defined as any data that is not generated by the traditional  ...
DataRobot, Inc., the category-defining AutoML company, today announced the launch of DataRobot Alternative Data Platform, a groundbreaking  ...
The 10 most in-demand skills for data scientists in 2022
DataRobot's Advanced Analytics Platform is designed to help businesses drive business  ...
DataRobot, the category-defining AutoML company, today announced the launch of  ...
The increasing demand for alternative data in the financial"," ...
In November 2018, the U.S. election integrity group, the Electronic Frontier  ...
Alternative data can be defined as any data that is not generated by the traditional  ...
DataRobot, Inc., the category-defining AutoML company, today announced the launch of DataRobot Alternative Data Platform, a groundbreaking  ...
The 10 most in-demand skills for data scientists in 2022
DataRobot's Advanced Analytics Platform is designed to help businesses drive business  ...
DataRobot, the category-defining AutoML company, today announced the launch of  ...
The increasing demand for alternative data in the financial","{""do_sample"": true, ""temperature"": 1.0, ""top_p"": 0.95, ""top_k"": 50, ""repetition_penalty"": 1.0, ""max_new_tokens"": 128}"
bytekgwV6,2.0,1,1257,23,23,SOUND FORGE Audio Cleaning Lab can be used to record any sound you can hear on your computer - from ,"SOUND FORGE Audio Cleaning Lab can be used to record any sound you can hear on your computer - from 8 kHz to 48 kHz (44.1 kHz, 16-bit, stereo) with our unique Audio Cleaning Lab interface.
Our Audio Cleaning Lab is the perfect tool for recording and editing sounds for various purposes: film and television post-production, music and voice-overs, game development, and even educational and tutorial materials.
With SOUND FORGE Audio Cleaning Lab you can record from a variety of sources:
- Internal audio devices (e.g. built-in microphones, headphones)
- External audio devices (e.g. USB microphones, MIDI interfaces)
- Audio interfaces (e.g. M-Audio, Roland, Focusrite)
-","8 kHz to 48 kHz (44.1 kHz, 16-bit, stereo) with our unique Audio Cleaning Lab interface.
Our Audio Cleaning Lab is the perfect tool for recording and editing sounds for various purposes: film and television post-production, music and voice-overs, game development, and even educational and tutorial materials.
With SOUND FORGE Audio Cleaning Lab you can record from a variety of sources:
- Internal audio devices (e.g. built-in microphones, headphones)
- External audio devices (e.g. USB microphones, MIDI interfaces)
- Audio interfaces (e.g. M-Audio, Roland, Focusrite)
-","{""do_sample"": true, ""temperature"": 1.0, ""top_p"": 0.95, ""top_k"": 50, ""repetition_penalty"": 1.0, ""max_new_tokens"": 128}"
bytekgwV6,2.0,1,1259,25,25,"President Donald Trump returned to Washington, DC on Monday for a very important event. It was not for a meeting ","President Donald Trump returned to Washington, DC on Monday for a very important event. It was not for a meeting  about the budget, taxes, or other pressing national issues, but rather for a summit with Russian President Vladimir Putin. The summit was widely criticized, and many questioned the purpose of the meeting and what was discussed. But what did we learn? And what are the implications for the world? Join us for this week's episode of The Week with KATY TAYLOR, journalist and author, who analyzes the summit and the fallout. We also discuss the latest developments in the US-China trade war, the Brexit crisis, and more. #TheWeek #KatyTaylor #USRussiaSummit #Putin #Trump #InternationalAff"," about the budget, taxes, or other pressing national issues, but rather for a summit with Russian President Vladimir Putin. The summit was widely criticized, and many questioned the purpose of the meeting and what was discussed. But what did we learn? And what are the implications for the world? Join us for this week's episode of The Week with KATY TAYLOR, journalist and author, who analyzes the summit and the fallout. We also discuss the latest developments in the US-China trade war, the Brexit crisis, and more. #TheWeek #KatyTaylor #USRussiaSummit #Putin #Trump #InternationalAff","{""do_sample"": true, ""temperature"": 1.0, ""top_p"": 0.95, ""top_k"": 50, ""repetition_penalty"": 1.0, ""max_new_tokens"": 128}"
bytekgwV6,2.0,1,1261,27,27,"ST. JOHNS COUNTY, Fla. - Commissioners in St. Johns County voted unanimously to postpone any legislative action against a localized ","ST. JOHNS COUNTY, Fla. - Commissioners in St. Johns County voted unanimously to postpone any legislative action against a localized 10-cent sales tax for the next 60 days. The motion comes after criticism from residents and local business owners who say the tax could harm the county's economy.

Commissioners will continue to discuss the proposal during a retreat next month, and it's possible they may vote on the issue later in the year.

Residents and business owners are urging the commissioners to reject the tax, saying it would disproportionately affect low-income residents and small businesses. Others argue the tax is needed to fund much-needed infrastructure projects, such as road improvements and public safety initiatives.

We will continue to follow this story and provide updates as more information becomes available.
ST JOH","10-cent sales tax for the next 60 days. The motion comes after criticism from residents and local business owners who say the tax could harm the county's economy.

Commissioners will continue to discuss the proposal during a retreat next month, and it's possible they may vote on the issue later in the year.

Residents and business owners are urging the commissioners to reject the tax, saying it would disproportionately affect low-income residents and small businesses. Others argue the tax is needed to fund much-needed infrastructure projects, such as road improvements and public safety initiatives.

We will continue to follow this story and provide updates as more information becomes available.
ST JOH","{""do_sample"": true, ""temperature"": 1.0, ""top_p"": 0.95, ""top_k"": 50, ""repetition_penalty"": 1.0, ""max_new_tokens"": 128}"
bytekgwV6,2.0,1,1263,29,29,This was Reinsdorf's reply on Friday when asked whether the preseason announcement that Phil Jackson will not return as coach ,"This was Reinsdorf's reply on Friday when asked whether the preseason announcement that Phil Jackson will not return as coach 2015 NBA champions was a disappointment for him. In a statement released by the Bulls organization Thursday night, Reinsdorf praised Phil Jackson for his accomplishments during his time with the team, but also hinted at the changes that need to be made going forward. While acknowledging that Jackson's departure may be a challenge for the Bulls, Reinsdorf remained optimistic about the future of the team.
""We are grateful for Phil's contributions to the Bulls and we will always remember his incredible achievements, including three NBA championships and 13 conference titles,"" Reinsdorf said. ""Phil has been a great coach and an even better person, and we wish him","2015 NBA champions was a disappointment for him. In a statement released by the Bulls organization Thursday night, Reinsdorf praised Phil Jackson for his accomplishments during his time with the team, but also hinted at the changes that need to be made going forward. While acknowledging that Jackson's departure may be a challenge for the Bulls, Reinsdorf remained optimistic about the future of the team.
""We are grateful for Phil's contributions to the Bulls and we will always remember his incredible achievements, including three NBA championships and 13 conference titles,"" Reinsdorf said. ""Phil has been a great coach and an even better person, and we wish him","{""do_sample"": true, ""temperature"": 1.0, ""top_p"": 0.95, ""top_k"": 50, ""repetition_penalty"": 1.0, ""max_new_tokens"": 128}"
bytekgwV6,2.0,1,1265,31,31,This is the news you’re looking for. Carrie Fisher has seemingly confirmed to Palm Beach Illustrated magazine that she will ,"This is the news you’re looking for. Carrie Fisher has seemingly confirmed to Palm Beach Illustrated magazine that she will 100% be appearing in the next Star Wars film. Fisher also spoke about her experiences working with director JJ Abrams, saying that she has been ""invited back to the party.""
While Fisher's character, General Leia Organa, was initially thought to be killed off in the previous film, The Force Awakens, her return was confirmed earlier this year when Lucasfilm announced that Fisher would reprise her role for the next two Star Wars installments.
The upcoming film, which is still untitled, will be the eighth installment in the Star Wars saga and is scheduled to hit theaters in December 2017. So, yes, we can","100% be appearing in the next Star Wars film. Fisher also spoke about her experiences working with director JJ Abrams, saying that she has been ""invited back to the party.""
While Fisher's character, General Leia Organa, was initially thought to be killed off in the previous film, The Force Awakens, her return was confirmed earlier this year when Lucasfilm announced that Fisher would reprise her role for the next two Star Wars installments.
The upcoming film, which is still untitled, will be the eighth installment in the Star Wars saga and is scheduled to hit theaters in December 2017. So, yes, we can","{""do_sample"": true, ""temperature"": 1.0, ""top_p"": 0.95, ""top_k"": 50, ""repetition_penalty"": 1.0, ""max_new_tokens"": 128}"
bytekgwV6,2.0,1,1267,33,33,In the market for a low-cost networked storage solution? You may want to take a look at the Netgear ReadyNAS ,"In the market for a low-cost networked storage solution? You may want to take a look at the Netgear ReadyNAS 104, a 2-bay NAS enclosure that packs a punch for its price.
The ReadyNAS 104 is a great option for small businesses and home networks, offering a robust set of features and support for up to 16TB of storage capacity. In this review, we'll dive into the details of this affordable networked storage solution.
Design and Hardware
The Netgear ReadyNAS 104 has a sleek and compact design, making it easy to place on your desk or rackmount in a data center. The enclosure is roughly the size of a standard DVD player and weighs around 3 pounds.
The two 3.5-inch","104, a 2-bay NAS enclosure that packs a punch for its price.
The ReadyNAS 104 is a great option for small businesses and home networks, offering a robust set of features and support for up to 16TB of storage capacity. In this review, we'll dive into the details of this affordable networked storage solution.
Design and Hardware
The Netgear ReadyNAS 104 has a sleek and compact design, making it easy to place on your desk or rackmount in a data center. The enclosure is roughly the size of a standard DVD player and weighs around 3 pounds.
The two 3.5-inch","{""do_sample"": true, ""temperature"": 1.0, ""top_p"": 0.95, ""top_k"": 50, ""repetition_penalty"": 1.0, ""max_new_tokens"": 128}"
bytekgwV6,2.0,1,1269,35,35,"MANILA, Philippines — The state-run Land Bank of the Philippines (Landbank) has extended by one more month or until Jan. ","MANILA, Philippines — The state-run Land Bank of the Philippines (Landbank) has extended by one more month or until Jan. 31, 2021, the deadline for small and medium-sized enterprises (SMEs) to apply for its loan restructuring program.
In a statement, Landbank said the extension aims to provide more time for the SMEs to restructure their debts and continue operating during the pandemic.
The loan restructuring program, which was launched in April 2020, allows SMEs to restructure their existing loans with Landbank to ensure their continued viability and sustainability.
Under the program, eligible borrowers can restructure their loan term, reduce their interest rates and installment payments, and defer principal payments for a certain period.
As of Dec. 31,","31, 2021, the deadline for small and medium-sized enterprises (SMEs) to apply for its loan restructuring program.
In a statement, Landbank said the extension aims to provide more time for the SMEs to restructure their debts and continue operating during the pandemic.
The loan restructuring program, which was launched in April 2020, allows SMEs to restructure their existing loans with Landbank to ensure their continued viability and sustainability.
Under the program, eligible borrowers can restructure their loan term, reduce their interest rates and installment payments, and defer principal payments for a certain period.
As of Dec. 31,","{""do_sample"": true, ""temperature"": 1.0, ""top_p"": 0.95, ""top_k"": 50, ""repetition_penalty"": 1.0, ""max_new_tokens"": 128}"
bytekgwV6,2.0,1,1271,37,37,It’s a continuation of a trend they have seen over the last several years. “It’s been almost three years of ,"It’s a continuation of a trend they have seen over the last several years. “It’s been almost three years of 12 to 15% annual growth,” reports Steve Farnsworth, Vice President of Sales for the United States at Ingersoll Rand. “We have a great team here, and we have been able to capitalize on the resurgence of the industrial economy.
Global industrial automation trends, such as the Industrial Internet of Things (IIoT) and Industry 4.0, are driving the growth, according to Ingersoll Rand. Additionally, the company sees opportunities for growth through innovation and diversification.
Ingersoll Rand offers a broad range of industrial solutions, from industrial compression, fluid handling and separation, and purification technologies to power tools","12 to 15% annual growth,” reports Steve Farnsworth, Vice President of Sales for the United States at Ingersoll Rand. “We have a great team here, and we have been able to capitalize on the resurgence of the industrial economy.
Global industrial automation trends, such as the Industrial Internet of Things (IIoT) and Industry 4.0, are driving the growth, according to Ingersoll Rand. Additionally, the company sees opportunities for growth through innovation and diversification.
Ingersoll Rand offers a broad range of industrial solutions, from industrial compression, fluid handling and separation, and purification technologies to power tools","{""do_sample"": true, ""temperature"": 1.0, ""top_p"": 0.95, ""top_k"": 50, ""repetition_penalty"": 1.0, ""max_new_tokens"": 128}"
bytekgwV6,2.0,1,1273,39,39,"Originally Published: September 24, 2018 8 p.m. Soledad O’Brien, 10 to 11:30 a.m., Yavapai College Performing Arts Center, 1100 E ","Originally Published: September 24, 2018 8 p.m. Soledad O’Brien, 10 to 11:30 a.m., Yavapai College Performing Arts Center, 1100 E 3rd St, Prescott. O’Brien is a journalist, author, and filmmaker. She has won six Emmy Awards and has reported for CNN, NBC News, and other networks. She is best known for her reporting during the 2010 Haiti... Read More
Originally Published: September 24, 2018 8 p.m. Prescott Parks and Recreation and the Prescott Downtown Association are hosting a free outdoor movie, ""The Incredibles,"" from 6 to 9 p.m., Sept. 28, at the Prescott Gateway Mall, 3200 W. Highway 69. Bring your family and enjoy the movie under the","3rd St, Prescott. O’Brien is a journalist, author, and filmmaker. She has won six Emmy Awards and has reported for CNN, NBC News, and other networks. She is best known for her reporting during the 2010 Haiti... Read More
Originally Published: September 24, 2018 8 p.m. Prescott Parks and Recreation and the Prescott Downtown Association are hosting a free outdoor movie, ""The Incredibles,"" from 6 to 9 p.m., Sept. 28, at the Prescott Gateway Mall, 3200 W. Highway 69. Bring your family and enjoy the movie under the","{""do_sample"": true, ""temperature"": 1.0, ""top_p"": 0.95, ""top_k"": 50, ""repetition_penalty"": 1.0, ""max_new_tokens"": 128}"
bytekgwV6,2.0,1,1275,41,41,"Attendees visit the Vodafone Group pavilion at the Mobile World Congress in Barcelona, Spain, March 4, 2015. Vodafone, one of ","Attendees visit the Vodafone Group pavilion at the Mobile World Congress in Barcelona, Spain, March 4, 2015. Vodafone, one of 18 major telecom operators that have signed up for the European Union's 5G project, believes it will create new business opportunities and help the industry shift away from traditional voice and text services. (AP Photo/Manu Fernandez)
Vodafone, one of the world's largest mobile phone operators, is embracing the shift to 5G, the next generation of wireless technology, and sees it creating new business opportunities for the industry.
As part of the European Union's 5G project, Vodafone and 17 other major telecom operators have signed up to develop and test 5G technology, which is expected to offer faster data speeds and","18 major telecom operators that have signed up for the European Union's 5G project, believes it will create new business opportunities and help the industry shift away from traditional voice and text services. (AP Photo/Manu Fernandez)
Vodafone, one of the world's largest mobile phone operators, is embracing the shift to 5G, the next generation of wireless technology, and sees it creating new business opportunities for the industry.
As part of the European Union's 5G project, Vodafone and 17 other major telecom operators have signed up to develop and test 5G technology, which is expected to offer faster data speeds and","{""do_sample"": true, ""temperature"": 1.0, ""top_p"": 0.95, ""top_k"": 50, ""repetition_penalty"": 1.0, ""max_new_tokens"": 128}"
bytekgwV6,2.0,1,1277,43,43,The Congress of South African Trade Unions has noted the latest cabinet reshuffle by President Jacob Zuma. We can confirm ,"The Congress of South African Trade Unions has noted the latest cabinet reshuffle by President Jacob Zuma. We can confirm 3 new ministers, who are no longer in the cabinet, and 2 existing ministers have been moved to new portfolios.
This latest reshuffle is a result of the SABC crisis, Nene's axing as Minister of Finance and other developments. COSATU has consistently stated that the current leadership style and culture in government is a major hindrance to economic transformation and job creation.
We reiterate that government has a moral obligation to prioritise the interests of the majority and not just a select few. The appointment of new ministers, without a clear plan to address the country's socio-economic challenges, is a recipe for continued instability and uncertainty","3 new ministers, who are no longer in the cabinet, and 2 existing ministers have been moved to new portfolios.
This latest reshuffle is a result of the SABC crisis, Nene's axing as Minister of Finance and other developments. COSATU has consistently stated that the current leadership style and culture in government is a major hindrance to economic transformation and job creation.
We reiterate that government has a moral obligation to prioritise the interests of the majority and not just a select few. The appointment of new ministers, without a clear plan to address the country's socio-economic challenges, is a recipe for continued instability and uncertainty","{""do_sample"": true, ""temperature"": 1.0, ""top_p"": 0.95, ""top_k"": 50, ""repetition_penalty"": 1.0, ""max_new_tokens"": 128}"
bytekgwV6,2.0,1,1279,45,45,"After much anticipation, Melania Trump has finally given the world a glimpse of her platform. Like those before her, Trump ","After much anticipation, Melania Trump has finally given the world a glimpse of her platform. Like those before her, Trump 92 has committed to making the lives of certain groups of people better. In this case, it appears that her platform is focused on the well-being of children and adults with various medical conditions.
This week, the First Lady held a listening session at the White House with adults with disabilities, which was also attended by her husband, the President. Trump 92 has stated that she plans to continue advocating on their behalf, as well as for children with various health conditions.
The platform of Melania Trump 92 has already started generating interest and controversy. Many have praised her efforts to raise awareness and promote support for these groups, while others have expressed skepticism","92 has committed to making the lives of certain groups of people better. In this case, it appears that her platform is focused on the well-being of children and adults with various medical conditions.
This week, the First Lady held a listening session at the White House with adults with disabilities, which was also attended by her husband, the President. Trump 92 has stated that she plans to continue advocating on their behalf, as well as for children with various health conditions.
The platform of Melania Trump 92 has already started generating interest and controversy. Many have praised her efforts to raise awareness and promote support for these groups, while others have expressed skepticism","{""do_sample"": true, ""temperature"": 1.0, ""top_p"": 0.95, ""top_k"": 50, ""repetition_penalty"": 1.0, ""max_new_tokens"": 128}"
bytekgwV6,2.0,1,1281,47,47,We build our students up only to encourage them to flee. Why? Combining advertising campaigns handled by pros along with ,"We build our students up only to encourage them to flee. Why? Combining advertising campaigns handled by pros along with 1000’s of happy clients, we have developed a system that we assure will be successful. Your home can look its best, and you can have more time for the things you love. But for now, I will offer some suggestions that might help you. In the future, when I think about the story, my heart, though battered, will beat with memories of that magical place and the people who made it so.
Publisher: E-Books Publishing (March 24, 2011)
How to Become a Millionaire: Secrets of the Rich Revealed
Marketing Mastery: Proven Strategies to Boost Your Business Results (Marketing Mastery","1000’s of happy clients, we have developed a system that we assure will be successful. Your home can look its best, and you can have more time for the things you love. But for now, I will offer some suggestions that might help you. In the future, when I think about the story, my heart, though battered, will beat with memories of that magical place and the people who made it so.
Publisher: E-Books Publishing (March 24, 2011)
How to Become a Millionaire: Secrets of the Rich Revealed
Marketing Mastery: Proven Strategies to Boost Your Business Results (Marketing Mastery","{""do_sample"": true, ""temperature"": 1.0, ""top_p"": 0.95, ""top_k"": 50, ""repetition_penalty"": 1.0, ""max_new_tokens"": 128}"
bytekgwV6,2.0,1,1283,49,49,Federal Reserve Bank of Minneapolis President Narayana Kocherlakota will step down when his current term ends in February 2016. The ,"Federal Reserve Bank of Minneapolis President Narayana Kocherlakota will step down when his current term ends in February 2016. The 54-year-old economist will not seek a second term.
Kocherlakota was appointed as the President and Chief Executive Officer of the Federal Reserve Bank of Minneapolis in 2009. During his tenure, he served on the Federal Open Market Committee (FOMC), the central bank's policy-making body.
""I am grateful for the opportunity to have served as President of the Minneapolis Fed and on the FOMC,"" Kocherlakota said in a statement. ""While my work on monetary policy has been a highlight of my time here, my focus in the coming months will shift to my research agenda, which I will continue to pursue","54-year-old economist will not seek a second term.
Kocherlakota was appointed as the President and Chief Executive Officer of the Federal Reserve Bank of Minneapolis in 2009. During his tenure, he served on the Federal Open Market Committee (FOMC), the central bank's policy-making body.
""I am grateful for the opportunity to have served as President of the Minneapolis Fed and on the FOMC,"" Kocherlakota said in a statement. ""While my work on monetary policy has been a highlight of my time here, my focus in the coming months will shift to my research agenda, which I will continue to pursue","{""do_sample"": true, ""temperature"": 1.0, ""top_p"": 0.95, ""top_k"": 50, ""repetition_penalty"": 1.0, ""max_new_tokens"": 128}"
bytekgwV6,2.0,1,1285,51,51,Roger Federer of Switzerland and Bill Gates shake hands at the Match For Africa 4 exhibition match at KeyArena on ,"Roger Federer of Switzerland and Bill Gates shake hands at the Match For Africa 4 exhibition match at KeyArena on 7th February 2020 in Seattle, Washington. Getty Images/AFP - Stephen Brashear
Microsoft co-founder Bill Gates and tennis legend Roger Federer have joined forces to launch a new initiative aimed at improving digital skills and education for disadvantaged young people in Africa.
The initiative, called ""Rise Fund,"" aims to provide access to technology, entrepreneurship training, and digital skills to young people aged 12-24 who face significant barriers to education and employment.
Federer, who has a strong background in philanthropy and has been involved in several charitable initiatives throughout his career, said the goal of the Rise Fund was to ""empower young","7th February 2020 in Seattle, Washington. Getty Images/AFP - Stephen Brashear
Microsoft co-founder Bill Gates and tennis legend Roger Federer have joined forces to launch a new initiative aimed at improving digital skills and education for disadvantaged young people in Africa.
The initiative, called ""Rise Fund,"" aims to provide access to technology, entrepreneurship training, and digital skills to young people aged 12-24 who face significant barriers to education and employment.
Federer, who has a strong background in philanthropy and has been involved in several charitable initiatives throughout his career, said the goal of the Rise Fund was to ""empower young","{""do_sample"": true, ""temperature"": 1.0, ""top_p"": 0.95, ""top_k"": 50, ""repetition_penalty"": 1.0, ""max_new_tokens"": 128}"
bytekgwV6,2.0,1,1287,53,53,"BAGHDAD, Iraq -- Fighting in the Shiite stronghold of Sadr City killed 23 Iraqis yesterday, hospital officials said, and the ","BAGHDAD, Iraq -- Fighting in the Shiite stronghold of Sadr City killed 23 Iraqis yesterday, hospital officials said, and the 34th day of a standoff between government forces and radical cleric Muqtada al-Sadr's followers passed without resolution.
The violence came as the U.N. Security Council approved a proposal to extend the mandate of the international peacekeeping force in Iraq until December 31, 2008.
In Sadr City, which has been the scene of heavy fighting since March 25, 10 civilians and 13 militiamen were killed in overnight battles, said Dr. Sabah al-Muhammdawi, a hospital official.
The U.S. military reported that its forces had killed 22 fighters from the Mahdi Army, the","34th day of a standoff between government forces and radical cleric Muqtada al-Sadr's followers passed without resolution.
The violence came as the U.N. Security Council approved a proposal to extend the mandate of the international peacekeeping force in Iraq until December 31, 2008.
In Sadr City, which has been the scene of heavy fighting since March 25, 10 civilians and 13 militiamen were killed in overnight battles, said Dr. Sabah al-Muhammdawi, a hospital official.
The U.S. military reported that its forces had killed 22 fighters from the Mahdi Army, the","{""do_sample"": true, ""temperature"": 1.0, ""top_p"": 0.95, ""top_k"": 50, ""repetition_penalty"": 1.0, ""max_new_tokens"": 128}"
bytekgwV6,2.0,1,1289,55,55,"Tulsa race riot survivor: ""Learn how to forgive, but never forget"" SAN FRANCISCO, California (CNN) -- A 100-inch, high definition ","Tulsa race riot survivor: ""Learn how to forgive, but never forget"" SAN FRANCISCO, California (CNN) -- A 100-inch, high definition 3D image of the Civil War-era Tulsa race riot took a little over a half century to create, but the impact it's had on survivors and their families has been invaluable. ""I was 10 years old,"" said Greenwood District survivor, Carrie Brown Thomas. ""We had to flee for our lives, but we knew the people we left behind didn't make it. We didn't want to be captured and sold as slaves again."" For over 50 years, the Tulsa race riot has been dismissed as a footnote in American history. But now, thanks to the power of 3D technology, the voices and memories of the survivors","3D image of the Civil War-era Tulsa race riot took a little over a half century to create, but the impact it's had on survivors and their families has been invaluable. ""I was 10 years old,"" said Greenwood District survivor, Carrie Brown Thomas. ""We had to flee for our lives, but we knew the people we left behind didn't make it. We didn't want to be captured and sold as slaves again."" For over 50 years, the Tulsa race riot has been dismissed as a footnote in American history. But now, thanks to the power of 3D technology, the voices and memories of the survivors","{""do_sample"": true, ""temperature"": 1.0, ""top_p"": 0.95, ""top_k"": 50, ""repetition_penalty"": 1.0, ""max_new_tokens"": 128}"
bytekgwV6,2.0,1,1291,57,57,When Cait and I found out how easy it is to make ravioli–and with such completely impressive and delicious results!–we ,"When Cait and I found out how easy it is to make ravioli–and with such completely impressive and delicious results!–we  decided to give it a try. After all, what better way to treat ourselves after a long week of work? We spent Sunday afternoon making ravioli and it was an absolute blast.
First, we started by making the pasta dough. This involved mixing 1 cup of warm water with 1 egg and 1 cup of all-purpose flour. The mixture came together quickly and easily, and we kneaded the dough for about 10 minutes until it became smooth and elastic. We then wrapped it up and let it rest for 30 minutes while we worked on the filling.
For the filling, we chose a classic spinach and"," decided to give it a try. After all, what better way to treat ourselves after a long week of work? We spent Sunday afternoon making ravioli and it was an absolute blast.
First, we started by making the pasta dough. This involved mixing 1 cup of warm water with 1 egg and 1 cup of all-purpose flour. The mixture came together quickly and easily, and we kneaded the dough for about 10 minutes until it became smooth and elastic. We then wrapped it up and let it rest for 30 minutes while we worked on the filling.
For the filling, we chose a classic spinach and","{""do_sample"": true, ""temperature"": 1.0, ""top_p"": 0.95, ""top_k"": 50, ""repetition_penalty"": 1.0, ""max_new_tokens"": 128}"
bytekgwV6,2.0,1,1293,59,59,"It may not have been enough to bring out the skis, but Wood River Valley residents woke up with a ","It may not have been enough to bring out the skis, but Wood River Valley residents woke up with a 5-7 inches of fresh powder overnight.
Snow totals varied throughout the valley, with areas north of Bellevue and Fairfield reporting the most significant accumulations. The good news is that the snow is expected to stick around, with moderate temperatures forecast for the weekend, keeping the powder fresh and the skiing conditions optimal.
Ketchum’s official snow total for the day was 4.5 inches, with Blaine County reporting a total of 6-8 inches throughout the valley.
As the snow continues to fall and the holiday weekend approaches, residents and visitors alike are likely to take advantage of the fresh powder and hit the slopes.
Wood River","5-7 inches of fresh powder overnight.
Snow totals varied throughout the valley, with areas north of Bellevue and Fairfield reporting the most significant accumulations. The good news is that the snow is expected to stick around, with moderate temperatures forecast for the weekend, keeping the powder fresh and the skiing conditions optimal.
Ketchum’s official snow total for the day was 4.5 inches, with Blaine County reporting a total of 6-8 inches throughout the valley.
As the snow continues to fall and the holiday weekend approaches, residents and visitors alike are likely to take advantage of the fresh powder and hit the slopes.
Wood River","{""do_sample"": true, ""temperature"": 1.0, ""top_p"": 0.95, ""top_k"": 50, ""repetition_penalty"": 1.0, ""max_new_tokens"": 128}"
bytekgwV6,2.0,1,1295,61,61,"Are stoners now a target advertising demographic for fast food companies? Ever since Harold and Kumar went to White Castle, ","Are stoners now a target advertising demographic for fast food companies? Ever since Harold and Kumar went to White Castle, 420-friendly eaters have been tantalized by the promise of greasy food delivered straight to their doorsteps.
It seems that this trend isn’t going away anytime soon. According to an article published by Adweek, fast food chains like Pizza Hut and Domino’s are actively courting the 18-35 demographic with ads and offers that cater specifically to the marijuana-using crowd.
In a bizarre twist, Pizza Hut has partnered with Weedmaps, a popular online directory for cannabis dispensaries and consumption lounges. Customers can now order pizza and get a free delivery code, courtesy of Weedmaps.
Meanwhile, Domino’s has been experimenting with special promotions and","420-friendly eaters have been tantalized by the promise of greasy food delivered straight to their doorsteps.
It seems that this trend isn’t going away anytime soon. According to an article published by Adweek, fast food chains like Pizza Hut and Domino’s are actively courting the 18-35 demographic with ads and offers that cater specifically to the marijuana-using crowd.
In a bizarre twist, Pizza Hut has partnered with Weedmaps, a popular online directory for cannabis dispensaries and consumption lounges. Customers can now order pizza and get a free delivery code, courtesy of Weedmaps.
Meanwhile, Domino’s has been experimenting with special promotions and","{""do_sample"": true, ""temperature"": 1.0, ""top_p"": 0.95, ""top_k"": 50, ""repetition_penalty"": 1.0, ""max_new_tokens"": 128}"
bytekgwV6,2.0,1,1297,63,63,"Due to Hurricane Irene, parts of New Jersey were declared a federal disaster area this week. Federal funding is available ","Due to Hurricane Irene, parts of New Jersey were declared a federal disaster area this week. Federal funding is available  for recovery efforts, but there are a few things to keep in mind if you are impacted:
  1. Debris removal: The Federal Emergency Management Agency (FEMA) has authorized the state to begin removing debris from public roads and rights-of-way. Homeowners can contact their local government for information on debris removal and disposal.
  2. Damage assessments: FEMA inspectors will conduct damage assessments to determine the severity of the damage and the level of assistance available. Homeowners can request a inspection by calling the FEMA Helpline at 1-800-621-3362.
  3. Financial assistance: Homeowners,"," for recovery efforts, but there are a few things to keep in mind if you are impacted:
  1. Debris removal: The Federal Emergency Management Agency (FEMA) has authorized the state to begin removing debris from public roads and rights-of-way. Homeowners can contact their local government for information on debris removal and disposal.
  2. Damage assessments: FEMA inspectors will conduct damage assessments to determine the severity of the damage and the level of assistance available. Homeowners can request a inspection by calling the FEMA Helpline at 1-800-621-3362.
  3. Financial assistance: Homeowners,","{""do_sample"": true, ""temperature"": 1.0, ""top_p"": 0.95, ""top_k"": 50, ""repetition_penalty"": 1.0, ""max_new_tokens"": 128}"
bytekgwV6,2.0,1,1299,65,65,"As many British visitors to France have learnt to their dismay, if you ask a local, “Parlez-vous anglais?”, the answer ","As many British visitors to France have learnt to their dismay, if you ask a local, “Parlez-vous anglais?”, the answer 99 times out of 100 will be “Non, pas très bien”. But for French actor and director Alain Cavalier, that question holds a deeper significance.
Cavalier's film, Le Grand Amour (1969), follows the story of a French actor who becomes infatuated with a German woman. The film's central plot revolves around the characters' inability to communicate, despite their best efforts to speak each other's languages. In fact, the film's very title, Le Grand Amour, is a play on the idea of the grand amour – the great love – and the linguistic barrier that separates the lovers.
The","99 times out of 100 will be “Non, pas très bien”. But for French actor and director Alain Cavalier, that question holds a deeper significance.
Cavalier's film, Le Grand Amour (1969), follows the story of a French actor who becomes infatuated with a German woman. The film's central plot revolves around the characters' inability to communicate, despite their best efforts to speak each other's languages. In fact, the film's very title, Le Grand Amour, is a play on the idea of the grand amour – the great love – and the linguistic barrier that separates the lovers.
The","{""do_sample"": true, ""temperature"": 1.0, ""top_p"": 0.95, ""top_k"": 50, ""repetition_penalty"": 1.0, ""max_new_tokens"": 128}"
bytekgwV6,2.0,1,1301,67,67,"For professors, publishing in elite journals is an unavoidable part of university life. The grueling process of subjecting work to ","For professors, publishing in elite journals is an unavoidable part of university life. The grueling process of subjecting work to 3,000-word limitations, rejections, and rounds of revisions has become an expected ritual in many fields. And yet, the payoff for success can be considerable – increased visibility, higher esteem, tenure, and even job opportunities.
But what about those who don't fit the mold of the typical publishing world? What about those who write without the support of a tenured position, or whose work doesn't neatly fit into the categories of the dominant publishing structures?

For many writers of color, women, LGBTQ individuals, and individuals with disabilities, the publishing process can be particularly daunting. Barriers such as lack of access, implicit bias, and","3,000-word limitations, rejections, and rounds of revisions has become an expected ritual in many fields. And yet, the payoff for success can be considerable – increased visibility, higher esteem, tenure, and even job opportunities.
But what about those who don't fit the mold of the typical publishing world? What about those who write without the support of a tenured position, or whose work doesn't neatly fit into the categories of the dominant publishing structures?

For many writers of color, women, LGBTQ individuals, and individuals with disabilities, the publishing process can be particularly daunting. Barriers such as lack of access, implicit bias, and","{""do_sample"": true, ""temperature"": 1.0, ""top_p"": 0.95, ""top_k"": 50, ""repetition_penalty"": 1.0, ""max_new_tokens"": 128}"
bytekgwV6,2.0,1,1303,69,69,"After rebranding from beverages to a blockchain company, Long Blockchain says it is refocusing yet again and launching operations related ","After rebranding from beverages to a blockchain company, Long Blockchain says it is refocusing yet again and launching operations related 5G connectivity.
Long Blockchain, the company formerly known as Long Island Iced Tea, announced today that it is shifting its focus once again – this time into the realm of 5G connectivity.
Last December, the company abruptly changed its name from Long Island Iced Tea to Long Blockchain, sparking excitement and skepticism around the future of the beverage industry. The company had just received a $3 million investment from a cryptocurrency-focused hedge fund and was eager to pivot towards blockchain and cryptocurrency.
Fast-forward eight months, and the company has announced a new refocus. According to a press release, Long Blockchain will be operating in the 5G","5G connectivity.
Long Blockchain, the company formerly known as Long Island Iced Tea, announced today that it is shifting its focus once again – this time into the realm of 5G connectivity.
Last December, the company abruptly changed its name from Long Island Iced Tea to Long Blockchain, sparking excitement and skepticism around the future of the beverage industry. The company had just received a $3 million investment from a cryptocurrency-focused hedge fund and was eager to pivot towards blockchain and cryptocurrency.
Fast-forward eight months, and the company has announced a new refocus. According to a press release, Long Blockchain will be operating in the 5G","{""do_sample"": true, ""temperature"": 1.0, ""top_p"": 0.95, ""top_k"": 50, ""repetition_penalty"": 1.0, ""max_new_tokens"": 128}"
bytekgwV6,2.0,1,1305,71,71,"Noel Gallo, an organ builder who designed a new organ at Xewkija parish church and Paolo Oreni, an international organist ","Noel Gallo, an organ builder who designed a new organ at Xewkija parish church and Paolo Oreni, an international organist 15 years ago. Photo: Andrew Azzopardi
Renowned international organist Paolo Oreni and organ builder Noel Gallo return to Xewkija parish church on Saturday to celebrate the 15th anniversary of the church's new pipe organ.
The event, organised by the Xewkija Parish Council and the parish's music group, will feature a concert and a recital by Mr Oreni, who was instrumental in the design and installation of the organ.
The new organ, designed and built by Mr Gallo, was inaugurated in 2003 and has become a landmark of the church.
The concert will","15 years ago. Photo: Andrew Azzopardi
Renowned international organist Paolo Oreni and organ builder Noel Gallo return to Xewkija parish church on Saturday to celebrate the 15th anniversary of the church's new pipe organ.
The event, organised by the Xewkija Parish Council and the parish's music group, will feature a concert and a recital by Mr Oreni, who was instrumental in the design and installation of the organ.
The new organ, designed and built by Mr Gallo, was inaugurated in 2003 and has become a landmark of the church.
The concert will","{""do_sample"": true, ""temperature"": 1.0, ""top_p"": 0.95, ""top_k"": 50, ""repetition_penalty"": 1.0, ""max_new_tokens"": 128}"
bytekgwV6,2.0,1,1307,73,73,"Meet Google's Robot Army. It's Growing. Google can't stop buying robotics companies. In the past two months, eight of the ","Meet Google's Robot Army. It's Growing. Google can't stop buying robotics companies. In the past two months, eight of the 13 companies Google acquired have filed patents for robots. And it looks like the Mountain View company won't be stopping anytime soon. (Source) Google's robotics ambitions have been under way since 2013, and in the past two years, the company has acquired some 13 robotics firms. And the acquisition spree isn't showing any signs of slowing down. In a report by The Information, it has been noted that several top robotics companies are now exploring potential sales to Google, or other technology giants, after witnessing the company's aggressive acquisitions of robotics businesses. The Information estimates that Google has spent around $500 million in acquisitions so far this year","13 companies Google acquired have filed patents for robots. And it looks like the Mountain View company won't be stopping anytime soon. (Source) Google's robotics ambitions have been under way since 2013, and in the past two years, the company has acquired some 13 robotics firms. And the acquisition spree isn't showing any signs of slowing down. In a report by The Information, it has been noted that several top robotics companies are now exploring potential sales to Google, or other technology giants, after witnessing the company's aggressive acquisitions of robotics businesses. The Information estimates that Google has spent around $500 million in acquisitions so far this year","{""do_sample"": true, ""temperature"": 1.0, ""top_p"": 0.95, ""top_k"": 50, ""repetition_penalty"": 1.0, ""max_new_tokens"": 128}"
bytekgwV6,2.0,1,1309,75,75,"Michael Schumacher - a seven-time Formula One world champion is ""not bedridden or living on tubes"", it has been reported ","Michael Schumacher - a seven-time Formula One world champion is ""not bedridden or living on tubes"", it has been reported 12 years after a serious skiing accident.
Michael Schumacher, 52, has been under intense medical care and therapy to regain some cognitive and motor skills after the 2013 incident, which left him with a severe head injury.
Despite his condition, Schumacher's wife, Corinna, has reportedly been determined to help him regain his health, with the couple living together at their home in Switzerland.

According to a new book, ""Schumacher: The Life Behind the Legend"" by Dutch journalist Julian Henningsen, Corinna has been working tirelessly to rehabilitate her husband and has made significant progress.

H","12 years after a serious skiing accident.
Michael Schumacher, 52, has been under intense medical care and therapy to regain some cognitive and motor skills after the 2013 incident, which left him with a severe head injury.
Despite his condition, Schumacher's wife, Corinna, has reportedly been determined to help him regain his health, with the couple living together at their home in Switzerland.

According to a new book, ""Schumacher: The Life Behind the Legend"" by Dutch journalist Julian Henningsen, Corinna has been working tirelessly to rehabilitate her husband and has made significant progress.

H","{""do_sample"": true, ""temperature"": 1.0, ""top_p"": 0.95, ""top_k"": 50, ""repetition_penalty"": 1.0, ""max_new_tokens"": 128}"
bytekgwV6,2.0,1,1311,77,77,"On April 4, 1975, Bill Gates and Paul Allen founded Microsoft. The small firm used to develop and sell BASIC ","On April 4, 1975, Bill Gates and Paul Allen founded Microsoft. The small firm used to develop and sell BASIC 6502 for the Altair 8800 microprocessor. The basic was chosen because it was simple and versatile, making it the perfect choice for newcomers. Microsoft's first success was with the first version of their MS-DOS operating system, which became the standard for the early 1980s.
Microsoft's success was largely due to their innovative approach and the right product at the right time. They were the first to develop and release a graphical user interface (GUI) called Windows. At first, it was an extension of the existing MS-DOS, but it eventually grew into a standalone operating system.
In the 1990s,","6502 for the Altair 8800 microprocessor. The basic was chosen because it was simple and versatile, making it the perfect choice for newcomers. Microsoft's first success was with the first version of their MS-DOS operating system, which became the standard for the early 1980s.
Microsoft's success was largely due to their innovative approach and the right product at the right time. They were the first to develop and release a graphical user interface (GUI) called Windows. At first, it was an extension of the existing MS-DOS, but it eventually grew into a standalone operating system.
In the 1990s,","{""do_sample"": true, ""temperature"": 1.0, ""top_p"": 0.95, ""top_k"": 50, ""repetition_penalty"": 1.0, ""max_new_tokens"": 128}"
bytekgwV6,2.0,1,1313,79,79,John Beilein and the Michigan Wolverines are one win away from a national title. On Saturday the Wolverines knocked off ,"John Beilein and the Michigan Wolverines are one win away from a national title. On Saturday the Wolverines knocked off 4-seed Oregon in the Elite Eight, advancing to their first Final Four in 20 years. Michigan won the game 71-58.
Beilein's squad has been a story all season long, as they finished the regular season with a 28-7 record and won the Big Ten Tournament. In the NCAA Tournament, they have now beaten Tulsa, LSU, Houston, and Oregon to advance to the national semifinals.
The Wolverines will face 3-seed Texas Tech on April 6th in Minneapolis, Minn. for the right to play in the national championship game. The Red Raiders defeated Gonzaga on Saturday","4-seed Oregon in the Elite Eight, advancing to their first Final Four in 20 years. Michigan won the game 71-58.
Beilein's squad has been a story all season long, as they finished the regular season with a 28-7 record and won the Big Ten Tournament. In the NCAA Tournament, they have now beaten Tulsa, LSU, Houston, and Oregon to advance to the national semifinals.
The Wolverines will face 3-seed Texas Tech on April 6th in Minneapolis, Minn. for the right to play in the national championship game. The Red Raiders defeated Gonzaga on Saturday","{""do_sample"": true, ""temperature"": 1.0, ""top_p"": 0.95, ""top_k"": 50, ""repetition_penalty"": 1.0, ""max_new_tokens"": 128}"
bytekgwV6,2.0,1,1315,81,81,Two Democratic state representatives from South Florida said Thursday that they've gathered with 33 colleagues to file paperwork with the ,"Two Democratic state representatives from South Florida said Thursday that they've gathered with 33 colleagues to file paperwork with the 2022 gubernatorial candidate who they say will unite the party and have a shot at defeating incumbent Gov. Ron DeSantis.
Reps. Bobby DuBose (D-Fort Lauderdale) and Christine Brown (D-Fort Lauderdale) announced their support for Rep. Anna Eskamani (D-Orlando) at a press conference Thursday morning. Eskamani has been one of the most prominent names floated as a potential candidate for the Democratic gubernatorial nomination.
""I'm not just saying it because I'm a supporter, but I believe Anna Eskamani is the best candidate for this seat,"" DuBose said. ""She","2022 gubernatorial candidate who they say will unite the party and have a shot at defeating incumbent Gov. Ron DeSantis.
Reps. Bobby DuBose (D-Fort Lauderdale) and Christine Brown (D-Fort Lauderdale) announced their support for Rep. Anna Eskamani (D-Orlando) at a press conference Thursday morning. Eskamani has been one of the most prominent names floated as a potential candidate for the Democratic gubernatorial nomination.
""I'm not just saying it because I'm a supporter, but I believe Anna Eskamani is the best candidate for this seat,"" DuBose said. ""She","{""do_sample"": true, ""temperature"": 1.0, ""top_p"": 0.95, ""top_k"": 50, ""repetition_penalty"": 1.0, ""max_new_tokens"": 128}"
bytekgwV6,2.0,1,1317,83,83,"Hospitals are seeking ways to reduce readmissions, due to new penalties from Medicare. Demand for qualified professionals in the health ","Hospitals are seeking ways to reduce readmissions, due to new penalties from Medicare. Demand for qualified professionals in the health  care industry is on the rise, particularly for jobs that focus on improving patient care transitions and reducing readmissions. This course will provide students with the knowledge and skills necessary to succeed in these emerging careers.
The curriculum will focus on the principles of care coordination, patient-centered care, and population health management. Students will learn how to analyze patient data, identify high-risk patients, and develop effective discharge planning and transition strategies. Students will also learn how to develop and implement care coordination interventions, including care pathways and clinical decision support tools. In addition, students will learn how to evaluate the effectiveness of these interventions and apply their knowledge to real-world scenarios.
"," care industry is on the rise, particularly for jobs that focus on improving patient care transitions and reducing readmissions. This course will provide students with the knowledge and skills necessary to succeed in these emerging careers.
The curriculum will focus on the principles of care coordination, patient-centered care, and population health management. Students will learn how to analyze patient data, identify high-risk patients, and develop effective discharge planning and transition strategies. Students will also learn how to develop and implement care coordination interventions, including care pathways and clinical decision support tools. In addition, students will learn how to evaluate the effectiveness of these interventions and apply their knowledge to real-world scenarios.
","{""do_sample"": true, ""temperature"": 1.0, ""top_p"": 0.95, ""top_k"": 50, ""repetition_penalty"": 1.0, ""max_new_tokens"": 128}"
bytekgwV6,2.0,1,1319,85,85,"OK!'s NYC Fashion Week Blog: Gwen Stefani's L.A.M.B. Can’t make it to NYC for Fashion Week? Don’t worry, OK!’s got ","OK!'s NYC Fashion Week Blog: Gwen Stefani's L.A.M.B. Can’t make it to NYC for Fashion Week? Don’t worry, OK!’s got 411! We’re giving you the lowdown from the front rows of the biggest shows and behind-the-scenes scoop on the stars and designers. Check back daily for updates from the city that never sleeps! Gwen Stefani kicked off New York Fashion Week with a bang, debuting her new collection for L.A.M.B. at Milk Studios on Saturday. The line featured everything from edgy leather pants to adorable mini dresses and plenty of Gwen's signature bold prints. We spotted several celebrity attendees, including Eve and Rachel Hunter, who were... Read More
OK!'s NYC Fashion Week Blog: Gwen Stefani's L.A.M.B.
Can","411! We’re giving you the lowdown from the front rows of the biggest shows and behind-the-scenes scoop on the stars and designers. Check back daily for updates from the city that never sleeps! Gwen Stefani kicked off New York Fashion Week with a bang, debuting her new collection for L.A.M.B. at Milk Studios on Saturday. The line featured everything from edgy leather pants to adorable mini dresses and plenty of Gwen's signature bold prints. We spotted several celebrity attendees, including Eve and Rachel Hunter, who were... Read More
OK!'s NYC Fashion Week Blog: Gwen Stefani's L.A.M.B.
Can","{""do_sample"": true, ""temperature"": 1.0, ""top_p"": 0.95, ""top_k"": 50, ""repetition_penalty"": 1.0, ""max_new_tokens"": 128}"
bytekgwV6,2.0,1,1321,87,87,"FILE - Guinea security forces, center, face people rioting and burning rubbish and other goods in the streets of Conakry, ","FILE - Guinea security forces, center, face people rioting and burning rubbish and other goods in the streets of Conakry, 24 December 2020. The West African country has been plunged into chaos after a military junta seized power in a coup, forcing the elected President Alpha Condé to flee. (AP Photo)
Guinea has announced the formation of a transitional government, paving the way for a return to constitutional order after a military coup in September.
The announcement came Wednesday in a statement from the National Transitional Council, which was set up after the coup.
According to the statement, the transitional government will be led by Col. Mamady Doumbouya, the head of the junta that overthrew President Alpha Condé. Doumbouya","24 December 2020. The West African country has been plunged into chaos after a military junta seized power in a coup, forcing the elected President Alpha Condé to flee. (AP Photo)
Guinea has announced the formation of a transitional government, paving the way for a return to constitutional order after a military coup in September.
The announcement came Wednesday in a statement from the National Transitional Council, which was set up after the coup.
According to the statement, the transitional government will be led by Col. Mamady Doumbouya, the head of the junta that overthrew President Alpha Condé. Doumbouya","{""do_sample"": true, ""temperature"": 1.0, ""top_p"": 0.95, ""top_k"": 50, ""repetition_penalty"": 1.0, ""max_new_tokens"": 128}"
bytekgwV6,2.0,1,1323,89,89,Sunday's college basketball roundup: No. 8 N.C. State women stay unbeaten with rout at U.Va. Do conference hoops tournaments hinder ,"Sunday's college basketball roundup: No. 8 N.C. State women stay unbeaten with rout at U.Va. Do conference hoops tournaments hinder 2nd-round exits in NCAA tourney?
Sunday's local interest college basketball summary: The No. 8 N.C. State women's basketball team stayed undefeated with a 74-46 rout at Virginia in Atlantic Coast Conference action.
On the men's side, a lot is at stake when teams advance to their respective conference tournaments. However, history suggests that a team's success in conference play may not always translate to success in the NCAA Tournament.
The NCAA Tournament's ""Cinderella"" teams often come from smaller conferences or mid-major programs that don't have a traditional path to the tournament through their conference's automatic bid. Conversely,","2nd-round exits in NCAA tourney?
Sunday's local interest college basketball summary: The No. 8 N.C. State women's basketball team stayed undefeated with a 74-46 rout at Virginia in Atlantic Coast Conference action.
On the men's side, a lot is at stake when teams advance to their respective conference tournaments. However, history suggests that a team's success in conference play may not always translate to success in the NCAA Tournament.
The NCAA Tournament's ""Cinderella"" teams often come from smaller conferences or mid-major programs that don't have a traditional path to the tournament through their conference's automatic bid. Conversely,","{""do_sample"": true, ""temperature"": 1.0, ""top_p"": 0.95, ""top_k"": 50, ""repetition_penalty"": 1.0, ""max_new_tokens"": 128}"
bytekgwV6,2.0,1,1325,91,91,“All the gold names have been pretty much getting hammered both on the credit side and the equity side for ,"“All the gold names have been pretty much getting hammered both on the credit side and the equity side for 2019, but a lot of those names are still trading at 10-15x earnings on a forward basis,” said Paul Westra, a senior investment strategist at Wells Fargo.
The yield on the 10-year Treasury note fell to 1.67% from 1.73% overnight, pushing bond prices higher and weighing on equities.
“Bond yields are still the dominant force in the markets, and as long as they're declining, it's hard to find a bullish reason to be in equities,” said Stephen Massocca, chief investment officer at Wedbush Securities.
The Dow Jones Industrial Average fell 170","2019, but a lot of those names are still trading at 10-15x earnings on a forward basis,” said Paul Westra, a senior investment strategist at Wells Fargo.
The yield on the 10-year Treasury note fell to 1.67% from 1.73% overnight, pushing bond prices higher and weighing on equities.
“Bond yields are still the dominant force in the markets, and as long as they're declining, it's hard to find a bullish reason to be in equities,” said Stephen Massocca, chief investment officer at Wedbush Securities.
The Dow Jones Industrial Average fell 170","{""do_sample"": true, ""temperature"": 1.0, ""top_p"": 0.95, ""top_k"": 50, ""repetition_penalty"": 1.0, ""max_new_tokens"": 128}"
bytekgwV6,2.0,1,1327,93,93,"Customers line up to purchase lottery tickets, Monday, Oct. 22, 2018, at La Preferida Superdiscount store in Hialeah, Fla. For ","Customers line up to purchase lottery tickets, Monday, Oct. 22, 2018, at La Preferida Superdiscount store in Hialeah, Fla. For 13 years, the Florida Lottery has offered its Fantasy 5 drawing game, and now it's introducing the Pick 5, a new, online-only game that will run concurrently. (AP Photo/Wilfredo Lee)
JACKPOT JACKPOT! Florida Lottery Launches New Pick 5 Game
The Florida Lottery is giving players a new way to try their luck with the launch of its newest game, Pick 5. The new online-only game...
Florida Lottery Launches New Online Game: Pick 5
The Florida Lottery is kicking off the holiday season with the introduction of a new online-only game: Pick 5","13 years, the Florida Lottery has offered its Fantasy 5 drawing game, and now it's introducing the Pick 5, a new, online-only game that will run concurrently. (AP Photo/Wilfredo Lee)
JACKPOT JACKPOT! Florida Lottery Launches New Pick 5 Game
The Florida Lottery is giving players a new way to try their luck with the launch of its newest game, Pick 5. The new online-only game...
Florida Lottery Launches New Online Game: Pick 5
The Florida Lottery is kicking off the holiday season with the introduction of a new online-only game: Pick 5","{""do_sample"": true, ""temperature"": 1.0, ""top_p"": 0.95, ""top_k"": 50, ""repetition_penalty"": 1.0, ""max_new_tokens"": 128}"
bytekgwV6,2.0,1,1329,95,95,There're no feet like happy feet and these Rechargeable Heated Slippers will ensure your feet are always happy. Just slip ,"There're no feet like happy feet and these Rechargeable Heated Slippers will ensure your feet are always happy. Just slip  your feet into these soft, warm and cozy slippers and get ready to relax like never before. The Rechargeable Heated Slippers are designed to provide the ultimate relaxation experience for your feet.
Made from soft, plush materials, these slippers will make you feel like you're walking on clouds. The heated insoles will gently warm your feet, relieving any tension or discomfort. The rechargeable battery will provide you with hours of continuous heat, allowing you to relax and unwind to your heart's content. Perfect for use at home or on-the-go.
Soft, plush materials and a comfortable design ensure these slippers will feel like"," your feet into these soft, warm and cozy slippers and get ready to relax like never before. The Rechargeable Heated Slippers are designed to provide the ultimate relaxation experience for your feet.
Made from soft, plush materials, these slippers will make you feel like you're walking on clouds. The heated insoles will gently warm your feet, relieving any tension or discomfort. The rechargeable battery will provide you with hours of continuous heat, allowing you to relax and unwind to your heart's content. Perfect for use at home or on-the-go.
Soft, plush materials and a comfortable design ensure these slippers will feel like","{""do_sample"": true, ""temperature"": 1.0, ""top_p"": 0.95, ""top_k"": 50, ""repetition_penalty"": 1.0, ""max_new_tokens"": 128}"
bytekgwV6,2.0,1,1331,97,97,"When Katherine Gotovsky sees a problem, her response is immediate. The gears in her 17-year-old mind start working away, determined ","When Katherine Gotovsky sees a problem, her response is immediate. The gears in her 17-year-old mind start working away, determined  to figure out a solution. Such was the case when she noticed that her friend, a fellow student at the Illinois Mathematics and Science Academy, struggled in algebra.
With her own strong background in math and a knack for teaching, Katherine saw an opportunity to help her friend (and others like him). She began tutoring her classmate, creating customized lesson plans and using real-world examples to help make complex concepts more accessible.
Katherine's initiative didn't go unnoticed. She was soon asked to tutor other students on campus and soon after, the Illinois Mathematics and Science Academy's math department took notice. They invited her to help develop and teach a new"," to figure out a solution. Such was the case when she noticed that her friend, a fellow student at the Illinois Mathematics and Science Academy, struggled in algebra.
With her own strong background in math and a knack for teaching, Katherine saw an opportunity to help her friend (and others like him). She began tutoring her classmate, creating customized lesson plans and using real-world examples to help make complex concepts more accessible.
Katherine's initiative didn't go unnoticed. She was soon asked to tutor other students on campus and soon after, the Illinois Mathematics and Science Academy's math department took notice. They invited her to help develop and teach a new","{""do_sample"": true, ""temperature"": 1.0, ""top_p"": 0.95, ""top_k"": 50, ""repetition_penalty"": 1.0, ""max_new_tokens"": 128}"
bytekgwV6,2.0,1,1333,99,99,"A rocket attack by ISIS militants in northern Syria caused symptoms of “chemical gas” in 22 Syrian rebels, state media ","A rocket attack by ISIS militants in northern Syria caused symptoms of “chemical gas” in 22 Syrian rebels, state media  reported.
The attack occurred late on Sunday in the rebel-held town of Kafr Nabl, located in the Aleppo province, the SANA news agency said.
According to SANA, the symptoms reported by the rebels include “shortness of breath, nausea and vomiting” – typical signs of exposure to chemical agents.
The rebels, who were members of the Free Syrian Army (FSA), were transported to nearby hospitals for treatment, the agency added.
The Syrian army later accused ISIS fighters of launching the rocket attack, which it described as a “barbaric” and “cowardly” act.
The FSA and the Syrian government"," reported.
The attack occurred late on Sunday in the rebel-held town of Kafr Nabl, located in the Aleppo province, the SANA news agency said.
According to SANA, the symptoms reported by the rebels include “shortness of breath, nausea and vomiting” – typical signs of exposure to chemical agents.
The rebels, who were members of the Free Syrian Army (FSA), were transported to nearby hospitals for treatment, the agency added.
The Syrian army later accused ISIS fighters of launching the rocket attack, which it described as a “barbaric” and “cowardly” act.
The FSA and the Syrian government","{""do_sample"": true, ""temperature"": 1.0, ""top_p"": 0.95, ""top_k"": 50, ""repetition_penalty"": 1.0, ""max_new_tokens"": 128}"
bytekgwV6,2.0,1,1335,101,101,And yet the Cardinals are in position to complete a three-game sweep of the Cubs on Sunday night after erasing ,"And yet the Cardinals are in position to complete a three-game sweep of the Cubs on Sunday night after erasing 3-0 and 4-3 deficits earlier in the weekend.
It's a tale of two teams right now. The Cubs, who entered the series on a 12-3 run, have lost three straight and six of their last seven. The Cardinals, meanwhile, have won five of their last six and are now just 4 1/2 games behind the Cubs in the division.
The Cubs' 1-2-3 punch of Jon Lester, Kyle Hendricks and Jake Arrieta has been one of the biggest reasons for their success this season. But the trio has struggled of late, with Lester, Hendricks","3-0 and 4-3 deficits earlier in the weekend.
It's a tale of two teams right now. The Cubs, who entered the series on a 12-3 run, have lost three straight and six of their last seven. The Cardinals, meanwhile, have won five of their last six and are now just 4 1/2 games behind the Cubs in the division.
The Cubs' 1-2-3 punch of Jon Lester, Kyle Hendricks and Jake Arrieta has been one of the biggest reasons for their success this season. But the trio has struggled of late, with Lester, Hendricks","{""do_sample"": true, ""temperature"": 1.0, ""top_p"": 0.95, ""top_k"": 50, ""repetition_penalty"": 1.0, ""max_new_tokens"": 128}"
bytekgwV6,2.0,1,1337,103,103,LUCERNE VALLEY — A motorist on Thursday morning found the body of a bicyclist who had been struck by a ,"LUCERNE VALLEY — A motorist on Thursday morning found the body of a bicyclist who had been struck by a 18-wheeler truck on Highway 18 in Lucerne Valley.
San Bernardino County coroner’s officials identified the victim as 39-year-old Richard James White, of Lucerne Valley.
Deputies from the San Bernardino County Sheriff’s Department responded to the scene at around 10:25 a.m., according to Sgt. Mike Williams of the Sheriff’s Department.
The truck driver, a 40-year-old man from Ontario, remained at the scene and cooperated with investigators, Williams said. He was not injured in the incident.
According to Williams, White was riding a bicycle northbound on Highway 18 when he was struck by the","18-wheeler truck on Highway 18 in Lucerne Valley.
San Bernardino County coroner’s officials identified the victim as 39-year-old Richard James White, of Lucerne Valley.
Deputies from the San Bernardino County Sheriff’s Department responded to the scene at around 10:25 a.m., according to Sgt. Mike Williams of the Sheriff’s Department.
The truck driver, a 40-year-old man from Ontario, remained at the scene and cooperated with investigators, Williams said. He was not injured in the incident.
According to Williams, White was riding a bicycle northbound on Highway 18 when he was struck by the","{""do_sample"": true, ""temperature"": 1.0, ""top_p"": 0.95, ""top_k"": 50, ""repetition_penalty"": 1.0, ""max_new_tokens"": 128}"
bytekgwV6,2.0,1,1339,105,105,"TOPEKA, Kan. (WIBW) -- With a snowstorm (and possible blizzard) moving, many of us will spend Sunday indoors. And, while ","TOPEKA, Kan. (WIBW) -- With a snowstorm (and possible blizzard) moving, many of us will spend Sunday indoors. And, while 14News and WIBW are always here to keep you informed and entertained, we've also put together some fun ideas to help make your snow day a bit more enjoyable.
Want to stay inside and get some creative? Try your hand at arts and crafts! Here are a few fun ideas to get you started:
Painting: Break out the paints, canvases and brushes, and let the creative juices flow! You could even try your hand at watercolor or acrylic painting.
Drawing: Grab some pencils, markers or colored pencils and get sketching! You could try drawing what you see outside or imagine something entirely new.
Knitting or","14News and WIBW are always here to keep you informed and entertained, we've also put together some fun ideas to help make your snow day a bit more enjoyable.
Want to stay inside and get some creative? Try your hand at arts and crafts! Here are a few fun ideas to get you started:
Painting: Break out the paints, canvases and brushes, and let the creative juices flow! You could even try your hand at watercolor or acrylic painting.
Drawing: Grab some pencils, markers or colored pencils and get sketching! You could try drawing what you see outside or imagine something entirely new.
Knitting or","{""do_sample"": true, ""temperature"": 1.0, ""top_p"": 0.95, ""top_k"": 50, ""repetition_penalty"": 1.0, ""max_new_tokens"": 128}"
bytekgwV6,2.0,1,1341,107,107,"Rockland — Maine-based nonprofit WindowDressers coordinates community volunteers to build affordable, re-usable, interior insulating window inserts that tighten up existing ","Rockland — Maine-based nonprofit WindowDressers coordinates community volunteers to build affordable, re-usable, interior insulating window inserts that tighten up existing 3-pane wooden windows, reducing heat loss and energy costs for low-income residents.
WindowDressers, a nonprofit organization with a presence in Rockland and other Maine towns, is working with the city to provide its unique window insulation solution to low-income households.
Through a partnership between WindowDressers and the city, the nonprofit will be providing free insulating window inserts to qualified homeowners in Rockland. The program is designed to help low-income residents reduce their energy costs, keep their homes warm and cozy, and reduce the energy burden faced by low-income households.
The insulating window inserts, which WindowDressers refers to as ""","3-pane wooden windows, reducing heat loss and energy costs for low-income residents.
WindowDressers, a nonprofit organization with a presence in Rockland and other Maine towns, is working with the city to provide its unique window insulation solution to low-income households.
Through a partnership between WindowDressers and the city, the nonprofit will be providing free insulating window inserts to qualified homeowners in Rockland. The program is designed to help low-income residents reduce their energy costs, keep their homes warm and cozy, and reduce the energy burden faced by low-income households.
The insulating window inserts, which WindowDressers refers to as ""","{""do_sample"": true, ""temperature"": 1.0, ""top_p"": 0.95, ""top_k"": 50, ""repetition_penalty"": 1.0, ""max_new_tokens"": 128}"
bytekgwV6,2.0,1,1343,109,109,"The Volstead Act was repealed on this date in 1933, returning control of alcohol to the states, and it was ","The Volstead Act was repealed on this date in 1933, returning control of alcohol to the states, and it was 15 years before the United States would see a national alcohol prohibition again, this time with the repeal of the 18th Amendment, followed by the 21st Amendment, which made the ban legal. Source: Prohibition was repealed on December 5, 1933 – History.com.
December 5th is also celebrated as Repeal Day, and many bars and pubs across the United States and other countries participate by offering special deals, discounts, and promotions to commemorate the day Prohibition was repealed. Cheers! 🥳
For those who love a good drink, or for those who are just curious about the Prohibition era","15 years before the United States would see a national alcohol prohibition again, this time with the repeal of the 18th Amendment, followed by the 21st Amendment, which made the ban legal. Source: Prohibition was repealed on December 5, 1933 – History.com.
December 5th is also celebrated as Repeal Day, and many bars and pubs across the United States and other countries participate by offering special deals, discounts, and promotions to commemorate the day Prohibition was repealed. Cheers! 🥳
For those who love a good drink, or for those who are just curious about the Prohibition era","{""do_sample"": true, ""temperature"": 1.0, ""top_p"": 0.95, ""top_k"": 50, ""repetition_penalty"": 1.0, ""max_new_tokens"": 128}"
bytekgwV6,2.0,1,1345,111,111,"Ronny Deila blamed a rutted, ploughed Hampden pitch for his side's failure to inflict League Cup embarrassment upon Rangers. Denying ","Ronny Deila blamed a rutted, ploughed Hampden pitch for his side's failure to inflict League Cup embarrassment upon Rangers. Denying 10-man Celtic were deserving winners, Deila claimed the surface made it difficult for his team to play their best football, while also questioning the motives of the referee.
""We dominated the game, but the pitch made it hard for us to play our game,"" the Celtic boss said. ""The referee made some strange decisions, and I think he was influenced by the crowd. It's not good enough, and we have to do better.""
Celtic's win was secured by goals from Leigh Griffiths and Callum McGregor, with Joey Barton seeing red for a second yellow card, but Deila insisted the scoreline was flattering. ""We","10-man Celtic were deserving winners, Deila claimed the surface made it difficult for his team to play their best football, while also questioning the motives of the referee.
""We dominated the game, but the pitch made it hard for us to play our game,"" the Celtic boss said. ""The referee made some strange decisions, and I think he was influenced by the crowd. It's not good enough, and we have to do better.""
Celtic's win was secured by goals from Leigh Griffiths and Callum McGregor, with Joey Barton seeing red for a second yellow card, but Deila insisted the scoreline was flattering. ""We","{""do_sample"": true, ""temperature"": 1.0, ""top_p"": 0.95, ""top_k"": 50, ""repetition_penalty"": 1.0, ""max_new_tokens"": 128}"
bytekgwV6,2.0,1,1347,113,113,Why do CEOs need extravagant perks even when they are firing staff and pleading for taxpayer bailouts? It may just ,"Why do CEOs need extravagant perks even when they are firing staff and pleading for taxpayer bailouts? It may just.............................. at a time when people are struggling and living through a recession.
A) make sense
B) look quite bad
C) be fair
D) be necessary
Answer: B) look quite bad
Explanation: The sentence suggests that CEOs' extravagant perks may seem unfair or unjustifiable, especially when they are laying off staff and begging for government assistance. This phrase implies that it is not a good time for CEOs to be enjoying lavish perks when many people are struggling and facing financial hardship. So, the correct answer is option B. ""Look quite bad"". It's like they are trying to put their hands in the pocket","............................. at a time when people are struggling and living through a recession.
A) make sense
B) look quite bad
C) be fair
D) be necessary
Answer: B) look quite bad
Explanation: The sentence suggests that CEOs' extravagant perks may seem unfair or unjustifiable, especially when they are laying off staff and begging for government assistance. This phrase implies that it is not a good time for CEOs to be enjoying lavish perks when many people are struggling and facing financial hardship. So, the correct answer is option B. ""Look quite bad"". It's like they are trying to put their hands in the pocket","{""do_sample"": true, ""temperature"": 1.0, ""top_p"": 0.95, ""top_k"": 50, ""repetition_penalty"": 1.0, ""max_new_tokens"": 128}"
bytekgwV6,2.0,1,1349,115,115,Northeastern International Airways suspended service on all but one of its routes after an unsuccessful attempt to attract passengers with ,"Northeastern International Airways suspended service on all but one of its routes after an unsuccessful attempt to attract passengers with 1960s-style promotions and a vintage plane.
The airline had launched a campaign called ""Relive the Classic"" that included promoting the era's popular music, fashion and culture. But the effort failed to generate enough bookings and the airline was forced to scale back its operations.
Northeastern International Airways, based in Baltimore, operates a single route between Baltimore and Manchester, N.H. The airline previously operated eight routes in the United States and Canada.
In a statement, the airline said it was discontinuing service on six routes, including Boston, Cleveland, Pittsburgh, St. Louis, Toronto and Washington. The airline said the decision was made","1960s-style promotions and a vintage plane.
The airline had launched a campaign called ""Relive the Classic"" that included promoting the era's popular music, fashion and culture. But the effort failed to generate enough bookings and the airline was forced to scale back its operations.
Northeastern International Airways, based in Baltimore, operates a single route between Baltimore and Manchester, N.H. The airline previously operated eight routes in the United States and Canada.
In a statement, the airline said it was discontinuing service on six routes, including Boston, Cleveland, Pittsburgh, St. Louis, Toronto and Washington. The airline said the decision was made","{""do_sample"": true, ""temperature"": 1.0, ""top_p"": 0.95, ""top_k"": 50, ""repetition_penalty"": 1.0, ""max_new_tokens"": 128}"
bytekgwV6,2.0,1,1351,117,117,"DAVIDSON, N.C., Jan. 10, 2019 /PRNewswire/ -- Rocus Networks, a managed cybersecurity service provider for business, announced today that it ","DAVIDSON, N.C., Jan. 10, 2019 /PRNewswire/ -- Rocus Networks, a managed cybersecurity service provider for business, announced today that it  has been selected as a Top 10 Finalist for the 2019 Cybersecurity Excellence Awards in the category of ""Managed Security Services Provider."" The Cybersecurity Excellence Awards are an annual awards program that recognizes the world's leading cybersecurity companies and solutions.
""We are thrilled to be named a Top 10 Finalist for the 2019 Cybersecurity Excellence Awards,"" said James R. Krouse, CEO of Rocus Networks. ""Our team is dedicated to providing comprehensive, expert-level cybersecurity solutions that help our clients stay safe and secure in today's ever-evolving threat landscape. We appreciate the recognition and look forward to continuing to serve our"," has been selected as a Top 10 Finalist for the 2019 Cybersecurity Excellence Awards in the category of ""Managed Security Services Provider."" The Cybersecurity Excellence Awards are an annual awards program that recognizes the world's leading cybersecurity companies and solutions.
""We are thrilled to be named a Top 10 Finalist for the 2019 Cybersecurity Excellence Awards,"" said James R. Krouse, CEO of Rocus Networks. ""Our team is dedicated to providing comprehensive, expert-level cybersecurity solutions that help our clients stay safe and secure in today's ever-evolving threat landscape. We appreciate the recognition and look forward to continuing to serve our","{""do_sample"": true, ""temperature"": 1.0, ""top_p"": 0.95, ""top_k"": 50, ""repetition_penalty"": 1.0, ""max_new_tokens"": 128}"
bytekgwV6,2.0,1,1353,119,119,McDonald’s jumped 5.3 percent after the world’s biggest fast-food chain by revenue topped analysts’ forecasts for profit and sales. Shares ,"McDonald’s jumped 5.3 percent after the world’s biggest fast-food chain by revenue topped analysts’ forecasts for profit and sales. Shares 2022, 2023, and 2025.
In Q4 2022 earnings report, McDonald's:
* Beats Q4 profit expectations
* Revenue exceeded the high end of forecast range
* Comp-store sales growth was better than forecast
* Digital sales grew 15% yoy
* International like-for-like sales grew 13.4% yoy
* McValue and Dollar Menu/Beyond Meat items gain popularity
* McDonald's now sees 2023 sales growth exceeding 10%
McDonald's shares (2022, 2023, and 2025).
• 2022: $240
","2022, 2023, and 2025.
In Q4 2022 earnings report, McDonald's:
* Beats Q4 profit expectations
* Revenue exceeded the high end of forecast range
* Comp-store sales growth was better than forecast
* Digital sales grew 15% yoy
* International like-for-like sales grew 13.4% yoy
* McValue and Dollar Menu/Beyond Meat items gain popularity
* McDonald's now sees 2023 sales growth exceeding 10%
McDonald's shares (2022, 2023, and 2025).
• 2022: $240
","{""do_sample"": true, ""temperature"": 1.0, ""top_p"": 0.95, ""top_k"": 50, ""repetition_penalty"": 1.0, ""max_new_tokens"": 128}"
bytekgwV6,2.0,1,1355,121,121,Hull - Where the US goes the UK often follows. This is especially true of negatives. If the US has ,"Hull - Where the US goes the UK often follows. This is especially true of negatives. If the US has 2-3 years of a severe economic downturn, the UK will likely follow with its own recession, often with a smaller but still significant impact. This has been the case multiple times throughout history. In 1920-1921, the US experienced a recession that lasted for about 18 months, and the UK followed with a similar recession around the same time. In the early 1980s, the US experienced a recession that lasted from 1980-1982, and the UK had a recession from 1980-1983.
Here's the key to understanding the UK's potential for a recession: the US economy has","2-3 years of a severe economic downturn, the UK will likely follow with its own recession, often with a smaller but still significant impact. This has been the case multiple times throughout history. In 1920-1921, the US experienced a recession that lasted for about 18 months, and the UK followed with a similar recession around the same time. In the early 1980s, the US experienced a recession that lasted from 1980-1982, and the UK had a recession from 1980-1983.
Here's the key to understanding the UK's potential for a recession: the US economy has","{""do_sample"": true, ""temperature"": 1.0, ""top_p"": 0.95, ""top_k"": 50, ""repetition_penalty"": 1.0, ""max_new_tokens"": 128}"
bytekgwV6,2.0,1,1357,123,123,"GRANT COUNTY, N.M. - ""Everywhere I go, the kids call me the book lady,"" Dolly Parton said. She may be ","GRANT COUNTY, N.M. - ""Everywhere I go, the kids call me the book lady,"" Dolly Parton said. She may be 71 years old, but the Queen of Country still has a way with people. She was in Grant County, New Mexico, for a special event to help bring reading and literacy to the area.
Parton, a renowned singer-songwriter and actress, was awarded the Grant County Community Foundation's 2019 Community Champion award. She was honored for her tireless efforts to support education and literacy, particularly through her Imagination Library program, which provides free books to children from birth to age five in select areas around the world.
Parton was moved to tears when she learned about the lack of resources and opportunities for children in Grant County to access","71 years old, but the Queen of Country still has a way with people. She was in Grant County, New Mexico, for a special event to help bring reading and literacy to the area.
Parton, a renowned singer-songwriter and actress, was awarded the Grant County Community Foundation's 2019 Community Champion award. She was honored for her tireless efforts to support education and literacy, particularly through her Imagination Library program, which provides free books to children from birth to age five in select areas around the world.
Parton was moved to tears when she learned about the lack of resources and opportunities for children in Grant County to access","{""do_sample"": true, ""temperature"": 1.0, ""top_p"": 0.95, ""top_k"": 50, ""repetition_penalty"": 1.0, ""max_new_tokens"": 128}"
bytekgwV6,2.0,1,1359,125,125,"While many restaurants in New York City have close relationships with farmers, and boast unimpeachable farm-to-table ethics, far fewer have ","While many restaurants in New York City have close relationships with farmers, and boast unimpeachable farm-to-table ethics, far fewer have 500 acres of their own farmland, right here in New York State. But that's just the case with Union Square Hospitality Group's newest restaurant, Hill Country Barbecue Market, which opened in November at the south end of Union Square.

From the outside, the 15,000-square-foot restaurant, designed by Rockwell Group, looks like a rustic farmhouse with a bright red door. The interior features reclaimed wood, exposed brick, and a large, lively bar area with an open kitchen that faces the restaurant. But it's the fact that the restaurant has 500 acres of farmland, dedicated to raising heritage pork, grass-fed beef","500 acres of their own farmland, right here in New York State. But that's just the case with Union Square Hospitality Group's newest restaurant, Hill Country Barbecue Market, which opened in November at the south end of Union Square.

From the outside, the 15,000-square-foot restaurant, designed by Rockwell Group, looks like a rustic farmhouse with a bright red door. The interior features reclaimed wood, exposed brick, and a large, lively bar area with an open kitchen that faces the restaurant. But it's the fact that the restaurant has 500 acres of farmland, dedicated to raising heritage pork, grass-fed beef","{""do_sample"": true, ""temperature"": 1.0, ""top_p"": 0.95, ""top_k"": 50, ""repetition_penalty"": 1.0, ""max_new_tokens"": 128}"
bytekgwV6,2.0,1,1361,127,127,T-Mobile has just rolled out a service called HotSpot @Homethat allows you to use a WiFi-enabled cell phone to make ,"T-Mobile has just rolled out a service called HotSpot @Homethat allows you to use a WiFi-enabled cell phone to make 3G calls over your home network. The service is available to T-Mobile customers with a 3G-enabled phone and a qualifying rate plan.
Here's how it works: with HotSpot @Home, you'll need to use a 3G-enabled phone with a WiFi adapter, such as the T-Mobile Dash 3G or the Nokia E71. Once you've got the adapter plugged in and your phone connected to your home network, you can use your phone to make and receive calls just like you would with a traditional home phone. The calls will use your home network, rather than your mobile network, which means that you won","3G calls over your home network. The service is available to T-Mobile customers with a 3G-enabled phone and a qualifying rate plan.
Here's how it works: with HotSpot @Home, you'll need to use a 3G-enabled phone with a WiFi adapter, such as the T-Mobile Dash 3G or the Nokia E71. Once you've got the adapter plugged in and your phone connected to your home network, you can use your phone to make and receive calls just like you would with a traditional home phone. The calls will use your home network, rather than your mobile network, which means that you won","{""do_sample"": true, ""temperature"": 1.0, ""top_p"": 0.95, ""top_k"": 50, ""repetition_penalty"": 1.0, ""max_new_tokens"": 128}"
bytekgwV6,2.0,1,1363,129,129,"""Oh, you are stuck on homework problem number 13? I found a solution on YouTube. That helped a lot. Just ","""Oh, you are stuck on homework problem number 13? I found a solution on YouTube. That helped a lot. Just 15 minutes of viewing and the problem was...
Added by Prasanna Kumar on July 31, 2011 at 10:32pm — 2 Comments
Homework Help! I need help with a science project
Hi all! I'm working on a science project for school and I'm having a bit of trouble with the research part. My topic is about the effects of pH on plant growth. Here's the problem:
I need to research and write a short report on the effects of pH on plant growth. Can someone give me some tips on how to start this research? Maybe some sources I can look up?
Also","15 minutes of viewing and the problem was...
Added by Prasanna Kumar on July 31, 2011 at 10:32pm — 2 Comments
Homework Help! I need help with a science project
Hi all! I'm working on a science project for school and I'm having a bit of trouble with the research part. My topic is about the effects of pH on plant growth. Here's the problem:
I need to research and write a short report on the effects of pH on plant growth. Can someone give me some tips on how to start this research? Maybe some sources I can look up?
Also","{""do_sample"": true, ""temperature"": 1.0, ""top_p"": 0.95, ""top_k"": 50, ""repetition_penalty"": 1.0, ""max_new_tokens"": 128}"
bytekgwV6,2.0,1,1365,131,131,Up to an inch of snow is likely on the Eastern Shore and up into Sussex County Friday afternoon. Below-freezing ,"Up to an inch of snow is likely on the Eastern Shore and up into Sussex County Friday afternoon. Below-freezing  temperatures tonight could bring some icy roads and slick spots by Friday morning.  A Winter Weather Advisory is in effect until 1 pm Friday.
According to the National Weather Service, an inch or more of snow is expected across the Delmarva peninsula with the highest totals in Eastern Shore counties.
The heaviest snow is expected to fall during the afternoon hours, between 2 pm and 5 pm Friday.
As the snow wraps up Friday evening, a cold front moves in and brings gusty winds and a chance of light freezing rain or sleet. Roads could freeze and become icy, making for hazardous travel.
A Frost Advis"," temperatures tonight could bring some icy roads and slick spots by Friday morning.  A Winter Weather Advisory is in effect until 1 pm Friday.
According to the National Weather Service, an inch or more of snow is expected across the Delmarva peninsula with the highest totals in Eastern Shore counties.
The heaviest snow is expected to fall during the afternoon hours, between 2 pm and 5 pm Friday.
As the snow wraps up Friday evening, a cold front moves in and brings gusty winds and a chance of light freezing rain or sleet. Roads could freeze and become icy, making for hazardous travel.
A Frost Advis","{""do_sample"": true, ""temperature"": 1.0, ""top_p"": 0.95, ""top_k"": 50, ""repetition_penalty"": 1.0, ""max_new_tokens"": 128}"
bytekgwV6,2.0,1,1367,133,133,"It’s dense, interesting, weird and funny, but what it’s all wrapped around is another “Chosen One” story that really feels ","It’s dense, interesting, weird and funny, but what it’s all wrapped around is another “Chosen One” story that really feels 30 years past its expiration date. The concept of a chosen one is just that – overdone. And don’t get me started on the whole prophecy thing... - CNET on ""Dumbledore's Army: A Hogwarts Battle""
It’s not like we haven’t seen this before. The story follows the typical beat of a chosen one tale: a group of students destined to save the world, a powerful artifact to be found or retrieved, and the usual battle between good and evil. - IGN on ""Dumbledore's Army: A Hogwarts Battle""
The story feels overly familiar, with characters that are either archetypes or poorly written, and","30 years past its expiration date. The concept of a chosen one is just that – overdone. And don’t get me started on the whole prophecy thing... - CNET on ""Dumbledore's Army: A Hogwarts Battle""
It’s not like we haven’t seen this before. The story follows the typical beat of a chosen one tale: a group of students destined to save the world, a powerful artifact to be found or retrieved, and the usual battle between good and evil. - IGN on ""Dumbledore's Army: A Hogwarts Battle""
The story feels overly familiar, with characters that are either archetypes or poorly written, and","{""do_sample"": true, ""temperature"": 1.0, ""top_p"": 0.95, ""top_k"": 50, ""repetition_penalty"": 1.0, ""max_new_tokens"": 128}"
bytekgwV6,2.0,1,1369,135,135,"Maddie Hinch and her England team-mates should be proud of their Hockey Women’s World Cup exploits, according to their head ","Maddie Hinch and her England team-mates should be proud of their Hockey Women’s World Cup exploits, according to their head  coach, Mark Hager.
The Roses reached the semi-finals for the first time in eight years after victories over India and Australia, but ultimately lost 6-0 to reigning champions  Netherlands.
Hager said: “I’m incredibly proud of the girls. We achieved our best finish in the World Cup for eight years, and we did it in a tough pool and then a very tough quarter-final.
“We took the world number ones to the wire, and we can hold our heads high with the performance we put in. We made a lot of mistakes, but we learned from them and grew.
Maddie"," coach, Mark Hager.
The Roses reached the semi-finals for the first time in eight years after victories over India and Australia, but ultimately lost 6-0 to reigning champions  Netherlands.
Hager said: “I’m incredibly proud of the girls. We achieved our best finish in the World Cup for eight years, and we did it in a tough pool and then a very tough quarter-final.
“We took the world number ones to the wire, and we can hold our heads high with the performance we put in. We made a lot of mistakes, but we learned from them and grew.
Maddie","{""do_sample"": true, ""temperature"": 1.0, ""top_p"": 0.95, ""top_k"": 50, ""repetition_penalty"": 1.0, ""max_new_tokens"": 128}"
bytekgwV6,2.0,1,1371,137,137,"Anna C. Christensen has been a supporter of family planning since high school, when she stuffed envelopes as a volunteer ","Anna C. Christensen has been a supporter of family planning since high school, when she stuffed envelopes as a volunteer 4-H Leader with a family planning organization. She has spent over a decade working in the reproductive health and rights movement, including stints with the National Network of Abortion Funds, the National Abortion Federation, and the New York City Department of Health and Mental Hygiene.
Anna is currently the Director of Public Policy and Government Affairs at the Guttmacher Institute, where she leads efforts to shape national and international reproductive health and rights policies. She is based in Washington, D.C. and has served as a liaison to Capitol Hill, the White House, and other government agencies.
Anna holds a bachelor’s degree in human biology from Stanford University","4-H Leader with a family planning organization. She has spent over a decade working in the reproductive health and rights movement, including stints with the National Network of Abortion Funds, the National Abortion Federation, and the New York City Department of Health and Mental Hygiene.
Anna is currently the Director of Public Policy and Government Affairs at the Guttmacher Institute, where she leads efforts to shape national and international reproductive health and rights policies. She is based in Washington, D.C. and has served as a liaison to Capitol Hill, the White House, and other government agencies.
Anna holds a bachelor’s degree in human biology from Stanford University","{""do_sample"": true, ""temperature"": 1.0, ""top_p"": 0.95, ""top_k"": 50, ""repetition_penalty"": 1.0, ""max_new_tokens"": 128}"
bytekgwV6,2.0,1,1373,139,139,Jesse Winker will undergo season-ending shoulder surgery. He was batting .299 this year with 7 homers and 43 RBI. Throughout ,"Jesse Winker will undergo season-ending shoulder surgery. He was batting.299 this year with 7 homers and 43 RBI. Throughout 2022, he’s hit.270 with 22 homers and 69 RBI. The 29-year-old outfielder had been on a tear in July but then suffered an injury on July 14 which forced him to miss several games. He has shown improvement during his rehab stint but the decision was made to proceed with the surgical procedure. The expectation is for him to make a full recovery in time for spring training next year. (Source: Cincinnati Enquirer)
Fantasy Impact: This is a significant loss for the Reds, as Winker was a consistent contributor and a key piece in their outfield. His absence will leave a significant void","2022, he’s hit.270 with 22 homers and 69 RBI. The 29-year-old outfielder had been on a tear in July but then suffered an injury on July 14 which forced him to miss several games. He has shown improvement during his rehab stint but the decision was made to proceed with the surgical procedure. The expectation is for him to make a full recovery in time for spring training next year. (Source: Cincinnati Enquirer)
Fantasy Impact: This is a significant loss for the Reds, as Winker was a consistent contributor and a key piece in their outfield. His absence will leave a significant void","{""do_sample"": true, ""temperature"": 1.0, ""top_p"": 0.95, ""top_k"": 50, ""repetition_penalty"": 1.0, ""max_new_tokens"": 128}"
bytekgwV6,2.0,1,1375,141,141,Combined company will make Chevron second-largest petroleum producer in the world. The combined company will remain far behind Exxon Mobil ,"Combined company will make Chevron second-largest petroleum producer in the world. The combined company will remain far behind Exxon Mobil 3rd Largest Petroleum Producer in the...
Walmart and Google partner to offer voice-enabled shopping Walmart and Google Partnering on Voice-Enabled Shopping Walmart...
Walmart acquires Cornershop to expand grocery delivery services The company acquired Chile-based Cornershop for $225 million. With the...
Walmart announces plans for drone delivery Walmart Announces Plans for Drone Delivery Walmart has partnered...
Walmart and Google partner to offer voice-enabled shopping Walmart and Google Partnering on Voice-Enabled Shopping Walmart...
Walmart acquires Cornershop to expand grocery delivery services The company acquired Chile-based Cornershop for $225 million. With...
Walmart announces","3rd Largest Petroleum Producer in the...
Walmart and Google partner to offer voice-enabled shopping Walmart and Google Partnering on Voice-Enabled Shopping Walmart...
Walmart acquires Cornershop to expand grocery delivery services The company acquired Chile-based Cornershop for $225 million. With the...
Walmart announces plans for drone delivery Walmart Announces Plans for Drone Delivery Walmart has partnered...
Walmart and Google partner to offer voice-enabled shopping Walmart and Google Partnering on Voice-Enabled Shopping Walmart...
Walmart acquires Cornershop to expand grocery delivery services The company acquired Chile-based Cornershop for $225 million. With...
Walmart announces","{""do_sample"": true, ""temperature"": 1.0, ""top_p"": 0.95, ""top_k"": 50, ""repetition_penalty"": 1.0, ""max_new_tokens"": 128}"
bytekgwV6,2.0,1,1377,143,143,"YOKOHAMA, Japan – Nissan Motor Co. announced it has licensed its Around View Monitor and Moving Object Detection technology, jointly ","YOKOHAMA, Japan – Nissan Motor Co. announced it has licensed its Around View Monitor and Moving Object Detection technology, jointly  developed with Japan-based Omron Corp., to various manufacturers for use in their products.
The two companies announced a partnership to develop a 360-degree camera system in 2008. Nissan has been using the system on some of its models since 2012, and has received positive feedback from customers.
The technology uses a combination of cameras and sensors to provide a virtual 360-degree view of the vehicle’s surroundings, which can help with parking and maneuvering in tight spaces. The Moving Object Detection feature uses software to detect moving objects within the vehicle’s path and alert the driver.
Nissan said the technology has been licensed to several major automotive"," developed with Japan-based Omron Corp., to various manufacturers for use in their products.
The two companies announced a partnership to develop a 360-degree camera system in 2008. Nissan has been using the system on some of its models since 2012, and has received positive feedback from customers.
The technology uses a combination of cameras and sensors to provide a virtual 360-degree view of the vehicle’s surroundings, which can help with parking and maneuvering in tight spaces. The Moving Object Detection feature uses software to detect moving objects within the vehicle’s path and alert the driver.
Nissan said the technology has been licensed to several major automotive","{""do_sample"": true, ""temperature"": 1.0, ""top_p"": 0.95, ""top_k"": 50, ""repetition_penalty"": 1.0, ""max_new_tokens"": 128}"
bytekgwV6,2.0,1,1379,145,145,A concrete slab and 10-foot high block walls with exposed rebar sit behind a chain link fence as an ugly ,"A concrete slab and 10-foot high block walls with exposed rebar sit behind a chain link fence as an ugly 1970s-style office building stands adjacent.
The old office building stands behind a chain-link fence with a crumbling parking lot, surrounded by a high crime area. Concrete blocks with exposed rebar sit along the top.
A crumbling parking lot and a 1970s-style office building stand behind a chain-link fence, an eyesore in the midst of a decaying urban environment.
Concrete blocks with exposed rebar top a 10-foot high block wall behind a chain-link fence. A neglected office building stands adjacent, a relic of the past in a run-down urban area.
The old office building stands behind a chain-link fence with a crumbling","1970s-style office building stands adjacent.
The old office building stands behind a chain-link fence with a crumbling parking lot, surrounded by a high crime area. Concrete blocks with exposed rebar sit along the top.
A crumbling parking lot and a 1970s-style office building stand behind a chain-link fence, an eyesore in the midst of a decaying urban environment.
Concrete blocks with exposed rebar top a 10-foot high block wall behind a chain-link fence. A neglected office building stands adjacent, a relic of the past in a run-down urban area.
The old office building stands behind a chain-link fence with a crumbling","{""do_sample"": true, ""temperature"": 1.0, ""top_p"": 0.95, ""top_k"": 50, ""repetition_penalty"": 1.0, ""max_new_tokens"": 128}"
bytekgwV6,2.0,1,1381,147,147,It may be noted that Air India's was the only service that plied between Madurai and Mumbai. Some passengers pointed ,"It may be noted that Air India's was the only service that plied between Madurai and Mumbai. Some passengers pointed outhat it was a convenience to them, but others have sought to book flights on alternate airlines.
The Union Budget for 2023-2024 has given a major boost to the Indian aviation industry with the announcement of the abolition of the lower and upper ceilings of the service tax on air travel. As a result, the aviation industry has seen a significant surge in passenger bookings.
On the one hand, the abolition of the service tax has led to an increase in demand for air travel, and hence, the revenue of the airline industry has also seen a growth. Air India, which had been facing some financial troubles, has also seen some","outhat it was a convenience to them, but others have sought to book flights on alternate airlines.
The Union Budget for 2023-2024 has given a major boost to the Indian aviation industry with the announcement of the abolition of the lower and upper ceilings of the service tax on air travel. As a result, the aviation industry has seen a significant surge in passenger bookings.
On the one hand, the abolition of the service tax has led to an increase in demand for air travel, and hence, the revenue of the airline industry has also seen a growth. Air India, which had been facing some financial troubles, has also seen some","{""do_sample"": true, ""temperature"": 1.0, ""top_p"": 0.95, ""top_k"": 50, ""repetition_penalty"": 1.0, ""max_new_tokens"": 128}"
bytekgwV6,2.0,1,1383,149,149,"Initiated by Joint Chiefs of Staff Chairman General Nathan Twining and Chief of Naval Operations Admiral Arleigh Burke, and then ","Initiated by Joint Chiefs of Staff Chairman General Nathan Twining and Chief of Naval Operations Admiral Arleigh Burke, and then 4 years and 8 months later, the Soviet Union launched the Sputnik 1, the world's first artificial satellite. the first human spaceflight by Soviet cosmonaut Yuri Gagarin on April 12, 1961. It marked the beginning of the Soviet-American space race.
1. Sputnik 1 was the first artificial satellite successfully launched into Earth's orbit, marking the start of the space age. Launched on October 4, 1957, at 9:28 PM Moscow Time, it was a technological breakthrough and a symbol of Soviet achievement.
2. The first human spaceflight by Soviet","4 years and 8 months later, the Soviet Union launched the Sputnik 1, the world's first artificial satellite. the first human spaceflight by Soviet cosmonaut Yuri Gagarin on April 12, 1961. It marked the beginning of the Soviet-American space race.
1. Sputnik 1 was the first artificial satellite successfully launched into Earth's orbit, marking the start of the space age. Launched on October 4, 1957, at 9:28 PM Moscow Time, it was a technological breakthrough and a symbol of Soviet achievement.
2. The first human spaceflight by Soviet","{""do_sample"": true, ""temperature"": 1.0, ""top_p"": 0.95, ""top_k"": 50, ""repetition_penalty"": 1.0, ""max_new_tokens"": 128}"
bytekgwV6,2.0,1,1385,151,151,"DAVENPORT - Don Skipper, an administrative assistant at Ridge Community High School, was named the school's head boys basketball coach ","DAVENPORT - Don Skipper, an administrative assistant at Ridge Community High School, was named the school's head boys basketball coach 12 years ago. Since then, he has led the Bolts to five district championships and two regional appearances.
Skipper, who is in his 14th year as head coach, said his success is due to the support he receives from the school, players, and the community. He also credits his assistant coaches, who have been with him throughout his career, for their dedication and hard work.
""Winning is not just about the coach, it's about the players, the community, and everyone involved with the program,"" Skipper said. ""We have an amazing support system, and it makes it a lot easier to be successful","12 years ago. Since then, he has led the Bolts to five district championships and two regional appearances.
Skipper, who is in his 14th year as head coach, said his success is due to the support he receives from the school, players, and the community. He also credits his assistant coaches, who have been with him throughout his career, for their dedication and hard work.
""Winning is not just about the coach, it's about the players, the community, and everyone involved with the program,"" Skipper said. ""We have an amazing support system, and it makes it a lot easier to be successful","{""do_sample"": true, ""temperature"": 1.0, ""top_p"": 0.95, ""top_k"": 50, ""repetition_penalty"": 1.0, ""max_new_tokens"": 128}"
bytekgwV6,2.0,1,1387,153,153,Still image of Lisa Sharon Harper from YouTube. Pastors and lay leaders who represent minority and multiethnic communities and are ,"Still image of Lisa Sharon Harper from YouTube. Pastors and lay leaders who represent minority and multiethnic communities and are 21+ years old are eligible to apply.
A national fellowship for minority and multiethnic pastors and lay leaders. It aims to equip them with resources, networks and mentorship to amplify their influence in their communities and the wider church. The fellows will have the opportunity to engage in a 10-month leadership development program that includes:
Leadership Development: Participants will receive training on effective leadership, conflict resolution, and effective communication.
Mentorship: They will be paired with experienced mentors who can provide guidance, support, and encouragement.
Networking: Participants will connect with other minority and multiethnic pastors and lay leaders who are part of the fellowship.
","21+ years old are eligible to apply.
A national fellowship for minority and multiethnic pastors and lay leaders. It aims to equip them with resources, networks and mentorship to amplify their influence in their communities and the wider church. The fellows will have the opportunity to engage in a 10-month leadership development program that includes:
Leadership Development: Participants will receive training on effective leadership, conflict resolution, and effective communication.
Mentorship: They will be paired with experienced mentors who can provide guidance, support, and encouragement.
Networking: Participants will connect with other minority and multiethnic pastors and lay leaders who are part of the fellowship.
","{""do_sample"": true, ""temperature"": 1.0, ""top_p"": 0.95, ""top_k"": 50, ""repetition_penalty"": 1.0, ""max_new_tokens"": 128}"
bytekgwV6,2.0,1,1389,155,155,"It’s amazing what a difference time can make in the way we perceive certain technologies. A few years ago, the ","It’s amazing what a difference time can make in the way we perceive certain technologies. A few years ago, the 3D printer was considered a niche tool for hobbyists and innovators, mainly due to its limited print resolution and speed. Today, the 3D printing technology has come a long way, with advanced machines capable of producing incredibly complex designs at an increasingly rapid pace.

Now, as 3D printing technology has become more accessible, various industries have been exploring its potential benefits. For instance, the healthcare sector is utilizing 3D printing to create customized implants, prosthetics, and even organs for transplantation. The aerospace industry has also seen advancements, with 3D printed aircraft parts and satellite components being created for improved efficiency and reduced costs","3D printer was considered a niche tool for hobbyists and innovators, mainly due to its limited print resolution and speed. Today, the 3D printing technology has come a long way, with advanced machines capable of producing incredibly complex designs at an increasingly rapid pace.

Now, as 3D printing technology has become more accessible, various industries have been exploring its potential benefits. For instance, the healthcare sector is utilizing 3D printing to create customized implants, prosthetics, and even organs for transplantation. The aerospace industry has also seen advancements, with 3D printed aircraft parts and satellite components being created for improved efficiency and reduced costs","{""do_sample"": true, ""temperature"": 1.0, ""top_p"": 0.95, ""top_k"": 50, ""repetition_penalty"": 1.0, ""max_new_tokens"": 128}"
bytekgwV6,2.0,1,1391,157,157,"Boston Marathon Bombing Suspect Enters Not Guilty Pleas In 1st Public Court HearingFor the first plea, Dzhokhar Tsarnaev leaned toward ","Boston Marathon Bombing Suspect Enters Not Guilty Pleas In 1st Public Court HearingFor the first plea, Dzhokhar Tsarnaev leaned toward  the interpreter in his seat, then nodded “not guilty” and quietly said the same in English.
Dzhokhar Tsarnaev's Lawyers Seek To Introduce Video, Testimony From FBI's Warrantless Search Of Fugitive's BoatThe defense team for Boston Marathon bombing suspect Dzhokhar Tsarnaev is trying to introduce evidence related to the FBI's warrantless search of his boat.
Boston Marathon Bombing Suspect's Lawyers Seek To Introduce Evidence On Government's Handling Of Fugitive's BoatThe defense team for Boston Marathon bombing suspect Dzhokhar Tsarnaev is seeking to introduce evidence related to the"," the interpreter in his seat, then nodded “not guilty” and quietly said the same in English.
Dzhokhar Tsarnaev's Lawyers Seek To Introduce Video, Testimony From FBI's Warrantless Search Of Fugitive's BoatThe defense team for Boston Marathon bombing suspect Dzhokhar Tsarnaev is trying to introduce evidence related to the FBI's warrantless search of his boat.
Boston Marathon Bombing Suspect's Lawyers Seek To Introduce Evidence On Government's Handling Of Fugitive's BoatThe defense team for Boston Marathon bombing suspect Dzhokhar Tsarnaev is seeking to introduce evidence related to the","{""do_sample"": true, ""temperature"": 1.0, ""top_p"": 0.95, ""top_k"": 50, ""repetition_penalty"": 1.0, ""max_new_tokens"": 128}"
bytekgwV6,2.0,1,1393,159,159,"Chee Wei Wong, professor of electrical and computer engineering in the UCLA Samueli School of Engineering, was named a fellow ","Chee Wei Wong, professor of electrical and computer engineering in the UCLA Samueli School of Engineering, was named a fellow  of the Institute of Electrical and Electronics Engineers (IEEE) for his contributions to the development and application of nonlinear optics and photonics.
As a fellow of the IEEE, Wong is recognized for his outstanding achievements and contributions to the advancement of technology, science, and society.
Wong is a leading researcher in the field of nonlinear optics and photonics, with expertise in the design, fabrication, and characterization of nonlinear optical materials and devices. His research focuses on the development of innovative optical systems and technologies that can be used to improve communication networks, data storage, and sensing and imaging applications.
He has published numerous papers and book chapters on nonlinear optics and"," of the Institute of Electrical and Electronics Engineers (IEEE) for his contributions to the development and application of nonlinear optics and photonics.
As a fellow of the IEEE, Wong is recognized for his outstanding achievements and contributions to the advancement of technology, science, and society.
Wong is a leading researcher in the field of nonlinear optics and photonics, with expertise in the design, fabrication, and characterization of nonlinear optical materials and devices. His research focuses on the development of innovative optical systems and technologies that can be used to improve communication networks, data storage, and sensing and imaging applications.
He has published numerous papers and book chapters on nonlinear optics and","{""do_sample"": true, ""temperature"": 1.0, ""top_p"": 0.95, ""top_k"": 50, ""repetition_penalty"": 1.0, ""max_new_tokens"": 128}"
bytekgwV6,2.0,1,1395,161,161,Viewers will not want to miss Friday’s episode of General Hospital. Spoilers tease that everybody will see lots of juicy ,"Viewers will not want to miss Friday’s episode of General Hospital. Spoilers tease that everybody will see lots of juicy 23rd birthday party for Lulu Spencer Falconieri. Here are some hints of what to expect:
Jason and Sam’s special moment: Fans are going to witness Jason Morgan (Steve Burton) and Sam McCall (Kelly Monaco) sharing a special moment at Lulu’s birthday bash. Expect some emotional scenes as the couple gets closer and their bond strengthens.
A flashback: The party will feature flashbacks of Lulu’s teenage years, showing her close bond with Nikolas Cassadine (Tyler Christopher) and her early days as a patient at General Hospital.
Kiki and Morgan's drama: Michael Corinthos and Kiki Jerome’s (","23rd birthday party for Lulu Spencer Falconieri. Here are some hints of what to expect:
Jason and Sam’s special moment: Fans are going to witness Jason Morgan (Steve Burton) and Sam McCall (Kelly Monaco) sharing a special moment at Lulu’s birthday bash. Expect some emotional scenes as the couple gets closer and their bond strengthens.
A flashback: The party will feature flashbacks of Lulu’s teenage years, showing her close bond with Nikolas Cassadine (Tyler Christopher) and her early days as a patient at General Hospital.
Kiki and Morgan's drama: Michael Corinthos and Kiki Jerome’s (","{""do_sample"": true, ""temperature"": 1.0, ""top_p"": 0.95, ""top_k"": 50, ""repetition_penalty"": 1.0, ""max_new_tokens"": 128}"
bytekgwV6,2.0,1,1397,163,163,"Tue., May 29, 2018, 10:20 a.m. CAGUAS, Puerto Rico – At least 4,645 people died as a result of Hurricane ","Tue., May 29, 2018, 10:20 a.m. CAGUAS, Puerto Rico – At least 4,645 people died as a result of Hurricane  ...
The Latest: Tropical Storm Barry forms in Gulf, heads for Louisiana The Latest: Tropical Storm Barry forms in Gulf, heads for Louisiana
The Latest: Tropical Storm Barry forms in Gulf, heads for Louisiana The Latest: Tropical Storm Barry forms in Gulf, heads for Louisiana
Tropical Storm Barry forms, heads for Louisiana Tropical Storm Barry has formed in the Gulf of Mexico and is expected to make landfall in Louisiana over the holiday weekend, bringing 100-mph winds, heavy rain, and a massive storm surge, forecasters said.
Tropical Storm Barry forms, heads for Louisiana Tropical Storm Barry has formed in the Gulf of Mexico"," ...
The Latest: Tropical Storm Barry forms in Gulf, heads for Louisiana The Latest: Tropical Storm Barry forms in Gulf, heads for Louisiana
The Latest: Tropical Storm Barry forms in Gulf, heads for Louisiana The Latest: Tropical Storm Barry forms in Gulf, heads for Louisiana
Tropical Storm Barry forms, heads for Louisiana Tropical Storm Barry has formed in the Gulf of Mexico and is expected to make landfall in Louisiana over the holiday weekend, bringing 100-mph winds, heavy rain, and a massive storm surge, forecasters said.
Tropical Storm Barry forms, heads for Louisiana Tropical Storm Barry has formed in the Gulf of Mexico","{""do_sample"": true, ""temperature"": 1.0, ""top_p"": 0.95, ""top_k"": 50, ""repetition_penalty"": 1.0, ""max_new_tokens"": 128}"
bytekgwV6,2.0,1,1399,165,165,"Kyle Schwarber may be out for the season, but the home run ball he hit during the Cubs-Cardinals National League ","Kyle Schwarber may be out for the season, but the home run ball he hit during the Cubs-Cardinals National League 5o-pitching game will live on forever. That’s right, forever... or at least until the memory dies.
The first pitch of the game, and Schwarber sent it flying into the upper deck of Wrigley Field for a solo homer. It was the first pitch he saw all season, and it turned out to be a memorable one.
But the real story is that Schwarber won’t play again this year, so this bomb might be his only contribution to the Cubs in 2017. Despite the injury, Schwarber has had an impressive year in the eyes of fans and announcers.
So, while the Cubs","5o-pitching game will live on forever. That’s right, forever... or at least until the memory dies.
The first pitch of the game, and Schwarber sent it flying into the upper deck of Wrigley Field for a solo homer. It was the first pitch he saw all season, and it turned out to be a memorable one.
But the real story is that Schwarber won’t play again this year, so this bomb might be his only contribution to the Cubs in 2017. Despite the injury, Schwarber has had an impressive year in the eyes of fans and announcers.
So, while the Cubs","{""do_sample"": true, ""temperature"": 1.0, ""top_p"": 0.95, ""top_k"": 50, ""repetition_penalty"": 1.0, ""max_new_tokens"": 128}"
bytekgwV6,2.0,1,1401,167,167,Only former Israeli President Shimon Peres could pull off something like organizing a friendly football (soccer) match between Israeli and ,"Only former Israeli President Shimon Peres could pull off something like organizing a friendly football (soccer) match between Israeli and 3,500 Palestinian refugees living in Jordanian refugee camps. (Al-Quds newspaper)
On Sunday, Peres, who turned 92 last week, hosted the event, called the ""Peace Football Match,"" at the Ein Gedi field in the Dead Sea region, where about 500 Palestinian fans from the refugee camps had traveled from Jordan.
According to Al-Quds, Peres, dressed in a yellow jersey and a pair of shorts, participated in a kick-off ceremony along with Palestinian and Israeli children, kicking a ball with them before the match.
The match was played between two teams, one consisting of refugees from the Jordanian camps","3,500 Palestinian refugees living in Jordanian refugee camps. (Al-Quds newspaper)
On Sunday, Peres, who turned 92 last week, hosted the event, called the ""Peace Football Match,"" at the Ein Gedi field in the Dead Sea region, where about 500 Palestinian fans from the refugee camps had traveled from Jordan.
According to Al-Quds, Peres, dressed in a yellow jersey and a pair of shorts, participated in a kick-off ceremony along with Palestinian and Israeli children, kicking a ball with them before the match.
The match was played between two teams, one consisting of refugees from the Jordanian camps","{""do_sample"": true, ""temperature"": 1.0, ""top_p"": 0.95, ""top_k"": 50, ""repetition_penalty"": 1.0, ""max_new_tokens"": 128}"
bytekgwV6,2.0,1,1403,169,169,Katie Price and her new baby return home after holidaying in Europe. Alex Reid has tweeted a message of support ,"Katie Price and her new baby return home after holidaying in Europe. Alex Reid has tweeted a message of support 29/08/2014
Katie Price and her new baby return home after holidaying in Europe. Alex Reid has tweeted a message of support 29/08/2014
Katie Price (left) and Jodie Kidd (right) take their daughters, Bunny (left) and Imogen (right) to a farm and they all enjoy a fun day out together 10/08/2014
Katie Price (left) and Jodie Kidd (right) take their daughters, Bunny (left) and Imogen (right) to a farm and they all enjoy a fun day out together 10/08","29/08/2014
Katie Price and her new baby return home after holidaying in Europe. Alex Reid has tweeted a message of support 29/08/2014
Katie Price (left) and Jodie Kidd (right) take their daughters, Bunny (left) and Imogen (right) to a farm and they all enjoy a fun day out together 10/08/2014
Katie Price (left) and Jodie Kidd (right) take their daughters, Bunny (left) and Imogen (right) to a farm and they all enjoy a fun day out together 10/08","{""do_sample"": true, ""temperature"": 1.0, ""top_p"": 0.95, ""top_k"": 50, ""repetition_penalty"": 1.0, ""max_new_tokens"": 128}"
bytekgwV6,2.0,1,1405,171,171,"Stopping nearsightedness in kids and more. This week, Dr. Sydney Spiesel discusses a way to stop the progression of nearsightedness ","Stopping nearsightedness in kids and more. This week, Dr. Sydney Spiesel discusses a way to stop the progression of nearsightedness  (nearsightedness treatment) in children and a new study that suggests a link between antibiotic use and behavioral problems.  She also tackles the latest in medical research news and answers questions from viewers.
Hi and welcome to this week’s episode of HealthWatch. I'm Dr. Sydney Spiesel, and I'm excited to share some of the latest breakthroughs and research findings with you.
First up, are you aware that nearsightedness, or myopia, is a growing public health concern affecting millions of children worldwide? What's even more alarming is that it's becoming increasingly common, even among young children, with rates of"," (nearsightedness treatment) in children and a new study that suggests a link between antibiotic use and behavioral problems.  She also tackles the latest in medical research news and answers questions from viewers.
Hi and welcome to this week’s episode of HealthWatch. I'm Dr. Sydney Spiesel, and I'm excited to share some of the latest breakthroughs and research findings with you.
First up, are you aware that nearsightedness, or myopia, is a growing public health concern affecting millions of children worldwide? What's even more alarming is that it's becoming increasingly common, even among young children, with rates of","{""do_sample"": true, ""temperature"": 1.0, ""top_p"": 0.95, ""top_k"": 50, ""repetition_penalty"": 1.0, ""max_new_tokens"": 128}"
bytekgwV6,2.0,1,1407,173,173,"In this Sept. 1, 2014 photo released by the U.S. Geological Survey, fluid lava streams from the June 27 lava ","In this Sept. 1, 2014 photo released by the U.S. Geological Survey, fluid lava streams from the June 27 lava 13/1 flow, which traveled nearly 7 miles down the slopes of the Kilauea volcano on the Big Island of Hawaii. (AP Photo/U.S. Geological Survey)
HONOLULU – The U.S. Geological Survey says lava flows from the Kilauea volcano on the Big Island have advanced about 1 mile (1.6 kilometers) over the past 24 hours.
The agency says the lava flows are entering a residential area in the city of Pahoa, but no homes are currently threatened.
The lava flows are also moving into a geothermal energy production facility operated by the company Puna Ge","13/1 flow, which traveled nearly 7 miles down the slopes of the Kilauea volcano on the Big Island of Hawaii. (AP Photo/U.S. Geological Survey)
HONOLULU – The U.S. Geological Survey says lava flows from the Kilauea volcano on the Big Island have advanced about 1 mile (1.6 kilometers) over the past 24 hours.
The agency says the lava flows are entering a residential area in the city of Pahoa, but no homes are currently threatened.
The lava flows are also moving into a geothermal energy production facility operated by the company Puna Ge","{""do_sample"": true, ""temperature"": 1.0, ""top_p"": 0.95, ""top_k"": 50, ""repetition_penalty"": 1.0, ""max_new_tokens"": 128}"
bytekgwV6,2.0,1,1409,175,175,The air ambulance was mobilised following reports that a man had fallen on a tree branch and impaled his neck ,"The air ambulance was mobilised following reports that a man had fallen on a tree branch and impaled his neck 6 inches deep.
Paramedics, police and fire crews all rushed to the scene, near the village of Oakley, near Bedford, to assist the injured man.
A spokesman for the East Anglian Air Ambulance said: ""We were called at around 10.30pm to a report of a man who had fallen and become impaled by a tree branch in Oakley.
""Our team, led by doctor Emily Whitfield, were scrambled from Cambridge Airport to the scene, where they found the man, a 45-year-old local man, conscious and in distress.
""The paramedics treated him on scene and stabilised his neck before","6 inches deep.
Paramedics, police and fire crews all rushed to the scene, near the village of Oakley, near Bedford, to assist the injured man.
A spokesman for the East Anglian Air Ambulance said: ""We were called at around 10.30pm to a report of a man who had fallen and become impaled by a tree branch in Oakley.
""Our team, led by doctor Emily Whitfield, were scrambled from Cambridge Airport to the scene, where they found the man, a 45-year-old local man, conscious and in distress.
""The paramedics treated him on scene and stabilised his neck before","{""do_sample"": true, ""temperature"": 1.0, ""top_p"": 0.95, ""top_k"": 50, ""repetition_penalty"": 1.0, ""max_new_tokens"": 128}"
bytekgwV6,2.0,1,1411,177,177,The University of Maryland President Wallace Loh. University of Maryland President Wallace Loh stood before reporters Aug. 14 and apologized ,"The University of Maryland President Wallace Loh. University of Maryland President Wallace Loh stood before reporters Aug. 14 and apologized 6 for his decision to reinstate the football team player Jordan McNair, who was found to have caused serious bodily harm.
The University of Maryland President Wallace Loh. University of Maryland President Wallace Loh stood before reporters Aug. 14 and apologized 6 for his decision to reinstate the football team player Jordan McNair, who was found to have caused serious bodily harm.
The University of Maryland President Wallace Loh held a news conference on Aug. 14 to address the decision to reinstate a football team player who had been removed from the team for allegedly causing serious bodily harm. Loh apologized for the decision and announced that he","6 for his decision to reinstate the football team player Jordan McNair, who was found to have caused serious bodily harm.
The University of Maryland President Wallace Loh. University of Maryland President Wallace Loh stood before reporters Aug. 14 and apologized 6 for his decision to reinstate the football team player Jordan McNair, who was found to have caused serious bodily harm.
The University of Maryland President Wallace Loh held a news conference on Aug. 14 to address the decision to reinstate a football team player who had been removed from the team for allegedly causing serious bodily harm. Loh apologized for the decision and announced that he","{""do_sample"": true, ""temperature"": 1.0, ""top_p"": 0.95, ""top_k"": 50, ""repetition_penalty"": 1.0, ""max_new_tokens"": 128}"
bytekgwV6,2.0,1,1413,179,179,"in French). Nov. 19 at 3:30: ""Walkabout"" (1971, Nicolas Roeg). Nov. 20 at 1 and Nov. 22 at 4:40: ""Mean ","in French). Nov. 19 at 3:30: ""Walkabout"" (1971, Nicolas Roeg). Nov. 20 at 1 and Nov. 22 at 4:40: ""Mean 15"" (2007, Isaac Julien). Nov. 22 at 7:30: ""La Jalousie"" (2013, Philippe Garrel). (All films with English subtitles.)
Film Society at Lincoln Center, Elinor Bunin Munroe Film Center, 144 W. 65th St., at Lincoln Center. Subway: A, C, D, 1, 2, 3. 212-875-5600. https://www.filmlinc.org.
**More New York City Screenings**
**Anthology Film Archives**: ""New York Film Festival: The Complete Situation"" (201","15"" (2007, Isaac Julien). Nov. 22 at 7:30: ""La Jalousie"" (2013, Philippe Garrel). (All films with English subtitles.)
Film Society at Lincoln Center, Elinor Bunin Munroe Film Center, 144 W. 65th St., at Lincoln Center. Subway: A, C, D, 1, 2, 3. 212-875-5600. https://www.filmlinc.org.
**More New York City Screenings**
**Anthology Film Archives**: ""New York Film Festival: The Complete Situation"" (201","{""do_sample"": true, ""temperature"": 1.0, ""top_p"": 0.95, ""top_k"": 50, ""repetition_penalty"": 1.0, ""max_new_tokens"": 128}"
bytekgwV6,2.0,1,1415,181,181,(Reuters) - U.S. ride services firm Lyft Inc is in talks with an advisor for a targeted March or April ,"(Reuters) - U.S. ride services firm Lyft Inc is in talks with an advisor for a targeted March or April 2019 initial public offering (IPO), Bloomberg News reported on Friday, citing people familiar with the matter.
Lyft's IPO plans are contingent on several factors, including market conditions and the finalizing of some business deals, the report added. The company was last valued at about $15 billion in a private funding round in 2018.
Lyft's rival, Uber Technologies Inc, is expected to list its shares publicly in 2019, although the exact timing is still unclear. Uber filed for a confidential IPO with the U.S. Securities and Exchange Commission in December.
Lyft's potential IPO would likely be a significant event for","2019 initial public offering (IPO), Bloomberg News reported on Friday, citing people familiar with the matter.
Lyft's IPO plans are contingent on several factors, including market conditions and the finalizing of some business deals, the report added. The company was last valued at about $15 billion in a private funding round in 2018.
Lyft's rival, Uber Technologies Inc, is expected to list its shares publicly in 2019, although the exact timing is still unclear. Uber filed for a confidential IPO with the U.S. Securities and Exchange Commission in December.
Lyft's potential IPO would likely be a significant event for","{""do_sample"": true, ""temperature"": 1.0, ""top_p"": 0.95, ""top_k"": 50, ""repetition_penalty"": 1.0, ""max_new_tokens"": 128}"
bytekgwV6,2.0,1,1417,183,183,Advocates for government accountability were alarmed to learn Gov. Jared Polis was undecided on whether to veto a bill to ,"Advocates for government accountability were alarmed to learn Gov. Jared Polis was undecided on whether to veto a bill to 23...
Governor Jared Polis may not know it yet, but Coloradans are watching. The question on the minds of transparency advocates is whether Polis will veto SB22-171, a bill that would gut the state's transparency laws by...
Colorado’s House District 63 is in for a major shake-up. Incumbent Democrat Rep. Karen McCormick announced on Friday she would not run for re-election, opening the door for a crowded field of contenders to take her place. McCormick, who first...
The latest financial reports show a tight fundraising contest between the top contenders vying for the Democratic nomination in Colorado House District","23...
Governor Jared Polis may not know it yet, but Coloradans are watching. The question on the minds of transparency advocates is whether Polis will veto SB22-171, a bill that would gut the state's transparency laws by...
Colorado’s House District 63 is in for a major shake-up. Incumbent Democrat Rep. Karen McCormick announced on Friday she would not run for re-election, opening the door for a crowded field of contenders to take her place. McCormick, who first...
The latest financial reports show a tight fundraising contest between the top contenders vying for the Democratic nomination in Colorado House District","{""do_sample"": true, ""temperature"": 1.0, ""top_p"": 0.95, ""top_k"": 50, ""repetition_penalty"": 1.0, ""max_new_tokens"": 128}"
bytekgwV6,2.0,1,1419,185,185,"MADRID: As Cristiano Ronaldo enjoyed his time off at the French Riviera, his Portugal team-mates were busy handing Italy another ","MADRID: As Cristiano Ronaldo enjoyed his time off at the French Riviera, his Portugal team-mates were busy handing Italy another 3-0 defeat, their third successive defeat in this FIFA World Cup qualifiers.
Portugal's victory, their 12th in a row, kept them top of Group A, four points ahead of Italy, while the Italians are now at the bottom of the group.
Ronaldo had announced his retirement from international football after Portugal's Euro 2020 title-winning campaign, and this was his first opportunity to miss a game since 2007.
Despite the absence of their star forward, Portugal did not seem to miss him as they dominated the match from start to finish.
Dio Kostadinov put Portugal ahead in the 15","3-0 defeat, their third successive defeat in this FIFA World Cup qualifiers.
Portugal's victory, their 12th in a row, kept them top of Group A, four points ahead of Italy, while the Italians are now at the bottom of the group.
Ronaldo had announced his retirement from international football after Portugal's Euro 2020 title-winning campaign, and this was his first opportunity to miss a game since 2007.
Despite the absence of their star forward, Portugal did not seem to miss him as they dominated the match from start to finish.
Dio Kostadinov put Portugal ahead in the 15","{""do_sample"": true, ""temperature"": 1.0, ""top_p"": 0.95, ""top_k"": 50, ""repetition_penalty"": 1.0, ""max_new_tokens"": 128}"
bytekgwV6,2.0,1,1421,187,187,"Florida Institute of Technology quarterback Brandon Ziarno. MELBOURNE, Fla. - Florida Institute of Technology quarterback Brandon Ziarno was arrested Friday ","Florida Institute of Technology quarterback Brandon Ziarno. MELBOURNE, Fla. - Florida Institute of Technology quarterback Brandon Ziarno was arrested Friday 14 days after the disappearance of his friend, who has not been found.
Florida Institute of Technology quarterback Brandon Ziarno was arrested Friday 14 days after the disappearance of his friend, who has not been found.
Ziarno, 22, was charged with accessory after the fact to murder, a felony, for his role in the disappearance of 20-year-old Andrew Pappas, who was last seen on March 22.
Police have been investigating the disappearance of Pappas, who is a senior at the university, and on Thursday they obtained a search warrant for Ziarno's apartment, according to court documents.
","14 days after the disappearance of his friend, who has not been found.
Florida Institute of Technology quarterback Brandon Ziarno was arrested Friday 14 days after the disappearance of his friend, who has not been found.
Ziarno, 22, was charged with accessory after the fact to murder, a felony, for his role in the disappearance of 20-year-old Andrew Pappas, who was last seen on March 22.
Police have been investigating the disappearance of Pappas, who is a senior at the university, and on Thursday they obtained a search warrant for Ziarno's apartment, according to court documents.
","{""do_sample"": true, ""temperature"": 1.0, ""top_p"": 0.95, ""top_k"": 50, ""repetition_penalty"": 1.0, ""max_new_tokens"": 128}"
bytekgwV6,2.0,1,1423,189,189,Runaway Entertainment is looking for an experienced Associate General Manager to work across all their productions. Runaway Entertainment Ltd is ,"Runaway Entertainment is looking for an experienced Associate General Manager to work across all their productions. Runaway Entertainment Ltd is 3rd party sales and distribution arm for leading independent labels and production companies.
The successful candidate will work closely with the General Manager, Sales Managers and Production teams to identify and evaluate opportunities, develop sales strategies and negotiate deals for our partner companies. This role will involve dealing directly with international broadcasters, distributors, and streaming platforms, so excellent communication, negotiation and project management skills are essential.
* 3+ years experience in the television industry, preferably with a sales or distribution background
* Strong industry connections and contacts, particularly with international broadcasters and streaming platforms
* Proven track record of negotiating successful deals and identifying new business opportunities
* Excellent communication","3rd party sales and distribution arm for leading independent labels and production companies.
The successful candidate will work closely with the General Manager, Sales Managers and Production teams to identify and evaluate opportunities, develop sales strategies and negotiate deals for our partner companies. This role will involve dealing directly with international broadcasters, distributors, and streaming platforms, so excellent communication, negotiation and project management skills are essential.
* 3+ years experience in the television industry, preferably with a sales or distribution background
* Strong industry connections and contacts, particularly with international broadcasters and streaming platforms
* Proven track record of negotiating successful deals and identifying new business opportunities
* Excellent communication","{""do_sample"": true, ""temperature"": 1.0, ""top_p"": 0.95, ""top_k"": 50, ""repetition_penalty"": 1.0, ""max_new_tokens"": 128}"
bytekgwV6,2.0,1,1425,191,191,The New York Times on Thursday printed a special section featuring portraits of nearly every member of the record number ,"The New York Times on Thursday printed a special section featuring portraits of nearly every member of the record number 435 U.S. House members.
The special section, published on the front of the newspaper's Style section, showcases the diverse faces of the lawmakers, many of whom are pictured with their families, colleagues or constituents.
The section was published on the first day of the 116th Congress, which officially convened Wednesday. The new Congress is the most diverse in U.S. history, with a record number of women, minorities and veterans serving.
According to the Times, the special section features portraits of all House members except for 12, who did not respond to the paper's requests for photos. The section includes a brief biography and photo credit","435 U.S. House members.
The special section, published on the front of the newspaper's Style section, showcases the diverse faces of the lawmakers, many of whom are pictured with their families, colleagues or constituents.
The section was published on the first day of the 116th Congress, which officially convened Wednesday. The new Congress is the most diverse in U.S. history, with a record number of women, minorities and veterans serving.
According to the Times, the special section features portraits of all House members except for 12, who did not respond to the paper's requests for photos. The section includes a brief biography and photo credit","{""do_sample"": true, ""temperature"": 1.0, ""top_p"": 0.95, ""top_k"": 50, ""repetition_penalty"": 1.0, ""max_new_tokens"": 128}"
bytekgwV6,2.0,1,1427,193,193,"Equipped with their own factory, they make different kinds of outstanding fish cake. Fish cake in Busan is the most ","Equipped with their own factory, they make different kinds of outstanding fish cake. Fish cake in Busan is the most 10. Add to Cart. ₱45.00 ₱65.00 31%. Fish Cakes (Fish Cakes with Spices and Herbs) The fish cakes are made from fresh fish, salted cod, and spices, and are flavored with herbs and spices to give them a unique taste. Each piece is carefully crafted to provide maximum enjoyment for the senses. ₱45.00 ₱65.00 31%. Tasty and crunchy fish cakes with a crispy coating, these are sure to satisfy your cravings! ₱120.00 ₱170.00 29%. ₱230.00 ₱","10. Add to Cart. ₱45.00 ₱65.00 31%. Fish Cakes (Fish Cakes with Spices and Herbs) The fish cakes are made from fresh fish, salted cod, and spices, and are flavored with herbs and spices to give them a unique taste. Each piece is carefully crafted to provide maximum enjoyment for the senses. ₱45.00 ₱65.00 31%. Tasty and crunchy fish cakes with a crispy coating, these are sure to satisfy your cravings! ₱120.00 ₱170.00 29%. ₱230.00 ₱","{""do_sample"": true, ""temperature"": 1.0, ""top_p"": 0.95, ""top_k"": 50, ""repetition_penalty"": 1.0, ""max_new_tokens"": 128}"
bytekgwV6,2.0,1,1429,195,195,An Alsip police officer seriously wounded a man in an on-duty shooting early Wednesday after tracking a Cadillac suspected of ,"An Alsip police officer seriously wounded a man in an on-duty shooting early Wednesday after tracking a Cadillac suspected of 16 carjackings across the South Side, authorities said.
The officer, a 5-year veteran of the Alsip Police Department, fired multiple rounds from his department-issue Glock 21 at the suspect, a 26-year-old man, around 2 a.m. at 91st Street and South Kedzie Avenue, according to the Cook County State's Attorney's office.
The officer had been tracking the stolen 2007 Cadillac Escalade, with the Illinois license plate number, which had been linked to a series of carjackings in the South Side, Alsip Police Chief William Kennelly said.
The suspect, whose","16 carjackings across the South Side, authorities said.
The officer, a 5-year veteran of the Alsip Police Department, fired multiple rounds from his department-issue Glock 21 at the suspect, a 26-year-old man, around 2 a.m. at 91st Street and South Kedzie Avenue, according to the Cook County State's Attorney's office.
The officer had been tracking the stolen 2007 Cadillac Escalade, with the Illinois license plate number, which had been linked to a series of carjackings in the South Side, Alsip Police Chief William Kennelly said.
The suspect, whose","{""do_sample"": true, ""temperature"": 1.0, ""top_p"": 0.95, ""top_k"": 50, ""repetition_penalty"": 1.0, ""max_new_tokens"": 128}"
bytekgwV6,2.0,1,1431,197,197,"If you would like to support the Down Syndrome Association of West Michigan's campaign of kindness, you may visit the ","If you would like to support the Down Syndrome Association of West Michigan's campaign of kindness, you may visit the 16th Street Bible Church or call us at (616) 233-4114 for more information.
The Down Syndrome Association of West Michigan's goal is to promote a society where people with Down syndrome are valued, respected, and empowered to reach their full potential. They seek to build a world where people with Down syndrome have access to opportunities, support, and resources, and where they are treated with dignity and respect.
We are proud to partner with the Down Syndrome Association of West Michigan and support their efforts to promote inclusivity, advocacy, and awareness. Together, we can make a difference in the lives of individuals with Down syndrome and their","16th Street Bible Church or call us at (616) 233-4114 for more information.
The Down Syndrome Association of West Michigan's goal is to promote a society where people with Down syndrome are valued, respected, and empowered to reach their full potential. They seek to build a world where people with Down syndrome have access to opportunities, support, and resources, and where they are treated with dignity and respect.
We are proud to partner with the Down Syndrome Association of West Michigan and support their efforts to promote inclusivity, advocacy, and awareness. Together, we can make a difference in the lives of individuals with Down syndrome and their","{""do_sample"": true, ""temperature"": 1.0, ""top_p"": 0.95, ""top_k"": 50, ""repetition_penalty"": 1.0, ""max_new_tokens"": 128}"
bytekgwV6,2.0,1,1433,199,199,Jan. 22 will be here before agencies know it. So will Feb. 6. Here’s betting that even April 16 will ,"Jan. 22 will be here before agencies know it. So will Feb. 6. Here’s betting that even April 16 will  come and go without much fanfare.
Those are the next three major filing deadlines for public records requests under the state’s Freedom of Information Law (FOIL) in New York.
The law aims to provide transparency in government operations by allowing citizens to request access to records, documents, and other information held by state and local agencies.
Under FOIL, requests must be made in writing and specify the records being sought. Agencies have five business days to respond, either by providing the records, denying the request, or asking for more time to search for the information.
That brings us to the first filing deadline: Jan. 22."," come and go without much fanfare.
Those are the next three major filing deadlines for public records requests under the state’s Freedom of Information Law (FOIL) in New York.
The law aims to provide transparency in government operations by allowing citizens to request access to records, documents, and other information held by state and local agencies.
Under FOIL, requests must be made in writing and specify the records being sought. Agencies have five business days to respond, either by providing the records, denying the request, or asking for more time to search for the information.
That brings us to the first filing deadline: Jan. 22.","{""do_sample"": true, ""temperature"": 1.0, ""top_p"": 0.95, ""top_k"": 50, ""repetition_penalty"": 1.0, ""max_new_tokens"": 128}"
