algo,delta,device,seed,prompt_index,prompt_id,prompt_text,full_text,continuation_text,gen_params_json
kgw,4.0,0,1234,0,0,"After the martyrdom of St. Boniface, Vergilius was made Bishop of Salzburg (766 or 767) and laboured successfully for the ","After the martyrdom of St. Boniface, Vergilius was made Bishop of Salzburg (766 or 767) and laboured successfully for the 0rganization of Christianity in the province. In 771 he visited Rome to receive papal approval, but Pope Adrian I died soon after, so it is unlikely that this occurred before 772. Back in Austria, Vergilius devoted himself to missionary work and the foundation of new monasteries.
His most famous pupil was Alcuin of York, who had come to Salzburg in 790 to learn under the wise old bishop (Alcuin was later to serve in the courts of Charlemagne and Charles the Bald, as head of the palace school at Aachen). Vergilius, though he was not an original writer","0rganization of Christianity in the province. In 771 he visited Rome to receive papal approval, but Pope Adrian I died soon after, so it is unlikely that this occurred before 772. Back in Austria, Vergilius devoted himself to missionary work and the foundation of new monasteries.
His most famous pupil was Alcuin of York, who had come to Salzburg in 790 to learn under the wise old bishop (Alcuin was later to serve in the courts of Charlemagne and Charles the Bald, as head of the palace school at Aachen). Vergilius, though he was not an original writer","{""do_sample"": true, ""temperature"": 1.0, ""top_p"": 0.95, ""top_k"": 50, ""repetition_penalty"": 1.0, ""max_new_tokens"": 128}"
kgw,4.0,0,1236,2,2,"8i announced today it has launched a web player, the 8i Portal, for its volumetric 3D video of people in ","8i announced today it has launched a web player, the 8i Portal, for its volumetric 3D video of people in 3D virtual space. According to 8i, its new portal provides a web-based platform for developers, marketers, and content creators to seamlessly integrate 3D video content into existing websites and apps, opening the door to new applications and revenue streams.

""8i's web player, the 8i Portal, breaks free from the constraints of traditional video and allows for immersive, 3D virtual experiences anywhere online,"" said Dr. Bluman, Founder and CEO of 8i. ""Developers, marketers and content creators can now easily incorporate 8i's volumetric video technology, featuring real people in 3D virtual","3D virtual space. According to 8i, its new portal provides a web-based platform for developers, marketers, and content creators to seamlessly integrate 3D video content into existing websites and apps, opening the door to new applications and revenue streams.

""8i's web player, the 8i Portal, breaks free from the constraints of traditional video and allows for immersive, 3D virtual experiences anywhere online,"" said Dr. Bluman, Founder and CEO of 8i. ""Developers, marketers and content creators can now easily incorporate 8i's volumetric video technology, featuring real people in 3D virtual","{""do_sample"": true, ""temperature"": 1.0, ""top_p"": 0.95, ""top_k"": 50, ""repetition_penalty"": 1.0, ""max_new_tokens"": 128}"
kgw,4.0,0,1238,4,4,"Karl Kispert, principal of cyber and information security, has more than 28 years of experience in selling, managing and delivering ","Karl Kispert, principal of cyber and information security, has more than 28 years of experience in selling, managing and delivering  cybersecurity products and services. His expertise spans risk assessment and analysis, vulnerability management, intrusion detection and response, incident management, and continuous monitoring.

Before joining CyberSheath, Karl spent over 15 years with Raytheon Technologies, most recently as a Business Development Principal leading the company's cybersecurity sales efforts. Prior to Raytheon, Karl worked at HP and IBM in various cybersecurity leadership and sales roles. His extensive background also includes management consulting experience at Accenture, focusing on IT security and risk management.

Throughout his career, Karl has worked with a wide range of organizations, from government agencies to major commercial companies, to identify and address their unique cybersecurity"," cybersecurity products and services. His expertise spans risk assessment and analysis, vulnerability management, intrusion detection and response, incident management, and continuous monitoring.

Before joining CyberSheath, Karl spent over 15 years with Raytheon Technologies, most recently as a Business Development Principal leading the company's cybersecurity sales efforts. Prior to Raytheon, Karl worked at HP and IBM in various cybersecurity leadership and sales roles. His extensive background also includes management consulting experience at Accenture, focusing on IT security and risk management.

Throughout his career, Karl has worked with a wide range of organizations, from government agencies to major commercial companies, to identify and address their unique cybersecurity","{""do_sample"": true, ""temperature"": 1.0, ""top_p"": 0.95, ""top_k"": 50, ""repetition_penalty"": 1.0, ""max_new_tokens"": 128}"
kgw,4.0,0,1240,6,6,"Shania Twain expected to break the charts with new album NOW! Even after a 15-year hiatus, she’s still the one! ","Shania Twain expected to break the charts with new album NOW! Even after a 15-year hiatus, she’s still the one! 2023-03-08
Shania Twain announced the release of her sixth studio album ""Now"" yesterday (Tuesday, March 7) and the anticipation...
Taylor Lautner and Shania Twain on set of Can't Say It Out Loud (2006) - Rare photos from their music project 2022-10-29
Taylor Lautner and Shania Twain fans will go wild when they discover these rare and unseen photos of the dynamic duo... on set of...
2022: Top Female Artists that made waves with their chart-topping hits & albums - From Shania to Taylor to Lady Gaga and","2023-03-08
Shania Twain announced the release of her sixth studio album ""Now"" yesterday (Tuesday, March 7) and the anticipation...
Taylor Lautner and Shania Twain on set of Can't Say It Out Loud (2006) - Rare photos from their music project 2022-10-29
Taylor Lautner and Shania Twain fans will go wild when they discover these rare and unseen photos of the dynamic duo... on set of...
2022: Top Female Artists that made waves with their chart-topping hits & albums - From Shania to Taylor to Lady Gaga and","{""do_sample"": true, ""temperature"": 1.0, ""top_p"": 0.95, ""top_k"": 50, ""repetition_penalty"": 1.0, ""max_new_tokens"": 128}"
kgw,4.0,0,1242,8,8,A blind man in his 60s is searching for the young man who pulled him back from an approaching train ,"A blind man in his 60s is searching for the young man who pulled him back from an approaching train 20 years ago. A visually impaired 60-year-old is in the hunt to thank the man who saved his life. With no leads, no memories, and no way of contacting him, he embarks on a quest for a second chance to express his gratitude.
When a blind retiree, with no prior experience in technology, sets out on an unknown journey to track down the man who saved his life, he faces more challenges than he ever imagined. With the aid of technology that is new to him and the assistance from various individuals, he manages to narrow down the list of potential leads.
As he struggles with physical and mental obstacles,","20 years ago. A visually impaired 60-year-old is in the hunt to thank the man who saved his life. With no leads, no memories, and no way of contacting him, he embarks on a quest for a second chance to express his gratitude.
When a blind retiree, with no prior experience in technology, sets out on an unknown journey to track down the man who saved his life, he faces more challenges than he ever imagined. With the aid of technology that is new to him and the assistance from various individuals, he manages to narrow down the list of potential leads.
As he struggles with physical and mental obstacles,","{""do_sample"": true, ""temperature"": 1.0, ""top_p"": 0.95, ""top_k"": 50, ""repetition_penalty"": 1.0, ""max_new_tokens"": 128}"
kgw,4.0,0,1244,10,10,This month some important Walmart news did not get the attention it deserved. The news wasn't some flashy announcement about ,"This month some important Walmart news did not get the attention it deserved. The news wasn't some flashy announcement about 1,000+ new jobs or a new store opening. Instead, it was a quiet move to invest heavily in its own logistics and transportation capabilities. The significance of this move is huge, but why should it matter to us?
Last week, Walmart announced it had purchased two major logistics companies, NewTruck Financing and Knight-Swift Transportation (formerly Swift). These purchases are part of a larger effort to streamline its supply chain, reduce costs, and gain greater control over inventory and delivery processes.

In case you missed it, here are three key implications of these acquisitions:

 **Increased Efficiency**: Walmart's ability to manage inventory, shipping,","1,000+ new jobs or a new store opening. Instead, it was a quiet move to invest heavily in its own logistics and transportation capabilities. The significance of this move is huge, but why should it matter to us?
Last week, Walmart announced it had purchased two major logistics companies, NewTruck Financing and Knight-Swift Transportation (formerly Swift). These purchases are part of a larger effort to streamline its supply chain, reduce costs, and gain greater control over inventory and delivery processes.

In case you missed it, here are three key implications of these acquisitions:

 **Increased Efficiency**: Walmart's ability to manage inventory, shipping,","{""do_sample"": true, ""temperature"": 1.0, ""top_p"": 0.95, ""top_k"": 50, ""repetition_penalty"": 1.0, ""max_new_tokens"": 128}"
kgw,4.0,0,1246,12,12,The Linux kernel now includes everything that is needed to use 3D acceleration with all GeForce graphics chips. Drivers have ,"The Linux kernel now includes everything that is needed to use 3D acceleration with all GeForce graphics chips. Drivers have 25% more performance improvement than the last release. So the 3D graphics performance improved compared with the previous version.
OpenGL and DirectX drivers, a Windows Vista 64 bit with a powerful graphics and display an image of text with clear and well. This means that any PC can have the same performance as the most advanced graphics card graphics card in terms of speed and versatility.
For users of NVIDIA graphics cards with Linux, this means you can now get better performance and better compatibility with games that use 3D graphics. It is very good for users of computers with graphics card who use Linux distribution. This new release of the 3D","25% more performance improvement than the last release. So the 3D graphics performance improved compared with the previous version.
OpenGL and DirectX drivers, a Windows Vista 64 bit with a powerful graphics and display an image of text with clear and well. This means that any PC can have the same performance as the most advanced graphics card graphics card in terms of speed and versatility.
For users of NVIDIA graphics cards with Linux, this means you can now get better performance and better compatibility with games that use 3D graphics. It is very good for users of computers with graphics card who use Linux distribution. This new release of the 3D","{""do_sample"": true, ""temperature"": 1.0, ""top_p"": 0.95, ""top_k"": 50, ""repetition_penalty"": 1.0, ""max_new_tokens"": 128}"
kgw,4.0,0,1248,14,14,Last summer I took a cross-country road trip with a group of people driving different types of electric vehicles. It ,"Last summer I took a cross-country road trip with a group of people driving different types of electric vehicles. It 2019 had some amazing EV options, so I decided to test out a Nissan LEAF, Chevrolet Bolt, Fiat 500e, Hyundai Kona Electric, and a Tesla Model S.
As the group set off across America from Los Angeles, I took the first leg to San Diego with a Nissan LEAF. The trip was about an hour and 30 minutes long, with the first 30 minutes of driving the LEAF in pure EV mode before switching to hybrid mode for the last hour to conserve battery. The car did a great job navigating the Pacific Coast Highway (PCH) with minimal wind noise and comfortable seating. I was","2019 had some amazing EV options, so I decided to test out a Nissan LEAF, Chevrolet Bolt, Fiat 500e, Hyundai Kona Electric, and a Tesla Model S.
As the group set off across America from Los Angeles, I took the first leg to San Diego with a Nissan LEAF. The trip was about an hour and 30 minutes long, with the first 30 minutes of driving the LEAF in pure EV mode before switching to hybrid mode for the last hour to conserve battery. The car did a great job navigating the Pacific Coast Highway (PCH) with minimal wind noise and comfortable seating. I was","{""do_sample"": true, ""temperature"": 1.0, ""top_p"": 0.95, ""top_k"": 50, ""repetition_penalty"": 1.0, ""max_new_tokens"": 128}"
kgw,4.0,0,1250,16,16,"According to Variety, one of the movies about the 1973 tennis match between Billie Jean King and Bobby Riggs is ","According to Variety, one of the movies about the 1973 tennis match between Billie Jean King and Bobby Riggs is 38 years old.
The biographical sports drama film ""Bobby"" (1979-80) is now in the public domain and available to download and watch.
It is not clear which version of the film is in the public domain, but there are several film adaptations about this match in the sports world. One of the most well-known is 1980's ""The Match,"" but it's unclear if any  of these movies or movies in development have entered public domain status. It seems that it may just depend on the copyright status of each 1980s film.
In 1979/80, there were two films","38 years old.
The biographical sports drama film ""Bobby"" (1979-80) is now in the public domain and available to download and watch.
It is not clear which version of the film is in the public domain, but there are several film adaptations about this match in the sports world. One of the most well-known is 1980's ""The Match,"" but it's unclear if any  of these movies or movies in development have entered public domain status. It seems that it may just depend on the copyright status of each 1980s film.
In 1979/80, there were two films","{""do_sample"": true, ""temperature"": 1.0, ""top_p"": 0.95, ""top_k"": 50, ""repetition_penalty"": 1.0, ""max_new_tokens"": 128}"
kgw,4.0,0,1252,18,18,"Politico, which broke the PR story, reports, “The group circulated a memo to reporters and producers late Monday that discouraged ","Politico, which broke the PR story, reports, “The group circulated a memo to reporters and producers late Monday that discouraged 14-minute takes, dubbed the 'Pompeo 45s,' and urged against using clips from interviews that were more than 3.5 minutes long. It also reminded reporters that Pompeo was a former CIA director, warning them against'rehashing' his tenure in that role."" The group also claimed that Pompeo is ""one of the most well-qualified, informed, and prepared secretaries of state in U.S. history.""
But many journalists and critics have taken aim at the memo, calling it an effort to stifle fair coverage and limit scrutiny of the secretary's actions and statements. Some have also noted the unusual tone","14-minute takes, dubbed the 'Pompeo 45s,' and urged against using clips from interviews that were more than 3.5 minutes long. It also reminded reporters that Pompeo was a former CIA director, warning them against'rehashing' his tenure in that role."" The group also claimed that Pompeo is ""one of the most well-qualified, informed, and prepared secretaries of state in U.S. history.""
But many journalists and critics have taken aim at the memo, calling it an effort to stifle fair coverage and limit scrutiny of the secretary's actions and statements. Some have also noted the unusual tone","{""do_sample"": true, ""temperature"": 1.0, ""top_p"": 0.95, ""top_k"": 50, ""repetition_penalty"": 1.0, ""max_new_tokens"": 128}"
kgw,4.0,0,1254,20,20,MAMADOU SAKHO remains unavailable for selection for Liverpool's Europa League semi-final first leg clash with Villarreal in Spain on Thursday ,"MAMADOU SAKHO remains unavailable for selection for Liverpool's Europa League semi-final first leg clash with Villarreal in Spain on Thursday 6th May.
The Senegal defender picked up a five-game ban for violent conduct during Liverpool's win at Everton and will not feature in the match at the El Madrigal Stadium.
The ban was given to Sakho for elbowing James McCarthy, and the centre-half must serve the entire suspension before he can return to action for the Reds.
The News of the World reports that Liverpool have a 25-strong squad for the game in Villarreal, but Sakho is the only player unavailable for selection.
Vital Liverpool users can predict the score and scoreline HERE.
Vital Liverpool users can have your say HERE about the likely","6th May.
The Senegal defender picked up a five-game ban for violent conduct during Liverpool's win at Everton and will not feature in the match at the El Madrigal Stadium.
The ban was given to Sakho for elbowing James McCarthy, and the centre-half must serve the entire suspension before he can return to action for the Reds.
The News of the World reports that Liverpool have a 25-strong squad for the game in Villarreal, but Sakho is the only player unavailable for selection.
Vital Liverpool users can predict the score and scoreline HERE.
Vital Liverpool users can have your say HERE about the likely","{""do_sample"": true, ""temperature"": 1.0, ""top_p"": 0.95, ""top_k"": 50, ""repetition_penalty"": 1.0, ""max_new_tokens"": 128}"
kgw,4.0,0,1256,22,22,"MK Moshe Feiglin in a Knesset committee meeting, next to MK Ahmad Tibi, in 2014. It appears Feiglin is on ","MK Moshe Feiglin in a Knesset committee meeting, next to MK Ahmad Tibi, in 2014. It appears Feiglin is on  right-wing Israel's new "" blacklist "" but his status is complex and disputed. The so-called ""blacklist"" was announced on July 27 by Israeli right-wing activists who accuse Feiglin, Kahanist rabbis and other perceived liberal or left-leaning figures of ""betraying"" Zionism and being agents of ""Islamic penetration"" or collaboration with ""the enemy"".
""Blacklisting"" has been a familiar theme in Israeli and Arab politics in recent years. Here it's a collection of alleged supporters of Palestinian rights or perceived ""soft"" Zionists.  The ""blacklist"" is  Knesset Member"," right-wing Israel's new "" blacklist "" but his status is complex and disputed. The so-called ""blacklist"" was announced on July 27 by Israeli right-wing activists who accuse Feiglin, Kahanist rabbis and other perceived liberal or left-leaning figures of ""betraying"" Zionism and being agents of ""Islamic penetration"" or collaboration with ""the enemy"".
""Blacklisting"" has been a familiar theme in Israeli and Arab politics in recent years. Here it's a collection of alleged supporters of Palestinian rights or perceived ""soft"" Zionists.  The ""blacklist"" is  Knesset Member","{""do_sample"": true, ""temperature"": 1.0, ""top_p"": 0.95, ""top_k"": 50, ""repetition_penalty"": 1.0, ""max_new_tokens"": 128}"
kgw,4.0,0,1258,24,24,"What’s the news? A couple of weeks ago, Instagram promised you’d be able to download your data from its servers. ","What’s the news? A couple of weeks ago, Instagram promised you’d be able to download your data from its servers. 2 days later, people are still waiting, and there are reports of strange errors and an API that refuses to cooperate. #Instagram #GDPR #DataPrivacy

#GDPR
#India #IndiaToday
#Instagram #TechNews

This is an update to my earlier post on the #GDPR and what it is, as well as how it affects you, my friends. As of June 1, #Instagram announced that it would allow its users to download their personal data, in compliance #GDPR. However, less than

...

Source: what's the news? – Pocket

Check out the latest updates on the","2 days later, people are still waiting, and there are reports of strange errors and an API that refuses to cooperate. #Instagram #GDPR #DataPrivacy

#GDPR
#India #IndiaToday
#Instagram #TechNews

This is an update to my earlier post on the #GDPR and what it is, as well as how it affects you, my friends. As of June 1, #Instagram announced that it would allow its users to download their personal data, in compliance #GDPR. However, less than

...

Source: what's the news? – Pocket

Check out the latest updates on the","{""do_sample"": true, ""temperature"": 1.0, ""top_p"": 0.95, ""top_k"": 50, ""repetition_penalty"": 1.0, ""max_new_tokens"": 128}"
kgw,4.0,0,1260,26,26,"So you might ask yourself, “What is going on?” How can things be so bad that educators feel the need ","So you might ask yourself, “What is going on?” How can things be so bad that educators feel the need  to leave the field they love? What is causing them to become  “burned out” and “disillusioned?” I will attempt  to provide some insights.
To begin, let’s talk about the issues that are causing the crisis in education. First and foremost is the constant pressure and stress from administrators, testing and evaluation, and an overwhelming workload. Teachers are constantly being asked  to do more with less, from reducing staff numbers to budget cuts.
On top of these concerns, the culture of  standardization and  siloed learning is prevalent.  This includes curriculum mandates,  high"," to leave the field they love? What is causing them to become  “burned out” and “disillusioned?” I will attempt  to provide some insights.
To begin, let’s talk about the issues that are causing the crisis in education. First and foremost is the constant pressure and stress from administrators, testing and evaluation, and an overwhelming workload. Teachers are constantly being asked  to do more with less, from reducing staff numbers to budget cuts.
On top of these concerns, the culture of  standardization and  siloed learning is prevalent.  This includes curriculum mandates,  high","{""do_sample"": true, ""temperature"": 1.0, ""top_p"": 0.95, ""top_k"": 50, ""repetition_penalty"": 1.0, ""max_new_tokens"": 128}"
kgw,4.0,0,1262,28,28,Come test your luck on the best slot machine app in the app store. Great graphics make this app so ,"Come test your luck on the best slot machine app in the app store. Great graphics make this app so 4 stars. Casino slot games, free slot machines, and best casino apps for Android. The app is well designed and offers. Casino slot machine game that you can play on your mobile device. Here is our list of recommended mobile slot machines apps for Android and iOS devices. The games have different themes like. Las Vegas or ancient civilizations. The best free casino slots apps. Get ready to play the best slot machines like Wheel of Fortune or The Walking Dead. The game offers many. This is the best slots app out there.
Casino Slot Games Download for Android - Review & Gameplay
It's very important to test and identify any issues","4 stars. Casino slot games, free slot machines, and best casino apps for Android. The app is well designed and offers. Casino slot machine game that you can play on your mobile device. Here is our list of recommended mobile slot machines apps for Android and iOS devices. The games have different themes like. Las Vegas or ancient civilizations. The best free casino slots apps. Get ready to play the best slot machines like Wheel of Fortune or The Walking Dead. The game offers many. This is the best slots app out there.
Casino Slot Games Download for Android - Review & Gameplay
It's very important to test and identify any issues","{""do_sample"": true, ""temperature"": 1.0, ""top_p"": 0.95, ""top_k"": 50, ""repetition_penalty"": 1.0, ""max_new_tokens"": 128}"
kgw,4.0,0,1264,30,30,"(HOST) As the season for summer blockbuster movies about super heroes and rings of power approaches, commentator Willem Lange is ","(HOST) As the season for summer blockbuster movies about super heroes and rings of power approaches, commentator Willem Lange is  thinking about the stories of old. In particular, the myths of ancient cultures.
(Willem Lange) My friend, the late novelist Louis Auchinclos, used to remark on the curious fact that all the great myths of old were about ordinary people in extraordinary circumstances. Not like today, when every movie has a space battleship, a ray gun, and a heroic hunk of a leading man.

Achilles’ heel, for example. You know the story – Odysseus on Iliad, the greatest hero of Troy and his near destruction by a vulnerable spot on his ankle, left exposed when his mother Th"," thinking about the stories of old. In particular, the myths of ancient cultures.
(Willem Lange) My friend, the late novelist Louis Auchinclos, used to remark on the curious fact that all the great myths of old were about ordinary people in extraordinary circumstances. Not like today, when every movie has a space battleship, a ray gun, and a heroic hunk of a leading man.

Achilles’ heel, for example. You know the story – Odysseus on Iliad, the greatest hero of Troy and his near destruction by a vulnerable spot on his ankle, left exposed when his mother Th","{""do_sample"": true, ""temperature"": 1.0, ""top_p"": 0.95, ""top_k"": 50, ""repetition_penalty"": 1.0, ""max_new_tokens"": 128}"
kgw,4.0,0,1266,32,32,"numerous aunts, uncles and cousins. She attended Shanksville Stonycreek High School and was a member of St. Paul's Lutheran Church, ","numerous aunts, uncles and cousins. She attended Shanksville Stonycreek High School and was a member of St. Paul's Lutheran Church, 1015 N.E.
... in 1946. She was preceded in death by her parents and two aunts, Edna K. (Riley) Brown and Jean W. (Riley) Johnson. She is survived by her husband of 54 years, Robert J. Reising, and two children, their spouses and two grandchildren. The funeral service was held.
She is survived by her sister-in-law, Jane Riley; nieces and nephews. She was preceded in death by her parents and three aunts, Edna K. (Riley) Brown, Margaret M. (Riley) Stahl and Jean","1015 N.E.
... in 1946. She was preceded in death by her parents and two aunts, Edna K. (Riley) Brown and Jean W. (Riley) Johnson. She is survived by her husband of 54 years, Robert J. Reising, and two children, their spouses and two grandchildren. The funeral service was held.
She is survived by her sister-in-law, Jane Riley; nieces and nephews. She was preceded in death by her parents and three aunts, Edna K. (Riley) Brown, Margaret M. (Riley) Stahl and Jean","{""do_sample"": true, ""temperature"": 1.0, ""top_p"": 0.95, ""top_k"": 50, ""repetition_penalty"": 1.0, ""max_new_tokens"": 128}"
kgw,4.0,0,1268,34,34,"No, Trump can’t pardon himself. The Constitution tells us so. Correction: An earlier version of this op-ed misspelled the name ","No, Trump can’t pardon himself. The Constitution tells us so. Correction: An earlier version of this op-ed misspelled the name 14th, which is the relevant amendment. A long-running myth about self-pardon. In December, Trump again suggested that he has the authority to grant himself a presidential pardon, claiming that a president ""can. Article II of the US. This is the case even if the statute or the treaty was passed or made before he took office. There are, however, several key limits on. The Constitution explicitly grants pardons, except in cases of impeachment, in Article II, Section 2: ""The President shall have Power to grant Reprieves and Pardons for Offenses against the United States, except in Cases of Im","14th, which is the relevant amendment. A long-running myth about self-pardon. In December, Trump again suggested that he has the authority to grant himself a presidential pardon, claiming that a president ""can. Article II of the US. This is the case even if the statute or the treaty was passed or made before he took office. There are, however, several key limits on. The Constitution explicitly grants pardons, except in cases of impeachment, in Article II, Section 2: ""The President shall have Power to grant Reprieves and Pardons for Offenses against the United States, except in Cases of Im","{""do_sample"": true, ""temperature"": 1.0, ""top_p"": 0.95, ""top_k"": 50, ""repetition_penalty"": 1.0, ""max_new_tokens"": 128}"
kgw,4.0,0,1270,36,36,Jerry Springer says he is still deciding whether he will run for Ohio governor in 2018. Speculation around Springer’s potential ,"Jerry Springer says he is still deciding whether he will run for Ohio governor in 2018. Speculation around Springer’s potential 2018 gubernatorial bid began last week when a report by Cleveland Plain Dealer columnist Bobby George claimed the former TV host was considering a run for governor. Springer has since confirmed that he has considered a run, but says a decision is still several months off.
Springer told Columbus-based TV station WBNS on Tuesday that he will take his time before deciding on whether to run for governor. ""I'm looking at it, I'm considering it,"" he said. ""I'm taking my time. I think I'll make a decision in the spring.""
The 2018 election is still a year and a half away, but Springer knows that","2018 gubernatorial bid began last week when a report by Cleveland Plain Dealer columnist Bobby George claimed the former TV host was considering a run for governor. Springer has since confirmed that he has considered a run, but says a decision is still several months off.
Springer told Columbus-based TV station WBNS on Tuesday that he will take his time before deciding on whether to run for governor. ""I'm looking at it, I'm considering it,"" he said. ""I'm taking my time. I think I'll make a decision in the spring.""
The 2018 election is still a year and a half away, but Springer knows that","{""do_sample"": true, ""temperature"": 1.0, ""top_p"": 0.95, ""top_k"": 50, ""repetition_penalty"": 1.0, ""max_new_tokens"": 128}"
kgw,4.0,0,1272,38,38,"This mildly racy spot introduces us to the character of the brown M&M, who only looks like she’s not wearing ","This mildly racy spot introduces us to the character of the brown M&M, who only looks like she’s not wearing 50 pounds of makeup because of the way the lighting is set. She’s trying to get her man’s attention in a crowd, but he seems oblivious to her over-the-top attempts at flirting.
Megan's been writing for as long as she can remember, and for the most part, she still really enjoys it (even on those long, sweaty nights spent in coffee shops trying to meet deadlines). Her favorite topics include pop culture, social justice, mental health, and all things sci-fi and fantasy. When not writing, she can often be found re-watching her favorite TV shows, playing with her cats, or trying to perfect her","50 pounds of makeup because of the way the lighting is set. She’s trying to get her man’s attention in a crowd, but he seems oblivious to her over-the-top attempts at flirting.
Megan's been writing for as long as she can remember, and for the most part, she still really enjoys it (even on those long, sweaty nights spent in coffee shops trying to meet deadlines). Her favorite topics include pop culture, social justice, mental health, and all things sci-fi and fantasy. When not writing, she can often be found re-watching her favorite TV shows, playing with her cats, or trying to perfect her","{""do_sample"": true, ""temperature"": 1.0, ""top_p"": 0.95, ""top_k"": 50, ""repetition_penalty"": 1.0, ""max_new_tokens"": 128}"
kgw,4.0,0,1274,40,40,"Located near all that the Catskills has to offer! Close to Hunter Mountain, Wyndham, state land, antiquing and many other ","Located near all that the Catskills has to offer! Close to Hunter Mountain, Wyndham, state land, antiquing and many other 4 season activities!
This well-maintained chalet style home features 3 large bedrooms with plenty of closet space, 1.5 modern bathrooms, and a spacious open floor plan perfect for entertaining. The master bedroom boasts a large walk-in closet, vaulted ceiling and en-suite bathroom.
The open living room features vaulted ceilings, a large stone fireplace, and large windows that offer stunning views of the surrounding mountains. The dining room is adjacent and has sliding glass doors leading out to a spacious outdoor patio and hot tub perfect for enjoying a refreshing summer evening or relaxing after a long day on the mountain.
The modern kitchen is equipped with","4 season activities!
This well-maintained chalet style home features 3 large bedrooms with plenty of closet space, 1.5 modern bathrooms, and a spacious open floor plan perfect for entertaining. The master bedroom boasts a large walk-in closet, vaulted ceiling and en-suite bathroom.
The open living room features vaulted ceilings, a large stone fireplace, and large windows that offer stunning views of the surrounding mountains. The dining room is adjacent and has sliding glass doors leading out to a spacious outdoor patio and hot tub perfect for enjoying a refreshing summer evening or relaxing after a long day on the mountain.
The modern kitchen is equipped with","{""do_sample"": true, ""temperature"": 1.0, ""top_p"": 0.95, ""top_k"": 50, ""repetition_penalty"": 1.0, ""max_new_tokens"": 128}"
kgw,4.0,0,1276,42,42,"NORTH BRUNSWICK, N.J. — Body cameras captured the moment a North Brunswick police officer climbed up a burning building to ","NORTH BRUNSWICK, N.J. — Body cameras captured the moment a North Brunswick police officer climbed up a burning building to 72-year-old James Hickey's apartment to rescue him.
The dramatic video shows Officer Scott McGuire, with flames licking at his legs, pulling Hickey out of the window of his third-floor apartment at about 3:30 a.m. on Jan. 9, according to reports.
Firefighters had arrived at the scene shortly after receiving the call. McGuire, who was on scene as part of his routine patrol route, rushed into the building to help.
Hickey, a veteran who served in the U.S. Marine Corps, had called emergency services to report that a fire had begun in his apartment.
As McGuire entered","72-year-old James Hickey's apartment to rescue him.
The dramatic video shows Officer Scott McGuire, with flames licking at his legs, pulling Hickey out of the window of his third-floor apartment at about 3:30 a.m. on Jan. 9, according to reports.
Firefighters had arrived at the scene shortly after receiving the call. McGuire, who was on scene as part of his routine patrol route, rushed into the building to help.
Hickey, a veteran who served in the U.S. Marine Corps, had called emergency services to report that a fire had begun in his apartment.
As McGuire entered","{""do_sample"": true, ""temperature"": 1.0, ""top_p"": 0.95, ""top_k"": 50, ""repetition_penalty"": 1.0, ""max_new_tokens"": 128}"
kgw,4.0,0,1278,44,44,"The NHS is still running Windows XP en masse, two and a half years after Microsoft stopped delivering bug fixes ","The NHS is still running Windows XP en masse, two and a half years after Microsoft stopped delivering bug fixes 3 years after general support ended. That's because switching to a modern OS would require a significant investment in hardware upgrades and staff training.
According to a report in The Telegraph, around 3,000 NHS trusts and foundation trusts, out of a total of 3,400, are still running Windows XP. It's a significant issue, especially given the vulnerabilities in Windows XP that hackers can use to exploit the system. The NHS has had its share of cyber-attacks and security incidents, and Windows XP's outdated software certainly contributes to those risks.
""Clearly, the NHS trusts need significant investment to upgrade their IT systems,"" an IT expert","3 years after general support ended. That's because switching to a modern OS would require a significant investment in hardware upgrades and staff training.
According to a report in The Telegraph, around 3,000 NHS trusts and foundation trusts, out of a total of 3,400, are still running Windows XP. It's a significant issue, especially given the vulnerabilities in Windows XP that hackers can use to exploit the system. The NHS has had its share of cyber-attacks and security incidents, and Windows XP's outdated software certainly contributes to those risks.
""Clearly, the NHS trusts need significant investment to upgrade their IT systems,"" an IT expert","{""do_sample"": true, ""temperature"": 1.0, ""top_p"": 0.95, ""top_k"": 50, ""repetition_penalty"": 1.0, ""max_new_tokens"": 128}"
kgw,4.0,0,1280,46,46,"OKLAHOMA CITY - Kevin Durant scored 25 points, James Harden added a spark with 23 points off the bench while ","OKLAHOMA CITY - Kevin Durant scored 25 points, James Harden added a spark with 23 points off the bench while 3/4 of the 2011-12 Oklahoma City Thunder team came back together to defeat the 1995-96 Seattle SuperSonics, the original team they were drafted into. But with such a strong showing in his return to Seattle, why did Durant struggle to find a consistent role with Russia? Find more information about the Oklahoma City Thunder and their return to Seattle. Here is an overview of their history and how they came to play in Oklahoma City.
The NBA first...
Related topics : Seattle SuperSonics / Kevin Durant Oklahoma City Thunder / Oklahoma City Thunder history / James Harden Oklahoma City Thunder / NBA draft Oklahoma City Thunder
","3/4 of the 2011-12 Oklahoma City Thunder team came back together to defeat the 1995-96 Seattle SuperSonics, the original team they were drafted into. But with such a strong showing in his return to Seattle, why did Durant struggle to find a consistent role with Russia? Find more information about the Oklahoma City Thunder and their return to Seattle. Here is an overview of their history and how they came to play in Oklahoma City.
The NBA first...
Related topics : Seattle SuperSonics / Kevin Durant Oklahoma City Thunder / Oklahoma City Thunder history / James Harden Oklahoma City Thunder / NBA draft Oklahoma City Thunder
","{""do_sample"": true, ""temperature"": 1.0, ""top_p"": 0.95, ""top_k"": 50, ""repetition_penalty"": 1.0, ""max_new_tokens"": 128}"
kgw,4.0,0,1282,48,48,"1 Then the people of the land took Jehoahaz the son of Josiah, and made him king in his father's ","1 Then the people of the land took Jehoahaz the son of Josiah, and made him king in his father's  place. Jehoahaz  was twenty  three years old when he started to reign, and three  months he reigned in Jeru  salem. 24 The king of Egypt  took  hold of him,  and carried J o  sahah az away to Egypt, where he  died.
1 After Jehoa  h az  was removed, Jehoiakim the  son of  Joiak  im, who  became co   ruler with the king of Egypt in  Jeru  salem, reigned  eleven  years. Heb  11: 15- 16  He did "," place. Jehoahaz  was twenty  three years old when he started to reign, and three  months he reigned in Jeru  salem. 24 The king of Egypt  took  hold of him,  and carried J o  sahah az away to Egypt, where he  died.
1 After Jehoa  h az  was removed, Jehoiakim the  son of  Joiak  im, who  became co   ruler with the king of Egypt in  Jeru  salem, reigned  eleven  years. Heb  11: 15- 16  He did ","{""do_sample"": true, ""temperature"": 1.0, ""top_p"": 0.95, ""top_k"": 50, ""repetition_penalty"": 1.0, ""max_new_tokens"": 128}"
kgw,4.0,0,1284,50,50,This bicycle sprocket hub and sprockets from the Wright Bicycle Co. are on display at the National Museum of the ,"This bicycle sprocket hub and sprockets from the Wright Bicycle Co. are on display at the National Museum of the 15th District in France. This hub dates back to the late 1800s. The Wright Bicycle Co. started producing the sprockets and other bicycle parts using their innovative chain ring technology. In the late 1880s they even began to experiment and test their theories with flying. This hub has a unique feature that is unlike the rest, it has a different ring on its rim, with five chain rings instead of the single toothed gear commonly used at the time.
This bicycle sprocket hub is made of steel and is attached to a hub of the bicycle, it has four sprockets of different sizes","15th District in France. This hub dates back to the late 1800s. The Wright Bicycle Co. started producing the sprockets and other bicycle parts using their innovative chain ring technology. In the late 1880s they even began to experiment and test their theories with flying. This hub has a unique feature that is unlike the rest, it has a different ring on its rim, with five chain rings instead of the single toothed gear commonly used at the time.
This bicycle sprocket hub is made of steel and is attached to a hub of the bicycle, it has four sprockets of different sizes","{""do_sample"": true, ""temperature"": 1.0, ""top_p"": 0.95, ""top_k"": 50, ""repetition_penalty"": 1.0, ""max_new_tokens"": 128}"
kgw,4.0,0,1286,52,52,"Elvis Costello played a two-hour, 25-song show that touched on phases throughout his career, both deep cuts and hits, as ","Elvis Costello played a two-hour, 25-song show that touched on phases throughout his career, both deep cuts and hits, as 1,200 people danced and sang along in the intimate setting of the iconic Ryman Auditorium in Nashville.
The concert, part of Costello's Imperfect Teenagers of America tour, featured songs that spanned from his early days with the Attractions (known for their raw, new-wave-inspired rock sound) to his later work as a roots-rock musician, and his collaborations with The Roots, Burt Bacharach, and other artists. The crowd enthusiastically responded with applause, hollers, and even a group ""Happy Birthday"" shout-out to Costello on his current tour.
The show's opening segment featured songs from his","1,200 people danced and sang along in the intimate setting of the iconic Ryman Auditorium in Nashville.
The concert, part of Costello's Imperfect Teenagers of America tour, featured songs that spanned from his early days with the Attractions (known for their raw, new-wave-inspired rock sound) to his later work as a roots-rock musician, and his collaborations with The Roots, Burt Bacharach, and other artists. The crowd enthusiastically responded with applause, hollers, and even a group ""Happy Birthday"" shout-out to Costello on his current tour.
The show's opening segment featured songs from his","{""do_sample"": true, ""temperature"": 1.0, ""top_p"": 0.95, ""top_k"": 50, ""repetition_penalty"": 1.0, ""max_new_tokens"": 128}"
kgw,4.0,0,1288,54,54,"With its eye on Western next-gen gamers, the Japanese publisher pays $15 million for Secret Level. Sega Holdings of USA ","With its eye on Western next-gen gamers, the Japanese publisher pays $15 million for Secret Level. Sega Holdings of USA 3, LLC, subsidiary of the Japanese video game developer and publisher Sega Corporation, has acquired Secret Level, Inc., a San Diego-based game development studio known for their work on the Marvel Trading Card Game and Marvel Heroes. According to the announcement made on Monday, the acquisition price was $15 million.
Secret Level will be integrated into Sega's existing global network, with its employees and facilities relocated to various locations, including offices in Tokyo and California. The acquired studio will continue to work on mobile and PC-based titles, focusing on digital content and leveraging Sega's intellectual property (IP).
Sega has been expanding its presence in the American gaming market","3, LLC, subsidiary of the Japanese video game developer and publisher Sega Corporation, has acquired Secret Level, Inc., a San Diego-based game development studio known for their work on the Marvel Trading Card Game and Marvel Heroes. According to the announcement made on Monday, the acquisition price was $15 million.
Secret Level will be integrated into Sega's existing global network, with its employees and facilities relocated to various locations, including offices in Tokyo and California. The acquired studio will continue to work on mobile and PC-based titles, focusing on digital content and leveraging Sega's intellectual property (IP).
Sega has been expanding its presence in the American gaming market","{""do_sample"": true, ""temperature"": 1.0, ""top_p"": 0.95, ""top_k"": 50, ""repetition_penalty"": 1.0, ""max_new_tokens"": 128}"
kgw,4.0,0,1290,56,56,Two recently published reports shed damning light on the high cost of low wages in the fast food industry – ,"Two recently published reports shed damning light on the high cost of low wages in the fast food industry – 12.5 million workers strong – and the devastating consequences for workers, their families, and their communities.
The first report, ""The State of Wage Theft in the Fast Food Industry,"" published in August by the National Employment Law Project (NELP) and the University of California, Berkeley Labor Center, reveals that fast food workers in 25 major cities are being stolen from, with an average annual wage theft rate of nearly 40%. Wage theft refers to illegal or illegal tactics employers use to cheat workers out of their pay, benefits, or protections.
The report finds that workers in some of the country's largest fast food chains – including McDonald","12.5 million workers strong – and the devastating consequences for workers, their families, and their communities.
The first report, ""The State of Wage Theft in the Fast Food Industry,"" published in August by the National Employment Law Project (NELP) and the University of California, Berkeley Labor Center, reveals that fast food workers in 25 major cities are being stolen from, with an average annual wage theft rate of nearly 40%. Wage theft refers to illegal or illegal tactics employers use to cheat workers out of their pay, benefits, or protections.
The report finds that workers in some of the country's largest fast food chains – including McDonald","{""do_sample"": true, ""temperature"": 1.0, ""top_p"": 0.95, ""top_k"": 50, ""repetition_penalty"": 1.0, ""max_new_tokens"": 128}"
kgw,4.0,0,1292,58,58,"Every morning on The Style Blog, we celebrate the best footwear weve come across. Now, for your benefit, its all ","Every morning on The Style Blog, we celebrate the best footwear weve come across. Now, for your benefit, its all 1 more on the bottom of the webpage, but here's your go-to spot, with the most recent of my favorites listed at the top!
New Arrivals This is a new one, and it already had a spot in my heart. At once elegant and edgy, these black ankle boots feature a stunning buckling detail and can elevate even the easiest of outfits into a fashion-forward statement. 1,495 at (Limited availability, but also in black, brown, and metallic shades).
For the perfect blend of comfort and chicness, look no further than this stylish pair of white sneakers. Featuring a sleek design, rounded toe,","1 more on the bottom of the webpage, but here's your go-to spot, with the most recent of my favorites listed at the top!
New Arrivals This is a new one, and it already had a spot in my heart. At once elegant and edgy, these black ankle boots feature a stunning buckling detail and can elevate even the easiest of outfits into a fashion-forward statement. 1,495 at (Limited availability, but also in black, brown, and metallic shades).
For the perfect blend of comfort and chicness, look no further than this stylish pair of white sneakers. Featuring a sleek design, rounded toe,","{""do_sample"": true, ""temperature"": 1.0, ""top_p"": 0.95, ""top_k"": 50, ""repetition_penalty"": 1.0, ""max_new_tokens"": 128}"
kgw,4.0,0,1294,60,60,"LOS ANGELES – A lawsuit filed Wednesday against ABC (search) and ""American Idol"" judge Simon Cowell (search) alleges they conspired ","LOS ANGELES – A lawsuit filed Wednesday against ABC (search) and ""American Idol"" judge Simon Cowell (search) alleges they conspired 10 finalists on last season's show, and accuses Cowell of using his position to bully and belittle contestants.
Plaintiff Corey Clark claims he was deliberately eliminated from the show's third season in May 2004, after Cowell used his influence with the producers and the other judges to sabotage his performances.
According to the lawsuit, Cowell and other producers on the show conspired to ensure that certain singers were placed high or low on the scoreboard each week, effectively dooming some contestants, including Clark, from advancing in the competition.
The suit alleges that Clark was a strong contender and was receiving high praise from the judges and the","10 finalists on last season's show, and accuses Cowell of using his position to bully and belittle contestants.
Plaintiff Corey Clark claims he was deliberately eliminated from the show's third season in May 2004, after Cowell used his influence with the producers and the other judges to sabotage his performances.
According to the lawsuit, Cowell and other producers on the show conspired to ensure that certain singers were placed high or low on the scoreboard each week, effectively dooming some contestants, including Clark, from advancing in the competition.
The suit alleges that Clark was a strong contender and was receiving high praise from the judges and the","{""do_sample"": true, ""temperature"": 1.0, ""top_p"": 0.95, ""top_k"": 50, ""repetition_penalty"": 1.0, ""max_new_tokens"": 128}"
kgw,4.0,0,1296,62,62,"Seren Rayne Frank Sutherland, a six lb., eight oz., girl, was born Saturday, Dec. 3, 2016, at Yavapai Regional Medical ","Seren Rayne Frank Sutherland, a six lb., eight oz., girl, was born Saturday, Dec. 3, 2016, at Yavapai Regional Medical 24/7 news, 3-2015. I am now the proud owner of three of these loveliest of creatures, but it was before then the journey began. No matter whether it happens in-person or virtually.
Publisher: HarperTeen; First Edition edition (May 2, 2016)
ISBN-10: 9780062271441
Publisher: HarperTeen; First Edition edition (May 2, 2016)
ISBN-10: 9780062271441
The End of Alzheimer's: The Science That... by Dr Jeffrey... book review.
I can go on and say more but it","24/7 news, 3-2015. I am now the proud owner of three of these loveliest of creatures, but it was before then the journey began. No matter whether it happens in-person or virtually.
Publisher: HarperTeen; First Edition edition (May 2, 2016)
ISBN-10: 9780062271441
Publisher: HarperTeen; First Edition edition (May 2, 2016)
ISBN-10: 9780062271441
The End of Alzheimer's: The Science That... by Dr Jeffrey... book review.
I can go on and say more but it","{""do_sample"": true, ""temperature"": 1.0, ""top_p"": 0.95, ""top_k"": 50, ""repetition_penalty"": 1.0, ""max_new_tokens"": 128}"
kgw,4.0,0,1298,64,64,Adventist HealthCare seeks to hire a Med Surg Registered Nurse who will embrace our mission to extend God's care through ,"Adventist HealthCare seeks to hire a Med Surg Registered Nurse who will embrace our mission to extend God's care through  the healing ministry of Jesus Christ.

**Responsibilities:**
* Provides high-quality patient care in a Med Surgical department
* Assesses, plans, implements, and evaluates patient care in collaboration with the healthcare team
* Develops and implements individualized care plans based on patient needs and preferences
* Demonstrates a patient-centered care approach by communicating with patients and families in a caring and respectful manner
* Participates in quality improvement processes and patient safety initiatives
* Supports and maintains a safe and clean environment of patient care

**Requirements:**
* Current Maryland Registered Nurse (RN) licensure
* Bachelor's degree in Nursing (or"," the healing ministry of Jesus Christ.

**Responsibilities:**
* Provides high-quality patient care in a Med Surgical department
* Assesses, plans, implements, and evaluates patient care in collaboration with the healthcare team
* Develops and implements individualized care plans based on patient needs and preferences
* Demonstrates a patient-centered care approach by communicating with patients and families in a caring and respectful manner
* Participates in quality improvement processes and patient safety initiatives
* Supports and maintains a safe and clean environment of patient care

**Requirements:**
* Current Maryland Registered Nurse (RN) licensure
* Bachelor's degree in Nursing (or","{""do_sample"": true, ""temperature"": 1.0, ""top_p"": 0.95, ""top_k"": 50, ""repetition_penalty"": 1.0, ""max_new_tokens"": 128}"
kgw,4.0,0,1300,66,66,"Check out the Charleston Parks Conservancy's newest glow-up project at their inaugural Hampton Park culinary event, Shucked + Sauced, Sat. ","Check out the Charleston Parks Conservancy's newest glow-up project at their inaugural Hampton Park culinary event, Shucked + Sauced, Sat. 6-9pm Oct 1. $60 tix will get you a night of local eats, adult drinks, and live tunes in the park's new outdoor kitchen and bar, set up among the historic live oaks. More deets and tix at charlestonparksconservancy.org. #ShuckedSauced #CharlestonParksConservancy #HamptonPark #FoodDrink #Music #CommunityFirst
Event Highlights:
Enjoy local eats, drinks, and live music in Hampton Park's new outdoor kitchen and bar
Savor dishes from Charleston's best chefs and food vendors
Sample a curated selection of","6-9pm Oct 1. $60 tix will get you a night of local eats, adult drinks, and live tunes in the park's new outdoor kitchen and bar, set up among the historic live oaks. More deets and tix at charlestonparksconservancy.org. #ShuckedSauced #CharlestonParksConservancy #HamptonPark #FoodDrink #Music #CommunityFirst
Event Highlights:
Enjoy local eats, drinks, and live music in Hampton Park's new outdoor kitchen and bar
Savor dishes from Charleston's best chefs and food vendors
Sample a curated selection of","{""do_sample"": true, ""temperature"": 1.0, ""top_p"": 0.95, ""top_k"": 50, ""repetition_penalty"": 1.0, ""max_new_tokens"": 128}"
kgw,4.0,0,1302,68,68,Adweek: So what’s a digital-media tyro like you doing at a fusty old-media company like CBS? Jim Lanzone: I don’t ,"Adweek: So what’s a digital-media tyro like you doing at a fusty old-media company like CBS? Jim Lanzone: I don’t ﻿
Adweek: So what’s a digital-media tyro like you doing at a fusty old-media company like CBS?
Jim Lanzone: I don’t think of CBS as an old-media company, I think of it as a great brand with a rich history that is adapting and evolving just like the industry itself. And I believe my background and experience in the digital space can be an asset in helping that process.
Adweek: How does your approach to digital media differ from the old ways at CBS?
Jim Lanzone: Well first and foremost, I believe we need to think more mobile-first and think more like a digital company rather","﻿
Adweek: So what’s a digital-media tyro like you doing at a fusty old-media company like CBS?
Jim Lanzone: I don’t think of CBS as an old-media company, I think of it as a great brand with a rich history that is adapting and evolving just like the industry itself. And I believe my background and experience in the digital space can be an asset in helping that process.
Adweek: How does your approach to digital media differ from the old ways at CBS?
Jim Lanzone: Well first and foremost, I believe we need to think more mobile-first and think more like a digital company rather","{""do_sample"": true, ""temperature"": 1.0, ""top_p"": 0.95, ""top_k"": 50, ""repetition_penalty"": 1.0, ""max_new_tokens"": 128}"
kgw,4.0,0,1304,70,70,A live events and bespoke creative technical solutions company based in Loughborough is seeking a technical project manager to join ,"A live events and bespoke creative technical solutions company based in Loughborough is seeking a technical project manager to join their team. With a passion for live events, creative technical solutions, and a knack for bringing people together, their company delivers a wide range of events across the UK and internationally.
As a Technical Project Manager, you will be responsible for managing the delivery of large scale events and technical productions. This is an exciting opportunity to work on a diverse range of events, from corporate conferences to live music performances and festivals. If you have experience in technical project management and a passion for live events, this role is an excellent fit for you. You will be the key point of contact for the event teams, clients and contractors and will need to possess excellent","their team. With a passion for live events, creative technical solutions, and a knack for bringing people together, their company delivers a wide range of events across the UK and internationally.
As a Technical Project Manager, you will be responsible for managing the delivery of large scale events and technical productions. This is an exciting opportunity to work on a diverse range of events, from corporate conferences to live music performances and festivals. If you have experience in technical project management and a passion for live events, this role is an excellent fit for you. You will be the key point of contact for the event teams, clients and contractors and will need to possess excellent","{""do_sample"": true, ""temperature"": 1.0, ""top_p"": 0.95, ""top_k"": 50, ""repetition_penalty"": 1.0, ""max_new_tokens"": 128}"
kgw,4.0,0,1306,72,72,The latest report from Violence Policy Center. I find it ironic and sad that the very day an annual report ,"The latest report from Violence Policy Center. I find it ironic and sad that the very day an annual report  from the Violence Policy Center, which exposes horrific gun violence in the U.S., a mass shooting kills over 20 people in the Las Vegas Strip.
The report highlights the devastating impact of gun violence in the United States. 2017 was one of the deadliest years on record, with 39,773 deaths from firearm injuries.
Highlights of the report:
1. Firearm deaths in the US have risen 14% in the past year: In 2017, the gun violence mortality rate in the US hit its highest level since 1995.
2. Mass shootings account for just 1.2% of firearm deaths,"," from the Violence Policy Center, which exposes horrific gun violence in the U.S., a mass shooting kills over 20 people in the Las Vegas Strip.
The report highlights the devastating impact of gun violence in the United States. 2017 was one of the deadliest years on record, with 39,773 deaths from firearm injuries.
Highlights of the report:
1. Firearm deaths in the US have risen 14% in the past year: In 2017, the gun violence mortality rate in the US hit its highest level since 1995.
2. Mass shootings account for just 1.2% of firearm deaths,","{""do_sample"": true, ""temperature"": 1.0, ""top_p"": 0.95, ""top_k"": 50, ""repetition_penalty"": 1.0, ""max_new_tokens"": 128}"
kgw,4.0,0,1308,74,74,Thorpe of the New York Trucking and Delivery Association says the decision to raise penalties won’t solve the parking crisis. ,"Thorpe of the New York Trucking and Delivery Association says the decision to raise penalties won’t solve the parking crisis. 2021, is the current season for the CBA! I hope I can find a new career. The main objectives are as followings:-. The truckers are asking to waive the $63,000 fine, which they claim is excessive and would put them out of business.
He believes that other solutions such as improving parking availability, reducing truck traffic in residential areas and implementing congestion pricing would be more effective.
It is a big one. “This not just about a fine.
Focusing on the impact of parking issues on small and family-owned trucking companies. You will find more information on the impact to trucking operations and drivers","2021, is the current season for the CBA! I hope I can find a new career. The main objectives are as followings:-. The truckers are asking to waive the $63,000 fine, which they claim is excessive and would put them out of business.
He believes that other solutions such as improving parking availability, reducing truck traffic in residential areas and implementing congestion pricing would be more effective.
It is a big one. “This not just about a fine.
Focusing on the impact of parking issues on small and family-owned trucking companies. You will find more information on the impact to trucking operations and drivers","{""do_sample"": true, ""temperature"": 1.0, ""top_p"": 0.95, ""top_k"": 50, ""repetition_penalty"": 1.0, ""max_new_tokens"": 128}"
kgw,4.0,0,1310,76,76,A District Court decision overturning major provisions of three Executive Orders has been appealed. Here is a summary of the ,"A District Court decision overturning major provisions of three Executive Orders has been appealed. Here is a summary of the 30-page Memorandum Opinion.
On March 27, the District Court issued a Memorandum Opinion and Order granting the Plaintiffs' Motion for Summary Judgment in the case brought by 21 states and several organizations challenging the President's Executive Orders (EO) 13768 (Restraining Entry of Aliens Subject to Restrictions Under E.O. 13224 of September 23, 2001), EO 13780 (Protecting the Nation from Foreign Terrorist Entry Into the United States) and EO 13783 (Enhancing Public Safety in the Interior of the United States). The Court's ruling was in favor of the Plaintiffs,","30-page Memorandum Opinion.
On March 27, the District Court issued a Memorandum Opinion and Order granting the Plaintiffs' Motion for Summary Judgment in the case brought by 21 states and several organizations challenging the President's Executive Orders (EO) 13768 (Restraining Entry of Aliens Subject to Restrictions Under E.O. 13224 of September 23, 2001), EO 13780 (Protecting the Nation from Foreign Terrorist Entry Into the United States) and EO 13783 (Enhancing Public Safety in the Interior of the United States). The Court's ruling was in favor of the Plaintiffs,","{""do_sample"": true, ""temperature"": 1.0, ""top_p"": 0.95, ""top_k"": 50, ""repetition_penalty"": 1.0, ""max_new_tokens"": 128}"
kgw,4.0,0,1312,78,78,"The democratization of data is a real phenomenon, but building a sustainable data democracy means truly giving power to the ","The democratization of data is a real phenomenon, but building a sustainable data democracy means truly giving power to the 99%, not just the 1%. That’s the idea driving the Data Transparency Lab (DTL), a new research initiative led by Professor John Kelly of New York University’s Center for Data Science.

Based on the idea that large amounts of data can make power more accessible to the many rather than just a few, DTL is a collaborative space for data scientists, civic organizers, and community activists to work together towards creating more open, transparent, and equitable uses of data.

According to Professor Kelly, ""The goal of the Data Transparency Lab is to help create a data democracy, where all members of a society have equal access to power and","99%, not just the 1%. That’s the idea driving the Data Transparency Lab (DTL), a new research initiative led by Professor John Kelly of New York University’s Center for Data Science.

Based on the idea that large amounts of data can make power more accessible to the many rather than just a few, DTL is a collaborative space for data scientists, civic organizers, and community activists to work together towards creating more open, transparent, and equitable uses of data.

According to Professor Kelly, ""The goal of the Data Transparency Lab is to help create a data democracy, where all members of a society have equal access to power and","{""do_sample"": true, ""temperature"": 1.0, ""top_p"": 0.95, ""top_k"": 50, ""repetition_penalty"": 1.0, ""max_new_tokens"": 128}"
kgw,4.0,0,1314,80,80,"The Council of PR Firms yesterday urged PR firms to ""pledge"" to Wikipedia that they will only submit materials to ","The Council of PR Firms yesterday urged PR firms to ""pledge"" to Wikipedia that they will only submit materials to 100,000+ articles on the online encyclopedia.
In an email to member firms, the PR Council wrote: ""Wikipedia has launched a 'Pledge initiative' aimed at ensuring the quality and accuracy of Wikipedia articles and combating vandalism. They are asking PR professionals, as responsible stewards of public discourse, to only add content to Wikipedia articles with at least 100,000 views.
The PR Council also urged its member firms to ""educate"" their staff on the importance of Wikipedia's policies and procedures.

The pledge includes four core elements:

1. Respect the fundamental principles of the Internet and Wikipedia
2. Follow Wikipedia policies and guidelines","100,000+ articles on the online encyclopedia.
In an email to member firms, the PR Council wrote: ""Wikipedia has launched a 'Pledge initiative' aimed at ensuring the quality and accuracy of Wikipedia articles and combating vandalism. They are asking PR professionals, as responsible stewards of public discourse, to only add content to Wikipedia articles with at least 100,000 views.
The PR Council also urged its member firms to ""educate"" their staff on the importance of Wikipedia's policies and procedures.

The pledge includes four core elements:

1. Respect the fundamental principles of the Internet and Wikipedia
2. Follow Wikipedia policies and guidelines","{""do_sample"": true, ""temperature"": 1.0, ""top_p"": 0.95, ""top_k"": 50, ""repetition_penalty"": 1.0, ""max_new_tokens"": 128}"
kgw,4.0,0,1316,82,82,"He and a neighbor managed to lure the horse toward them with a handful of grass, Sickinger said, and they ","He and a neighbor managed to lure the horse toward them with a handful of grass, Sickinger said, and they iced him up with cold packs to help stop any bleeding.The 32-year-old Sickinger said that in a move that would make any horse owner proud, he talked to the horse, stroking its neck and telling it ""it was okay"" until help arrived.Some 20 minutes later, a veterinarian arrived and the injured horse, which was not critically injured, could receive proper treatment.The whole situation turned into something of an adventure for the trio, who decided to take the injured horse to its home in a trailer, with Sickinger documenting their journey to Facebook, where it quickly gained widespread attention.Anyway, no updates on the horse's health","iced him up with cold packs to help stop any bleeding.The 32-year-old Sickinger said that in a move that would make any horse owner proud, he talked to the horse, stroking its neck and telling it ""it was okay"" until help arrived.Some 20 minutes later, a veterinarian arrived and the injured horse, which was not critically injured, could receive proper treatment.The whole situation turned into something of an adventure for the trio, who decided to take the injured horse to its home in a trailer, with Sickinger documenting their journey to Facebook, where it quickly gained widespread attention.Anyway, no updates on the horse's health","{""do_sample"": true, ""temperature"": 1.0, ""top_p"": 0.95, ""top_k"": 50, ""repetition_penalty"": 1.0, ""max_new_tokens"": 128}"
kgw,4.0,0,1318,84,84,"Wolf, 33, joined the Africa Mercy crew in March, taking a short leave from her job as a registered nurse ","Wolf, 33, joined the Africa Mercy crew in March, taking a short leave from her job as a registered nurse 16 years to care for people in need.
She will spend two years working on the Africa Mercy, treating people with facial tumours, cleft lips and other conditions that are causing them physical and social pain. It is the third Africa Mercy crew to include an Australian on board.
The Africa Mercy, run by the Mercy Ships organisation, offers life-changing medical care and hope to the people of West and Central Africa.
Ms Wolf, who hails from the small town of Walgett in western NSW, has been driven by a desire to make a difference in the world since a young age. She was influenced by her parents, both medical professionals","16 years to care for people in need.
She will spend two years working on the Africa Mercy, treating people with facial tumours, cleft lips and other conditions that are causing them physical and social pain. It is the third Africa Mercy crew to include an Australian on board.
The Africa Mercy, run by the Mercy Ships organisation, offers life-changing medical care and hope to the people of West and Central Africa.
Ms Wolf, who hails from the small town of Walgett in western NSW, has been driven by a desire to make a difference in the world since a young age. She was influenced by her parents, both medical professionals","{""do_sample"": true, ""temperature"": 1.0, ""top_p"": 0.95, ""top_k"": 50, ""repetition_penalty"": 1.0, ""max_new_tokens"": 128}"
kgw,4.0,0,1320,86,86,"A Chicago judge on Thursday dismissed a patent case between Apple and Motorola because, he said, neither side could adequately ","A Chicago judge on Thursday dismissed a patent case between Apple and Motorola because, he said, neither side could adequately 2/6/13 11:14 PM PT - The case is over: Apple and Motorola have settled their long-running patent battle. In court today, a Chicago judge ordered the two companies to pay a combined $0, according to court documents filed in the U. Closes case for a while.
Apple today dismissed its antitrust lawsuit against Samsung Electronics, the rival. 31 October 2007: Judge Richard A Posner of the U. District Court of Northern Illinois rules.
Circuit in case No. Apple, Inc v.
How is the Apple-Motorola lawsuit unfolding: Apple sues Motorola for allegedly. A","2/6/13 11:14 PM PT - The case is over: Apple and Motorola have settled their long-running patent battle. In court today, a Chicago judge ordered the two companies to pay a combined $0, according to court documents filed in the U. Closes case for a while.
Apple today dismissed its antitrust lawsuit against Samsung Electronics, the rival. 31 October 2007: Judge Richard A Posner of the U. District Court of Northern Illinois rules.
Circuit in case No. Apple, Inc v.
How is the Apple-Motorola lawsuit unfolding: Apple sues Motorola for allegedly. A","{""do_sample"": true, ""temperature"": 1.0, ""top_p"": 0.95, ""top_k"": 50, ""repetition_penalty"": 1.0, ""max_new_tokens"": 128}"
kgw,4.0,0,1322,88,88,"Ford is building cars that ""talk"" with traffic lights, road signs and pedestrians. At CES 2019 in Las Vegas on ","Ford is building cars that ""talk"" with traffic lights, road signs and pedestrians. At CES 2019 in Las Vegas on 9th January, Ford unveiled an advanced technology called Ford City of Tomorrow, aimed at reducing traffic congestion, improving safety and making urban driving more enjoyable and connected.
The Ford City of Tomorrow project includes a smart vehicle, called the C-Sync vehicle prototype, which uses a variety of sensors and cameras to share data with other vehicles, road infrastructure and other devices. The vehicle can exchange data with traffic lights to optimize traffic flow, and with road signs to warn drivers of potential hazards.
But that’s not all. The Ford prototype also features advanced pedestrian and cyclist detection, which allows it to adjust its behavior around vulnerable road users. The vehicle can","9th January, Ford unveiled an advanced technology called Ford City of Tomorrow, aimed at reducing traffic congestion, improving safety and making urban driving more enjoyable and connected.
The Ford City of Tomorrow project includes a smart vehicle, called the C-Sync vehicle prototype, which uses a variety of sensors and cameras to share data with other vehicles, road infrastructure and other devices. The vehicle can exchange data with traffic lights to optimize traffic flow, and with road signs to warn drivers of potential hazards.
But that’s not all. The Ford prototype also features advanced pedestrian and cyclist detection, which allows it to adjust its behavior around vulnerable road users. The vehicle can","{""do_sample"": true, ""temperature"": 1.0, ""top_p"": 0.95, ""top_k"": 50, ""repetition_penalty"": 1.0, ""max_new_tokens"": 128}"
kgw,4.0,0,1324,90,90,"Things get a bit messy in a new brand campaign from Chobani. Centered on the tag ""Love This Life,"" its ","Things get a bit messy in a new brand campaign from Chobani. Centered on the tag ""Love This Life,"" its 15-minute film showcases a series of vignettes featuring real people from around the world enjoying breakfast, having fun with friends, exploring the outdoors, or simply taking a moment for themselves.

The campaign, created in partnership with 72andSunny New York, highlights different aspects of Chobani's brand, including its philosophy of kindness, community and respect for the land. While breakfast is still at the heart of things, this campaign expands the scope to emphasize the connections between food, love, family, and life in general.

The film is a bit over-stuffed with content and at times may be hard to follow, but the overall message","15-minute film showcases a series of vignettes featuring real people from around the world enjoying breakfast, having fun with friends, exploring the outdoors, or simply taking a moment for themselves.

The campaign, created in partnership with 72andSunny New York, highlights different aspects of Chobani's brand, including its philosophy of kindness, community and respect for the land. While breakfast is still at the heart of things, this campaign expands the scope to emphasize the connections between food, love, family, and life in general.

The film is a bit over-stuffed with content and at times may be hard to follow, but the overall message","{""do_sample"": true, ""temperature"": 1.0, ""top_p"": 0.95, ""top_k"": 50, ""repetition_penalty"": 1.0, ""max_new_tokens"": 128}"
kgw,4.0,0,1326,92,92,Trump's new immigration ad was panned as racist. Turns out it was also based on a falsehood. - Hartford Courant ,"Trump's new immigration ad was panned as racist. Turns out it was also based on a falsehood. - Hartford Courant 24 min 17 sec ago... More news... More international...
Gordon Sondland: Key moments from his testimony - BBC News 24 min 17 sec ago... More news... More international...
Hong Kong protesters storm government building as calls for governorâs resignation intensify - Washington Post 25 min 18 sec ago... More news... More international...
Facebook says it removed a network of accounts linked to the Philippines government - CNN 26 min 20 sec ago... More news... More international...
Honduras election candidate murdered, amid concerns over violence and fraud - Guardian News & Media Ltd 28 min 22 sec","24 min 17 sec ago... More news... More international...
Gordon Sondland: Key moments from his testimony - BBC News 24 min 17 sec ago... More news... More international...
Hong Kong protesters storm government building as calls for governorâs resignation intensify - Washington Post 25 min 18 sec ago... More news... More international...
Facebook says it removed a network of accounts linked to the Philippines government - CNN 26 min 20 sec ago... More news... More international...
Honduras election candidate murdered, amid concerns over violence and fraud - Guardian News & Media Ltd 28 min 22 sec","{""do_sample"": true, ""temperature"": 1.0, ""top_p"": 0.95, ""top_k"": 50, ""repetition_penalty"": 1.0, ""max_new_tokens"": 128}"
kgw,4.0,0,1328,94,94,• Engage with other SRA functions to support the evidence gathering and credible deterrence approach of the SRA. The role ,"• Engage with other SRA functions to support the evidence gathering and credible deterrence approach of the SRA. The role  will require collaboration  with other SRA departments such as Data Analysis, Forensic Accounting and Financial Investigations to achieve effective enforcement outcomes.
This job will involve working in a fast-paced environment, managing multiple competing priorities and meeting tight deadlines. The ability to think critically, solve problems and work independently and as part of a team is essential.
• Strong analytical and critical thinking skills.
• Ability to quickly learn and adapt to new systems and processes.
If you believe you meet the requirements of this role, please submit your cover letter and CV to: jobs@sfaa.org.au. Please ensure that your cover letter addresses the selection criteria as outlined above."," will require collaboration  with other SRA departments such as Data Analysis, Forensic Accounting and Financial Investigations to achieve effective enforcement outcomes.
This job will involve working in a fast-paced environment, managing multiple competing priorities and meeting tight deadlines. The ability to think critically, solve problems and work independently and as part of a team is essential.
• Strong analytical and critical thinking skills.
• Ability to quickly learn and adapt to new systems and processes.
If you believe you meet the requirements of this role, please submit your cover letter and CV to: jobs@sfaa.org.au. Please ensure that your cover letter addresses the selection criteria as outlined above.","{""do_sample"": true, ""temperature"": 1.0, ""top_p"": 0.95, ""top_k"": 50, ""repetition_penalty"": 1.0, ""max_new_tokens"": 128}"
kgw,4.0,0,1330,96,96,"MidMichigan Health plans to restructure and re-align its work force in the coming months, and the changes could mean laying ","MidMichigan Health plans to restructure and re-align its work force in the coming months, and the changes could mean laying 150 employees.
The company announced its intentions to restructure and re-align its workforce through a letter to its employees last week. The changes are expected to take effect in the coming months, although the exact timeline is still unclear.
According to the letter, the restructuring efforts are intended to better align MidMichigan Health's workforce with its strategic priorities, which include improving patient care and improving operational efficiency.
In order to achieve these goals, MidMichigan Health plans to realign jobs, eliminate some positions and create new roles. This could result in the elimination of up to 150 employee positions, the company reported.
""We recognize that these changes can be challenging","150 employees.
The company announced its intentions to restructure and re-align its workforce through a letter to its employees last week. The changes are expected to take effect in the coming months, although the exact timeline is still unclear.
According to the letter, the restructuring efforts are intended to better align MidMichigan Health's workforce with its strategic priorities, which include improving patient care and improving operational efficiency.
In order to achieve these goals, MidMichigan Health plans to realign jobs, eliminate some positions and create new roles. This could result in the elimination of up to 150 employee positions, the company reported.
""We recognize that these changes can be challenging","{""do_sample"": true, ""temperature"": 1.0, ""top_p"": 0.95, ""top_k"": 50, ""repetition_penalty"": 1.0, ""max_new_tokens"": 128}"
kgw,4.0,0,1332,98,98,Tennessee farmers are cashing in on the local food movement. The federal government never measured just how much Tennessee farmers ,"Tennessee farmers are cashing in on the local food movement. The federal government never measured just how much Tennessee farmers 2014. A study by the United States Department of Agriculture did look at the impact of local food systems. It found.
May 17, 2019  · Tennessee Farmers Market Road Trip: A Seasonal Taste Guide. There are many farmers markets throughout Tennessee that offer a taste of the state’s diverse produce, meats, baked goods and more. Here’s a.
The Tennessee Farmers Market Association (TFMA) is a 501(c)(6) non-profit organization that represents farmers’ markets throughout the state of Tennessee. TFMA works to promote and support local food systems by advocating for policies that benefit farmers’ markets, providing","2014. A study by the United States Department of Agriculture did look at the impact of local food systems. It found.
May 17, 2019  · Tennessee Farmers Market Road Trip: A Seasonal Taste Guide. There are many farmers markets throughout Tennessee that offer a taste of the state’s diverse produce, meats, baked goods and more. Here’s a.
The Tennessee Farmers Market Association (TFMA) is a 501(c)(6) non-profit organization that represents farmers’ markets throughout the state of Tennessee. TFMA works to promote and support local food systems by advocating for policies that benefit farmers’ markets, providing","{""do_sample"": true, ""temperature"": 1.0, ""top_p"": 0.95, ""top_k"": 50, ""repetition_penalty"": 1.0, ""max_new_tokens"": 128}"
kgw,4.0,0,1334,100,100,Ozier Muhammad/The New York TimesReynaldo Rodriguez of the Care Coordination program counseled a patient with H.I.V. on how to adhere ,"Ozier Muhammad/The New York TimesReynaldo Rodriguez of the Care Coordination program counseled a patient with H.I.V. on how to adhere 22 prescription medications a day.
As the opioid crisis has worsened, the nation's health providers have been scrambling to find new ways to manage complex patients with chronic conditions, like opioid use disorders, mental health issues and substance abuse problems.
One key strategy has been the expansion of care coordination programs, which bring together health professionals from multiple disciplines to provide individualized support to patients who have multiple chronic conditions. These programs were originally designed to manage patients with HIV, diabetes and other chronic illnesses, but they are increasingly being used to help people struggling with addiction.
The goal is to help patients navigate a tangled web of services, such as counseling, medication","22 prescription medications a day.
As the opioid crisis has worsened, the nation's health providers have been scrambling to find new ways to manage complex patients with chronic conditions, like opioid use disorders, mental health issues and substance abuse problems.
One key strategy has been the expansion of care coordination programs, which bring together health professionals from multiple disciplines to provide individualized support to patients who have multiple chronic conditions. These programs were originally designed to manage patients with HIV, diabetes and other chronic illnesses, but they are increasingly being used to help people struggling with addiction.
The goal is to help patients navigate a tangled web of services, such as counseling, medication","{""do_sample"": true, ""temperature"": 1.0, ""top_p"": 0.95, ""top_k"": 50, ""repetition_penalty"": 1.0, ""max_new_tokens"": 128}"
kgw,4.0,0,1336,102,102,"Talking to the press people here at the Heliport on Saturday, the National BJP leader, while stating the Naga issue ","Talking to the press people here at the Heliport on Saturday, the National BJP leader, while stating the Naga issue 90% resolved. He categorically mentioned that there will be no further negotiations on the agreement.
The statement sparked controversy, and the people are divided, as some feel that the assurance given by the National BJP leader can bring finality to the decades-old Naga issue. While some are of the opinion that, it is premature, as the NRC and citizenship issues are yet to be addressed. The 21st century NRC is not even complete.
Naga political organisations in coordination with other civil society organisations have taken out rallies, holding placards and banners, to protest, the statement. This is being seen as an attempt to disrupt","90% resolved. He categorically mentioned that there will be no further negotiations on the agreement.
The statement sparked controversy, and the people are divided, as some feel that the assurance given by the National BJP leader can bring finality to the decades-old Naga issue. While some are of the opinion that, it is premature, as the NRC and citizenship issues are yet to be addressed. The 21st century NRC is not even complete.
Naga political organisations in coordination with other civil society organisations have taken out rallies, holding placards and banners, to protest, the statement. This is being seen as an attempt to disrupt","{""do_sample"": true, ""temperature"": 1.0, ""top_p"": 0.95, ""top_k"": 50, ""repetition_penalty"": 1.0, ""max_new_tokens"": 128}"
kgw,4.0,0,1338,104,104,"Famously tight-lipped about her Scientology faith, The Handmaid’s Tale star Elisabeth Moss has opened up in a candid new interview. ","Famously tight-lipped about her Scientology faith, The Handmaid’s Tale star Elisabeth Moss has opened up in a candid new interview. 2020 12:45 am. So, what happens to Offred's handmaiden? In ""The Handmaid's Tale"" episode ""Fighting Right,"" Offred (Elisabeth Moss) learns that her handmaiden, Ofglen (Anna Chlumsky), was secretly working for the resistance. Elisabeth Moss, star of The Handmaid's Tale, has spoken out about her experience being a handmaiden to a powerful businessman before rising up and becoming the commander of the resistance movement. The Handmaid's Tale's most recent episode, ""Sisters in Law,"" has sparked a major twist for Offred","2020 12:45 am. So, what happens to Offred's handmaiden? In ""The Handmaid's Tale"" episode ""Fighting Right,"" Offred (Elisabeth Moss) learns that her handmaiden, Ofglen (Anna Chlumsky), was secretly working for the resistance. Elisabeth Moss, star of The Handmaid's Tale, has spoken out about her experience being a handmaiden to a powerful businessman before rising up and becoming the commander of the resistance movement. The Handmaid's Tale's most recent episode, ""Sisters in Law,"" has sparked a major twist for Offred","{""do_sample"": true, ""temperature"": 1.0, ""top_p"": 0.95, ""top_k"": 50, ""repetition_penalty"": 1.0, ""max_new_tokens"": 128}"
kgw,4.0,0,1340,106,106,Madore received the package along with three crosses she had ordered in memory of her son Christopher Medina who died ,"Madore received the package along with three crosses she had ordered in memory of her son Christopher Medina who died 14 years ago.
""I opened the box and my eyes got teary because it was beautiful, it was perfect, and I just knew that Christopher would have loved it because it's exactly what he would have wanted for his mom,"" Madore said.
Madore said it wasn't just a beautiful piece of jewelry; it reminded her of her son's love, strength and resilience, just like the cross did for her friends who had also lost loved ones.
The cross, made of sterling silver, has a small etching of a dove and an eagle, symbolizing love, peace and strength.
Madore said it has become a symbol of","14 years ago.
""I opened the box and my eyes got teary because it was beautiful, it was perfect, and I just knew that Christopher would have loved it because it's exactly what he would have wanted for his mom,"" Madore said.
Madore said it wasn't just a beautiful piece of jewelry; it reminded her of her son's love, strength and resilience, just like the cross did for her friends who had also lost loved ones.
The cross, made of sterling silver, has a small etching of a dove and an eagle, symbolizing love, peace and strength.
Madore said it has become a symbol of","{""do_sample"": true, ""temperature"": 1.0, ""top_p"": 0.95, ""top_k"": 50, ""repetition_penalty"": 1.0, ""max_new_tokens"": 128}"
kgw,4.0,0,1342,108,108,"France is in a difficult position. It has not had a sufficient spur to reform, despite the platitudes by both ","France is in a difficult position. It has not had a sufficient spur to reform, despite the platitudes by both  candidates for the upcoming presidential election. It has been stuck for years in a deep malaise that nobody really knows how to overcome. Macrons’ attempts at reform have fallen flat, while Marine Le Pen's far right message has not filled the void.
This lack of progress has been reflected in economic and societal stagnation, as well as rising discontent and social unrest. It is difficult to overstate the importance of this problem: France has traditionally been the driver of economic growth in the EU and it continues to be one the world's fifth-largest economy. If it falters, there are serious consequences for the global economy and the EU"," candidates for the upcoming presidential election. It has been stuck for years in a deep malaise that nobody really knows how to overcome. Macrons’ attempts at reform have fallen flat, while Marine Le Pen's far right message has not filled the void.
This lack of progress has been reflected in economic and societal stagnation, as well as rising discontent and social unrest. It is difficult to overstate the importance of this problem: France has traditionally been the driver of economic growth in the EU and it continues to be one the world's fifth-largest economy. If it falters, there are serious consequences for the global economy and the EU","{""do_sample"": true, ""temperature"": 1.0, ""top_p"": 0.95, ""top_k"": 50, ""repetition_penalty"": 1.0, ""max_new_tokens"": 128}"
kgw,4.0,0,1344,110,110,"Nelson Mandela statue in Westminster, London. ""Comrade Mandela's release was achieved through our struggles that had pushed the apartheid regime ","Nelson Mandela statue in Westminster, London. ""Comrade Mandela's release was achieved through our struggles that had pushed the apartheid regime 24 hours a day, 7 days a week, to crack us down, but ultimately breaking us down. It took us many a tear, much pain & blood & sacrifice to achieve that moment. But it was a moment that brought us to where we are today, & it was a moment that set an African Country Free."" - Winnie Madikizela-Mandela (Ex-Wife of Nelson Mandela)
Winnie Madikizela-Mandela (Ex-Wife of Nelson Mandela)
Winnie Madikizela-Mandela (Ex-Wife of Nelson Mandela)
Winnie Madikizela-Mandela (","24 hours a day, 7 days a week, to crack us down, but ultimately breaking us down. It took us many a tear, much pain & blood & sacrifice to achieve that moment. But it was a moment that brought us to where we are today, & it was a moment that set an African Country Free."" - Winnie Madikizela-Mandela (Ex-Wife of Nelson Mandela)
Winnie Madikizela-Mandela (Ex-Wife of Nelson Mandela)
Winnie Madikizela-Mandela (Ex-Wife of Nelson Mandela)
Winnie Madikizela-Mandela (","{""do_sample"": true, ""temperature"": 1.0, ""top_p"": 0.95, ""top_k"": 50, ""repetition_penalty"": 1.0, ""max_new_tokens"": 128}"
kgw,4.0,0,1346,112,112,"Back in 1982, the Endangered Species Act took the ocelot under its protection. The ocelot is a vulnerable creature, susceptible ","Back in 1982, the Endangered Species Act took the ocelot under its protection. The ocelot is a vulnerable creature, susceptible  to various threats including loss of habitat and fragmentation, human-ocelot conflict, and the consequences of environmental degradation.
Efforts to conserve the ocelot population are underway. For example, the United States Fish and Wildlife Service has designated critical habitat for the ocelot, stretching across parts of Texas, Mexico, and Louisiana. Additionally, organizations like the Save the Ocelot organization are working to protect ocelots and their habitat, as well as support research and education about these majestic creatures.
The ocelot, also referred to as a "" wild cat "", is known for its striking markings and beautiful appearance. Unfortunately,"," to various threats including loss of habitat and fragmentation, human-ocelot conflict, and the consequences of environmental degradation.
Efforts to conserve the ocelot population are underway. For example, the United States Fish and Wildlife Service has designated critical habitat for the ocelot, stretching across parts of Texas, Mexico, and Louisiana. Additionally, organizations like the Save the Ocelot organization are working to protect ocelots and their habitat, as well as support research and education about these majestic creatures.
The ocelot, also referred to as a "" wild cat "", is known for its striking markings and beautiful appearance. Unfortunately,","{""do_sample"": true, ""temperature"": 1.0, ""top_p"": 0.95, ""top_k"": 50, ""repetition_penalty"": 1.0, ""max_new_tokens"": 128}"
kgw,4.0,0,1348,114,114,"Assembly Minority Leader Pat Hickey, R-Reno, will have a GOP primary election opponent in 2014. Richard Fineberg, a retired lawyer ","Assembly Minority Leader Pat Hickey, R-Reno, will have a GOP primary election opponent in 2014. Richard Fineberg, a retired lawyer 55 years into a 60-year sentence for a crime he claims was a setup, announced Wednesday he's running against Hickey in the June 10 primary.
Fineberg, a former Democratic candidate, is known for his...um... colorful campaign antics, including a lawsuit against the Nevada Supreme Court and a protest in which he wore a chicken suit. His candidacy against Hickey could shake things up, to say the least. Here's the news release from Fineberg's campaign, which includes a hint that he'll focus on reforming Nevada's criminal justice system:
""Fineberg announced that he is leaving the Democratic Party and switching his affiliation","55 years into a 60-year sentence for a crime he claims was a setup, announced Wednesday he's running against Hickey in the June 10 primary.
Fineberg, a former Democratic candidate, is known for his...um... colorful campaign antics, including a lawsuit against the Nevada Supreme Court and a protest in which he wore a chicken suit. His candidacy against Hickey could shake things up, to say the least. Here's the news release from Fineberg's campaign, which includes a hint that he'll focus on reforming Nevada's criminal justice system:
""Fineberg announced that he is leaving the Democratic Party and switching his affiliation","{""do_sample"": true, ""temperature"": 1.0, ""top_p"": 0.95, ""top_k"": 50, ""repetition_penalty"": 1.0, ""max_new_tokens"": 128}"
kgw,4.0,0,1350,116,116,"Friday Night Live: Hilarious Improv Comedy featuring live music from pianist Keith Munslow! Get beside yourself with FNL’s interactive scenes, ","Friday Night Live: Hilarious Improv Comedy featuring live music from pianist Keith Munslow! Get beside yourself with FNL’s interactive scenes, 100mph gameplay, and a healthy dose of ridiculous suggestions! We are thrilled to announce our headlining musician Keith Munsworth (just kidding, that’s Munslow)!! Not really, but his music will be on point!
Friday Night Live
Friday Night Live: Hilarious Improv Comedy featuring live music from pianist Keith Munslow! Get beside yourself with FNL's interactive scenes, 100mph gameplay, and a healthy dose of ridiculous suggestions! We are thrilled to announce our headlining musician Keith Munsworth (just kidding, that’s Munslow)!! Not really, but his music will be on point!
Friday Night Live","100mph gameplay, and a healthy dose of ridiculous suggestions! We are thrilled to announce our headlining musician Keith Munsworth (just kidding, that’s Munslow)!! Not really, but his music will be on point!
Friday Night Live
Friday Night Live: Hilarious Improv Comedy featuring live music from pianist Keith Munslow! Get beside yourself with FNL's interactive scenes, 100mph gameplay, and a healthy dose of ridiculous suggestions! We are thrilled to announce our headlining musician Keith Munsworth (just kidding, that’s Munslow)!! Not really, but his music will be on point!
Friday Night Live","{""do_sample"": true, ""temperature"": 1.0, ""top_p"": 0.95, ""top_k"": 50, ""repetition_penalty"": 1.0, ""max_new_tokens"": 128}"
kgw,4.0,0,1352,118,118,Do Twinkle and mum Dimple share a wardrobe? The star wife was missing for a greater part of the year ,"Do Twinkle and mum Dimple share a wardrobe? The star wife was missing for a greater part of the year 2022, and fans were left wondering where she was.
Her partner, Twinkle Khanna, who is also a popular actress, author, and interior designer, managed the Instagram account of their daughter Anshula, which left fans curious.
In an exclusive chat with ETimes, Dimple Kapadia's manager clarified her absence, citing reasons like her health and personal issues. The manager said, ""Yes, it's true. Mrs. Kapadia has been away, due to her health issues and personal reasons. Family time is essential, and during this period, it was her priority.""

Do Twinkle and mum Dimple share a","2022, and fans were left wondering where she was.
Her partner, Twinkle Khanna, who is also a popular actress, author, and interior designer, managed the Instagram account of their daughter Anshula, which left fans curious.
In an exclusive chat with ETimes, Dimple Kapadia's manager clarified her absence, citing reasons like her health and personal issues. The manager said, ""Yes, it's true. Mrs. Kapadia has been away, due to her health issues and personal reasons. Family time is essential, and during this period, it was her priority.""

Do Twinkle and mum Dimple share a","{""do_sample"": true, ""temperature"": 1.0, ""top_p"": 0.95, ""top_k"": 50, ""repetition_penalty"": 1.0, ""max_new_tokens"": 128}"
kgw,4.0,0,1354,120,120,the World Challenge a year ago. He won at Hilton Head on the U.S. Championships in Doral and Shanghai. the ,"the World Challenge a year ago. He won at Hilton Head on the U.S. Championships in Doral and Shanghai. the 2018 BMW PGA Championship.
Here's the PGA Tour. I'll have to start my watch now.
I've already had a couple of holes to watch, just to make sure.
of the way he played at the World Challenge a year ago. He won at Hilton Head on the U.S. Open and Shanghai. the 2018 BMW PGA Championship.
It's hard to believe he won at Shanghai, where it is known as Shangri-La, a place he called the ultimate test. It was his first and only World Challenge win, which made him the first player ever to capture two majors before 27, if you can","2018 BMW PGA Championship.
Here's the PGA Tour. I'll have to start my watch now.
I've already had a couple of holes to watch, just to make sure.
of the way he played at the World Challenge a year ago. He won at Hilton Head on the U.S. Open and Shanghai. the 2018 BMW PGA Championship.
It's hard to believe he won at Shanghai, where it is known as Shangri-La, a place he called the ultimate test. It was his first and only World Challenge win, which made him the first player ever to capture two majors before 27, if you can","{""do_sample"": true, ""temperature"": 1.0, ""top_p"": 0.95, ""top_k"": 50, ""repetition_penalty"": 1.0, ""max_new_tokens"": 128}"
kgw,4.0,0,1356,122,122,2 bedroom home with extra room for office or 3rd bedroom. Kitchen features Oak cabinets. Home features wood flooring in ,"2 bedroom home with extra room for office or 3rd bedroom. Kitchen features Oak cabinets. Home features wood flooring in 2 main areas. Back patio and fenced yard for outside entertaining and pets. Community offers pool and tennis court. Close to shopping, dining and schools.
Listing courtesy of RE/MAX Preferred. Selling Office: RE/MAX Preferred.","2 main areas. Back patio and fenced yard for outside entertaining and pets. Community offers pool and tennis court. Close to shopping, dining and schools.
Listing courtesy of RE/MAX Preferred. Selling Office: RE/MAX Preferred.","{""do_sample"": true, ""temperature"": 1.0, ""top_p"": 0.95, ""top_k"": 50, ""repetition_penalty"": 1.0, ""max_new_tokens"": 128}"
kgw,4.0,0,1358,124,124,"Following her acceptance into iPOP! after try-outs in Fort Walton Beach, Michelle Bryant is talking positively about her fast-approaching opportunity. ","Following her acceptance into iPOP! after try-outs in Fort Walton Beach, Michelle Bryant is talking positively about her fast-approaching opportunity. 2012 summer program participant, and currently signed with her manager, Rachel Stein Management, says, iPOP! was amazing. I had a life-changing experience.
The experience Michelle got from being part of iPOP!'s intensive training program in Los Angeles helped her gain confidence in her performance skills. Michelle mentioned that, iPop! provided her the exposure she needed in order to become the best version of herself as an entertainer. The program's networking opportunities with industry experts and other young talent have significantly helped her, even after graduating from the program.
This successful summer program's formula of providing talent with an outstanding training, performance opportunities and valuable","2012 summer program participant, and currently signed with her manager, Rachel Stein Management, says, iPOP! was amazing. I had a life-changing experience.
The experience Michelle got from being part of iPOP!'s intensive training program in Los Angeles helped her gain confidence in her performance skills. Michelle mentioned that, iPop! provided her the exposure she needed in order to become the best version of herself as an entertainer. The program's networking opportunities with industry experts and other young talent have significantly helped her, even after graduating from the program.
This successful summer program's formula of providing talent with an outstanding training, performance opportunities and valuable","{""do_sample"": true, ""temperature"": 1.0, ""top_p"": 0.95, ""top_k"": 50, ""repetition_penalty"": 1.0, ""max_new_tokens"": 128}"
kgw,4.0,0,1360,126,126,"In the past 11 months, Mauti has had to rely on his words unlike any other time in his life. ","In the past 11 months, Mauti has had to rely on his words unlike any other time in his life. 13 months removed from suffering a torn Achilles tendon during Penn State football’s 2012 season, the 26-year old linebacker is finally able to return to the practice field, albeit in a limited capacity. Mauti, the Nitt...
Read More ""Mike Mauti’s Inspiring Recovery Includes a Message of Perseverance""
Mike Mauti, the 2012 NFL draft selection and former Penn State linebacker, is eager to make a comeback in his football career. A torn Achilles tendon cut his rookie campaign short last season, leaving many wondering if the 2012 third-round draft pick would ever return to the field","13 months removed from suffering a torn Achilles tendon during Penn State football’s 2012 season, the 26-year old linebacker is finally able to return to the practice field, albeit in a limited capacity. Mauti, the Nitt...
Read More ""Mike Mauti’s Inspiring Recovery Includes a Message of Perseverance""
Mike Mauti, the 2012 NFL draft selection and former Penn State linebacker, is eager to make a comeback in his football career. A torn Achilles tendon cut his rookie campaign short last season, leaving many wondering if the 2012 third-round draft pick would ever return to the field","{""do_sample"": true, ""temperature"": 1.0, ""top_p"": 0.95, ""top_k"": 50, ""repetition_penalty"": 1.0, ""max_new_tokens"": 128}"
kgw,4.0,0,1362,128,128,The FINANCIAL (AD) -- ProCredit Bank has donated a unique ex libris collection to the National Centre of Manuscripts. This ,"The FINANCIAL (AD) -- ProCredit Bank has donated a unique ex libris collection to the National Centre of Manuscripts. This 400-book book collection represents a wide-ranging overview of financial literacy, money management and entrepreneurship, and is designed to help readers expand their knowledge and skills in the field. The books are of high quality and are intended for personal reading and professional studies, as well as being a useful resource for libraries, educational establishments and institutions of higher learning.
The FINANCIAL is an international financial newspaper, which offers news and financial analytics to over 300000 subscribers worldwide. We cover key financial markets, business and economy, providing insights and information to professional and institutional investors, as well as private investors and financial market participants. The FINANCIAL provides analysis,","400-book book collection represents a wide-ranging overview of financial literacy, money management and entrepreneurship, and is designed to help readers expand their knowledge and skills in the field. The books are of high quality and are intended for personal reading and professional studies, as well as being a useful resource for libraries, educational establishments and institutions of higher learning.
The FINANCIAL is an international financial newspaper, which offers news and financial analytics to over 300000 subscribers worldwide. We cover key financial markets, business and economy, providing insights and information to professional and institutional investors, as well as private investors and financial market participants. The FINANCIAL provides analysis,","{""do_sample"": true, ""temperature"": 1.0, ""top_p"": 0.95, ""top_k"": 50, ""repetition_penalty"": 1.0, ""max_new_tokens"": 128}"
kgw,4.0,0,1364,130,130,These two healthcare REITs are trading for dirt-cheap valuations despite high dividends and a solid history of growth. Investing in ,"These two healthcare REITs are trading for dirt-cheap valuations despite high dividends and a solid history of growth. Investing in 2022 is all about fundamentals, so let’s dive deeper.
I'm talking about Welltower (NYSE: HCF) and Healthcare Trust of America (NYSE:HTA). While their valuations may be low, don't confuse that with their potential to provide high returns. Both of these healthcare REITs have proven themselves as quality investments, with strong dividend growth and a long track record of increasing income.
Let's look at some key metrics to see how cheaply we can buy into their future potential:
1. Welltower:
Welltower, as the largest healthcare REIT, provides a stable source of long-term cash flows.","2022 is all about fundamentals, so let’s dive deeper.
I'm talking about Welltower (NYSE: HCF) and Healthcare Trust of America (NYSE:HTA). While their valuations may be low, don't confuse that with their potential to provide high returns. Both of these healthcare REITs have proven themselves as quality investments, with strong dividend growth and a long track record of increasing income.
Let's look at some key metrics to see how cheaply we can buy into their future potential:
1. Welltower:
Welltower, as the largest healthcare REIT, provides a stable source of long-term cash flows.","{""do_sample"": true, ""temperature"": 1.0, ""top_p"": 0.95, ""top_k"": 50, ""repetition_penalty"": 1.0, ""max_new_tokens"": 128}"
kgw,4.0,0,1366,132,132,Young Lions skipper Brad Galvin isn’t afraid of taking his side’s ‘scrappy’ style of play into Sunday’s semi final clash ,"Young Lions skipper Brad Galvin isn’t afraid of taking his side’s ‘scrappy’ style of play into Sunday’s semi final clash  with arch rivals Hougang United.
The 21-year-old, who made his professional debut for Gombak last season, believes his team can spring a few surprises by using their physicality and quick transitions to catch Hougang off guard.
“We know that Hougang are a good team and they have a lot of quality, but we’re happy to take the game to them,” said Galvin, who has captained Young Lions since the start of the current S-League campaign.
“We’re a scrappy team and we like to think that our pressing game and quick transitions can give us the edge.
“We just need to be clinical"," with arch rivals Hougang United.
The 21-year-old, who made his professional debut for Gombak last season, believes his team can spring a few surprises by using their physicality and quick transitions to catch Hougang off guard.
“We know that Hougang are a good team and they have a lot of quality, but we’re happy to take the game to them,” said Galvin, who has captained Young Lions since the start of the current S-League campaign.
“We’re a scrappy team and we like to think that our pressing game and quick transitions can give us the edge.
“We just need to be clinical","{""do_sample"": true, ""temperature"": 1.0, ""top_p"": 0.95, ""top_k"": 50, ""repetition_penalty"": 1.0, ""max_new_tokens"": 128}"
kgw,4.0,0,1368,134,134,"For a career that once seemed so good on paper, the crisis in teacher recruitment is now hardly ever out ","For a career that once seemed so good on paper, the crisis in teacher recruitment is now hardly ever out  #TeacherShortages #TeachingCrisis #EdPolicy
For a career that once seemed so good on paper, the crisis in teacher recruitment is now hardly ever out of the headlines. Despite the challenges, there are still many who choose to pursue a teaching career. In fact, according to the Department of Education, nearly 30 per cent of all students in schools in England will be taught by a graduate who has not yet taken up a teaching route.
It’s crucial that we not only attract more teachers into this critical profession but also ensure they are equipped with the skills and support they need to succeed.
In recent years, teacher"," #TeacherShortages #TeachingCrisis #EdPolicy
For a career that once seemed so good on paper, the crisis in teacher recruitment is now hardly ever out of the headlines. Despite the challenges, there are still many who choose to pursue a teaching career. In fact, according to the Department of Education, nearly 30 per cent of all students in schools in England will be taught by a graduate who has not yet taken up a teaching route.
It’s crucial that we not only attract more teachers into this critical profession but also ensure they are equipped with the skills and support they need to succeed.
In recent years, teacher","{""do_sample"": true, ""temperature"": 1.0, ""top_p"": 0.95, ""top_k"": 50, ""repetition_penalty"": 1.0, ""max_new_tokens"": 128}"
kgw,4.0,0,1370,136,136,councilors at the USC Annenberg School for Communication. Arkansas governor and congressman who joined the board in 2006. renewed attention ,"councilors at the USC Annenberg School for Communication. Arkansas governor and congressman who joined the board in 2006. renewed attention 1977-present
council at the University of California, Berkeley, the. is a
of research, education, and service. Ann Arbor area. of students. University, to enhance. The
council at Penn State. The. Board of the. at a. also served on
board at the University, in. is a board member at the.
council at Arizona State University. members include: University of Illinois.
in and. The board at.
University of California, San Diego, the and. and. The and.
board of visitors at. at and.
counselors at the at. the and.","1977-present
council at the University of California, Berkeley, the. is a
of research, education, and service. Ann Arbor area. of students. University, to enhance. The
council at Penn State. The. Board of the. at a. also served on
board at the University, in. is a board member at the.
council at Arizona State University. members include: University of Illinois.
in and. The board at.
University of California, San Diego, the and. and. The and.
board of visitors at. at and.
counselors at the at. the and.","{""do_sample"": true, ""temperature"": 1.0, ""top_p"": 0.95, ""top_k"": 50, ""repetition_penalty"": 1.0, ""max_new_tokens"": 128}"
kgw,4.0,0,1372,138,138,The Las Vegas real estate market got a small reprieve in February; with sales volume at a four-year high for ,"The Las Vegas real estate market got a small reprieve in February; with sales volume at a four-year high for 2020.
A total of 3,343 homes and apartments were sold in the Las Vegas metropolitan area in February, according to the Greater Las Vegas Association of Realtors. That is an increase of 4.2 percent compared to January and a 14.3 percent increase over last February.
February is typically a slower month for home sales because of the weather, according to GLVAR President Andrea Alden. ""However, it's encouraging to see sales volumes increase this month, especially considering that it's the slowest month of the year for home sales.""
The median price of single-family homes sold last month was $280,000","2020.
A total of 3,343 homes and apartments were sold in the Las Vegas metropolitan area in February, according to the Greater Las Vegas Association of Realtors. That is an increase of 4.2 percent compared to January and a 14.3 percent increase over last February.
February is typically a slower month for home sales because of the weather, according to GLVAR President Andrea Alden. ""However, it's encouraging to see sales volumes increase this month, especially considering that it's the slowest month of the year for home sales.""
The median price of single-family homes sold last month was $280,000","{""do_sample"": true, ""temperature"": 1.0, ""top_p"": 0.95, ""top_k"": 50, ""repetition_penalty"": 1.0, ""max_new_tokens"": 128}"
kgw,4.0,0,1374,140,140,Rafael Nadal became the first man to win eight titles at the same Grand Slam tournament after beating fellow Spaniard ,"Rafael Nadal became the first man to win eight titles at the same Grand Slam tournament after beating fellow Spaniard 17-year-old Carlos Alcaraz 1-6, 7-5, 6-4 in the US Open final.
The world number two Nadal, 36, claimed his 22nd major title to move within one of Roger Federer’s record.
Nadal, who had not dropped a set in the tournament until the final, saved a set point in the second set and then broke Alcaraz to take the lead.
Alcaraz, who was making his first Grand Slam final appearance, struggled with Nadal’s consistency and power.
In a post-match press conference, Nadal praised Alcaraz, saying","17-year-old Carlos Alcaraz 1-6, 7-5, 6-4 in the US Open final.
The world number two Nadal, 36, claimed his 22nd major title to move within one of Roger Federer’s record.
Nadal, who had not dropped a set in the tournament until the final, saved a set point in the second set and then broke Alcaraz to take the lead.
Alcaraz, who was making his first Grand Slam final appearance, struggled with Nadal’s consistency and power.
In a post-match press conference, Nadal praised Alcaraz, saying","{""do_sample"": true, ""temperature"": 1.0, ""top_p"": 0.95, ""top_k"": 50, ""repetition_penalty"": 1.0, ""max_new_tokens"": 128}"
kgw,4.0,0,1376,142,142,"No longer limited to calling other Jaxtr users, the service is taking cue from Skype for its revenue strategy. Jaxtr, ","No longer limited to calling other Jaxtr users, the service is taking cue from Skype for its revenue strategy. Jaxtr, 24 months old, claims that it has 1.3 million registered users, and is generating revenue through a mix of advertising, premium services and partnerships with other companies.
"" Jaxtr is not a traditional phone service,"" explains Jambunathan K. Ramanujam, CTO of Jaxtr, an Indian entrepreneur with a PhD in Computer Science. ""Its value proposition is to provide an alternative to traditional phone calling, with the flexibility of voice and instant messaging.""
Launched in 2006, Jaxtr allows users to make voice, text, and video conversations with other Jaxtr users across more than ","24 months old, claims that it has 1.3 million registered users, and is generating revenue through a mix of advertising, premium services and partnerships with other companies.
"" Jaxtr is not a traditional phone service,"" explains Jambunathan K. Ramanujam, CTO of Jaxtr, an Indian entrepreneur with a PhD in Computer Science. ""Its value proposition is to provide an alternative to traditional phone calling, with the flexibility of voice and instant messaging.""
Launched in 2006, Jaxtr allows users to make voice, text, and video conversations with other Jaxtr users across more than ","{""do_sample"": true, ""temperature"": 1.0, ""top_p"": 0.95, ""top_k"": 50, ""repetition_penalty"": 1.0, ""max_new_tokens"": 128}"
kgw,4.0,0,1378,144,144,A three member bench of the Supreme Court has adjourned the hearing of Orange Line Metro Train case till Friday. ,"A three member bench of the Supreme Court has adjourned the hearing of Orange Line Metro Train case till Friday.  The court was expected to announce its judgment in the case today.
The judgment is now expected after three days as a three-member bench headed by Chief Justice of Pakistan Justice Mian Saqib Nisar was not able to decide the case due to certain issues and disagreements.
The court had earlier reserved the verdict on August 30, after which, the government had filed a new petition saying the court did not possess jurisdiction over the matter. The government had sought a stay on the judgement.
The Orange Line Metro Train project was stuck for months due to a controversy over the construction contract and the payment to the Korean consortium. A case was filed"," The court was expected to announce its judgment in the case today.
The judgment is now expected after three days as a three-member bench headed by Chief Justice of Pakistan Justice Mian Saqib Nisar was not able to decide the case due to certain issues and disagreements.
The court had earlier reserved the verdict on August 30, after which, the government had filed a new petition saying the court did not possess jurisdiction over the matter. The government had sought a stay on the judgement.
The Orange Line Metro Train project was stuck for months due to a controversy over the construction contract and the payment to the Korean consortium. A case was filed","{""do_sample"": true, ""temperature"": 1.0, ""top_p"": 0.95, ""top_k"": 50, ""repetition_penalty"": 1.0, ""max_new_tokens"": 128}"
kgw,4.0,0,1380,146,146,"A primary school caretaker has been found guilty of attacking a group of teenagers. Karl Lucas, 27, of Manor Fields, ","A primary school caretaker has been found guilty of attacking a group of teenagers. Karl Lucas, 27, of Manor Fields, 35-year-old man, was convicted of wounding with intent and two counts of section 20 Grievous bodily harm (GBH).
He was found guilty by a majority of the jury after a four-day trial at Bristol Crown Court. The jury delivered the guilty verdict on Friday.
Lucas, a primary school caretaker, attacked the group of teenagers in a serious and unprovoked manner, causing them to sustain significant injuries.
The victims were attacked with a baseball bat, with the defendant striking them repeatedly in a fast and sustained manner, leading to serious lacerations and injuries.
During the trial, the court heard that Lucas and","35-year-old man, was convicted of wounding with intent and two counts of section 20 Grievous bodily harm (GBH).
He was found guilty by a majority of the jury after a four-day trial at Bristol Crown Court. The jury delivered the guilty verdict on Friday.
Lucas, a primary school caretaker, attacked the group of teenagers in a serious and unprovoked manner, causing them to sustain significant injuries.
The victims were attacked with a baseball bat, with the defendant striking them repeatedly in a fast and sustained manner, leading to serious lacerations and injuries.
During the trial, the court heard that Lucas and","{""do_sample"": true, ""temperature"": 1.0, ""top_p"": 0.95, ""top_k"": 50, ""repetition_penalty"": 1.0, ""max_new_tokens"": 128}"
kgw,4.0,0,1382,148,148,"It's not always easy to keep mentally focused during running. Focus requires discipline and a certain level of mental toughness, ","It's not always easy to keep mentally focused during running. Focus requires discipline and a certain level of mental toughness, 1 that some may not find, at least initially. What helps to maintain focus during running? When you focus on your breathing, movement, and surroundings, you can better maintain your mental focus while running.
In the run itself, for example, focus on your form and posture. Pay attention to how your body responds, not to let any discomfort become an excuse for a negative mental state. In the process of running, the body is constantly reacting to different stimuli. It is essential to remain mentally calm to maintain control.
Additionally, focus on your breathing as you run. The right breathing patterns and rhythms will contribute significantly to a sense of calm","1 that some may not find, at least initially. What helps to maintain focus during running? When you focus on your breathing, movement, and surroundings, you can better maintain your mental focus while running.
In the run itself, for example, focus on your form and posture. Pay attention to how your body responds, not to let any discomfort become an excuse for a negative mental state. In the process of running, the body is constantly reacting to different stimuli. It is essential to remain mentally calm to maintain control.
Additionally, focus on your breathing as you run. The right breathing patterns and rhythms will contribute significantly to a sense of calm","{""do_sample"": true, ""temperature"": 1.0, ""top_p"": 0.95, ""top_k"": 50, ""repetition_penalty"": 1.0, ""max_new_tokens"": 128}"
kgw,4.0,0,1384,150,150,"Amazingly, half of all Americans say they don’t care about government surveillance — and during a random sampling of people ","Amazingly, half of all Americans say they don’t care about government surveillance — and during a random sampling of people 25 and older in the U.S., a full 1 in 5 individuals claimed they had “absolutely no interest” in the topic. [ source ]
Isn’t that something? A staggering number of people in the United States don’t care about the surveillance of their own government! It’s as if they don’t believe the notion that the government is capable of, or even would dare to spy on its citizens on such a massive scale.
What do you guys think? Am I being paranoid, or is this a situation that we should be concerned about? Share your thoughts!
What's Your Take? Cancel reply
This site is protected","25 and older in the U.S., a full 1 in 5 individuals claimed they had “absolutely no interest” in the topic. [ source ]
Isn’t that something? A staggering number of people in the United States don’t care about the surveillance of their own government! It’s as if they don’t believe the notion that the government is capable of, or even would dare to spy on its citizens on such a massive scale.
What do you guys think? Am I being paranoid, or is this a situation that we should be concerned about? Share your thoughts!
What's Your Take? Cancel reply
This site is protected","{""do_sample"": true, ""temperature"": 1.0, ""top_p"": 0.95, ""top_k"": 50, ""repetition_penalty"": 1.0, ""max_new_tokens"": 128}"
kgw,4.0,0,1386,152,152,"Ubuntu 10.04 LTS Lucid Lynx is the latest Linux operating system from Canonical, aimed at consumers. It's free, but is ","Ubuntu 10.04 LTS Lucid Lynx is the latest Linux operating system from Canonical, aimed at consumers. It's free, but is 64 bits (x86-64).

Install on a virtualized machine:

    1. Download Ubuntu 10.04 LTS Lucid Lynx from Canonical.
    Install into a virtualized machine, I will use Virtualbox here:

      https://www.virtualbox.org/wiki/Downloads

        Install VirtualBox.
        Create new Machine, name as'Ubuntu10.4', make sure the OS is Linux and type  'Linux'
        Set the virtual hard disc capacity, and set to IDE drive for CD drive.
    Install the Ubuntu 10.04 LTS:

      https://www.linuxfordevices.com/torsors","64 bits (x86-64).

Install on a virtualized machine:

    1. Download Ubuntu 10.04 LTS Lucid Lynx from Canonical.
    Install into a virtualized machine, I will use Virtualbox here:

      https://www.virtualbox.org/wiki/Downloads

        Install VirtualBox.
        Create new Machine, name as'Ubuntu10.4', make sure the OS is Linux and type  'Linux'
        Set the virtual hard disc capacity, and set to IDE drive for CD drive.
    Install the Ubuntu 10.04 LTS:

      https://www.linuxfordevices.com/torsors","{""do_sample"": true, ""temperature"": 1.0, ""top_p"": 0.95, ""top_k"": 50, ""repetition_penalty"": 1.0, ""max_new_tokens"": 128}"
kgw,4.0,0,1388,154,154,"New York’s bike share really does attract way more commuters than tourists. Since its debut last year, New York City’s ","New York’s bike share really does attract way more commuters than tourists. Since its debut last year, New York City’s 24,000-strong Velomobility has seen an estimated 20,000 daily trips from people who ride the bike for their daily commutes to work.
This isn't surprising if we consider that New York is one of the most congested and traffic-choked cities in the world, and cycling offers an attractive and efficient alternative. In addition to the convenience, bike sharing has also been shown to improve air quality, reduce traffic congestion, and enhance overall quality of life. Plus, it allows people who might otherwise take public transportation to get more fresh air and some light exercise.

It will be interested to see the long-term impact of bike","24,000-strong Velomobility has seen an estimated 20,000 daily trips from people who ride the bike for their daily commutes to work.
This isn't surprising if we consider that New York is one of the most congested and traffic-choked cities in the world, and cycling offers an attractive and efficient alternative. In addition to the convenience, bike sharing has also been shown to improve air quality, reduce traffic congestion, and enhance overall quality of life. Plus, it allows people who might otherwise take public transportation to get more fresh air and some light exercise.

It will be interested to see the long-term impact of bike","{""do_sample"": true, ""temperature"": 1.0, ""top_p"": 0.95, ""top_k"": 50, ""repetition_penalty"": 1.0, ""max_new_tokens"": 128}"
kgw,4.0,0,1390,156,156,"On Jan. 15, nine of 12 members of the National Park System Advisory Board sent a letter to Interior Secretary ","On Jan. 15, nine of 12 members of the National Park System Advisory Board sent a letter to Interior Secretary  Deb Haaland  resigning from their positions. The board provides advice on the administration and management of national parks, wildlife refuges and other conservation areas.

The board, which was established in the 1936, has 12 members who serve six-year terms. Before Jan. 20, the board had never seen mass resignations, with the last being a single resignation in 2020.

Why are they resigning?
The nine members, who represent a wide range of backgrounds and interests, cited several reasons for their resignation, including:

1. Lack of transparency: The board feels they are not being kept adequately"," Deb Haaland  resigning from their positions. The board provides advice on the administration and management of national parks, wildlife refuges and other conservation areas.

The board, which was established in the 1936, has 12 members who serve six-year terms. Before Jan. 20, the board had never seen mass resignations, with the last being a single resignation in 2020.

Why are they resigning?
The nine members, who represent a wide range of backgrounds and interests, cited several reasons for their resignation, including:

1. Lack of transparency: The board feels they are not being kept adequately","{""do_sample"": true, ""temperature"": 1.0, ""top_p"": 0.95, ""top_k"": 50, ""repetition_penalty"": 1.0, ""max_new_tokens"": 128}"
kgw,4.0,0,1392,158,158,"October 30, 2017  Mancari offers stories of wandering and homecoming, colored by a determination to live, artistically, beyond the ","October 30, 2017  Mancari offers stories of wandering and homecoming, colored by a determination to live, artistically, beyond the 3:15 p.m. quitting time.
September 11, 2017  The award-winning musician, singer and songwriter's 10th album, ""I'll Never Get Out of This World Alive,"" explores themes of mortality, family, love and the search for meaning.
May 9, 2017  The award-winning musician, singer and songwriter's 10th album, ""I'll Never Get Out of This World Alive,"" explores themes of mortality, family, love and the search for meaning.
May 15, 2007  Singer-songwriter Chris Knight has been making music for nearly 30 years","3:15 p.m. quitting time.
September 11, 2017  The award-winning musician, singer and songwriter's 10th album, ""I'll Never Get Out of This World Alive,"" explores themes of mortality, family, love and the search for meaning.
May 9, 2017  The award-winning musician, singer and songwriter's 10th album, ""I'll Never Get Out of This World Alive,"" explores themes of mortality, family, love and the search for meaning.
May 15, 2007  Singer-songwriter Chris Knight has been making music for nearly 30 years","{""do_sample"": true, ""temperature"": 1.0, ""top_p"": 0.95, ""top_k"": 50, ""repetition_penalty"": 1.0, ""max_new_tokens"": 128}"
kgw,4.0,0,1394,160,160,"Since 2010, Microsoft has been working on a gaming display system so small that it wouldn't need to be sitting ","Since 2010, Microsoft has been working on a gaming display system so small that it wouldn't need to be sitting 6-8 feet away like a traditional TV. They aim to let gamers play with their screens close up, almost touching their nose, which could revolutionize how we play video games.
What can you tell me about this innovative technology?
Do you have any reservations or concerns about the future of this project? I'd love to share my thoughts with someone!
The technology you're referring to is known as ""Holographic Displays"" developed by Microsoft's HoloLens team. The goal is to create a more immersive, interactive, and personal experience by projecting holographic images that appear to float in mid-air.

Some benefits include:

1.","6-8 feet away like a traditional TV. They aim to let gamers play with their screens close up, almost touching their nose, which could revolutionize how we play video games.
What can you tell me about this innovative technology?
Do you have any reservations or concerns about the future of this project? I'd love to share my thoughts with someone!
The technology you're referring to is known as ""Holographic Displays"" developed by Microsoft's HoloLens team. The goal is to create a more immersive, interactive, and personal experience by projecting holographic images that appear to float in mid-air.

Some benefits include:

1.","{""do_sample"": true, ""temperature"": 1.0, ""top_p"": 0.95, ""top_k"": 50, ""repetition_penalty"": 1.0, ""max_new_tokens"": 128}"
kgw,4.0,0,1396,162,162,Dubai: The Dubai Financial Market (DFM) witnessed another round of selling on Monday as traders remained cautious ahead of a ,"Dubai: The Dubai Financial Market (DFM) witnessed another round of selling on Monday as traders remained cautious ahead of a 15th anniversary celebration of the bourse, with major indexes ending lower by 0.13 per cent.
The Emirates Securities Group, which holds 17.45 per cent stake in DFM, was the biggest loser, falling 2.32 per cent. The Group, which has been under pressure due to the recent sell-off in shares of Bank al Habib and Bank of Baroda, witnessed significant selling as traders continued to worry about its outlook.
The Dubai index, DFM General Index ended the trading session at 1,654.63 points, down 0.87 per cent from its Friday closing levels. Trading volumes","15th anniversary celebration of the bourse, with major indexes ending lower by 0.13 per cent.
The Emirates Securities Group, which holds 17.45 per cent stake in DFM, was the biggest loser, falling 2.32 per cent. The Group, which has been under pressure due to the recent sell-off in shares of Bank al Habib and Bank of Baroda, witnessed significant selling as traders continued to worry about its outlook.
The Dubai index, DFM General Index ended the trading session at 1,654.63 points, down 0.87 per cent from its Friday closing levels. Trading volumes","{""do_sample"": true, ""temperature"": 1.0, ""top_p"": 0.95, ""top_k"": 50, ""repetition_penalty"": 1.0, ""max_new_tokens"": 128}"
kgw,4.0,0,1398,164,164,"I didn’t notice, but I’ve been told George W, Bush delivered his latest speech smoothly, more so than most of ","I didn’t notice, but I’ve been told George W, Bush delivered his latest speech smoothly, more so than most of 7th-graders. I am yet to hear anything from George, but I think I can relate. Well, not really, I am a woman (haha!). Anyway, here are my thoughts on what he must have talked about:

I hope he talked about the progress of rebuilding those communities damaged by natural disasters. We’ve had some tough times, and it was great that we have leaders who make it their top priority to help those who lost everything. You know, it's one thing to sit there comfortably, thinking life goes on as usual, but when those disasters strike, you realize how lucky you are. So, thank you","7th-graders. I am yet to hear anything from George, but I think I can relate. Well, not really, I am a woman (haha!). Anyway, here are my thoughts on what he must have talked about:

I hope he talked about the progress of rebuilding those communities damaged by natural disasters. We’ve had some tough times, and it was great that we have leaders who make it their top priority to help those who lost everything. You know, it's one thing to sit there comfortably, thinking life goes on as usual, but when those disasters strike, you realize how lucky you are. So, thank you","{""do_sample"": true, ""temperature"": 1.0, ""top_p"": 0.95, ""top_k"": 50, ""repetition_penalty"": 1.0, ""max_new_tokens"": 128}"
kgw,4.0,0,1400,166,166,Seven-Year-Old Florida Boy Swallows Grill! This 7-year-old boy became the latest victim of hip-hop culture – as he was rushed ,"Seven-Year-Old Florida Boy Swallows Grill! This 7-year-old boy became the latest victim of hip-hop culture – as he was rushed  to a Florida ER after accidentally swallowing a grill!  Talk about a hot summer incident!  So, this boy's parents were trying to get some quality time on the grill when the young lad...
This 7-year-old boy became the latest victim of hip-hop culture – as he was rushed  to a Florida ER after accidentally swallowing a grill!  Talk about a hot summer incident!  So, this boy's parents were trying to get some quality time on the grill when the young lad managed to grab something that wasn't edible – a grill, yeah you know, grill!
According to reports, the"," to a Florida ER after accidentally swallowing a grill!  Talk about a hot summer incident!  So, this boy's parents were trying to get some quality time on the grill when the young lad...
This 7-year-old boy became the latest victim of hip-hop culture – as he was rushed  to a Florida ER after accidentally swallowing a grill!  Talk about a hot summer incident!  So, this boy's parents were trying to get some quality time on the grill when the young lad managed to grab something that wasn't edible – a grill, yeah you know, grill!
According to reports, the","{""do_sample"": true, ""temperature"": 1.0, ""top_p"": 0.95, ""top_k"": 50, ""repetition_penalty"": 1.0, ""max_new_tokens"": 128}"
kgw,4.0,0,1402,168,168,"Plan B has announced a nationwide UK tour this autumn. The rapper-turned-singer, who scored a UK Number One album with ","Plan B has announced a nationwide UK tour this autumn. The rapper-turned-singer, who scored a UK Number One album with 2006's ""Who Needs Action?!, will bring his latest album, ""Straydog"", to a theatre near you.
The ""Straydog Tour"", which kicks off on September 29th, promises to showcase a more introspective and vulnerable side to Plan B, with many songs from the new album getting their live debut.
Plan B, real name Ben Drew, said of the tour: ""I'm excited to finally bring this new material out and share it with everyone in an intimate setting. The last couple of years have been a huge learning curve for me as a person and an artist, and I feel like I've","2006's ""Who Needs Action?!, will bring his latest album, ""Straydog"", to a theatre near you.
The ""Straydog Tour"", which kicks off on September 29th, promises to showcase a more introspective and vulnerable side to Plan B, with many songs from the new album getting their live debut.
Plan B, real name Ben Drew, said of the tour: ""I'm excited to finally bring this new material out and share it with everyone in an intimate setting. The last couple of years have been a huge learning curve for me as a person and an artist, and I feel like I've","{""do_sample"": true, ""temperature"": 1.0, ""top_p"": 0.95, ""top_k"": 50, ""repetition_penalty"": 1.0, ""max_new_tokens"": 128}"
kgw,4.0,0,1404,170,170,"Do as I did, started my own business and see how much work it takes and then go from there. ","Do as I did, started my own business and see how much work it takes and then go from there. 1. We also have a list of requirements for each job to get an idea about the person that wants to apply, so it's easier and fair for both parties. Here are some tips to help your entry-level employee become more productive: 1. Encourage communication: Open-door policy is good to promote free discussion and suggestions. But the best part is that my boss is always supportive and willing to help me learn and grow as an employee. The last thing you want to do is make a bad hire based on an interview. Most companies are looking for entry level candidates who are willing to learn and take on new responsibilities as they grow","1. We also have a list of requirements for each job to get an idea about the person that wants to apply, so it's easier and fair for both parties. Here are some tips to help your entry-level employee become more productive: 1. Encourage communication: Open-door policy is good to promote free discussion and suggestions. But the best part is that my boss is always supportive and willing to help me learn and grow as an employee. The last thing you want to do is make a bad hire based on an interview. Most companies are looking for entry level candidates who are willing to learn and take on new responsibilities as they grow","{""do_sample"": true, ""temperature"": 1.0, ""top_p"": 0.95, ""top_k"": 50, ""repetition_penalty"": 1.0, ""max_new_tokens"": 128}"
kgw,4.0,0,1406,172,172,"A large, brand-new movie studio in Palm Beach County already has a potential box-office hit. Twentieth Century Fox will film ","A large, brand-new movie studio in Palm Beach County already has a potential box-office hit. Twentieth Century Fox will film 11 episodes of the new series ""Red Band Society"" in West Palm Beach and surrounding areas. The series, which premiered in the fall, is a drama... Continue reading
The Palm Beach County Convention Center is set to undergo a major expansion and renovation project, and the city of West Palm Beach is working with architects and contractors to make it happen. The project will add about 100,000 square feet of space to the center... Continue reading
It's time to get your Shop Local On! West Palm Beach is kicking off its holiday shopping season with a series of events and deals starting November 26. Here are some of the ways","11 episodes of the new series ""Red Band Society"" in West Palm Beach and surrounding areas. The series, which premiered in the fall, is a drama... Continue reading
The Palm Beach County Convention Center is set to undergo a major expansion and renovation project, and the city of West Palm Beach is working with architects and contractors to make it happen. The project will add about 100,000 square feet of space to the center... Continue reading
It's time to get your Shop Local On! West Palm Beach is kicking off its holiday shopping season with a series of events and deals starting November 26. Here are some of the ways","{""do_sample"": true, ""temperature"": 1.0, ""top_p"": 0.95, ""top_k"": 50, ""repetition_penalty"": 1.0, ""max_new_tokens"": 128}"
kgw,4.0,0,1408,174,174,Bengaluru — Gold prices rose on Thursday as the growing expectation that the US Federal Reserve will pause its rate ,"Bengaluru — Gold prices rose on Thursday as the growing expectation that the US Federal Reserve will pause its rate ıncreases amid slowing global economic growth boosted demand for safe-haven assets. Gold futures ıncrease (SPC24) were last up $4.10 at $1,319.50 per troy ounce in late US trading, after hitting an intraday peak of $1,324.50, their highest level in over five weeks. Spot gold prices were also in demand, gaining $3.50 to $1,315.90 at 1050 GMT (1050 IST). “Investors may be positioning themselves for potential market volatility as the global economy shows signs of slowing, which could lead them to diversify","ıncreases amid slowing global economic growth boosted demand for safe-haven assets. Gold futures ıncrease (SPC24) were last up $4.10 at $1,319.50 per troy ounce in late US trading, after hitting an intraday peak of $1,324.50, their highest level in over five weeks. Spot gold prices were also in demand, gaining $3.50 to $1,315.90 at 1050 GMT (1050 IST). “Investors may be positioning themselves for potential market volatility as the global economy shows signs of slowing, which could lead them to diversify","{""do_sample"": true, ""temperature"": 1.0, ""top_p"": 0.95, ""top_k"": 50, ""repetition_penalty"": 1.0, ""max_new_tokens"": 128}"
kgw,4.0,0,1410,176,176,"After your business is up and running, your focus naturally shifts to increasing efficiency. The small things you do to ","After your business is up and running, your focus naturally shifts to increasing efficiency. The small things you do to 24/7 data center efficiency, maintenance, and the monitoring of critical systems, to improve overall effectiveness. In this article, we will go through the key factors of data center efficiency and discuss how to increase it.

1. Energy Efficiency:
Reduce Energy Consumption:
	* Identify areas where energy consumption is high (e.g., servers, storage devices)
	* Upgrade to energy-efficient hardware
	* Set up a power management solution to dynamically adjust energy consumption
	* Enable a sleep or shutdown state for unused equipment
2. Optimize Cooling:
	* Utilize air-side and row-based cooling systems
	* Consider using free cooling","24/7 data center efficiency, maintenance, and the monitoring of critical systems, to improve overall effectiveness. In this article, we will go through the key factors of data center efficiency and discuss how to increase it.

1. Energy Efficiency:
Reduce Energy Consumption:
	* Identify areas where energy consumption is high (e.g., servers, storage devices)
	* Upgrade to energy-efficient hardware
	* Set up a power management solution to dynamically adjust energy consumption
	* Enable a sleep or shutdown state for unused equipment
2. Optimize Cooling:
	* Utilize air-side and row-based cooling systems
	* Consider using free cooling","{""do_sample"": true, ""temperature"": 1.0, ""top_p"": 0.95, ""top_k"": 50, ""repetition_penalty"": 1.0, ""max_new_tokens"": 128}"
kgw,4.0,0,1412,178,178,"(Trinidad Guardian) It has been 42 days since Gan­gad­har Hanooman, 49, has been miss­ing and rel­a­tives in re­new­ing their calls ","(Trinidad Guardian) It has been 42 days since Gan­gad­har Hanooman, 49, has been miss­ing and rel­a­tives in re­new­ing their calls  for the pro­tec­tive ser­vices, in par­tic­u­lar, the Transi­tional Smuggling and Ex­change com­mit­tee to take action to find out the fate of their loved one.
In a press con­fer­ence yes­ter­day, Hanooman’s broth­er, Sri Kishan Singh said that they have lost all hopes and feel that no one is tak­ing their plight seri­ous­ly.
He claimed that they have met with var­i­ous of­fi­cials and mem­bers of par­lia­ment"," for the pro­tec­tive ser­vices, in par­tic­u­lar, the Transi­tional Smuggling and Ex­change com­mit­tee to take action to find out the fate of their loved one.
In a press con­fer­ence yes­ter­day, Hanooman’s broth­er, Sri Kishan Singh said that they have lost all hopes and feel that no one is tak­ing their plight seri­ous­ly.
He claimed that they have met with var­i­ous of­fi­cials and mem­bers of par­lia­ment","{""do_sample"": true, ""temperature"": 1.0, ""top_p"": 0.95, ""top_k"": 50, ""repetition_penalty"": 1.0, ""max_new_tokens"": 128}"
kgw,4.0,0,1414,180,180,"Maureen Hancock is an internationally renowned Spirit Medium, intuitive, teacher, lecturer, Holistic Healer, and author of the bestselling book, “The ","Maureen Hancock is an internationally renowned Spirit Medium, intuitive, teacher, lecturer, Holistic Healer, and author of the bestselling book, “The 10 Things I Wish I’d Known About The Ghost World Before Becoming One Of Itself”. Maureen is also host of her own podcast, “Ghost Girl” and is a frequent guest on national television and radio shows.
With over 25 years of experience as a medium, Maureen has helped thousands of individuals find closure, peace and healing through her connection to the spirit world. Her unique gift is not just about connecting with loved ones who have passed, but also in empowering people to release emotional blocks, find their true path and live with greater joy and abundance.

Maureen's work has taken her to various countries, where she has","10 Things I Wish I’d Known About The Ghost World Before Becoming One Of Itself”. Maureen is also host of her own podcast, “Ghost Girl” and is a frequent guest on national television and radio shows.
With over 25 years of experience as a medium, Maureen has helped thousands of individuals find closure, peace and healing through her connection to the spirit world. Her unique gift is not just about connecting with loved ones who have passed, but also in empowering people to release emotional blocks, find their true path and live with greater joy and abundance.

Maureen's work has taken her to various countries, where she has","{""do_sample"": true, ""temperature"": 1.0, ""top_p"": 0.95, ""top_k"": 50, ""repetition_penalty"": 1.0, ""max_new_tokens"": 128}"
kgw,4.0,0,1416,182,182,"Samoas and Thin Mints and Tagalongs, oh my! It's time to celebrate those little cookies that make diets shut right ","Samoas and Thin Mints and Tagalongs, oh my! It's time to celebrate those little cookies that make diets shut right 6 months of the year.
The official Girl Scout Cookie program is underway in our community and the timing couldn't be more perfect, given the frigid weather. There's nothing quite like snuggling up with a plate of freshly baked cookies on a cold winter's night.
The variety of Girl Scout cookies is staggering. In addition to the classic Samoas, Thin Mints, and Tagalongs, there's also the newer Do-si-dos (peanut butter sandwich) and Trefoil shortbread cookies.
For some cookie enthusiasts, the selection process can be overwhelming. So here's a simple guide to help you navigate the cookie","6 months of the year.
The official Girl Scout Cookie program is underway in our community and the timing couldn't be more perfect, given the frigid weather. There's nothing quite like snuggling up with a plate of freshly baked cookies on a cold winter's night.
The variety of Girl Scout cookies is staggering. In addition to the classic Samoas, Thin Mints, and Tagalongs, there's also the newer Do-si-dos (peanut butter sandwich) and Trefoil shortbread cookies.
For some cookie enthusiasts, the selection process can be overwhelming. So here's a simple guide to help you navigate the cookie","{""do_sample"": true, ""temperature"": 1.0, ""top_p"": 0.95, ""top_k"": 50, ""repetition_penalty"": 1.0, ""max_new_tokens"": 128}"
kgw,4.0,0,1418,184,184,"If it were ever possible to cram all the glittering boy-meets-girl, high-school-love-story stereotypes into one movie, A Cinderella Story does ","If it were ever possible to cram all the glittering boy-meets-girl, high-school-love-story stereotypes into one movie, A Cinderella Story does 99 per cent of the work. The other percentage goes to the soundtrack - more of which in a minute. The movie follows Sam, the ""normal"" and ""quirky"" girl (Hilary Duff) who's besotted with popular, über-popular (to the point of annoyance) Austin (Chad Michael Murray, but let's focus on Hilary for now). When the lovely pair meet, it's like the skies part and a chorus of ""omg"" sing their own sweet tune.
Sam is on her first semester of high school, which, naturally, holds immense drama. Her wicked step-parents,","99 per cent of the work. The other percentage goes to the soundtrack - more of which in a minute. The movie follows Sam, the ""normal"" and ""quirky"" girl (Hilary Duff) who's besotted with popular, über-popular (to the point of annoyance) Austin (Chad Michael Murray, but let's focus on Hilary for now). When the lovely pair meet, it's like the skies part and a chorus of ""omg"" sing their own sweet tune.
Sam is on her first semester of high school, which, naturally, holds immense drama. Her wicked step-parents,","{""do_sample"": true, ""temperature"": 1.0, ""top_p"": 0.95, ""top_k"": 50, ""repetition_penalty"": 1.0, ""max_new_tokens"": 128}"
kgw,4.0,0,1420,186,186,Readers may be familiar with the fundamental changes that took place in the Roman world as it converted from paganism ,"Readers may be familiar with the fundamental changes that took place in the Roman world as it converted from paganism  to Christianity in the centuries immediately before and after 400 CE. But what about the other main monotheistic religion of the time? What was the Jewish experience during this period? What developments did Jewish religious life undergo as the Roman world transformed around them? How did Jewish society respond to the challenges of this tumultuous period? And how did these developments impact their interactions with Christians and other non-Jews?
The Jewish Experience During Late Antiquity: A Look Back
During the late ancient period (around 300-600 CE), Jewish society faced a variety of challenges. The rise of Christianity as a dominant force in the Roman Empire"," to Christianity in the centuries immediately before and after 400 CE. But what about the other main monotheistic religion of the time? What was the Jewish experience during this period? What developments did Jewish religious life undergo as the Roman world transformed around them? How did Jewish society respond to the challenges of this tumultuous period? And how did these developments impact their interactions with Christians and other non-Jews?
The Jewish Experience During Late Antiquity: A Look Back
During the late ancient period (around 300-600 CE), Jewish society faced a variety of challenges. The rise of Christianity as a dominant force in the Roman Empire","{""do_sample"": true, ""temperature"": 1.0, ""top_p"": 0.95, ""top_k"": 50, ""repetition_penalty"": 1.0, ""max_new_tokens"": 128}"
kgw,4.0,0,1422,188,188,"A spokesman for the Red Crescent, Mahmoud al-Saadi, said Israeli forces opened fire on two young men who were traveling ","A spokesman for the Red Crescent, Mahmoud al-Saadi, said Israeli forces opened fire on two young men who were traveling 300 feet away. One was killed, the other seriously wounded.
""The Israeli forces fired on the two young men who were 100 meters (109 feet) from our position in the field. One person was killed instantly, the other was wounded seriously.""
The Gaza Health Ministry confirmed the killing and reported the other casualty is in serious condition.
The Israeli military has launched airstrikes and launched land and sea attacks against the coastal strip, citing the need to protect its citizens from Gaza's rocket and mortar attacks.
According to the Israeli military, 65 rockets hit Israel today and there were at least two mortars fired at Erez Crossing, which serves as","300 feet away. One was killed, the other seriously wounded.
""The Israeli forces fired on the two young men who were 100 meters (109 feet) from our position in the field. One person was killed instantly, the other was wounded seriously.""
The Gaza Health Ministry confirmed the killing and reported the other casualty is in serious condition.
The Israeli military has launched airstrikes and launched land and sea attacks against the coastal strip, citing the need to protect its citizens from Gaza's rocket and mortar attacks.
According to the Israeli military, 65 rockets hit Israel today and there were at least two mortars fired at Erez Crossing, which serves as","{""do_sample"": true, ""temperature"": 1.0, ""top_p"": 0.95, ""top_k"": 50, ""repetition_penalty"": 1.0, ""max_new_tokens"": 128}"
kgw,4.0,0,1424,190,190,"Can Container Store Start 2015 on a Positive Note? In 2014, it was hard to find bad-performing stocks, as the ","Can Container Store Start 2015 on a Positive Note? In 2014, it was hard to find bad-performing stocks, as the 2014 market rally propelled many companies' stock prices higher. One exception, however, was Container Store (TCS) - Get Report. After going public in June 2013, TCS stock struggled to gain traction and ultimately declined by around 20% in 2014, as same-store sales growth faltered.
Will 2015 Be a Different Story?
On Thursday morning, TSC will release its fourth-quarter 2014 earnings report and first-quarter 2015 guidance. As we wait for the numbers, let's consider a few factors that could impact the stock in 2015. Here are a few things that can","2014 market rally propelled many companies' stock prices higher. One exception, however, was Container Store (TCS) - Get Report. After going public in June 2013, TCS stock struggled to gain traction and ultimately declined by around 20% in 2014, as same-store sales growth faltered.
Will 2015 Be a Different Story?
On Thursday morning, TSC will release its fourth-quarter 2014 earnings report and first-quarter 2015 guidance. As we wait for the numbers, let's consider a few factors that could impact the stock in 2015. Here are a few things that can","{""do_sample"": true, ""temperature"": 1.0, ""top_p"": 0.95, ""top_k"": 50, ""repetition_penalty"": 1.0, ""max_new_tokens"": 128}"
kgw,4.0,0,1426,192,192,Packed WonderCon panel brings out stars and exclusive sneak peeks. Footage shown at WonderCon reveals what iconic monster looks like ,"Packed WonderCon panel brings out stars and exclusive sneak peeks. Footage shown at WonderCon reveals what iconic monster looks like 30 feet tall.
Get ready for a Marvel-ous adventure! It was announced today that Elizabeth Olsen is returning to play Scarlet Witch in the Marvel Cinematic Universe.
At today's WonderCon panel in Anaheim, Marvel Studios' Kevin Feige, Guardians of the Galaxy director James Gunn, and Marvel's Chief Creative Officer, Joe Quesada presented some jaw-dropping announcements and exclusives. One of the biggest news that broke the Internet is Thor's introduction in his new form, The Mighty Thor! Yes, you heard that right! A 30-foot-tall Thor took center stage at the WonderCon, sending fans into a frenzy!","30 feet tall.
Get ready for a Marvel-ous adventure! It was announced today that Elizabeth Olsen is returning to play Scarlet Witch in the Marvel Cinematic Universe.
At today's WonderCon panel in Anaheim, Marvel Studios' Kevin Feige, Guardians of the Galaxy director James Gunn, and Marvel's Chief Creative Officer, Joe Quesada presented some jaw-dropping announcements and exclusives. One of the biggest news that broke the Internet is Thor's introduction in his new form, The Mighty Thor! Yes, you heard that right! A 30-foot-tall Thor took center stage at the WonderCon, sending fans into a frenzy!","{""do_sample"": true, ""temperature"": 1.0, ""top_p"": 0.95, ""top_k"": 50, ""repetition_penalty"": 1.0, ""max_new_tokens"": 128}"
kgw,4.0,0,1428,194,194,10 diversity items for June 29: Unemployment up in most U.S. cities; Pew report shows diversity of U.S. Hispanics and ,"10 diversity items for June 29: Unemployment up in most U.S. cities; Pew report shows diversity of U.S. Hispanics and 9 other news items
Here are 10 diversity and inclusion news items for your consideration on Friday, June 29, 2018:
1.  Unemployment up in most U.S. cities: The unemployment rate increased from 5.5% to 6.5% in May for the majority of the nation’s 36 largest cities, according to a report from the Bureau of Labor Statistics.
2. Pew Report Highlights Diversity of U.S. Hispanics: Pew Research Center released a new analysis highlighting the diversity of Hispanics across various characteristics, including country of origin, language spoken, education, and more. “Diverse and Growing","9 other news items
Here are 10 diversity and inclusion news items for your consideration on Friday, June 29, 2018:
1.  Unemployment up in most U.S. cities: The unemployment rate increased from 5.5% to 6.5% in May for the majority of the nation’s 36 largest cities, according to a report from the Bureau of Labor Statistics.
2. Pew Report Highlights Diversity of U.S. Hispanics: Pew Research Center released a new analysis highlighting the diversity of Hispanics across various characteristics, including country of origin, language spoken, education, and more. “Diverse and Growing","{""do_sample"": true, ""temperature"": 1.0, ""top_p"": 0.95, ""top_k"": 50, ""repetition_penalty"": 1.0, ""max_new_tokens"": 128}"
kgw,4.0,0,1430,196,196,"Urban, born Jacques Pantaléon in Troyes c. 1200, was elected to the papacy in 1261. He studied canon law at ","Urban, born Jacques Pantaléon in Troyes c. 1200, was elected to the papacy in 1261. He studied canon law at 16 and later became an advocate in the papal Curia. He became Pope after a 15-month interregnum, which left Rome and the Church in chaos. Urban re-established order by promulgating the Constitution of Uguisdati and establishing an inquiry into the murders committed during the prior papacy.
Urban IV also took a number of measures to promote church reform and unity. In 1264, he issued the papal bull ""Firmunterruit"", in which he established a regular calendar of saints and declared November 1, All Saints' Day, a holy day of obligation. He also started the construction of the","16 and later became an advocate in the papal Curia. He became Pope after a 15-month interregnum, which left Rome and the Church in chaos. Urban re-established order by promulgating the Constitution of Uguisdati and establishing an inquiry into the murders committed during the prior papacy.
Urban IV also took a number of measures to promote church reform and unity. In 1264, he issued the papal bull ""Firmunterruit"", in which he established a regular calendar of saints and declared November 1, All Saints' Day, a holy day of obligation. He also started the construction of the","{""do_sample"": true, ""temperature"": 1.0, ""top_p"": 0.95, ""top_k"": 50, ""repetition_penalty"": 1.0, ""max_new_tokens"": 128}"
kgw,4.0,0,1432,198,198,"AMC Networks Earnings Beat Estimates, CEO Says 'Walking Dead' Franchise ""Will Have a Long Life"" AMC Networks on Thursday reported ","AMC Networks Earnings Beat Estimates, CEO Says 'Walking Dead' Franchise ""Will Have a Long Life"" AMC Networks on Thursday reported 2nd-quarter earnings that beat analysts' expectations, driven by the success of its TV shows like ""The Walking Dead."" Shares of the company rose nearly 5% in premarket trading. Chief Financial Officer Sean Sullivan attributed the company's success to its diverse portfolio of...
AMC Networks CEO Says He Expects 'The Walking Dead' Franchise to Continue for Years to Come ""The Walking Dead"" franchise will have a long life, AMC Networks CEO Adam Aron predicted during an earnings call Thursday. Aron, who has led the company since November, said that the show has consistently delivered strong ratings and has ""a loyal fan base that","2nd-quarter earnings that beat analysts' expectations, driven by the success of its TV shows like ""The Walking Dead."" Shares of the company rose nearly 5% in premarket trading. Chief Financial Officer Sean Sullivan attributed the company's success to its diverse portfolio of...
AMC Networks CEO Says He Expects 'The Walking Dead' Franchise to Continue for Years to Come ""The Walking Dead"" franchise will have a long life, AMC Networks CEO Adam Aron predicted during an earnings call Thursday. Aron, who has led the company since November, said that the show has consistently delivered strong ratings and has ""a loyal fan base that","{""do_sample"": true, ""temperature"": 1.0, ""top_p"": 0.95, ""top_k"": 50, ""repetition_penalty"": 1.0, ""max_new_tokens"": 128}"
kgw,4.0,1,1235,1,1,"""Whoever gets him, they'll be getting a good one,"" David Montgomery said. INDIANAPOLIS — Hakeem Butler has been surrounded by ","""Whoever gets him, they'll be getting a good one,"" David Montgomery said. INDIANAPOLIS — Hakeem Butler has been surrounded by 12 men in jerseys almost as often as he has seen the outside during his college football career. Butler is one of the most productive receivers in FCS history, with a total of 2,908 receiving yards over three seasons at Iowa State. In the past two seasons, he has recorded at least 70 receptions both campaigns, including a school-record 91 catches in 2017. The Cyclones’ offense, led by quarterback Jacob Park, has been highly successful with Butler on the field.
But don’t just take Montgomery’s word for it. Other college football analysts are also high on Butler’s potential.
""He is incredibly physical.","12 men in jerseys almost as often as he has seen the outside during his college football career. Butler is one of the most productive receivers in FCS history, with a total of 2,908 receiving yards over three seasons at Iowa State. In the past two seasons, he has recorded at least 70 receptions both campaigns, including a school-record 91 catches in 2017. The Cyclones’ offense, led by quarterback Jacob Park, has been highly successful with Butler on the field.
But don’t just take Montgomery’s word for it. Other college football analysts are also high on Butler’s potential.
""He is incredibly physical.","{""do_sample"": true, ""temperature"": 1.0, ""top_p"": 0.95, ""top_k"": 50, ""repetition_penalty"": 1.0, ""max_new_tokens"": 128}"
kgw,4.0,1,1237,3,3,The Arlington County Board plans to vote Saturday afternoon on giving Amazon $23 million and other incentives to build a ,"The Arlington County Board plans to vote Saturday afternoon on giving Amazon $23 million and other incentives to build a 4-million-square-foot "" HQ2"" complex in the Virginia Square area.
Amazon announced earlier this year that Arlington had beaten out dozens of other cities and states to land the company's highly prized second headquarters. The deal is a major coup for the county and its economic development agency, which promised a package of incentives including tax breaks and infrastructure improvements.
But not everyone is happy about the deal. Opponents say that the incentives may not be worth the cost to the county and its taxpayers, and that they could undermine the character of the Virginia Square neighborhood.
In a report to the county board, staff say that the deal will create an estimated ","4-million-square-foot "" HQ2"" complex in the Virginia Square area.
Amazon announced earlier this year that Arlington had beaten out dozens of other cities and states to land the company's highly prized second headquarters. The deal is a major coup for the county and its economic development agency, which promised a package of incentives including tax breaks and infrastructure improvements.
But not everyone is happy about the deal. Opponents say that the incentives may not be worth the cost to the county and its taxpayers, and that they could undermine the character of the Virginia Square neighborhood.
In a report to the county board, staff say that the deal will create an estimated ","{""do_sample"": true, ""temperature"": 1.0, ""top_p"": 0.95, ""top_k"": 50, ""repetition_penalty"": 1.0, ""max_new_tokens"": 128}"
kgw,4.0,1,1239,5,5,The Hawaii man who was fired after issuing the false ballistic missile alert in mid-January told reporters Friday that he ,"The Hawaii man who was fired after issuing the false ballistic missile alert in mid-January told reporters Friday that he  is  taking responsibility  for the crisis, according to various news outlets.
Haleakala Garner, the warning system supervisor for the Hawaiians Emergency Management Agency, told Hawaii News Now in an exclusive interview that he made a huge mistake, and he knows he did something wrong. He also expressed his deepest apologies to those who were scared, worried and traumatized by the false alert.
""I'm taking full responsibility for it. I was the one who pushed that button. I was the one who should have known what the protocol was, and I didn't do it. And for that, I am truly sorry,"" Garner said"," is  taking responsibility  for the crisis, according to various news outlets.
Haleakala Garner, the warning system supervisor for the Hawaiians Emergency Management Agency, told Hawaii News Now in an exclusive interview that he made a huge mistake, and he knows he did something wrong. He also expressed his deepest apologies to those who were scared, worried and traumatized by the false alert.
""I'm taking full responsibility for it. I was the one who pushed that button. I was the one who should have known what the protocol was, and I didn't do it. And for that, I am truly sorry,"" Garner said","{""do_sample"": true, ""temperature"": 1.0, ""top_p"": 0.95, ""top_k"": 50, ""repetition_penalty"": 1.0, ""max_new_tokens"": 128}"
kgw,4.0,1,1241,7,7,"A version of this article appeared in the print edition of The Daily Star on July 12, 2018, on page ","A version of this article appeared in the print edition of The Daily Star on July 12, 2018, on page 8.
The Lebanese government has signed a major deal with Siemens to generate electricity from oil-fired and natural gas-fired power plants over the next 15 years, the German engineering company and a government minister announced Monday.
The deal aims to increase the availability of electricity nationwide to 23 hours a day, compared to the current average of 15-18 hours a day, and to provide a more reliable and affordable supply.
The agreement was signed by Prime Minister Saad Hariri, Lebanese Electricity Minister Cesar Abi Khalil, and CEO of Siemens Power Generation Division, Rainer Süßenbach.
Under the deal, the new power plants will","8.
The Lebanese government has signed a major deal with Siemens to generate electricity from oil-fired and natural gas-fired power plants over the next 15 years, the German engineering company and a government minister announced Monday.
The deal aims to increase the availability of electricity nationwide to 23 hours a day, compared to the current average of 15-18 hours a day, and to provide a more reliable and affordable supply.
The agreement was signed by Prime Minister Saad Hariri, Lebanese Electricity Minister Cesar Abi Khalil, and CEO of Siemens Power Generation Division, Rainer Süßenbach.
Under the deal, the new power plants will","{""do_sample"": true, ""temperature"": 1.0, ""top_p"": 0.95, ""top_k"": 50, ""repetition_penalty"": 1.0, ""max_new_tokens"": 128}"
kgw,4.0,1,1243,9,9,"After Kevin’s horrific leg injury, everyone is asking: will he ever play basketball again? Dr. Glashow, co-chief of sports medicine ","After Kevin’s horrific leg injury, everyone is asking: will he ever play basketball again? Dr. Glashow, co-chief of sports medicine 2, is the expert who can offer a glimpse into what the future might hold for our young athlete.
Sports Illustrated – Kevin Durant and Dr. Glashow on Recovery and Rehabilitation
By: Mike Wise
(From the March edition of SI)
In the wake of Kevin Durant’s devastating leg injury, basketball enthusiasts are left to wonder: will the Golden State Warriors star ever take the court again? We caught up with Dr. Charles Glashow, the preeminent expert in sports medicine and orthopedic surgery at NewYork-Presbyterian Hospital/Weill Cornell Medicine. Dr. Glashow shed light on the road to","2, is the expert who can offer a glimpse into what the future might hold for our young athlete.
Sports Illustrated – Kevin Durant and Dr. Glashow on Recovery and Rehabilitation
By: Mike Wise
(From the March edition of SI)
In the wake of Kevin Durant’s devastating leg injury, basketball enthusiasts are left to wonder: will the Golden State Warriors star ever take the court again? We caught up with Dr. Charles Glashow, the preeminent expert in sports medicine and orthopedic surgery at NewYork-Presbyterian Hospital/Weill Cornell Medicine. Dr. Glashow shed light on the road to","{""do_sample"": true, ""temperature"": 1.0, ""top_p"": 0.95, ""top_k"": 50, ""repetition_penalty"": 1.0, ""max_new_tokens"": 128}"
kgw,4.0,1,1245,11,11,University of Utah track and field athlete Lauren McCluskey was found shot dead Monday night in the backseat of a ,"University of Utah track and field athlete Lauren McCluskey was found shot dead Monday night in the backseat of a 2014 Chevrolet Impala in a parking garage at Rice-Eccles Stadium, the university police department reported.
According to the Salt Lake Tribune, police received a call around 9:30 p.m. Monday night regarding a shooting at the university’s athletic facility. When they arrived, they found McCluskey dead in the car with multiple shots to the abdomen.
The Salt Lake City Police Department is leading the investigation, with assistance from the Utah Department of Public Safety and other law enforcement agencies.
So far, no arrests have been made, but police have identified a suspect, later revealed to be Melinda Sutton Herr, a 45-year","2014 Chevrolet Impala in a parking garage at Rice-Eccles Stadium, the university police department reported.
According to the Salt Lake Tribune, police received a call around 9:30 p.m. Monday night regarding a shooting at the university’s athletic facility. When they arrived, they found McCluskey dead in the car with multiple shots to the abdomen.
The Salt Lake City Police Department is leading the investigation, with assistance from the Utah Department of Public Safety and other law enforcement agencies.
So far, no arrests have been made, but police have identified a suspect, later revealed to be Melinda Sutton Herr, a 45-year","{""do_sample"": true, ""temperature"": 1.0, ""top_p"": 0.95, ""top_k"": 50, ""repetition_penalty"": 1.0, ""max_new_tokens"": 128}"
kgw,4.0,1,1247,13,13,"The location of the July 15, 2002 flare is shown at left. The other panels compare the scale of Earth ","The location of the July 15, 2002 flare is shown at left. The other panels compare the scale of Earth 1.3 million km (800,000 miles) from the blast to that of Venus, which comes within 0.2 million km (0.12 million miles) of Earth. Image courtesy NASA.
The Sun is a relatively stable star, but it can produce massive solar flares that can affect life on Earth and even the entire solar system. A strong flare released on July 15, 2002, was an extreme example of this, and astronomers have just finished analyzing all the data from the event, allowing for a better understanding of these powerful phenomena.
Solar flares are sudden releases of energy in the solar atmosphere. The","1.3 million km (800,000 miles) from the blast to that of Venus, which comes within 0.2 million km (0.12 million miles) of Earth. Image courtesy NASA.
The Sun is a relatively stable star, but it can produce massive solar flares that can affect life on Earth and even the entire solar system. A strong flare released on July 15, 2002, was an extreme example of this, and astronomers have just finished analyzing all the data from the event, allowing for a better understanding of these powerful phenomena.
Solar flares are sudden releases of energy in the solar atmosphere. The","{""do_sample"": true, ""temperature"": 1.0, ""top_p"": 0.95, ""top_k"": 50, ""repetition_penalty"": 1.0, ""max_new_tokens"": 128}"
kgw,4.0,1,1249,15,15,"Larry checks in with KPCC reporter Sharon McNary, who’s been hitting up several polling stations in Orange County and Los ","Larry checks in with KPCC reporter Sharon McNary, who’s been hitting up several polling stations in Orange County and Los 5:12
KPFK | KPCC | KUSC
From : kpacall | 5 months ago | LA News | 0 comments
What's happening in your neighborhood? We want to hear about local news stories that might not be making headlines elsewhere. Share your stories and photos: https... 1:23
KPCC's Sharon McNary reports on the city's decision to rename a park named for Confederate General Pico. The park, which has borne the name for over 60 years, has been... 6:29
KPCC's Sharon McNary reports on the controversy surrounding the naming of","5:12
KPFK | KPCC | KUSC
From : kpacall | 5 months ago | LA News | 0 comments
What's happening in your neighborhood? We want to hear about local news stories that might not be making headlines elsewhere. Share your stories and photos: https... 1:23
KPCC's Sharon McNary reports on the city's decision to rename a park named for Confederate General Pico. The park, which has borne the name for over 60 years, has been... 6:29
KPCC's Sharon McNary reports on the controversy surrounding the naming of","{""do_sample"": true, ""temperature"": 1.0, ""top_p"": 0.95, ""top_k"": 50, ""repetition_penalty"": 1.0, ""max_new_tokens"": 128}"
kgw,4.0,1,1251,17,17,Health authorities in New Zealand said that about 200 passengers on the Dawn Princess ship became infected with the norovirus. ,"Health authorities in New Zealand said that about 200 passengers on the Dawn Princess ship became infected with the norovirus.  This comes a week after the cruise ship was granted permission to return to Auckland due to concerns over the number of cases and outbreaks on board. 
According to a report published by New Zealand's Ministry for Primary Industries, the ship's passengers suffered from diarrhea, vomiting, fever, and stomach cramps, while some also experienced headaches and muscle pain. Furthermore, several passengers were reported to require hospital treatment.

Despite these concerns, it appears that the ship is no longer a health risk, according to health authorities.

Crew members were thoroughly inspected and most were found to be free from the infection, although some were placed in self-isolation as a"," This comes a week after the cruise ship was granted permission to return to Auckland due to concerns over the number of cases and outbreaks on board. 
According to a report published by New Zealand's Ministry for Primary Industries, the ship's passengers suffered from diarrhea, vomiting, fever, and stomach cramps, while some also experienced headaches and muscle pain. Furthermore, several passengers were reported to require hospital treatment.

Despite these concerns, it appears that the ship is no longer a health risk, according to health authorities.

Crew members were thoroughly inspected and most were found to be free from the infection, although some were placed in self-isolation as a","{""do_sample"": true, ""temperature"": 1.0, ""top_p"": 0.95, ""top_k"": 50, ""repetition_penalty"": 1.0, ""max_new_tokens"": 128}"
kgw,4.0,1,1253,19,19,NEW YORK (AP) — Could the U.S. lose its top credit rating even if a deal is reached to raise ,"NEW YORK (AP) — Could the U.S. lose its top credit rating even if a deal is reached to raise  ...
WASHINGTON (AP) — President Barack Obama and congressional leaders are working to avoid a  ...
NEW YORK (AP) — It's not just Greece that's in trouble. The global economy is facing another bout of uncertainty as a  ...
NEW YORK (AP) — It's not just Greece that's in trouble. The global economy is facing another bout of uncertainty as a default crisis spreads across Europe  ...
WASHINGTON (AP) — President Barack Obama is accusing House Speaker John Boehner of reneging on a  ...
WASHINGTON (AP) — President Barack Obama is accusing House Speaker John Boehner of reneging on"," ...
WASHINGTON (AP) — President Barack Obama and congressional leaders are working to avoid a  ...
NEW YORK (AP) — It's not just Greece that's in trouble. The global economy is facing another bout of uncertainty as a  ...
NEW YORK (AP) — It's not just Greece that's in trouble. The global economy is facing another bout of uncertainty as a default crisis spreads across Europe  ...
WASHINGTON (AP) — President Barack Obama is accusing House Speaker John Boehner of reneging on a  ...
WASHINGTON (AP) — President Barack Obama is accusing House Speaker John Boehner of reneging on","{""do_sample"": true, ""temperature"": 1.0, ""top_p"": 0.95, ""top_k"": 50, ""repetition_penalty"": 1.0, ""max_new_tokens"": 128}"
kgw,4.0,1,1255,21,21,"IHS Markit INFO, -0.02% a world leader in critical information, analytics and solutions, expanded its alternative data offering for asset ","IHS Markit INFO, -0.02% a world leader in critical information, analytics and solutions, expanded its alternative data offering for asset 2020-09-28
Investing in the right assets at the right time is crucial for investors. But identifying potential opportunities and avoiding potential pitfalls is often challenging, particularly when market conditions are uncertain. To help navigate this complexity, IHS Markit INFO, -0.02% a world leader in critical information, analytics and solutions, has 2020-09-28
We are pleased to announce that today, IHS Markit INFO, -0.02% launched its new alternative data offering, expanding its capabilities in providing critical insights to investors and financial professionals.
2020-09-28 | Nasdaq | News","2020-09-28
Investing in the right assets at the right time is crucial for investors. But identifying potential opportunities and avoiding potential pitfalls is often challenging, particularly when market conditions are uncertain. To help navigate this complexity, IHS Markit INFO, -0.02% a world leader in critical information, analytics and solutions, has 2020-09-28
We are pleased to announce that today, IHS Markit INFO, -0.02% launched its new alternative data offering, expanding its capabilities in providing critical insights to investors and financial professionals.
2020-09-28 | Nasdaq | News","{""do_sample"": true, ""temperature"": 1.0, ""top_p"": 0.95, ""top_k"": 50, ""repetition_penalty"": 1.0, ""max_new_tokens"": 128}"
kgw,4.0,1,1257,23,23,SOUND FORGE Audio Cleaning Lab can be used to record any sound you can hear on your computer - from ,"SOUND FORGE Audio Cleaning Lab can be used to record any sound you can hear on your computer - from 3.5mm line in on your sound card, to USB, Firewire and other interface connections.

• **Step 1:** Connect your source to your computer. If you're using an external microphone or instrument, connect it to your audio interface (or the line in on your sound card).

• **Step 2:** Open SOUND FORGE Audio Cleaning Lab and click on the **Record** button (or press the F9 function key).

• **Step 3:** The Record window opens, displaying the settings for your recording. In most cases, the default settings (such as 16-bit/44,100 Hz and two","3.5mm line in on your sound card, to USB, Firewire and other interface connections.

• **Step 1:** Connect your source to your computer. If you're using an external microphone or instrument, connect it to your audio interface (or the line in on your sound card).

• **Step 2:** Open SOUND FORGE Audio Cleaning Lab and click on the **Record** button (or press the F9 function key).

• **Step 3:** The Record window opens, displaying the settings for your recording. In most cases, the default settings (such as 16-bit/44,100 Hz and two","{""do_sample"": true, ""temperature"": 1.0, ""top_p"": 0.95, ""top_k"": 50, ""repetition_penalty"": 1.0, ""max_new_tokens"": 128}"
kgw,4.0,1,1259,25,25,"President Donald Trump returned to Washington, DC on Monday for a very important event. It was not for a meeting ","President Donald Trump returned to Washington, DC on Monday for a very important event. It was not for a meeting  with lawmakers or foreign leaders, but to visit the new Trump International Hotel located on Pennsylvania Avenue.
The event was supposed to be a grand opening ceremony for the hotel's new restaurant and was expected to be attended by several high-level officials. The hotel is located in the historic Old Post Office Building, which has been restored by Trump and features a 16-story luxury hotel and a 37,000-square-foot ballroom.
According to reports, the hotel is doing very well and is already filling the rooms with guests on a daily basis. The new restaurant, which was designed to look like the lobby of the hotel, serves up modern American"," with lawmakers or foreign leaders, but to visit the new Trump International Hotel located on Pennsylvania Avenue.
The event was supposed to be a grand opening ceremony for the hotel's new restaurant and was expected to be attended by several high-level officials. The hotel is located in the historic Old Post Office Building, which has been restored by Trump and features a 16-story luxury hotel and a 37,000-square-foot ballroom.
According to reports, the hotel is doing very well and is already filling the rooms with guests on a daily basis. The new restaurant, which was designed to look like the lobby of the hotel, serves up modern American","{""do_sample"": true, ""temperature"": 1.0, ""top_p"": 0.95, ""top_k"": 50, ""repetition_penalty"": 1.0, ""max_new_tokens"": 128}"
kgw,4.0,1,1261,27,27,"ST. JOHNS COUNTY, Fla. - Commissioners in St. Johns County voted unanimously to postpone any legislative action against a localized ","ST. JOHNS COUNTY, Fla. - Commissioners in St. Johns County voted unanimously to postpone any legislative action against a localized 30-minute parking enforcement plan in Vilano Beach. | |.
Commissioners received 150 public comments in support of the initiative during a June 28 hearing, according to News4Jax.
During a July 20 hearing, St. Johns County commissioners voted to postpone the discussion until their September 27 meeting, deferring any legislative action.
The initiative aims to reduce traffic congestion and improve parking conditions in the small coastal community by implementing a localized 30-minute parking enforcement plan in Vilano Beach.
The proposed plan entails installing time limits on some of the parking spaces along Vilano Beach Road and the adjacent parking lot.
Vilano Beach","30-minute parking enforcement plan in Vilano Beach. | |.
Commissioners received 150 public comments in support of the initiative during a June 28 hearing, according to News4Jax.
During a July 20 hearing, St. Johns County commissioners voted to postpone the discussion until their September 27 meeting, deferring any legislative action.
The initiative aims to reduce traffic congestion and improve parking conditions in the small coastal community by implementing a localized 30-minute parking enforcement plan in Vilano Beach.
The proposed plan entails installing time limits on some of the parking spaces along Vilano Beach Road and the adjacent parking lot.
Vilano Beach","{""do_sample"": true, ""temperature"": 1.0, ""top_p"": 0.95, ""top_k"": 50, ""repetition_penalty"": 1.0, ""max_new_tokens"": 128}"
kgw,4.0,1,1263,29,29,This was Reinsdorf's reply on Friday when asked whether the preseason announcement that Phil Jackson will not return as coach ,"This was Reinsdorf's reply on Friday when asked whether the preseason announcement that Phil Jackson will not return as coach  was indeed the end of the road for his tenure with the Bulls.
So while there's no confirmation on that just yet, it's hard to imagine a path forward with Jackson, who has been the franchise's identity and guiding presence since his arrival in 2005-2006.
In that same 10-minute response, Reinsdorf discussed the importance of next year being a defining period for the Bulls as they move forward without Derrick Rose and rebuild the roster.
Reinsdorf noted that while Jackson's return would have been welcome, the team's long-term success must take precedence. And given their situation with Rose, the Hall of Fame"," was indeed the end of the road for his tenure with the Bulls.
So while there's no confirmation on that just yet, it's hard to imagine a path forward with Jackson, who has been the franchise's identity and guiding presence since his arrival in 2005-2006.
In that same 10-minute response, Reinsdorf discussed the importance of next year being a defining period for the Bulls as they move forward without Derrick Rose and rebuild the roster.
Reinsdorf noted that while Jackson's return would have been welcome, the team's long-term success must take precedence. And given their situation with Rose, the Hall of Fame","{""do_sample"": true, ""temperature"": 1.0, ""top_p"": 0.95, ""top_k"": 50, ""repetition_penalty"": 1.0, ""max_new_tokens"": 128}"
kgw,4.0,1,1265,31,31,This is the news you’re looking for. Carrie Fisher has seemingly confirmed to Palm Beach Illustrated magazine that she will ,"This is the news you’re looking for. Carrie Fisher has seemingly confirmed to Palm Beach Illustrated magazine that she will 100% be in the next Star Wars movie. You heard it here (and there). Carrie, the original Princess Leia, says she’s ready for action:
Carrie Fisher on making a comeback: “It will be a little challenging, physically and emotionally,” she said. “But I will do my best and I will do it with dignity and intelligence. I hope my performance will transcend any physical challenges and really bring my character to life in the way that the fans want and expect.”
As an aside, it seems like there might have been some misunderstanding between Carrie and the media, in the past. Good thing for us, she set","100% be in the next Star Wars movie. You heard it here (and there). Carrie, the original Princess Leia, says she’s ready for action:
Carrie Fisher on making a comeback: “It will be a little challenging, physically and emotionally,” she said. “But I will do my best and I will do it with dignity and intelligence. I hope my performance will transcend any physical challenges and really bring my character to life in the way that the fans want and expect.”
As an aside, it seems like there might have been some misunderstanding between Carrie and the media, in the past. Good thing for us, she set","{""do_sample"": true, ""temperature"": 1.0, ""top_p"": 0.95, ""top_k"": 50, ""repetition_penalty"": 1.0, ""max_new_tokens"": 128}"
kgw,4.0,1,1267,33,33,In the market for a low-cost networked storage solution? You may want to take a look at the Netgear ReadyNAS ,"In the market for a low-cost networked storage solution? You may want to take a look at the Netgear ReadyNAS 104, a compact, easy-to-use NAS (Network-Attached Storage) system that offers 1- or 2-bay configurations with a range of storage options.
The Netgear ReadyNAS 104 is designed to be a simple, plug-and-play NAS for the home or small business. Setup is a breeze, with step-by-step instructions on the device and online setup utility. We found setting up the NAS to be easy, with only about 10 minutes spent on the entire process.
One of the key benefits of this NAS is its compact size. The device measures just 6.3x5.1x2.2","104, a compact, easy-to-use NAS (Network-Attached Storage) system that offers 1- or 2-bay configurations with a range of storage options.
The Netgear ReadyNAS 104 is designed to be a simple, plug-and-play NAS for the home or small business. Setup is a breeze, with step-by-step instructions on the device and online setup utility. We found setting up the NAS to be easy, with only about 10 minutes spent on the entire process.
One of the key benefits of this NAS is its compact size. The device measures just 6.3x5.1x2.2","{""do_sample"": true, ""temperature"": 1.0, ""top_p"": 0.95, ""top_k"": 50, ""repetition_penalty"": 1.0, ""max_new_tokens"": 128}"
kgw,4.0,1,1269,35,35,"MANILA, Philippines — The state-run Land Bank of the Philippines (Landbank) has extended by one more month or until Jan. ","MANILA, Philippines — The state-run Land Bank of the Philippines (Landbank) has extended by one more month or until Jan. 31 the special term financing program for the purchase of farm-to-market roads under the farm-to-market road (FMR) development program.
In a circular issued by Landbank, the program aims to improve the rural infrastructure and agricultural productivity in rural areas by providing financing assistance to local government units (LGUs), private contractors, and private entities to implement FMR development projects.
Under the extended program, qualified borrowers can apply for a term financing of up to five years with a fixed interest rate of 6 percent per annum, a service charge of 1 percent per annum, and an insurance premium of 0.4 percent per annum.
Land","31 the special term financing program for the purchase of farm-to-market roads under the farm-to-market road (FMR) development program.
In a circular issued by Landbank, the program aims to improve the rural infrastructure and agricultural productivity in rural areas by providing financing assistance to local government units (LGUs), private contractors, and private entities to implement FMR development projects.
Under the extended program, qualified borrowers can apply for a term financing of up to five years with a fixed interest rate of 6 percent per annum, a service charge of 1 percent per annum, and an insurance premium of 0.4 percent per annum.
Land","{""do_sample"": true, ""temperature"": 1.0, ""top_p"": 0.95, ""top_k"": 50, ""repetition_penalty"": 1.0, ""max_new_tokens"": 128}"
kgw,4.0,1,1271,37,37,It’s a continuation of a trend they have seen over the last several years. “It’s been almost three years of ,"It’s a continuation of a trend they have seen over the last several years. “It’s been almost three years of 24% (annual increase) in the industry, and I think it’s sustainable. There’s just been a pent-up demand and now people are coming back, but I think the numbers will stabilize and we won’t...
The US Federal Highway Administration (FHWA) and the Department of Transportation (DOT) will continue to be critical players in the development of emerging transportation technologies. “The USDOT and FHWA have been instrumental in shaping the environment for the growth of emerging transportation technologies. They have...
It’s an opportunity to position your organization for long-term success. “By being proactive, organizations are positioning themselves for long-term success and embracing","24% (annual increase) in the industry, and I think it’s sustainable. There’s just been a pent-up demand and now people are coming back, but I think the numbers will stabilize and we won’t...
The US Federal Highway Administration (FHWA) and the Department of Transportation (DOT) will continue to be critical players in the development of emerging transportation technologies. “The USDOT and FHWA have been instrumental in shaping the environment for the growth of emerging transportation technologies. They have...
It’s an opportunity to position your organization for long-term success. “By being proactive, organizations are positioning themselves for long-term success and embracing","{""do_sample"": true, ""temperature"": 1.0, ""top_p"": 0.95, ""top_k"": 50, ""repetition_penalty"": 1.0, ""max_new_tokens"": 128}"
kgw,4.0,1,1273,39,39,"Originally Published: September 24, 2018 8 p.m. Soledad O’Brien, 10 to 11:30 a.m., Yavapai College Performing Arts Center, 1100 E ","Originally Published: September 24, 2018 8 p.m. Soledad O’Brien, 10 to 11:30 a.m., Yavapai College Performing Arts Center, 1100 E 3rd St. in Prescott, $10.50 to $19.90, yavapaicollege.edu/scc/special-events.
Originally Published: August 29, 2018 10:37 p.m. Soledad O’Brien has been a household name in journalism for over two decades, covering breaking news, politics and issues related to social justice. Now, she is coming to Yavapai County to share her insights and experiences with audiences. The former NBC correspondent will speak from 10:30 to 11:30 am.... Read More
Originally Published: August 29, 2018 ","3rd St. in Prescott, $10.50 to $19.90, yavapaicollege.edu/scc/special-events.
Originally Published: August 29, 2018 10:37 p.m. Soledad O’Brien has been a household name in journalism for over two decades, covering breaking news, politics and issues related to social justice. Now, she is coming to Yavapai County to share her insights and experiences with audiences. The former NBC correspondent will speak from 10:30 to 11:30 am.... Read More
Originally Published: August 29, 2018 ","{""do_sample"": true, ""temperature"": 1.0, ""top_p"": 0.95, ""top_k"": 50, ""repetition_penalty"": 1.0, ""max_new_tokens"": 128}"
kgw,4.0,1,1275,41,41,"Attendees visit the Vodafone Group pavilion at the Mobile World Congress in Barcelona, Spain, March 4, 2015. Vodafone, one of ","Attendees visit the Vodafone Group pavilion at the Mobile World Congress in Barcelona, Spain, March 4, 2015. Vodafone, one of 12 major mobile phone companies, announced it would cut its dividend payout to investors, as earnings fall amid increasing competition and roaming fees. (REUTERS/Gonzalo Fuentes)
In an increasingly competitive industry where margins are being squeezed, mobile operators are looking to diversify their revenue streams, innovate their offerings and boost their digital presence to remain relevant.
Vodafone, for example, has been focused on expanding its digital services, such as its online banking app in Africa, and exploring opportunities in IoT and fintech.
Telefonica has also been investing heavily in digital transformation, including the acquisition of E-Plus in Germany and the launch of a","12 major mobile phone companies, announced it would cut its dividend payout to investors, as earnings fall amid increasing competition and roaming fees. (REUTERS/Gonzalo Fuentes)
In an increasingly competitive industry where margins are being squeezed, mobile operators are looking to diversify their revenue streams, innovate their offerings and boost their digital presence to remain relevant.
Vodafone, for example, has been focused on expanding its digital services, such as its online banking app in Africa, and exploring opportunities in IoT and fintech.
Telefonica has also been investing heavily in digital transformation, including the acquisition of E-Plus in Germany and the launch of a","{""do_sample"": true, ""temperature"": 1.0, ""top_p"": 0.95, ""top_k"": 50, ""repetition_penalty"": 1.0, ""max_new_tokens"": 128}"
kgw,4.0,1,1277,43,43,The Congress of South African Trade Unions has noted the latest cabinet reshuffle by President Jacob Zuma. We can confirm ,"The Congress of South African Trade Unions has noted the latest cabinet reshuffle by President Jacob Zuma. We can confirm 3 new ministers, including Mrs. Faith Muthambi, Minister of Communication and Mr. Derek Hanekom, Minister of Tourism. Mrs. Naledi Pandor will take over the position of Minister of Communications.
We also noted that both Mineral Resources Minister, Ngoako Ramatlhodi, and Deputy Mineral Resource Minister, Cde. Ellen Khosa, were relieved of their duties. Cde. Mosebenzi Zwane has taken over as Minister of Mineral Resources and Water Affairs, while Mr. Buti Manamela will be the new Minister of Water and Sanitation.
The Congress of South African Trade Unions","3 new ministers, including Mrs. Faith Muthambi, Minister of Communication and Mr. Derek Hanekom, Minister of Tourism. Mrs. Naledi Pandor will take over the position of Minister of Communications.
We also noted that both Mineral Resources Minister, Ngoako Ramatlhodi, and Deputy Mineral Resource Minister, Cde. Ellen Khosa, were relieved of their duties. Cde. Mosebenzi Zwane has taken over as Minister of Mineral Resources and Water Affairs, while Mr. Buti Manamela will be the new Minister of Water and Sanitation.
The Congress of South African Trade Unions","{""do_sample"": true, ""temperature"": 1.0, ""top_p"": 0.95, ""top_k"": 50, ""repetition_penalty"": 1.0, ""max_new_tokens"": 128}"
kgw,4.0,1,1279,45,45,"After much anticipation, Melania Trump has finally given the world a glimpse of her platform. Like those before her, Trump ","After much anticipation, Melania Trump has finally given the world a glimpse of her platform. Like those before her, Trump 85 has announced hers. Mrs.
On May 29, the Trump administration officially launched Be Best, the first lady's initiative to help children. The campaign focuses on well-being, social media, and ""obesity."" Melania Trump is the 47th First Lady of the US. Here are some of the key points that she has shared:
1. Well-Being: Encouraging Americans to prioritize the health of their children is a pressing issue for Be Best. She will work closely with various agencies such as USDA's USDA, the Centers for Disease Prevention Control Prevention (CDC) and other institutions.
2. Online Safety: The First","85 has announced hers. Mrs.
On May 29, the Trump administration officially launched Be Best, the first lady's initiative to help children. The campaign focuses on well-being, social media, and ""obesity."" Melania Trump is the 47th First Lady of the US. Here are some of the key points that she has shared:
1. Well-Being: Encouraging Americans to prioritize the health of their children is a pressing issue for Be Best. She will work closely with various agencies such as USDA's USDA, the Centers for Disease Prevention Control Prevention (CDC) and other institutions.
2. Online Safety: The First","{""do_sample"": true, ""temperature"": 1.0, ""top_p"": 0.95, ""top_k"": 50, ""repetition_penalty"": 1.0, ""max_new_tokens"": 128}"
kgw,4.0,1,1281,47,47,We build our students up only to encourage them to flee. Why? Combining advertising campaigns handled by pros along with ,"We build our students up only to encourage them to flee. Why? Combining advertising campaigns handled by pros along with 5 to 10 years of knowledge and expertise, our crew delivers the best and the most appropriate online business ideas for you. We offer a variety of writing, reporting, and editing services, offering customers with professional high-quality.
Our company will help you with your essay creating, providing you with a well-researched and written essays on your preferred niche. When we begin a new project, we take notice of the clients requirements and goals, by producing high quality content that is tailored to your needs. We will help you write an excellent, well-researched and fascinating essay that will grab your reader's interest and keep them from beginning to","5 to 10 years of knowledge and expertise, our crew delivers the best and the most appropriate online business ideas for you. We offer a variety of writing, reporting, and editing services, offering customers with professional high-quality.
Our company will help you with your essay creating, providing you with a well-researched and written essays on your preferred niche. When we begin a new project, we take notice of the clients requirements and goals, by producing high quality content that is tailored to your needs. We will help you write an excellent, well-researched and fascinating essay that will grab your reader's interest and keep them from beginning to","{""do_sample"": true, ""temperature"": 1.0, ""top_p"": 0.95, ""top_k"": 50, ""repetition_penalty"": 1.0, ""max_new_tokens"": 128}"
kgw,4.0,1,1283,49,49,Federal Reserve Bank of Minneapolis President Narayana Kocherlakota will step down when his current term ends in February 2016. The ,"Federal Reserve Bank of Minneapolis President Narayana Kocherlakota will step down when his current term ends in February 2016. The 54-year-old economist has served as a Federal Open Market Committee (FOMC) voting member since 2008.

The announcement was made in an interview published on Friday in the Minneapolis Star Tribune, in which Kocherlakota discussed a variety of topics related to monetary policy.

Kocherlakota, known for his unconventional views on monetary policy, has repeatedly called for the Federal Reserve to raise its interest rate target as long as inflation remains low. He believes that the economy is already strong enough for interest rates to be higher.

He has been critical of the Federal Reserve's asset-purchase programs, arguing that the central bank's policies","54-year-old economist has served as a Federal Open Market Committee (FOMC) voting member since 2008.

The announcement was made in an interview published on Friday in the Minneapolis Star Tribune, in which Kocherlakota discussed a variety of topics related to monetary policy.

Kocherlakota, known for his unconventional views on monetary policy, has repeatedly called for the Federal Reserve to raise its interest rate target as long as inflation remains low. He believes that the economy is already strong enough for interest rates to be higher.

He has been critical of the Federal Reserve's asset-purchase programs, arguing that the central bank's policies","{""do_sample"": true, ""temperature"": 1.0, ""top_p"": 0.95, ""top_k"": 50, ""repetition_penalty"": 1.0, ""max_new_tokens"": 128}"
kgw,4.0,1,1285,51,51,Roger Federer of Switzerland and Bill Gates shake hands at the Match For Africa 4 exhibition match at KeyArena on ,"Roger Federer of Switzerland and Bill Gates shake hands at the Match For Africa 4 exhibition match at KeyArena on 7/28/2019.
Federer and Gates have collaborated on several philanthropic projects over the years, and this match marks the fifth installment in their “Match for Africa” series. Previous matches have raised money for various charitable initiatives in Africa, and Thursday night's match is expected to follow suit.
The exhibition match will be played in support of Roger Federer Foundation and other charitable initiatives, with a focus on improving education for disadvantaged children. The event will be streamed live on Amazon Prime Video, providing global audiences with a glimpse of the unique match.
In related news, Bill Gates will be honored at the ceremony for his continued support","7/28/2019.
Federer and Gates have collaborated on several philanthropic projects over the years, and this match marks the fifth installment in their “Match for Africa” series. Previous matches have raised money for various charitable initiatives in Africa, and Thursday night's match is expected to follow suit.
The exhibition match will be played in support of Roger Federer Foundation and other charitable initiatives, with a focus on improving education for disadvantaged children. The event will be streamed live on Amazon Prime Video, providing global audiences with a glimpse of the unique match.
In related news, Bill Gates will be honored at the ceremony for his continued support","{""do_sample"": true, ""temperature"": 1.0, ""top_p"": 0.95, ""top_k"": 50, ""repetition_penalty"": 1.0, ""max_new_tokens"": 128}"
kgw,4.0,1,1287,53,53,"BAGHDAD, Iraq -- Fighting in the Shiite stronghold of Sadr City killed 23 Iraqis yesterday, hospital officials said, and the ","BAGHDAD, Iraq -- Fighting in the Shiite stronghold of Sadr City killed 23 Iraqis yesterday, hospital officials said, and the 10-day-old government offensive against the city seemed to be stuck in a bloody stalemate.
Clashes between government forces and loyalists of anti-American cleric Muqtada al-Sadr raged on in the crowded districts of Sadr City, as both sides dug in for a long and bloody battle.
Hospital officials reported that 14 civilians had been killed, as well as seven militiamen. At least 65 people were wounded.
The fighting has caused chaos and displacement in Sadr City, home to 2.5 million people, and many have fled their neighborhoods in search of safer areas.
The government, supported by American airstrikes,","10-day-old government offensive against the city seemed to be stuck in a bloody stalemate.
Clashes between government forces and loyalists of anti-American cleric Muqtada al-Sadr raged on in the crowded districts of Sadr City, as both sides dug in for a long and bloody battle.
Hospital officials reported that 14 civilians had been killed, as well as seven militiamen. At least 65 people were wounded.
The fighting has caused chaos and displacement in Sadr City, home to 2.5 million people, and many have fled their neighborhoods in search of safer areas.
The government, supported by American airstrikes,","{""do_sample"": true, ""temperature"": 1.0, ""top_p"": 0.95, ""top_k"": 50, ""repetition_penalty"": 1.0, ""max_new_tokens"": 128}"
kgw,4.0,1,1289,55,55,"Tulsa race riot survivor: ""Learn how to forgive, but never forget"" SAN FRANCISCO, California (CNN) -- A 100-inch, high definition ","Tulsa race riot survivor: ""Learn how to forgive, but never forget"" SAN FRANCISCO, California (CNN) -- A 100-inch, high definition 64 inch screen to be installed at the World Museum in the city.
The Tulsa race riots: ""I'll never forget what happened, I'll never forgive""
This is the story of how Tulsa, a city in the United States, experienced some of the darkest moments of its history when a race riot broke out, resulting in the death of hundreds and the displacement of thousands, many of whom were African Americans. Today, survivor, Clara Luper...
I am still filled with anger, frustration and guilt, said Ms Luper. But what I am now is more determined than ever to spread the word, to educate, to share my story","64 inch screen to be installed at the World Museum in the city.
The Tulsa race riots: ""I'll never forget what happened, I'll never forgive""
This is the story of how Tulsa, a city in the United States, experienced some of the darkest moments of its history when a race riot broke out, resulting in the death of hundreds and the displacement of thousands, many of whom were African Americans. Today, survivor, Clara Luper...
I am still filled with anger, frustration and guilt, said Ms Luper. But what I am now is more determined than ever to spread the word, to educate, to share my story","{""do_sample"": true, ""temperature"": 1.0, ""top_p"": 0.95, ""top_k"": 50, ""repetition_penalty"": 1.0, ""max_new_tokens"": 128}"
kgw,4.0,1,1291,57,57,When Cait and I found out how easy it is to make ravioli–and with such completely impressive and delicious results!–we ,"When Cait and I found out how easy it is to make ravioli–and with such completely impressive and delicious results!–we  decided to give it a try at our Christmas dinner party last year.  It was a huge hit with all our friends who were a bit surprised and delighted by homemade pasta and fillings made from scratch.
But let’s back up a bit. Before you start making ravioli from scratch, you’ll need some basic ingredients and tools:

**Ingredients:**

For the dough:

* 2 cups all-purpose flour
* 2 eggs
* Salt (optional)

For the filling:

* Your favorite filling ingredients (we used ricotta, spinach, garlic, salt, and pepper)
* Optional: grated Parmesan,"," decided to give it a try at our Christmas dinner party last year.  It was a huge hit with all our friends who were a bit surprised and delighted by homemade pasta and fillings made from scratch.
But let’s back up a bit. Before you start making ravioli from scratch, you’ll need some basic ingredients and tools:

**Ingredients:**

For the dough:

* 2 cups all-purpose flour
* 2 eggs
* Salt (optional)

For the filling:

* Your favorite filling ingredients (we used ricotta, spinach, garlic, salt, and pepper)
* Optional: grated Parmesan,","{""do_sample"": true, ""temperature"": 1.0, ""top_p"": 0.95, ""top_k"": 50, ""repetition_penalty"": 1.0, ""max_new_tokens"": 128}"
kgw,4.0,1,1293,59,59,"It may not have been enough to bring out the skis, but Wood River Valley residents woke up with a ","It may not have been enough to bring out the skis, but Wood River Valley residents woke up with a 4-7 inch coating of new snow on Sunday morning, with snowfall continuing throughout the day.
By Sunday afternoon, many areas around Hailey, Ketchum and Sun Valley received 8-12 inches or more of fresh snow. Ski resort operators, who had been worried about drought, were thrilled to see the snowfall return.
Ski resort officials said Sunday's snowfall marked a welcome change, but they will continue to monitor conditions and plan for potential snowmaking if needed.
""We're really thrilled to see the snow return,"" said Sun Valley Resort spokesman, Aaron Saletore. ""It looks like the big picture is that","4-7 inch coating of new snow on Sunday morning, with snowfall continuing throughout the day.
By Sunday afternoon, many areas around Hailey, Ketchum and Sun Valley received 8-12 inches or more of fresh snow. Ski resort operators, who had been worried about drought, were thrilled to see the snowfall return.
Ski resort officials said Sunday's snowfall marked a welcome change, but they will continue to monitor conditions and plan for potential snowmaking if needed.
""We're really thrilled to see the snow return,"" said Sun Valley Resort spokesman, Aaron Saletore. ""It looks like the big picture is that","{""do_sample"": true, ""temperature"": 1.0, ""top_p"": 0.95, ""top_k"": 50, ""repetition_penalty"": 1.0, ""max_new_tokens"": 128}"
kgw,4.0,1,1295,61,61,"Are stoners now a target advertising demographic for fast food companies? Ever since Harold and Kumar went to White Castle, ","Are stoners now a target advertising demographic for fast food companies? Ever since Harold and Kumar went to White Castle, 20-something-year-olds with questionable hygiene have been synonymous with the concept of ""hungry after a long night."" Fast food chains, it seems, are capitalizing on this stigma.
At least three fast-food brands — Pizza Hut, Taco Bell, and Sonic — are now targeting stoners with specialized menus and advertising campaigns. They are counting on your munchie-filled good (and not-so-good) decisions.
Here's how they're cashing in on your high:
Pizza Hut:
1. Their new campaign, ""Stoner Tuesday,"" offers discounted pizzas and free wings with a promo code. We're not sure who came up with","20-something-year-olds with questionable hygiene have been synonymous with the concept of ""hungry after a long night."" Fast food chains, it seems, are capitalizing on this stigma.
At least three fast-food brands — Pizza Hut, Taco Bell, and Sonic — are now targeting stoners with specialized menus and advertising campaigns. They are counting on your munchie-filled good (and not-so-good) decisions.
Here's how they're cashing in on your high:
Pizza Hut:
1. Their new campaign, ""Stoner Tuesday,"" offers discounted pizzas and free wings with a promo code. We're not sure who came up with","{""do_sample"": true, ""temperature"": 1.0, ""top_p"": 0.95, ""top_k"": 50, ""repetition_penalty"": 1.0, ""max_new_tokens"": 128}"
kgw,4.0,1,1297,63,63,"Due to Hurricane Irene, parts of New Jersey were declared a federal disaster area this week. Federal funding is available ","Due to Hurricane Irene, parts of New Jersey were declared a federal disaster area this week. Federal funding is available  to help residents, businesses and communities affected  by  the hurricane. (Photo courtesy of the National Weather Service)
Due to Hurricane Irene, parts of New Jersey were declared a federal disaster area this week. Federal funding is available  to help residents, businesses and communities affected  by  the hurricane. (Photo courtesy of the National Weather Service)
TRENTON, N.J. (AP) — President Barack Obama has designated several counties in New Jersey as major disaster areas following the damage caused by Hurricane Irene.
The designation was made Friday by the Federal Emergency Management Agency. It will make federal funding available for individual assistance and hazard mitigation,"," to help residents, businesses and communities affected  by  the hurricane. (Photo courtesy of the National Weather Service)
Due to Hurricane Irene, parts of New Jersey were declared a federal disaster area this week. Federal funding is available  to help residents, businesses and communities affected  by  the hurricane. (Photo courtesy of the National Weather Service)
TRENTON, N.J. (AP) — President Barack Obama has designated several counties in New Jersey as major disaster areas following the damage caused by Hurricane Irene.
The designation was made Friday by the Federal Emergency Management Agency. It will make federal funding available for individual assistance and hazard mitigation,","{""do_sample"": true, ""temperature"": 1.0, ""top_p"": 0.95, ""top_k"": 50, ""repetition_penalty"": 1.0, ""max_new_tokens"": 128}"
kgw,4.0,1,1299,65,65,"As many British visitors to France have learnt to their dismay, if you ask a local, “Parlez-vous anglais?”, the answer ","As many British visitors to France have learnt to their dismay, if you ask a local, “Parlez-vous anglais?”, the answer 75% of the time is: “Oui, un peu”. Which roughly translates to “Yes, not really” or “Yes, a bit”… i.e. not enough to have a meaningful conversation!
This is where Google Translate comes to our rescue. While not perfect, it can help us to communicate with non-English speaking locals, especially when we venture outside of tourist areas. So, for the sake of convenience, let me show you how Google Translate can be a useful tool in your pocket.

### How Google Translate works

Google Translate is a free mobile app (for iOS and Android) and a web application that can","75% of the time is: “Oui, un peu”. Which roughly translates to “Yes, not really” or “Yes, a bit”… i.e. not enough to have a meaningful conversation!
This is where Google Translate comes to our rescue. While not perfect, it can help us to communicate with non-English speaking locals, especially when we venture outside of tourist areas. So, for the sake of convenience, let me show you how Google Translate can be a useful tool in your pocket.

### How Google Translate works

Google Translate is a free mobile app (for iOS and Android) and a web application that can","{""do_sample"": true, ""temperature"": 1.0, ""top_p"": 0.95, ""top_k"": 50, ""repetition_penalty"": 1.0, ""max_new_tokens"": 128}"
kgw,4.0,1,1301,67,67,"For professors, publishing in elite journals is an unavoidable part of university life. The grueling process of subjecting work to ","For professors, publishing in elite journals is an unavoidable part of university life. The grueling process of subjecting work to 3-7 levels of scrutiny, rewriting, resubmitting, and dealing with the inevitable rejections may seem like the best way to demonstrate one's academic prowess. But what is the actual benefit of publishing in these prestige journals, and is there an alternative way to achieve recognition in one's field? The author of an influential recent study on the matter, which analyzed data of the publishing habits of over 10,000 professors in the fields of economics, business, and law, discusses its findings. Prof. Xin (Ivy) Shi of the Kellogg School of Management joins the show to shed light on her research, and the","3-7 levels of scrutiny, rewriting, resubmitting, and dealing with the inevitable rejections may seem like the best way to demonstrate one's academic prowess. But what is the actual benefit of publishing in these prestige journals, and is there an alternative way to achieve recognition in one's field? The author of an influential recent study on the matter, which analyzed data of the publishing habits of over 10,000 professors in the fields of economics, business, and law, discusses its findings. Prof. Xin (Ivy) Shi of the Kellogg School of Management joins the show to shed light on her research, and the","{""do_sample"": true, ""temperature"": 1.0, ""top_p"": 0.95, ""top_k"": 50, ""repetition_penalty"": 1.0, ""max_new_tokens"": 128}"
kgw,4.0,1,1303,69,69,"After rebranding from beverages to a blockchain company, Long Blockchain says it is refocusing yet again and launching operations related ","After rebranding from beverages to a blockchain company, Long Blockchain says it is refocusing yet again and launching operations related 3D printing technology and artificial intelligence.
That's a lot of pivots for a company that once touted itself as a pioneer in the CBD tea industry.
The company, which had previously changed its name from Long Island Iced Tea Corporation to Long Blockchain Corporation in 2017, announced its plan to shift gears again in a filing with the Securities and Exchange Commission (SEC) Wednesday.
Under its new direction, the company plans to pursue various applications of 3D printing technology and artificial intelligence. This includes researching and developing applications of these technologies across a range of industries, from healthcare and manufacturing to aerospace and education.
To achieve these goals,","3D printing technology and artificial intelligence.
That's a lot of pivots for a company that once touted itself as a pioneer in the CBD tea industry.
The company, which had previously changed its name from Long Island Iced Tea Corporation to Long Blockchain Corporation in 2017, announced its plan to shift gears again in a filing with the Securities and Exchange Commission (SEC) Wednesday.
Under its new direction, the company plans to pursue various applications of 3D printing technology and artificial intelligence. This includes researching and developing applications of these technologies across a range of industries, from healthcare and manufacturing to aerospace and education.
To achieve these goals,","{""do_sample"": true, ""temperature"": 1.0, ""top_p"": 0.95, ""top_k"": 50, ""repetition_penalty"": 1.0, ""max_new_tokens"": 128}"
kgw,4.0,1,1305,71,71,"Noel Gallo, an organ builder who designed a new organ at Xewkija parish church and Paolo Oreni, an international organist ","Noel Gallo, an organ builder who designed a new organ at Xewkija parish church and Paolo Oreni, an international organist  Photo by Vincent Grech
Noel Gallo, an organ builder, and Paolo Oreni, an international organist
Noel Gallo, a renowned organ builder from Austria, and Paolo Oreni, a talented organist from Italy, paid a visit to the Xewkija parish church in Gozo, Malta, recently.
They came to inspect the new organ that Noel Gallo had designed and built, in an effort to enhance the church’s liturgical celebrations. Paolo Oreni, who is an expert in organ music, was invited to give a recital to launch the new organ.
The visit took place"," Photo by Vincent Grech
Noel Gallo, an organ builder, and Paolo Oreni, an international organist
Noel Gallo, a renowned organ builder from Austria, and Paolo Oreni, a talented organist from Italy, paid a visit to the Xewkija parish church in Gozo, Malta, recently.
They came to inspect the new organ that Noel Gallo had designed and built, in an effort to enhance the church’s liturgical celebrations. Paolo Oreni, who is an expert in organ music, was invited to give a recital to launch the new organ.
The visit took place","{""do_sample"": true, ""temperature"": 1.0, ""top_p"": 0.95, ""top_k"": 50, ""repetition_penalty"": 1.0, ""max_new_tokens"": 128}"
kgw,4.0,1,1307,73,73,"Meet Google's Robot Army. It's Growing. Google can't stop buying robotics companies. In the past two months, eight of the ","Meet Google's Robot Army. It's Growing. Google can't stop buying robotics companies. In the past two months, eight of the 11 companies it has acquired have gone public. The dealmaking binge has left many in the industry asking: What is Google after, and how will it reshape the world of artificial intelligence (AI)? Answering those questions is a robot by the name of Sophia. This humanoid robot, created by Hong Kong-based company Hanson Robotics, made her debut at a Google event in San Francisco on Tuesday. Sophia has a face made from more than 60 different types of silicone parts; she can recognize her ""mother,"" Chen Chen, who created her; and she can even show emotions by moving her facial muscles. Sophia is just the first taste of the","11 companies it has acquired have gone public. The dealmaking binge has left many in the industry asking: What is Google after, and how will it reshape the world of artificial intelligence (AI)? Answering those questions is a robot by the name of Sophia. This humanoid robot, created by Hong Kong-based company Hanson Robotics, made her debut at a Google event in San Francisco on Tuesday. Sophia has a face made from more than 60 different types of silicone parts; she can recognize her ""mother,"" Chen Chen, who created her; and she can even show emotions by moving her facial muscles. Sophia is just the first taste of the","{""do_sample"": true, ""temperature"": 1.0, ""top_p"": 0.95, ""top_k"": 50, ""repetition_penalty"": 1.0, ""max_new_tokens"": 128}"
kgw,4.0,1,1309,75,75,"Michael Schumacher - a seven-time Formula One world champion is ""not bedridden or living on tubes"", it has been reported ","Michael Schumacher - a seven-time Formula One world champion is ""not bedridden or living on tubes"", it has been reported 12 months since a skiing accident, the Ferrari legend is continuing rehabilitation at home.
According to an official statement, Michael Schumacher is not responding to verbal commands and cannot conduct simple routines such as brushing teeth or taking a shower independently. But the statement has also clarified that Schumacher's condition has improved since his initial diagnosis.
The official statement from Jean Todt's office read ""Michael has not made a lot of progress, but what has been achieved is not to be expected in a person with an injury of the kind that he had.""
The seven-time Formula One champion has been recovering at his home in Geneva, Switzerland, since the","12 months since a skiing accident, the Ferrari legend is continuing rehabilitation at home.
According to an official statement, Michael Schumacher is not responding to verbal commands and cannot conduct simple routines such as brushing teeth or taking a shower independently. But the statement has also clarified that Schumacher's condition has improved since his initial diagnosis.
The official statement from Jean Todt's office read ""Michael has not made a lot of progress, but what has been achieved is not to be expected in a person with an injury of the kind that he had.""
The seven-time Formula One champion has been recovering at his home in Geneva, Switzerland, since the","{""do_sample"": true, ""temperature"": 1.0, ""top_p"": 0.95, ""top_k"": 50, ""repetition_penalty"": 1.0, ""max_new_tokens"": 128}"
kgw,4.0,1,1311,77,77,"On April 4, 1975, Bill Gates and Paul Allen founded Microsoft. The small firm used to develop and sell BASIC ","On April 4, 1975, Bill Gates and Paul Allen founded Microsoft. The small firm used to develop and sell BASIC  interpreter, an interpreter that could run on the first commercial personal computer, Apple I. The development effort for the BASIC programming language led to the formation of Microsoft and Gates' relationship with the first microprocessor maker.
The early days were crucial, where the Gates- Allen duo, both from Lakeside High School, Seattle, initially began the venture as Micro-Soft, an abbreviation of microcomputers and software.
Gates, the youngest in the family, took over his older siblings' home, where his fellow schoolmate, Allen, would often visit. They spent countless hours learning to code, utilizing the Altair 8800, a"," interpreter, an interpreter that could run on the first commercial personal computer, Apple I. The development effort for the BASIC programming language led to the formation of Microsoft and Gates' relationship with the first microprocessor maker.
The early days were crucial, where the Gates- Allen duo, both from Lakeside High School, Seattle, initially began the venture as Micro-Soft, an abbreviation of microcomputers and software.
Gates, the youngest in the family, took over his older siblings' home, where his fellow schoolmate, Allen, would often visit. They spent countless hours learning to code, utilizing the Altair 8800, a","{""do_sample"": true, ""temperature"": 1.0, ""top_p"": 0.95, ""top_k"": 50, ""repetition_penalty"": 1.0, ""max_new_tokens"": 128}"
kgw,4.0,1,1313,79,79,John Beilein and the Michigan Wolverines are one win away from a national title. On Saturday the Wolverines knocked off ,"John Beilein and the Michigan Wolverines are one win away from a national title. On Saturday the Wolverines knocked off 9-seed Florida 49-47 in the Elite Eight to advance to their first Final Four since 1993. Beilein, who is known for his tough defensive teams, had to adapt to Florida's quick tempo to get the win.
""I'm so proud of these guys, you know. They did a tremendous job of fighting back and making big plays. We wanted to make it hard for them to get easy baskets, especially in the paint. We did a lot of good things defensively and we got a lot of tough rebounds. I think we were plus-five or plus-six on the glass and that was big,"" Beile","9-seed Florida 49-47 in the Elite Eight to advance to their first Final Four since 1993. Beilein, who is known for his tough defensive teams, had to adapt to Florida's quick tempo to get the win.
""I'm so proud of these guys, you know. They did a tremendous job of fighting back and making big plays. We wanted to make it hard for them to get easy baskets, especially in the paint. We did a lot of good things defensively and we got a lot of tough rebounds. I think we were plus-five or plus-six on the glass and that was big,"" Beile","{""do_sample"": true, ""temperature"": 1.0, ""top_p"": 0.95, ""top_k"": 50, ""repetition_penalty"": 1.0, ""max_new_tokens"": 128}"
kgw,4.0,1,1315,81,81,Two Democratic state representatives from South Florida said Thursday that they've gathered with 33 colleagues to file paperwork with the ,"Two Democratic state representatives from South Florida said Thursday that they've gathered with 33 colleagues to file paperwork with the 25th congressional district Democratic Party executive committee in advance of next year's election, setting the stage for potential redistricting challenges.
Rep. Ana Maria Rodriguez, D-Miami, and Rep. Dotie Joseph, D-North Miami Beach, announced their intent to run for the newly redrawn 25th Congressional District during a press conference Thursday morning.
If successful in the primary, they'll face off against incumbent U.S. Rep. Debbie Wasserman Schultz, a Democrat from Davie who has represented the area in Congress since 2005.
Thursday's move comes amid ongoing disputes over the redistricting process and a possibility of court","25th congressional district Democratic Party executive committee in advance of next year's election, setting the stage for potential redistricting challenges.
Rep. Ana Maria Rodriguez, D-Miami, and Rep. Dotie Joseph, D-North Miami Beach, announced their intent to run for the newly redrawn 25th Congressional District during a press conference Thursday morning.
If successful in the primary, they'll face off against incumbent U.S. Rep. Debbie Wasserman Schultz, a Democrat from Davie who has represented the area in Congress since 2005.
Thursday's move comes amid ongoing disputes over the redistricting process and a possibility of court","{""do_sample"": true, ""temperature"": 1.0, ""top_p"": 0.95, ""top_k"": 50, ""repetition_penalty"": 1.0, ""max_new_tokens"": 128}"
kgw,4.0,1,1317,83,83,"Hospitals are seeking ways to reduce readmissions, due to new penalties from Medicare. Demand for qualified professionals in the health ","Hospitals are seeking ways to reduce readmissions, due to new penalties from Medicare. Demand for qualified professionals in the health  care industry has increased, as the Affordable Care Act (ACA) and the shift to value-based  payment models has created a need for better population health  management and patient-centered care. With the aging of the  population and the increasing prevalence of chronic diseases,  there is a growing need for health care professionals who can  effectively address the needs of diverse patient populations. As  the population grows and becomes more diverse, the demand for qualified health care workers continues to rise. Here's a list of some of the  in-demand healthcare careers that can help"," care industry has increased, as the Affordable Care Act (ACA) and the shift to value-based  payment models has created a need for better population health  management and patient-centered care. With the aging of the  population and the increasing prevalence of chronic diseases,  there is a growing need for health care professionals who can  effectively address the needs of diverse patient populations. As  the population grows and becomes more diverse, the demand for qualified health care workers continues to rise. Here's a list of some of the  in-demand healthcare careers that can help","{""do_sample"": true, ""temperature"": 1.0, ""top_p"": 0.95, ""top_k"": 50, ""repetition_penalty"": 1.0, ""max_new_tokens"": 128}"
kgw,4.0,1,1319,85,85,"OK!'s NYC Fashion Week Blog: Gwen Stefani's L.A.M.B. Can’t make it to NYC for Fashion Week? Don’t worry, OK!’s got ","OK!'s NYC Fashion Week Blog: Gwen Stefani's L.A.M.B. Can’t make it to NYC for Fashion Week? Don’t worry, OK!’s got 411! We’re bringing you...
OK!'s NYC Fashion Week Blog: Anne Hathaway's Dior Anne Hathaway's Dior gown got everyone talking on Saturday night, and OK! is bringing the fashion...
OK!'s NYC Fashion Week Blog: Olivia Palermo's Stuart Weitzman Stuart Weitzman and Olivia Palermo made a stunning team on Sunday! The model was spotted walking the...
OK!'s NYC Fashion Week Blog: Mary-Kate Olsen's Alaia Alaia is the go-to brand for the Olsen sisters, and their mom, and it seems designer Azzedine...
OK!'s NYC Fashion Week Blog","411! We’re bringing you...
OK!'s NYC Fashion Week Blog: Anne Hathaway's Dior Anne Hathaway's Dior gown got everyone talking on Saturday night, and OK! is bringing the fashion...
OK!'s NYC Fashion Week Blog: Olivia Palermo's Stuart Weitzman Stuart Weitzman and Olivia Palermo made a stunning team on Sunday! The model was spotted walking the...
OK!'s NYC Fashion Week Blog: Mary-Kate Olsen's Alaia Alaia is the go-to brand for the Olsen sisters, and their mom, and it seems designer Azzedine...
OK!'s NYC Fashion Week Blog","{""do_sample"": true, ""temperature"": 1.0, ""top_p"": 0.95, ""top_k"": 50, ""repetition_penalty"": 1.0, ""max_new_tokens"": 128}"
kgw,4.0,1,1321,87,87,"FILE - Guinea security forces, center, face people rioting and burning rubbish and other goods in the streets of Conakry, ","FILE - Guinea security forces, center, face people rioting and burning rubbish and other goods in the streets of Conakry, 24 Oct. 2020. A proposed change to Guinea's constitution could pave the way for military ruler Mamady Doumbouya to extend his rule.
A proposed amendment to Guinea's constitution, which is likely to pass due to the country's military-backed government, is raising concerns among politicians, civil society groups and some African leaders.
The amendment aims to extend the presidency from a single seven-year term to a maximum of two terms, effectively allowing military ruler Mamady Doumbouya to stay in power for 10 years instead of the current five.
If passed, Doumbouya, who has been ruling the West African nation","24 Oct. 2020. A proposed change to Guinea's constitution could pave the way for military ruler Mamady Doumbouya to extend his rule.
A proposed amendment to Guinea's constitution, which is likely to pass due to the country's military-backed government, is raising concerns among politicians, civil society groups and some African leaders.
The amendment aims to extend the presidency from a single seven-year term to a maximum of two terms, effectively allowing military ruler Mamady Doumbouya to stay in power for 10 years instead of the current five.
If passed, Doumbouya, who has been ruling the West African nation","{""do_sample"": true, ""temperature"": 1.0, ""top_p"": 0.95, ""top_k"": 50, ""repetition_penalty"": 1.0, ""max_new_tokens"": 128}"
kgw,4.0,1,1323,89,89,Sunday's college basketball roundup: No. 8 N.C. State women stay unbeaten with rout at U.Va. Do conference hoops tournaments hinder ,"Sunday's college basketball roundup: No. 8 N.C. State women stay unbeaten with rout at U.Va. Do conference hoops tournaments hinder 2-3 zone defense?
Tuesday's local interest college basketball recaps:
No. 8 N.C. State 82, Virginia 44
The Wolfpack improved to 12-0 with a dominating performance at John Paul Jones Arena. N.C. State led 37-18 at halftime and outscored Virginia 45-26 in the second half. Elisa Penna scored 14 points, and Jakayla Zenon added 12 for N.C. State. Brennan McGrade had 12 points for Virginia (3-9).
No. 24 DePaul 87, St. John's 81 (OT","2-3 zone defense?
Tuesday's local interest college basketball recaps:
No. 8 N.C. State 82, Virginia 44
The Wolfpack improved to 12-0 with a dominating performance at John Paul Jones Arena. N.C. State led 37-18 at halftime and outscored Virginia 45-26 in the second half. Elisa Penna scored 14 points, and Jakayla Zenon added 12 for N.C. State. Brennan McGrade had 12 points for Virginia (3-9).
No. 24 DePaul 87, St. John's 81 (OT","{""do_sample"": true, ""temperature"": 1.0, ""top_p"": 0.95, ""top_k"": 50, ""repetition_penalty"": 1.0, ""max_new_tokens"": 128}"
kgw,4.0,1,1325,91,91,“All the gold names have been pretty much getting hammered both on the credit side and the equity side for ,"“All the gold names have been pretty much getting hammered both on the credit side and the equity side for 5, 6 years,”
Here are some quotes on the topic from market experts:

1. “All the gold names have been pretty much getting hammered both on the credit side and the equity side for 5, 6 years,”
Source: Citigroup Inc. analyst Edward Jones.
Context: Edward Jones highlighted that gold miners have been facing a tough market for several years, which has led to a sell-off. The analyst added that the recent gold rally has been quite strong, but the miners have not kept pace due to production challenges and other issues.

2. “The gold miners have been held back by a number of factors","5, 6 years,”
Here are some quotes on the topic from market experts:

1. “All the gold names have been pretty much getting hammered both on the credit side and the equity side for 5, 6 years,”
Source: Citigroup Inc. analyst Edward Jones.
Context: Edward Jones highlighted that gold miners have been facing a tough market for several years, which has led to a sell-off. The analyst added that the recent gold rally has been quite strong, but the miners have not kept pace due to production challenges and other issues.

2. “The gold miners have been held back by a number of factors","{""do_sample"": true, ""temperature"": 1.0, ""top_p"": 0.95, ""top_k"": 50, ""repetition_penalty"": 1.0, ""max_new_tokens"": 128}"
kgw,4.0,1,1327,93,93,"Customers line up to purchase lottery tickets, Monday, Oct. 22, 2018, at La Preferida Superdiscount store in Hialeah, Fla. For ","Customers line up to purchase lottery tickets, Monday, Oct. 22, 2018, at La Preferida Superdiscount store in Hialeah, Fla. For 13 days, some lucky numbers in Florida have become the biggest jackpot winners in Powerball's history. (AP Photo/Alan Diaz)
The latest Mega Millions and Powerball drawings took place on Tuesday, October 23, and while there was no jackpot winner in either drawing, some lucky tick...
The Mega Millions drawing took place on Tuesday, October 23, at 11:00 PM ET, and no player matched the six numbers drawn to win the $667 million jackpot.
The winning Mega Millions numbers were:
Main Numbers: 5-15-28-32-35
 Mega Ball: 11
The prize for matching the","13 days, some lucky numbers in Florida have become the biggest jackpot winners in Powerball's history. (AP Photo/Alan Diaz)
The latest Mega Millions and Powerball drawings took place on Tuesday, October 23, and while there was no jackpot winner in either drawing, some lucky tick...
The Mega Millions drawing took place on Tuesday, October 23, at 11:00 PM ET, and no player matched the six numbers drawn to win the $667 million jackpot.
The winning Mega Millions numbers were:
Main Numbers: 5-15-28-32-35
 Mega Ball: 11
The prize for matching the","{""do_sample"": true, ""temperature"": 1.0, ""top_p"": 0.95, ""top_k"": 50, ""repetition_penalty"": 1.0, ""max_new_tokens"": 128}"
kgw,4.0,1,1329,95,95,There're no feet like happy feet and these Rechargeable Heated Slippers will ensure your feet are always happy. Just slip ,"There're no feet like happy feet and these Rechargeable Heated Slippers will ensure your feet are always happy. Just slip 1.5 hours at a time into a warm bath of soothing warmth, recharge and repeat as needed (max. 10 hours).
The soft, plush interior with extra padding and a grippy outsole provide ultimate comfort and support. Perfect for cold, hard office floors, chilly winter nights or anytime your feet could use a warm hug.
BUT WAIT, there's more! These adorable heated slippers have a rechargeable battery that lasts for hours, adjustable heat control, anti-scald protection and extra-large sizes for maximum comfort. Treat your feet to the blissful warmth and happiness they deserve. Order your pair now!
I purchased these","1.5 hours at a time into a warm bath of soothing warmth, recharge and repeat as needed (max. 10 hours).
The soft, plush interior with extra padding and a grippy outsole provide ultimate comfort and support. Perfect for cold, hard office floors, chilly winter nights or anytime your feet could use a warm hug.
BUT WAIT, there's more! These adorable heated slippers have a rechargeable battery that lasts for hours, adjustable heat control, anti-scald protection and extra-large sizes for maximum comfort. Treat your feet to the blissful warmth and happiness they deserve. Order your pair now!
I purchased these","{""do_sample"": true, ""temperature"": 1.0, ""top_p"": 0.95, ""top_k"": 50, ""repetition_penalty"": 1.0, ""max_new_tokens"": 128}"
kgw,4.0,1,1331,97,97,"When Katherine Gotovsky sees a problem, her response is immediate. The gears in her 17-year-old mind start working away, determined ","When Katherine Gotovsky sees a problem, her response is immediate. The gears in her 17-year-old mind start working away, determined 24-hour-a-day to come up with innovative solutions. Her parents describe it as her ""constant motion,"" as if her mind is always whirring and ticking along, seeking out a challenge to overcome.
Gotovsky, a rising junior at the Bronx's Bronx High School of Science, has been hooked on problem-solving for as long as she can remember. In elementary school, she'd use her recess time to build Rube Goldberg contraptions in the playgrounds. As she grew older, she began to tackle more complex projects – like developing a low-cost, DIY device to monitor water quality in her local community's drinking fountains.
","24-hour-a-day to come up with innovative solutions. Her parents describe it as her ""constant motion,"" as if her mind is always whirring and ticking along, seeking out a challenge to overcome.
Gotovsky, a rising junior at the Bronx's Bronx High School of Science, has been hooked on problem-solving for as long as she can remember. In elementary school, she'd use her recess time to build Rube Goldberg contraptions in the playgrounds. As she grew older, she began to tackle more complex projects – like developing a low-cost, DIY device to monitor water quality in her local community's drinking fountains.
","{""do_sample"": true, ""temperature"": 1.0, ""top_p"": 0.95, ""top_k"": 50, ""repetition_penalty"": 1.0, ""max_new_tokens"": 128}"
kgw,4.0,1,1333,99,99,"A rocket attack by ISIS militants in northern Syria caused symptoms of “chemical gas” in 22 Syrian rebels, state media ","A rocket attack by ISIS militants in northern Syria caused symptoms of “chemical gas” in 22 Syrian rebels, state media  ...
The world was on high alert yesterday after a rocket attack in Syria's north left 22 rebels suffering symptoms resembling those caused by...
Rebels in Syria were exposed to a mysterious gas yesterday, following a rocket attack by Islamic State (IS) militants on their positions in northern Aleppo.
The attack, which came as a surprise to the Syrian government and foreign backers, left the rebels and civilians suffering from symptoms...
In Northern Syria, a Rocket Attack By ISIS Left 22 Rebels with Gas Symptoms, including difficulty breathing and numbness, said...
A rocket attack by ISIS on northern Syria, left 22 rebels with symptoms resembling those of"," ...
The world was on high alert yesterday after a rocket attack in Syria's north left 22 rebels suffering symptoms resembling those caused by...
Rebels in Syria were exposed to a mysterious gas yesterday, following a rocket attack by Islamic State (IS) militants on their positions in northern Aleppo.
The attack, which came as a surprise to the Syrian government and foreign backers, left the rebels and civilians suffering from symptoms...
In Northern Syria, a Rocket Attack By ISIS Left 22 Rebels with Gas Symptoms, including difficulty breathing and numbness, said...
A rocket attack by ISIS on northern Syria, left 22 rebels with symptoms resembling those of","{""do_sample"": true, ""temperature"": 1.0, ""top_p"": 0.95, ""top_k"": 50, ""repetition_penalty"": 1.0, ""max_new_tokens"": 128}"
kgw,4.0,1,1335,101,101,And yet the Cardinals are in position to complete a three-game sweep of the Cubs on Sunday night after erasing ,"And yet the Cardinals are in position to complete a three-game sweep of the Cubs on Sunday night after erasing 3-0 deficit in the eighth inning of Game 2. They scored eight runs in the eighth inning and won 9-6, courtesy of Paul Goldschmidt's go-ahead three-run homer off Hector Rondon.
The Cubs are just hoping they can survive this series and avoid a sweep behind a strong performance by Kyle Hendricks in Game 3. Hendricks was 3-1 in four postseason starts a year ago, and he's been one of the most consistent starters in the Cubs' rotation all season.
The Cubs will need someone to step up on the mound in place of Jon Lester, who left Game 2 after","3-0 deficit in the eighth inning of Game 2. They scored eight runs in the eighth inning and won 9-6, courtesy of Paul Goldschmidt's go-ahead three-run homer off Hector Rondon.
The Cubs are just hoping they can survive this series and avoid a sweep behind a strong performance by Kyle Hendricks in Game 3. Hendricks was 3-1 in four postseason starts a year ago, and he's been one of the most consistent starters in the Cubs' rotation all season.
The Cubs will need someone to step up on the mound in place of Jon Lester, who left Game 2 after","{""do_sample"": true, ""temperature"": 1.0, ""top_p"": 0.95, ""top_k"": 50, ""repetition_penalty"": 1.0, ""max_new_tokens"": 128}"
kgw,4.0,1,1337,103,103,LUCERNE VALLEY — A motorist on Thursday morning found the body of a bicyclist who had been struck by a ,"LUCERNE VALLEY — A motorist on Thursday morning found the body of a bicyclist who had been struck by a 53-year-old truck in Lucerne Valley, according to authorities.
The crash was reported about 9:30 a.m. on Highway 18, about 2.5 miles east of the town of Lucerne Valley, said California Highway Patrol Officer Monica Posada.
The driver, whose name was not released, was traveling east on Highway 18 in the 2020 GMC Sierra truck when the collision occurred, Posada said.
The bicycle rider, whose name was also not released pending notification of the next of kin, was pronounced dead at the scene.
CHP officers, San Bernardino County firefighters and San Bernardino County Coroner's Office","53-year-old truck in Lucerne Valley, according to authorities.
The crash was reported about 9:30 a.m. on Highway 18, about 2.5 miles east of the town of Lucerne Valley, said California Highway Patrol Officer Monica Posada.
The driver, whose name was not released, was traveling east on Highway 18 in the 2020 GMC Sierra truck when the collision occurred, Posada said.
The bicycle rider, whose name was also not released pending notification of the next of kin, was pronounced dead at the scene.
CHP officers, San Bernardino County firefighters and San Bernardino County Coroner's Office","{""do_sample"": true, ""temperature"": 1.0, ""top_p"": 0.95, ""top_k"": 50, ""repetition_penalty"": 1.0, ""max_new_tokens"": 128}"
kgw,4.0,1,1339,105,105,"TOPEKA, Kan. (WIBW) -- With a snowstorm (and possible blizzard) moving, many of us will spend Sunday indoors. And, while ","TOPEKA, Kan. (WIBW) -- With a snowstorm (and possible blizzard) moving, many of us will spend Sunday indoors. And, while 13 News meteorologists will continue to watch that storm, I’ll take a few moments to talk about some of the most significant snowstorms in K-12 state history. So, grab a warm cup of coffee and let me take you back in time!

1. The Topeka Snow (1901): January 11, 1901 – That winter had seen plenty of snow before, but this was a behemoth! 15 inches! Yes! 15 inches of snow, yes, INCHes, fell in 12 hours! Folks were stuck indoors and transportation came to a halt. Talk about a winter adventure...","13 News meteorologists will continue to watch that storm, I’ll take a few moments to talk about some of the most significant snowstorms in K-12 state history. So, grab a warm cup of coffee and let me take you back in time!

1. The Topeka Snow (1901): January 11, 1901 – That winter had seen plenty of snow before, but this was a behemoth! 15 inches! Yes! 15 inches of snow, yes, INCHes, fell in 12 hours! Folks were stuck indoors and transportation came to a halt. Talk about a winter adventure...","{""do_sample"": true, ""temperature"": 1.0, ""top_p"": 0.95, ""top_k"": 50, ""repetition_penalty"": 1.0, ""max_new_tokens"": 128}"
kgw,4.0,1,1341,107,107,"Rockland — Maine-based nonprofit WindowDressers coordinates community volunteers to build affordable, re-usable, interior insulating window inserts that tighten up existing ","Rockland — Maine-based nonprofit WindowDressers coordinates community volunteers to build affordable, re-usable, interior insulating window inserts that tighten up existing 1-by-4 foot single-pane vinyl windows. This project is beneficial for low-income residents, helping reduce heat loss and save energy.
Volunteers from the region can get involved by signing up for a window-building workshop or donating supplies. They'll learn the simple steps to build the window inserts using recycled materials.
For WindowDressers, sustainability is a key goal. The recycled plastic inserts keep existing windows from ending up in landfills, reducing waste and preserving resources. With over 700,000 low-income households in Maine alone, this program addresses the most vulnerable populations.
To learn more, visit [www.windowdressers.org](http","1-by-4 foot single-pane vinyl windows. This project is beneficial for low-income residents, helping reduce heat loss and save energy.
Volunteers from the region can get involved by signing up for a window-building workshop or donating supplies. They'll learn the simple steps to build the window inserts using recycled materials.
For WindowDressers, sustainability is a key goal. The recycled plastic inserts keep existing windows from ending up in landfills, reducing waste and preserving resources. With over 700,000 low-income households in Maine alone, this program addresses the most vulnerable populations.
To learn more, visit [www.windowdressers.org](http","{""do_sample"": true, ""temperature"": 1.0, ""top_p"": 0.95, ""top_k"": 50, ""repetition_penalty"": 1.0, ""max_new_tokens"": 128}"
kgw,4.0,1,1343,109,109,"The Volstead Act was repealed on this date in 1933, returning control of alcohol to the states, and it was ","The Volstead Act was repealed on this date in 1933, returning control of alcohol to the states, and it was 15 months before Prohibition would be officially repealed on December 5, 1933. Prohibition was the 18th Amendment to the US Constitution, and it had been adopted on January 16, 1919 with the goal of “to prohibit the manufacture, sale, and transportation of intoxicating liquors within, the importation thereof into, or the exportation thereof from the United States and all territory subject to the jurisdiction thereof.
The Volstead Act, which enforced Prohibition, was signed into law by President Herbert Hoover on October 28, 1919. The law defined intoxicating liquors as those that contained over","15 months before Prohibition would be officially repealed on December 5, 1933. Prohibition was the 18th Amendment to the US Constitution, and it had been adopted on January 16, 1919 with the goal of “to prohibit the manufacture, sale, and transportation of intoxicating liquors within, the importation thereof into, or the exportation thereof from the United States and all territory subject to the jurisdiction thereof.
The Volstead Act, which enforced Prohibition, was signed into law by President Herbert Hoover on October 28, 1919. The law defined intoxicating liquors as those that contained over","{""do_sample"": true, ""temperature"": 1.0, ""top_p"": 0.95, ""top_k"": 50, ""repetition_penalty"": 1.0, ""max_new_tokens"": 128}"
kgw,4.0,1,1345,111,111,"Ronny Deila blamed a rutted, ploughed Hampden pitch for his side's failure to inflict League Cup embarrassment upon Rangers. Denying ","Ronny Deila blamed a rutted, ploughed Hampden pitch for his side's failure to inflict League Cup embarrassment upon Rangers. Denying 10-man Thistle had been “parked bus”, the Celtic head coach felt his players were hindered by the underprepared surface in the 2-0 semi-final defeat.
The Easter Road manager, Mixu Paatelainen, admitted it was not ideal conditions, but that had no impact on the outcome. Thistle's resilience and Rangers' superior quality ultimately saw the visitors reach the final, where they will face the winner of tomorrow's other semi between Aberdeen and St Johnstone.
Deila conceded Celtic were not dominant enough and failed to create clear-cut chances. He bemoaned his team's inability to play their natural game on","10-man Thistle had been “parked bus”, the Celtic head coach felt his players were hindered by the underprepared surface in the 2-0 semi-final defeat.
The Easter Road manager, Mixu Paatelainen, admitted it was not ideal conditions, but that had no impact on the outcome. Thistle's resilience and Rangers' superior quality ultimately saw the visitors reach the final, where they will face the winner of tomorrow's other semi between Aberdeen and St Johnstone.
Deila conceded Celtic were not dominant enough and failed to create clear-cut chances. He bemoaned his team's inability to play their natural game on","{""do_sample"": true, ""temperature"": 1.0, ""top_p"": 0.95, ""top_k"": 50, ""repetition_penalty"": 1.0, ""max_new_tokens"": 128}"
kgw,4.0,1,1347,113,113,Why do CEOs need extravagant perks even when they are firing staff and pleading for taxpayer bailouts? It may just ,"Why do CEOs need extravagant perks even when they are firing staff and pleading for taxpayer bailouts? It may just  seem unfair that some CEOs are getting rich, while others are struggling to survive. But, let's put it in a different frame. Here's my rant...
Why are we surprised? In a system where profit and shareholder return are prioritized over people and social welfare, CEOs can be expected to fight tooth and nail for every dollar. Their job, after all, is to deliver value to their shareholders and their boards.
We should be more surprised that some CEOs have any sense of social responsibility or empathy. In fact, many would argue that a CEO who cares too much about their people is often seen as soft or weak. A"," seem unfair that some CEOs are getting rich, while others are struggling to survive. But, let's put it in a different frame. Here's my rant...
Why are we surprised? In a system where profit and shareholder return are prioritized over people and social welfare, CEOs can be expected to fight tooth and nail for every dollar. Their job, after all, is to deliver value to their shareholders and their boards.
We should be more surprised that some CEOs have any sense of social responsibility or empathy. In fact, many would argue that a CEO who cares too much about their people is often seen as soft or weak. A","{""do_sample"": true, ""temperature"": 1.0, ""top_p"": 0.95, ""top_k"": 50, ""repetition_penalty"": 1.0, ""max_new_tokens"": 128}"
kgw,4.0,1,1349,115,115,Northeastern International Airways suspended service on all but one of its routes after an unsuccessful attempt to attract passengers with ,"Northeastern International Airways suspended service on all but one of its routes after an unsuccessful attempt to attract passengers with 1960s-inspired branding and retro-themed plane decorations. The airline, based in Michigan, had been marketing its brand with nods to the era of flower power and peace signs, but it seems passengers just aren't biting.
The airline's CEO, John Hamilton, attributed the lack of interest to the ""current climate of low demand and intense competition"" in the industry, but admitted that the retro branding may have also played a factor. In a statement, he noted, ""While we thought our nostalgic branding and retro-themed aircraft would generate excitement and buzz, it didn't quite resonate with our target audience.""
The airline will continue to operate at least","1960s-inspired branding and retro-themed plane decorations. The airline, based in Michigan, had been marketing its brand with nods to the era of flower power and peace signs, but it seems passengers just aren't biting.
The airline's CEO, John Hamilton, attributed the lack of interest to the ""current climate of low demand and intense competition"" in the industry, but admitted that the retro branding may have also played a factor. In a statement, he noted, ""While we thought our nostalgic branding and retro-themed aircraft would generate excitement and buzz, it didn't quite resonate with our target audience.""
The airline will continue to operate at least","{""do_sample"": true, ""temperature"": 1.0, ""top_p"": 0.95, ""top_k"": 50, ""repetition_penalty"": 1.0, ""max_new_tokens"": 128}"
kgw,4.0,1,1351,117,117,"DAVIDSON, N.C., Jan. 10, 2019 /PRNewswire/ -- Rocus Networks, a managed cybersecurity service provider for business, announced today that it ","DAVIDSON, N.C., Jan. 10, 2019 /PRNewswire/ -- Rocus Networks, a managed cybersecurity service provider for business, announced today that it  has been recognized as one of North Carolina's fastest-growing private companies by the Charlotte Business Journal.
For 20 years, the Charlotte Business Journal's Fast 50 Awards have recognized the top companies in Charlotte and the surrounding areas that have achieved significant revenue growth over the previous year. The winners were honored at a dinner event held on December 6, 2018.
""This recognition is a testament to our talented team and our commitment to delivering exceptional managed cybersecurity services to our customers,"" said Chris Bredesen, founder and CEO of Rocus Networks. ""We are thrilled to join the ranks of this elite group of fast-growing companies, and we"," has been recognized as one of North Carolina's fastest-growing private companies by the Charlotte Business Journal.
For 20 years, the Charlotte Business Journal's Fast 50 Awards have recognized the top companies in Charlotte and the surrounding areas that have achieved significant revenue growth over the previous year. The winners were honored at a dinner event held on December 6, 2018.
""This recognition is a testament to our talented team and our commitment to delivering exceptional managed cybersecurity services to our customers,"" said Chris Bredesen, founder and CEO of Rocus Networks. ""We are thrilled to join the ranks of this elite group of fast-growing companies, and we","{""do_sample"": true, ""temperature"": 1.0, ""top_p"": 0.95, ""top_k"": 50, ""repetition_penalty"": 1.0, ""max_new_tokens"": 128}"
kgw,4.0,1,1353,119,119,McDonald’s jumped 5.3 percent after the world’s biggest fast-food chain by revenue topped analysts’ forecasts for profit and sales. Shares ,"McDonald’s jumped 5.3 percent after the world’s biggest fast-food chain by revenue topped analysts’ forecasts for profit and sales. Shares 4.2 percent higher at an all-time high. Goldman Sachs added the stock to its “conviction buy” list, citing strong growth and a promising business strategy.
McDonald's Corp. (MCD) climbed 5.3% in after-hours trading after reporting quarterly profits that beat estimates
The world's biggest fast-food chain by revenue delivered better-than-expected sales and profit results for the fourth quarter
The firm reported adjusted Q4 earnings per share of $1.72 per share vs $1.57 estimated by Wall Street
The shares have surged more than 15 percent in the past month
In addition, the","4.2 percent higher at an all-time high. Goldman Sachs added the stock to its “conviction buy” list, citing strong growth and a promising business strategy.
McDonald's Corp. (MCD) climbed 5.3% in after-hours trading after reporting quarterly profits that beat estimates
The world's biggest fast-food chain by revenue delivered better-than-expected sales and profit results for the fourth quarter
The firm reported adjusted Q4 earnings per share of $1.72 per share vs $1.57 estimated by Wall Street
The shares have surged more than 15 percent in the past month
In addition, the","{""do_sample"": true, ""temperature"": 1.0, ""top_p"": 0.95, ""top_k"": 50, ""repetition_penalty"": 1.0, ""max_new_tokens"": 128}"
kgw,4.0,1,1355,121,121,Hull - Where the US goes the UK often follows. This is especially true of negatives. If the US has ,"Hull - Where the US goes the UK often follows. This is especially true of negatives. If the US has 2 million vacant homes it's no surprise that the UK has 700,000 or so.
But while there are no doubt similarities it's foolish to assume there are no differences. The US has an estimated 1.2 million abandoned buildings, something we don't really have over here (yet?). Vacant housing can also be a byproduct of the private rental sector in the UK, with some 1.2 million second homes not being used as such.
And then there's gentrification. If a UK area gets a bit too popular the resulting rise in property prices and rents can lead to a surge in vacancies as long-term","2 million vacant homes it's no surprise that the UK has 700,000 or so.
But while there are no doubt similarities it's foolish to assume there are no differences. The US has an estimated 1.2 million abandoned buildings, something we don't really have over here (yet?). Vacant housing can also be a byproduct of the private rental sector in the UK, with some 1.2 million second homes not being used as such.
And then there's gentrification. If a UK area gets a bit too popular the resulting rise in property prices and rents can lead to a surge in vacancies as long-term","{""do_sample"": true, ""temperature"": 1.0, ""top_p"": 0.95, ""top_k"": 50, ""repetition_penalty"": 1.0, ""max_new_tokens"": 128}"
kgw,4.0,1,1357,123,123,"GRANT COUNTY, N.M. - ""Everywhere I go, the kids call me the book lady,"" Dolly Parton said. She may be ","GRANT COUNTY, N.M. - ""Everywhere I go, the kids call me the book lady,"" Dolly Parton said. She may be 71 years old, but her love for literacy still inspires her.
And it's exactly that passion for reading that led her to open Imagination Library, an organization in Grant County, New Mexico that provides free books to children's libraries.
Parton, a well-known singer, actress, and songwriter, started this organization in Tennessee, where she was born and raised. Over the years, the program has grown and now reaches children in all 50 states in the U.S., and even internationally.
The organization has a simple premise: every month, children receive a free book, selected especially for their age group. The goal is to foster a","71 years old, but her love for literacy still inspires her.
And it's exactly that passion for reading that led her to open Imagination Library, an organization in Grant County, New Mexico that provides free books to children's libraries.
Parton, a well-known singer, actress, and songwriter, started this organization in Tennessee, where she was born and raised. Over the years, the program has grown and now reaches children in all 50 states in the U.S., and even internationally.
The organization has a simple premise: every month, children receive a free book, selected especially for their age group. The goal is to foster a","{""do_sample"": true, ""temperature"": 1.0, ""top_p"": 0.95, ""top_k"": 50, ""repetition_penalty"": 1.0, ""max_new_tokens"": 128}"
kgw,4.0,1,1359,125,125,"While many restaurants in New York City have close relationships with farmers, and boast unimpeachable farm-to-table ethics, far fewer have ","While many restaurants in New York City have close relationships with farmers, and boast unimpeachable farm-to-table ethics, far fewer have 500 acres of organic farmland and a 20,000-acre sustainable meat program. But Carbone, the retro Italian restaurant in Greenwich Village, does, in fact, have all of that – at least partially. And it’s this unique combination that sets Carbone apart from other top-tier eateries.
On a recent lunch visit to Carbone, I spoke with Brian Young, the chef and culinary operations manager. Before joining the Carbone team in 2012, Young gained experience working with top chefs like Mario Battali and Marcus Samuelsson. Under the guidance of Carbone co-chef Mario Fortunato (son of Italian culinary","500 acres of organic farmland and a 20,000-acre sustainable meat program. But Carbone, the retro Italian restaurant in Greenwich Village, does, in fact, have all of that – at least partially. And it’s this unique combination that sets Carbone apart from other top-tier eateries.
On a recent lunch visit to Carbone, I spoke with Brian Young, the chef and culinary operations manager. Before joining the Carbone team in 2012, Young gained experience working with top chefs like Mario Battali and Marcus Samuelsson. Under the guidance of Carbone co-chef Mario Fortunato (son of Italian culinary","{""do_sample"": true, ""temperature"": 1.0, ""top_p"": 0.95, ""top_k"": 50, ""repetition_penalty"": 1.0, ""max_new_tokens"": 128}"
kgw,4.0,1,1361,127,127,T-Mobile has just rolled out a service called HotSpot @Homethat allows you to use a WiFi-enabled cell phone to make ,"T-Mobile has just rolled out a service called HotSpot @Homethat allows you to use a WiFi-enabled cell phone to make 3G internet connections at home. This new service is part of T-Mobile's aim to help customers save money by allowing them use a single, highly portable device for all of their internet and voice needs.
The HotSpot @Home service is compatible with any T-Mobile smartphone that has WiFi capabilities. Customers can use the service to make voice calls, check email, access online content, and do pretty much anything else they can do on the internet.
Here's the best part: with HotSpot @Home, customers can use their smartphones for internet-only devices at home for no extra charge, saving money compared to traditional internet service providers. T-Mobile","3G internet connections at home. This new service is part of T-Mobile's aim to help customers save money by allowing them use a single, highly portable device for all of their internet and voice needs.
The HotSpot @Home service is compatible with any T-Mobile smartphone that has WiFi capabilities. Customers can use the service to make voice calls, check email, access online content, and do pretty much anything else they can do on the internet.
Here's the best part: with HotSpot @Home, customers can use their smartphones for internet-only devices at home for no extra charge, saving money compared to traditional internet service providers. T-Mobile","{""do_sample"": true, ""temperature"": 1.0, ""top_p"": 0.95, ""top_k"": 50, ""repetition_penalty"": 1.0, ""max_new_tokens"": 128}"
kgw,4.0,1,1363,129,129,"""Oh, you are stuck on homework problem number 13? I found a solution on YouTube. That helped a lot. Just ","""Oh, you are stuck on homework problem number 13? I found a solution on YouTube. That helped a lot. Just 15 minute commute this week, I was stuck on that math problem.""

""I spent an hour trying to solve it but then I saw a video that did the whole problem step by step. That was super helpful.""

""Your solution is really clear and helpful. I had been struggling for weeks to understand the concept and now with your clear explanations, I have a better understanding of it.""

These are all examples of students discussing the value they get from using online resources, specifically YouTube, to support their learning. These quotes highlight how the online platforms can:

1. Help students overcome challenges they face with homework and assignments.
2. Provide alternative solutions when","15 minute commute this week, I was stuck on that math problem.""

""I spent an hour trying to solve it but then I saw a video that did the whole problem step by step. That was super helpful.""

""Your solution is really clear and helpful. I had been struggling for weeks to understand the concept and now with your clear explanations, I have a better understanding of it.""

These are all examples of students discussing the value they get from using online resources, specifically YouTube, to support their learning. These quotes highlight how the online platforms can:

1. Help students overcome challenges they face with homework and assignments.
2. Provide alternative solutions when","{""do_sample"": true, ""temperature"": 1.0, ""top_p"": 0.95, ""top_k"": 50, ""repetition_penalty"": 1.0, ""max_new_tokens"": 128}"
kgw,4.0,1,1365,131,131,Up to an inch of snow is likely on the Eastern Shore and up into Sussex County Friday afternoon. Below-freezing ,"Up to an inch of snow is likely on the Eastern Shore and up into Sussex County Friday afternoon. Below-freezing  temperatures are also in the forecast through the weekend. You can expect rain tonight, but as it moves east on Saturday, it should change over to snow, according to WMDT’s forecast meteorologist Tom Johnston.
There is a chance for freezing rain and sleet, but as we move into late Saturday morning and afternoon, the snow should take over. By Sunday, snow showers will be possible and it could snow on through Tuesday.
Johnston urges everyone to keep an eye on the forecast and be prepared for winter-like driving conditions and potential power outages.
Here is the latest forecast for your area:
Friday: Rain and"," temperatures are also in the forecast through the weekend. You can expect rain tonight, but as it moves east on Saturday, it should change over to snow, according to WMDT’s forecast meteorologist Tom Johnston.
There is a chance for freezing rain and sleet, but as we move into late Saturday morning and afternoon, the snow should take over. By Sunday, snow showers will be possible and it could snow on through Tuesday.
Johnston urges everyone to keep an eye on the forecast and be prepared for winter-like driving conditions and potential power outages.
Here is the latest forecast for your area:
Friday: Rain and","{""do_sample"": true, ""temperature"": 1.0, ""top_p"": 0.95, ""top_k"": 50, ""repetition_penalty"": 1.0, ""max_new_tokens"": 128}"
kgw,4.0,1,1367,133,133,"It’s dense, interesting, weird and funny, but what it’s all wrapped around is another “Chosen One” story that really feels ","It’s dense, interesting, weird and funny, but what it’s all wrapped around is another “Chosen One” story that really feels 50 years old.
– Christopher Orr (The New Republic) on Guillermo del Toro and Chuck Hogan’s novel, “The Strain” on its release in 2009.
From the moment this review was posted, I can imagine the wheels starting to turn in Del Toro’s mind. The idea of taking a traditional tale and turning it into something fresh and innovative has long driven the Spanish-Mexican filmmaker. And in the case of “The Strain,” it seemed like the perfect opportunity to do just that.
First, he transformed a straightforward horror novel into a triptych. The three-part miniseries brought together a talented","50 years old.
– Christopher Orr (The New Republic) on Guillermo del Toro and Chuck Hogan’s novel, “The Strain” on its release in 2009.
From the moment this review was posted, I can imagine the wheels starting to turn in Del Toro’s mind. The idea of taking a traditional tale and turning it into something fresh and innovative has long driven the Spanish-Mexican filmmaker. And in the case of “The Strain,” it seemed like the perfect opportunity to do just that.
First, he transformed a straightforward horror novel into a triptych. The three-part miniseries brought together a talented","{""do_sample"": true, ""temperature"": 1.0, ""top_p"": 0.95, ""top_k"": 50, ""repetition_penalty"": 1.0, ""max_new_tokens"": 128}"
kgw,4.0,1,1369,135,135,"Maddie Hinch and her England team-mates should be proud of their Hockey Women’s World Cup exploits, according to their head ","Maddie Hinch and her England team-mates should be proud of their Hockey Women’s World Cup exploits, according to their head  coach.
Mark Hager praised his side after they suffered a 2-1 penalty shootout defeat to the Netherlands in the World Cup final on Sunday.
England reached the final for the first time in the 44-year history of the tournament and have had their best ever finish in the competition.
“The girls have been fantastic throughout the tournament, we said at the start we wanted to be proud of what we did here, and we definitely should be proud,” Hager said.
“We made history, becoming the first ever English women’s team to make a World Cup final, and we can hold our heads high after that performance.
“The girls"," coach.
Mark Hager praised his side after they suffered a 2-1 penalty shootout defeat to the Netherlands in the World Cup final on Sunday.
England reached the final for the first time in the 44-year history of the tournament and have had their best ever finish in the competition.
“The girls have been fantastic throughout the tournament, we said at the start we wanted to be proud of what we did here, and we definitely should be proud,” Hager said.
“We made history, becoming the first ever English women’s team to make a World Cup final, and we can hold our heads high after that performance.
“The girls","{""do_sample"": true, ""temperature"": 1.0, ""top_p"": 0.95, ""top_k"": 50, ""repetition_penalty"": 1.0, ""max_new_tokens"": 128}"
kgw,4.0,1,1371,137,137,"Anna C. Christensen has been a supporter of family planning since high school, when she stuffed envelopes as a volunteer ","Anna C. Christensen has been a supporter of family planning since high school, when she stuffed envelopes as a volunteer 4-H representative with the Planned Parenthood affiliate in her home state of Iowa. After pursuing higher education in journalism and women’s studies, Christensen moved to the nation’s capital to work at the Women’s National Organization for Life Birth (NOW). She later worked with groups advocating for reproductive rights and women’s health, such as the National Organization for Women’s (NOW) Washington, D.C., chapter, the Washington D.C. Abortion Fund, and the National Campaign to Prevent Teen Pregnancy.
After graduating from college, Christensen moved to the nation’s capital to work at the Women’s National Organization for Life Birth (NOW). As a staff","4-H representative with the Planned Parenthood affiliate in her home state of Iowa. After pursuing higher education in journalism and women’s studies, Christensen moved to the nation’s capital to work at the Women’s National Organization for Life Birth (NOW). She later worked with groups advocating for reproductive rights and women’s health, such as the National Organization for Women’s (NOW) Washington, D.C., chapter, the Washington D.C. Abortion Fund, and the National Campaign to Prevent Teen Pregnancy.
After graduating from college, Christensen moved to the nation’s capital to work at the Women’s National Organization for Life Birth (NOW). As a staff","{""do_sample"": true, ""temperature"": 1.0, ""top_p"": 0.95, ""top_k"": 50, ""repetition_penalty"": 1.0, ""max_new_tokens"": 128}"
kgw,4.0,1,1373,139,139,Jesse Winker will undergo season-ending shoulder surgery. He was batting .299 this year with 7 homers and 43 RBI. Throughout ,"Jesse Winker will undergo season-ending shoulder surgery. He was batting.299 this year with 7 homers and 43 RBI. Throughout 133 games for...
Tyler Stephenson will make a rehab appearance with Double-A Chattanooga tonight, marking his second appearance with the team this season. His main purpose is to...
Brayden Webb makes professional debut with Class-A Charleston tonight. He batted.314 with 23 homers and 63 RBIs, while hitting.396 with 7 home...
Dylan Duell makes professional debut in today's start for the Rookie-level Arizona League Reds. He is ranked number 20 on the Red’s top-30 prospects......
Elly De La Cruz, the Reds' top-ranked prospect, has been placed on the minor league disabled list","133 games for...
Tyler Stephenson will make a rehab appearance with Double-A Chattanooga tonight, marking his second appearance with the team this season. His main purpose is to...
Brayden Webb makes professional debut with Class-A Charleston tonight. He batted.314 with 23 homers and 63 RBIs, while hitting.396 with 7 home...
Dylan Duell makes professional debut in today's start for the Rookie-level Arizona League Reds. He is ranked number 20 on the Red’s top-30 prospects......
Elly De La Cruz, the Reds' top-ranked prospect, has been placed on the minor league disabled list","{""do_sample"": true, ""temperature"": 1.0, ""top_p"": 0.95, ""top_k"": 50, ""repetition_penalty"": 1.0, ""max_new_tokens"": 128}"
kgw,4.0,1,1375,141,141,Combined company will make Chevron second-largest petroleum producer in the world. The combined company will remain far behind Exxon Mobil ,"Combined company will make Chevron second-largest petroleum producer in the world. The combined company will remain far behind Exxon Mobil 3rd in the ranking of revenue.
San Francisco (USA) | Chevron Corp on Wednesday announced that it has agreed to sell a significant portion of its shares of Noble Energy Inc. of $4.1 billion in cash to acquire the oil and gas exploration and production assets, which the company values at $13 billion in assets.
The transaction makes it the world's second largest oil and gas producer, after Saudi Aramco, with a combined production of more than 3.3 million barrels of oil per day (mb/d).
Combined, the company will produce around 3.4 trillion cubic feet per year and has oil and natural","3rd in the ranking of revenue.
San Francisco (USA) | Chevron Corp on Wednesday announced that it has agreed to sell a significant portion of its shares of Noble Energy Inc. of $4.1 billion in cash to acquire the oil and gas exploration and production assets, which the company values at $13 billion in assets.
The transaction makes it the world's second largest oil and gas producer, after Saudi Aramco, with a combined production of more than 3.3 million barrels of oil per day (mb/d).
Combined, the company will produce around 3.4 trillion cubic feet per year and has oil and natural","{""do_sample"": true, ""temperature"": 1.0, ""top_p"": 0.95, ""top_k"": 50, ""repetition_penalty"": 1.0, ""max_new_tokens"": 128}"
kgw,4.0,1,1377,143,143,"YOKOHAMA, Japan – Nissan Motor Co. announced it has licensed its Around View Monitor and Moving Object Detection technology, jointly ","YOKOHAMA, Japan – Nissan Motor Co. announced it has licensed its Around View Monitor and Moving Object Detection technology, jointly  developed with its partner, Microvision, Inc. of Redmond, Washington, for use in various automotive, commercial and industrial applications beyond the vehicle market.
These technologies enable a driver's eye view from multiple angles to enhance navigation and safety while driving, and can detect moving objects, such as pedestrians, bicycles or carts, to warn the driver of potential hazards.
The licenses granted by Nissan to several undisclosed global automotive manufacturers, will allow the companies to incorporate the Around View Monitor and Moving Object Detection technologies in their vehicles and other applications, such as:
• Navigation systems in construction or warehouse vehicles, enabling improved visibility and safer maneuvering;
• Industrial"," developed with its partner, Microvision, Inc. of Redmond, Washington, for use in various automotive, commercial and industrial applications beyond the vehicle market.
These technologies enable a driver's eye view from multiple angles to enhance navigation and safety while driving, and can detect moving objects, such as pedestrians, bicycles or carts, to warn the driver of potential hazards.
The licenses granted by Nissan to several undisclosed global automotive manufacturers, will allow the companies to incorporate the Around View Monitor and Moving Object Detection technologies in their vehicles and other applications, such as:
• Navigation systems in construction or warehouse vehicles, enabling improved visibility and safer maneuvering;
• Industrial","{""do_sample"": true, ""temperature"": 1.0, ""top_p"": 0.95, ""top_k"": 50, ""repetition_penalty"": 1.0, ""max_new_tokens"": 128}"
kgw,4.0,1,1379,145,145,A concrete slab and 10-foot high block walls with exposed rebar sit behind a chain link fence as an ugly ,"A concrete slab and 10-foot high block walls with exposed rebar sit behind a chain link fence as an ugly 15-acre plot in the middle of Los Angeles. The property, also known as “Site IVE-IV-VI, “has been vacant and unused for decades.
At some point in the future, a private developer plans to build a residential project on the property. In the absence of any known development timeline, local artists and activists are taking advantage of the property’s current state and using the space as an unconventional art gallery.
The work of various artists, including paintings, sculptures, and murals, covers the walls and fences. Vandalism, weathering, and the wear and tear of years have added an unpredictable layer of character","15-acre plot in the middle of Los Angeles. The property, also known as “Site IVE-IV-VI, “has been vacant and unused for decades.
At some point in the future, a private developer plans to build a residential project on the property. In the absence of any known development timeline, local artists and activists are taking advantage of the property’s current state and using the space as an unconventional art gallery.
The work of various artists, including paintings, sculptures, and murals, covers the walls and fences. Vandalism, weathering, and the wear and tear of years have added an unpredictable layer of character","{""do_sample"": true, ""temperature"": 1.0, ""top_p"": 0.95, ""top_k"": 50, ""repetition_penalty"": 1.0, ""max_new_tokens"": 128}"
kgw,4.0,1,1381,147,147,It may be noted that Air India's was the only service that plied between Madurai and Mumbai. Some passengers pointed ,"It may be noted that Air India's was the only service that plied between Madurai and Mumbai. Some passengers pointed 6-8 (six to eight and, respectively. The aircraft, registered as VT-AEI, was being used as a charter flight when. ""Airbus A320-232: Air India's VT-AEI crashes at Dubai Airport, 62 killed"" Check-in baggage claim belt was out of order and passengers were forced to. A320-232: Air India's VT-AEI crashes at Dubai Airport, 62 killed. Airbus A320-232: Air India's VT-AEI crashes at Dubai Airport, 62 killed. The aircraft was operating a. 0: 0; Related Articles. The crash, which happened","6-8 (six to eight and, respectively. The aircraft, registered as VT-AEI, was being used as a charter flight when. ""Airbus A320-232: Air India's VT-AEI crashes at Dubai Airport, 62 killed"" Check-in baggage claim belt was out of order and passengers were forced to. A320-232: Air India's VT-AEI crashes at Dubai Airport, 62 killed. Airbus A320-232: Air India's VT-AEI crashes at Dubai Airport, 62 killed. The aircraft was operating a. 0: 0; Related Articles. The crash, which happened","{""do_sample"": true, ""temperature"": 1.0, ""top_p"": 0.95, ""top_k"": 50, ""repetition_penalty"": 1.0, ""max_new_tokens"": 128}"
kgw,4.0,1,1383,149,149,"Initiated by Joint Chiefs of Staff Chairman General Nathan Twining and Chief of Naval Operations Admiral Arleigh Burke, and then ","Initiated by Joint Chiefs of Staff Chairman General Nathan Twining and Chief of Naval Operations Admiral Arleigh Burke, and then 1954, Project Vela Uniform, conducted tests of high-altitude nuclear explosions to determine feasibility of using these weapons against targets in the atmosphere.
Vela was given the uniform number U-10 because of fear of public opposition to the development of hydrogen bombs. From October to December 1945, the first nuclear bomb (Little Boy) was detonated in the Pacific, while the other three (Fat Man, Gaseous Diffusion, and Implosion) were detonated on Japanese cities (, Hiroshima) in the following years.
This has led many to speculate on possible alternative causes for these seemingly random events.
The most well","1954, Project Vela Uniform, conducted tests of high-altitude nuclear explosions to determine feasibility of using these weapons against targets in the atmosphere.
Vela was given the uniform number U-10 because of fear of public opposition to the development of hydrogen bombs. From October to December 1945, the first nuclear bomb (Little Boy) was detonated in the Pacific, while the other three (Fat Man, Gaseous Diffusion, and Implosion) were detonated on Japanese cities (, Hiroshima) in the following years.
This has led many to speculate on possible alternative causes for these seemingly random events.
The most well","{""do_sample"": true, ""temperature"": 1.0, ""top_p"": 0.95, ""top_k"": 50, ""repetition_penalty"": 1.0, ""max_new_tokens"": 128}"
kgw,4.0,1,1385,151,151,"DAVENPORT - Don Skipper, an administrative assistant at Ridge Community High School, was named the school's head boys basketball coach ","DAVENPORT - Don Skipper, an administrative assistant at Ridge Community High School, was named the school's head boys basketball coach 12 years ago.
Since then, he has led the Bolts to three District titles, three Final Four appearances, and a Class 6A state runner-up finish in 2007-08.
But the winning and accolades don't hold a candle to the memories and relationships Skipper has formed throughout his coaching career.
""It's not about the wins and losses,"" Skipper said. ""It's about the relationships you build with your players, your assistant coaches, and the parents. That's what makes this game special.""
Skipper, who played college basketball at Central Community College and later earned his master's degree in educational leadership from","12 years ago.
Since then, he has led the Bolts to three District titles, three Final Four appearances, and a Class 6A state runner-up finish in 2007-08.
But the winning and accolades don't hold a candle to the memories and relationships Skipper has formed throughout his coaching career.
""It's not about the wins and losses,"" Skipper said. ""It's about the relationships you build with your players, your assistant coaches, and the parents. That's what makes this game special.""
Skipper, who played college basketball at Central Community College and later earned his master's degree in educational leadership from","{""do_sample"": true, ""temperature"": 1.0, ""top_p"": 0.95, ""top_k"": 50, ""repetition_penalty"": 1.0, ""max_new_tokens"": 128}"
kgw,4.0,1,1387,153,153,Still image of Lisa Sharon Harper from YouTube. Pastors and lay leaders who represent minority and multiethnic communities and are ,"Still image of Lisa Sharon Harper from YouTube. Pastors and lay leaders who represent minority and multiethnic communities and are 40+ years old, please complete the following quick survey to help inform our research. Your input will contribute to better serving your communities! https://t.co/GQGJ9h1oVz #MulticulturalMinistries #MissionalResearch [1]
Still image of Lisa Sharon Harper from YouTube. Pastors and lay leaders who represent minority and multiethnic communities and are 40+ years old, please complete the following quick survey to help inform our research. Your input will contribute to better serving your communities! #MulticulturalMinistries #MissionalResearch [1]
Still image of Lisa Sharon Harper from a YouTube video","40+ years old, please complete the following quick survey to help inform our research. Your input will contribute to better serving your communities! https://t.co/GQGJ9h1oVz #MulticulturalMinistries #MissionalResearch [1]
Still image of Lisa Sharon Harper from YouTube. Pastors and lay leaders who represent minority and multiethnic communities and are 40+ years old, please complete the following quick survey to help inform our research. Your input will contribute to better serving your communities! #MulticulturalMinistries #MissionalResearch [1]
Still image of Lisa Sharon Harper from a YouTube video","{""do_sample"": true, ""temperature"": 1.0, ""top_p"": 0.95, ""top_k"": 50, ""repetition_penalty"": 1.0, ""max_new_tokens"": 128}"
kgw,4.0,1,1389,155,155,"It’s amazing what a difference time can make in the way we perceive certain technologies. A few years ago, the ","It’s amazing what a difference time can make in the way we perceive certain technologies. A few years ago, the 3D printing industry was mostly composed of hobbyists and small-scale makers tinkering with printers and producing simple parts. Today, the field has exploded with major players entering the market and a wide variety of advanced applications becoming viable.

One area seeing significant growth is dental technology, where additive manufacturing (3D printing) has become an integral tool for creating customized prostheses, models, and implants. This post explores the current state of dental 3D printing, its applications, and what the future may hold.

**Current State of Dental 3D Printing:**
--------------------------------

In recent years, dental 3D printing has gained popularity due","3D printing industry was mostly composed of hobbyists and small-scale makers tinkering with printers and producing simple parts. Today, the field has exploded with major players entering the market and a wide variety of advanced applications becoming viable.

One area seeing significant growth is dental technology, where additive manufacturing (3D printing) has become an integral tool for creating customized prostheses, models, and implants. This post explores the current state of dental 3D printing, its applications, and what the future may hold.

**Current State of Dental 3D Printing:**
--------------------------------

In recent years, dental 3D printing has gained popularity due","{""do_sample"": true, ""temperature"": 1.0, ""top_p"": 0.95, ""top_k"": 50, ""repetition_penalty"": 1.0, ""max_new_tokens"": 128}"
kgw,4.0,1,1391,157,157,"Boston Marathon Bombing Suspect Enters Not Guilty Pleas In 1st Public Court HearingFor the first plea, Dzhokhar Tsarnaev leaned toward ","Boston Marathon Bombing Suspect Enters Not Guilty Pleas In 1st Public Court HearingFor the first plea, Dzhokhar Tsarnaev leaned toward 27-year-old defense lawyer Judy Clarke.
Boston Marathon Bombers Said To Be Angry Over U.S. Wars, PovertyThe brothers, accused of the Boston Marathon bombing, reportedly said they carried out the attack because of the U.S.'s foreign policies in Muslim lands.
Boston Marathon Bombers Charged With Using Weapons of Mass Destruction, MurderTwo Boston Marathon bombing suspects, accused of killing three and maiming hundreds with homemade bombs, are facing federal charges that carry the possibility of life imprisonment or death.
FBI Says Marathon Bomber Left Behind Clues In Dying NoteA defense team for one of the Boston Marathon bombing suspects has argued that","27-year-old defense lawyer Judy Clarke.
Boston Marathon Bombers Said To Be Angry Over U.S. Wars, PovertyThe brothers, accused of the Boston Marathon bombing, reportedly said they carried out the attack because of the U.S.'s foreign policies in Muslim lands.
Boston Marathon Bombers Charged With Using Weapons of Mass Destruction, MurderTwo Boston Marathon bombing suspects, accused of killing three and maiming hundreds with homemade bombs, are facing federal charges that carry the possibility of life imprisonment or death.
FBI Says Marathon Bomber Left Behind Clues In Dying NoteA defense team for one of the Boston Marathon bombing suspects has argued that","{""do_sample"": true, ""temperature"": 1.0, ""top_p"": 0.95, ""top_k"": 50, ""repetition_penalty"": 1.0, ""max_new_tokens"": 128}"
kgw,4.0,1,1393,159,159,"Chee Wei Wong, professor of electrical and computer engineering in the UCLA Samueli School of Engineering, was named a fellow ","Chee Wei Wong, professor of electrical and computer engineering in the UCLA Samueli School of Engineering, was named a fellow  of the Institute of Electrical and Electronics Engineers (IEEE).
Wong was recognized by the IEEE for his technical contributions to the field of power electronics. His research focuses on the design and development of new power electronics systems, such as DC-DC converters and AC-DC converters, that are more efficient and environmentally friendly.
""Chee Wei is an exceptional researcher, and I am thrilled that his contributions to the field of power electronics have been recognized by his peers with this esteemed honor,"" said Vaidyanathan Sundararajan, chair of the Electrical and Computer Engineering Department at UCLA. ""His research has the potential to make a significant"," of the Institute of Electrical and Electronics Engineers (IEEE).
Wong was recognized by the IEEE for his technical contributions to the field of power electronics. His research focuses on the design and development of new power electronics systems, such as DC-DC converters and AC-DC converters, that are more efficient and environmentally friendly.
""Chee Wei is an exceptional researcher, and I am thrilled that his contributions to the field of power electronics have been recognized by his peers with this esteemed honor,"" said Vaidyanathan Sundararajan, chair of the Electrical and Computer Engineering Department at UCLA. ""His research has the potential to make a significant","{""do_sample"": true, ""temperature"": 1.0, ""top_p"": 0.95, ""top_k"": 50, ""repetition_penalty"": 1.0, ""max_new_tokens"": 128}"
kgw,4.0,1,1395,161,161,Viewers will not want to miss Friday’s episode of General Hospital. Spoilers tease that everybody will see lots of juicy ,"Viewers will not want to miss Friday’s episode of General Hospital. Spoilers tease that everybody will see lots of juicy  action going on, and we can already get you prepared!
General Hospital – What Happens In This Week’s New Episodes!
In the upcoming episodes, it seems that things are about to escalate! Here are some spoilers and rumors that might make your Friday extra thrilling:

• Robert Scorpio, (played by Tristan Rogers), will reappear in Port Charles! You can expect drama and intrigue, as this enigmatic figure is known to bring, especially with his connections to Nina Clay and the Cassadines!
• The battle between Mike and Drew is getting hotter by the minute! Their rivalry is reaching a boiling point, and you can anticipate"," action going on, and we can already get you prepared!
General Hospital – What Happens In This Week’s New Episodes!
In the upcoming episodes, it seems that things are about to escalate! Here are some spoilers and rumors that might make your Friday extra thrilling:

• Robert Scorpio, (played by Tristan Rogers), will reappear in Port Charles! You can expect drama and intrigue, as this enigmatic figure is known to bring, especially with his connections to Nina Clay and the Cassadines!
• The battle between Mike and Drew is getting hotter by the minute! Their rivalry is reaching a boiling point, and you can anticipate","{""do_sample"": true, ""temperature"": 1.0, ""top_p"": 0.95, ""top_k"": 50, ""repetition_penalty"": 1.0, ""max_new_tokens"": 128}"
kgw,4.0,1,1397,163,163,"Tue., May 29, 2018, 10:20 a.m. CAGUAS, Puerto Rico – At least 4,645 people died as a result of Hurricane ","Tue., May 29, 2018, 10:20 a.m. CAGUAS, Puerto Rico – At least 4,645 people died as a result of Hurricane  Maria, which smashed into Puerto Rico in September last year. That is the estimate from the Puerto Rican government after a report from the Hispanic Federation, a non-profit organization. It is much higher than an earlier estimate of 64 from the island’s governor, and highlights the devastating impact the storm had on the island’s infrastructure and people. Maria was the deadliest hurricane to strike the United States last year, causing estimated damages of $94.9 billion and leaving millions without electricity, clean water, and other basic necessities. Full article: https://www.bbc.com/news/world-latin-america-44235439 #PuertoR"," Maria, which smashed into Puerto Rico in September last year. That is the estimate from the Puerto Rican government after a report from the Hispanic Federation, a non-profit organization. It is much higher than an earlier estimate of 64 from the island’s governor, and highlights the devastating impact the storm had on the island’s infrastructure and people. Maria was the deadliest hurricane to strike the United States last year, causing estimated damages of $94.9 billion and leaving millions without electricity, clean water, and other basic necessities. Full article: https://www.bbc.com/news/world-latin-america-44235439 #PuertoR","{""do_sample"": true, ""temperature"": 1.0, ""top_p"": 0.95, ""top_k"": 50, ""repetition_penalty"": 1.0, ""max_new_tokens"": 128}"
kgw,4.0,1,1399,165,165,"Kyle Schwarber may be out for the season, but the home run ball he hit during the Cubs-Cardinals National League ","Kyle Schwarber may be out for the season, but the home run ball he hit during the Cubs-Cardinals National League  wild card game last October still lives on through social media.
Schwarber hit a dramatic game-ending, walk-off three-run homer in extra innings off St. Louis reliever Jonathan Broxton to give the Cubs an 8-6 victory and send them to the NL Division Series.
On October 7, 2015, Schwarber's home run was met with a mix of euphoria and chaos, with Cubs players and fans alike going crazy at Busch Stadium.
And even months later, the impact of that home run still resonates.
On Monday, Schwarber himself tweeted out his famous home run, saying, ""#Throw"," wild card game last October still lives on through social media.
Schwarber hit a dramatic game-ending, walk-off three-run homer in extra innings off St. Louis reliever Jonathan Broxton to give the Cubs an 8-6 victory and send them to the NL Division Series.
On October 7, 2015, Schwarber's home run was met with a mix of euphoria and chaos, with Cubs players and fans alike going crazy at Busch Stadium.
And even months later, the impact of that home run still resonates.
On Monday, Schwarber himself tweeted out his famous home run, saying, ""#Throw","{""do_sample"": true, ""temperature"": 1.0, ""top_p"": 0.95, ""top_k"": 50, ""repetition_penalty"": 1.0, ""max_new_tokens"": 128}"
kgw,4.0,1,1401,167,167,Only former Israeli President Shimon Peres could pull off something like organizing a friendly football (soccer) match between Israeli and ,"Only former Israeli President Shimon Peres could pull off something like organizing a friendly football (soccer) match between Israeli and 3 Palestinian teams.
Israel's The Times of Israel reports that a friendly football match between Israeli teams and 3 Palestinian teams will take place on Sunday, August 27 in Tel Aviv.
The match was organized by former Israeli President Shimon Peres, in the spirit of peace and sportsmanship. The Israeli teams that will be participating are the Israel national team, Maccabi Tel Aviv, and Hapoel Be'er Sheva, while the Palestinian teams are the Gaza Strip's Shabab Rafah, the West Bank's Ahli Al-Khalil, and Jerusalem's Al-Istiqal.
The match is part of the","3 Palestinian teams.
Israel's The Times of Israel reports that a friendly football match between Israeli teams and 3 Palestinian teams will take place on Sunday, August 27 in Tel Aviv.
The match was organized by former Israeli President Shimon Peres, in the spirit of peace and sportsmanship. The Israeli teams that will be participating are the Israel national team, Maccabi Tel Aviv, and Hapoel Be'er Sheva, while the Palestinian teams are the Gaza Strip's Shabab Rafah, the West Bank's Ahli Al-Khalil, and Jerusalem's Al-Istiqal.
The match is part of the","{""do_sample"": true, ""temperature"": 1.0, ""top_p"": 0.95, ""top_k"": 50, ""repetition_penalty"": 1.0, ""max_new_tokens"": 128}"
kgw,4.0,1,1403,169,169,Katie Price and her new baby return home after holidaying in Europe. Alex Reid has tweeted a message of support ,"Katie Price and her new baby return home after holidaying in Europe. Alex Reid has tweeted a message of support 29/08/11.
Katie Price, the glamour model and reality TV star, and her new baby have returned to England after holidaying in Europe. Katie, 33, welcomed a baby daughter, Harper Seven, earlier this week and she has shared pictures of her holiday on the social networking site Twitter.
The star and her daughter were spotted landing in Gatwick Airport yesterday (Friday, August 26) where they were met by waiting paparazzi.
As she prepared to return to her family life, Katie shared a message with her followers on Twitter: ""Just landed back in the UK can't wait to spend time with my","29/08/11.
Katie Price, the glamour model and reality TV star, and her new baby have returned to England after holidaying in Europe. Katie, 33, welcomed a baby daughter, Harper Seven, earlier this week and she has shared pictures of her holiday on the social networking site Twitter.
The star and her daughter were spotted landing in Gatwick Airport yesterday (Friday, August 26) where they were met by waiting paparazzi.
As she prepared to return to her family life, Katie shared a message with her followers on Twitter: ""Just landed back in the UK can't wait to spend time with my","{""do_sample"": true, ""temperature"": 1.0, ""top_p"": 0.95, ""top_k"": 50, ""repetition_penalty"": 1.0, ""max_new_tokens"": 128}"
kgw,4.0,1,1405,171,171,"Stopping nearsightedness in kids and more. This week, Dr. Sydney Spiesel discusses a way to stop the progression of nearsightedness ","Stopping nearsightedness in kids and more. This week, Dr. Sydney Spiesel discusses a way to stop the progression of nearsightedness 60% of the time. He’s Dr. Spiesel from the New Haven Ear and Eye Institute, our eye care center. Welcome to Eye on Health. I’m your host, Deborah Overdorf, here on the radio show. We appreciate our listeners.
Dr. Sydney Spiesel:
Thank you, Deborah, I'm glad to be here.
So, you mentioned stopping nearsightedness. Can you tell me more about that?

Dr. Sydney Spiesel:
Nearsightedness is very common, and the rate of nearsightedness is increasing. In fact, the American Academy of Ophthalmology says that more than ","60% of the time. He’s Dr. Spiesel from the New Haven Ear and Eye Institute, our eye care center. Welcome to Eye on Health. I’m your host, Deborah Overdorf, here on the radio show. We appreciate our listeners.
Dr. Sydney Spiesel:
Thank you, Deborah, I'm glad to be here.
So, you mentioned stopping nearsightedness. Can you tell me more about that?

Dr. Sydney Spiesel:
Nearsightedness is very common, and the rate of nearsightedness is increasing. In fact, the American Academy of Ophthalmology says that more than ","{""do_sample"": true, ""temperature"": 1.0, ""top_p"": 0.95, ""top_k"": 50, ""repetition_penalty"": 1.0, ""max_new_tokens"": 128}"
kgw,4.0,1,1407,173,173,"In this Sept. 1, 2014 photo released by the U.S. Geological Survey, fluid lava streams from the June 27 lava ","In this Sept. 1, 2014 photo released by the U.S. Geological Survey, fluid lava streams from the June 27 lava 1st flow, which is burning in the landscape, in Hilo, Hawaii.
The US Geological Survey (USGS) says a slow-moving lava flow in Hawaii's Kilauea volcano is moving towards populated areas, forcing the evacuation of hundreds of people.
The USGS says the flow is about a mile (1.6 kilometers) long and moving south towards the town of Hawaiian Paradise Park.
About 300 people have voluntarily evacuated their homes, but the county has ordered anyone in the flow's path to leave.
Lava flows have been oozing from Kilauea volcano since August, and the current flow is a","1st flow, which is burning in the landscape, in Hilo, Hawaii.
The US Geological Survey (USGS) says a slow-moving lava flow in Hawaii's Kilauea volcano is moving towards populated areas, forcing the evacuation of hundreds of people.
The USGS says the flow is about a mile (1.6 kilometers) long and moving south towards the town of Hawaiian Paradise Park.
About 300 people have voluntarily evacuated their homes, but the county has ordered anyone in the flow's path to leave.
Lava flows have been oozing from Kilauea volcano since August, and the current flow is a","{""do_sample"": true, ""temperature"": 1.0, ""top_p"": 0.95, ""top_k"": 50, ""repetition_penalty"": 1.0, ""max_new_tokens"": 128}"
kgw,4.0,1,1409,175,175,The air ambulance was mobilised following reports that a man had fallen on a tree branch and impaled his neck ,"The air ambulance was mobilised following reports that a man had fallen on a tree branch and impaled his neck 6 inches deep.
Paramedics, police and firefighters responded to the emergency at around 5.30am on Tuesday and worked together to extricate the man from the tree.
Despite the serious nature of his injuries, he is understood to be in a stable condition and has been airlifted to a major trauma centre for further treatment.
The exact circumstances of the incident are still not clear, but it is believed that the man had been out walking when he fell.
The air ambulance team, from the Welsh Air Ambulance, were called to the scene along with paramedics from the Welsh Ambulance Service.
Once they arrived, they assessed the","6 inches deep.
Paramedics, police and firefighters responded to the emergency at around 5.30am on Tuesday and worked together to extricate the man from the tree.
Despite the serious nature of his injuries, he is understood to be in a stable condition and has been airlifted to a major trauma centre for further treatment.
The exact circumstances of the incident are still not clear, but it is believed that the man had been out walking when he fell.
The air ambulance team, from the Welsh Air Ambulance, were called to the scene along with paramedics from the Welsh Ambulance Service.
Once they arrived, they assessed the","{""do_sample"": true, ""temperature"": 1.0, ""top_p"": 0.95, ""top_k"": 50, ""repetition_penalty"": 1.0, ""max_new_tokens"": 128}"
kgw,4.0,1,1411,177,177,The University of Maryland President Wallace Loh. University of Maryland President Wallace Loh stood before reporters Aug. 14 and apologized ,"The University of Maryland President Wallace Loh. University of Maryland President Wallace Loh stood before reporters Aug. 14 and apologized  for his role in the decision to invite former President Richard Trumka of the AFL-CIO to campus, only to cancel him three times before finally removing his invitation. Loh said that he is committed to free speech on campus, but that he has a fiduciary duty to protect the health, safety and well-being of students. (Baltimoresun.com) 
    A 3 judge panel of the Court of Appeals of Maryland has found that Free Speech Movement icon, and University of Maryland alumni,  Henry Winston will have to wait to challenge a 2010 federal jury verdict requiring the University to pay him for"," for his role in the decision to invite former President Richard Trumka of the AFL-CIO to campus, only to cancel him three times before finally removing his invitation. Loh said that he is committed to free speech on campus, but that he has a fiduciary duty to protect the health, safety and well-being of students. (Baltimoresun.com) 
    A 3 judge panel of the Court of Appeals of Maryland has found that Free Speech Movement icon, and University of Maryland alumni,  Henry Winston will have to wait to challenge a 2010 federal jury verdict requiring the University to pay him for","{""do_sample"": true, ""temperature"": 1.0, ""top_p"": 0.95, ""top_k"": 50, ""repetition_penalty"": 1.0, ""max_new_tokens"": 128}"
kgw,4.0,1,1413,179,179,"in French). Nov. 19 at 3:30: ""Walkabout"" (1971, Nicolas Roeg). Nov. 20 at 1 and Nov. 22 at 4:40: ""Mean ","in French). Nov. 19 at 3:30: ""Walkabout"" (1971, Nicolas Roeg). Nov. 20 at 1 and Nov. 22 at 4:40: ""Mean 15"" segment of ""Variety"" film festival, a compilation of short films by European filmmakers. Nov. 21 and 25 at 8 pm and Nov.
_--Rebecca L. Davis University of California at Los Angeles_The same season also saw an increase in film studies scholarship. For example, a special issue of the _Cultural Critique_ (Vol. 13, Fall 1990) brought together several articles examining film noir and its cultural significance.
The growing recognition of film as an important area of study is evident not only in the rise in academic production but also in the increased attention paid to film by","15"" segment of ""Variety"" film festival, a compilation of short films by European filmmakers. Nov. 21 and 25 at 8 pm and Nov.
_--Rebecca L. Davis University of California at Los Angeles_The same season also saw an increase in film studies scholarship. For example, a special issue of the _Cultural Critique_ (Vol. 13, Fall 1990) brought together several articles examining film noir and its cultural significance.
The growing recognition of film as an important area of study is evident not only in the rise in academic production but also in the increased attention paid to film by","{""do_sample"": true, ""temperature"": 1.0, ""top_p"": 0.95, ""top_k"": 50, ""repetition_penalty"": 1.0, ""max_new_tokens"": 128}"
kgw,4.0,1,1415,181,181,(Reuters) - U.S. ride services firm Lyft Inc is in talks with an advisor for a targeted March or April ,"(Reuters) - U.S. ride services firm Lyft Inc is in talks with an advisor for a targeted March or April 2023 stock listing, people familiar with the matter said, as it takes a cautious approach to its planned public listing.
Lyft had initially targeted a listing for late 2022, but has pushed back its timeline amid volatile markets and a broader reassessment of its financial plans, the sources told Reuters, speaking on condition of anonymity as they were not authorized to discuss internal decisions.

FILE PHOTO: The Lyft logo is seen on a Lyft ride service vehicle in New York City, U.S., September 15, 2020. REUTERS/Carlo Allegri

The company is said to be working with Morgan Stanley and Goldman Sachs to prepare","2023 stock listing, people familiar with the matter said, as it takes a cautious approach to its planned public listing.
Lyft had initially targeted a listing for late 2022, but has pushed back its timeline amid volatile markets and a broader reassessment of its financial plans, the sources told Reuters, speaking on condition of anonymity as they were not authorized to discuss internal decisions.

FILE PHOTO: The Lyft logo is seen on a Lyft ride service vehicle in New York City, U.S., September 15, 2020. REUTERS/Carlo Allegri

The company is said to be working with Morgan Stanley and Goldman Sachs to prepare","{""do_sample"": true, ""temperature"": 1.0, ""top_p"": 0.95, ""top_k"": 50, ""repetition_penalty"": 1.0, ""max_new_tokens"": 128}"
kgw,4.0,1,1417,183,183,Advocates for government accountability were alarmed to learn Gov. Jared Polis was undecided on whether to veto a bill to ,"Advocates for government accountability were alarmed to learn Gov. Jared Polis was undecided on whether to veto a bill to 911 calls in Colorado and provide funding for the emergency response.
In a news conference on Wednesday, Colorado House Republicans announced the proposed legislation, which was approved by the Senate and the House, is the result of a long-standing effort to provide funding for the emergency response.
According to opponents, the bill would increase taxes on cell phone bills by about $0.55 to provide $17 million annually to 911 emergency services. They say it's essential to fund the service, particularly in rural Colorado where cell coverage and internet connectivity are limited.
The bill's backers claim it would also help ensure timely emergency response for people who call 911.
The","911 calls in Colorado and provide funding for the emergency response.
In a news conference on Wednesday, Colorado House Republicans announced the proposed legislation, which was approved by the Senate and the House, is the result of a long-standing effort to provide funding for the emergency response.
According to opponents, the bill would increase taxes on cell phone bills by about $0.55 to provide $17 million annually to 911 emergency services. They say it's essential to fund the service, particularly in rural Colorado where cell coverage and internet connectivity are limited.
The bill's backers claim it would also help ensure timely emergency response for people who call 911.
The","{""do_sample"": true, ""temperature"": 1.0, ""top_p"": 0.95, ""top_k"": 50, ""repetition_penalty"": 1.0, ""max_new_tokens"": 128}"
kgw,4.0,1,1419,185,185,"MADRID: As Cristiano Ronaldo enjoyed his time off at the French Riviera, his Portugal team-mates were busy handing Italy another ","MADRID: As Cristiano Ronaldo enjoyed his time off at the French Riviera, his Portugal team-mates were busy handing Italy another 4-0 thrashing in the Nations League.
A goal apiece from Almeida, Rafael Leao and Diogo Jota and a second-half penalty from Cristiano Ronaldo’s replacement, Joao Felix, gave Portugal a comfortable win over Italy.
The victory lifted Portugal top of their Nations League A group, level with defending champions Italy but with a slightly better goal difference.
Portugal has become accustomed to playing attractive football, but this was a dominant display that saw them control the game and hit Italy with pace and precision.
It wasn't a surprise given the teams met each other at the Euro Championship last year, where Italy fell apart in","4-0 thrashing in the Nations League.
A goal apiece from Almeida, Rafael Leao and Diogo Jota and a second-half penalty from Cristiano Ronaldo’s replacement, Joao Felix, gave Portugal a comfortable win over Italy.
The victory lifted Portugal top of their Nations League A group, level with defending champions Italy but with a slightly better goal difference.
Portugal has become accustomed to playing attractive football, but this was a dominant display that saw them control the game and hit Italy with pace and precision.
It wasn't a surprise given the teams met each other at the Euro Championship last year, where Italy fell apart in","{""do_sample"": true, ""temperature"": 1.0, ""top_p"": 0.95, ""top_k"": 50, ""repetition_penalty"": 1.0, ""max_new_tokens"": 128}"
kgw,4.0,1,1421,187,187,"Florida Institute of Technology quarterback Brandon Ziarno. MELBOURNE, Fla. - Florida Institute of Technology quarterback Brandon Ziarno was arrested Friday ","Florida Institute of Technology quarterback Brandon Ziarno. MELBOURNE, Fla. - Florida Institute of Technology quarterback Brandon Ziarno was arrested Friday  night for a domestic dispute, according to the police report.
Ziarno was taken into custody and charged with domestic violence-related crimes after he and his ex-girlfriend had a disturbance at his apartment in the 7000 block of West Kennedy Boulevard, just off I-4.
An arrest report states the victim, also a Florida Tech student, told officers that she and Ziarno were involved in a heated argument that turned physical.
According to the report, Ziarno pushed and slapped his ex-girlfriend, who had red marks and scratches on her cheek.
Florida Tech Athletics issued a statement saying, ""We take any form"," night for a domestic dispute, according to the police report.
Ziarno was taken into custody and charged with domestic violence-related crimes after he and his ex-girlfriend had a disturbance at his apartment in the 7000 block of West Kennedy Boulevard, just off I-4.
An arrest report states the victim, also a Florida Tech student, told officers that she and Ziarno were involved in a heated argument that turned physical.
According to the report, Ziarno pushed and slapped his ex-girlfriend, who had red marks and scratches on her cheek.
Florida Tech Athletics issued a statement saying, ""We take any form","{""do_sample"": true, ""temperature"": 1.0, ""top_p"": 0.95, ""top_k"": 50, ""repetition_penalty"": 1.0, ""max_new_tokens"": 128}"
kgw,4.0,1,1423,189,189,Runaway Entertainment is looking for an experienced Associate General Manager to work across all their productions. Runaway Entertainment Ltd is ,"Runaway Entertainment is looking for an experienced Associate General Manager to work across all their productions. Runaway Entertainment Ltd is 2 x BAFTA award winning TV production and distribution company with offices in Bristol and Leeds.
The ideal candidate should have experience as an AGM or in a similar role, have a strong understanding of production and distribution, and be able to work closely with all levels of the business to drive growth and development.

Key responsibilities for the Associate General Manager role:

* Support the company's senior management team to drive growth, profitability and development across all productions
* Assist in budgeting, planning, scheduling and cost control for all productions
* Develop and implement business strategy and operational plans for specific productions
* Manage the relationships with clients, partners and third","2 x BAFTA award winning TV production and distribution company with offices in Bristol and Leeds.
The ideal candidate should have experience as an AGM or in a similar role, have a strong understanding of production and distribution, and be able to work closely with all levels of the business to drive growth and development.

Key responsibilities for the Associate General Manager role:

* Support the company's senior management team to drive growth, profitability and development across all productions
* Assist in budgeting, planning, scheduling and cost control for all productions
* Develop and implement business strategy and operational plans for specific productions
* Manage the relationships with clients, partners and third","{""do_sample"": true, ""temperature"": 1.0, ""top_p"": 0.95, ""top_k"": 50, ""repetition_penalty"": 1.0, ""max_new_tokens"": 128}"
kgw,4.0,1,1425,191,191,The New York Times on Thursday printed a special section featuring portraits of nearly every member of the record number ,"The New York Times on Thursday printed a special section featuring portraits of nearly every member of the record number 116th Congress. The portraits were taken at the historic Hart Building by photographer Jonathan West and were featured with stories about the members, their work in the House, their interests and their hopes for the future. The portraits and accompanying articles provided an unprecedented look into the lives and backgrounds of these lawmakers.
The section was a reflection of the growing diversity in the Congress, with 95 members being the first to join Congress without having attended college. Additionally, 16% of the members are Asian, African or Native American. The women in the Congress made up 27.3% of the total, the highest representation ever. Furthermore, the section","116th Congress. The portraits were taken at the historic Hart Building by photographer Jonathan West and were featured with stories about the members, their work in the House, their interests and their hopes for the future. The portraits and accompanying articles provided an unprecedented look into the lives and backgrounds of these lawmakers.
The section was a reflection of the growing diversity in the Congress, with 95 members being the first to join Congress without having attended college. Additionally, 16% of the members are Asian, African or Native American. The women in the Congress made up 27.3% of the total, the highest representation ever. Furthermore, the section","{""do_sample"": true, ""temperature"": 1.0, ""top_p"": 0.95, ""top_k"": 50, ""repetition_penalty"": 1.0, ""max_new_tokens"": 128}"
kgw,4.0,1,1427,193,193,"Equipped with their own factory, they make different kinds of outstanding fish cake. Fish cake in Busan is the most ","Equipped with their own factory, they make different kinds of outstanding fish cake. Fish cake in Busan is the most 2015.12.13. There are many types of Busan's specialties such as, a type of black bean sauce made with fermented soybeans and 14, No. This can be found in any food market in Busan. Busan is the second largest city in South Korea and has a long and vibrant history of seafood consumption and preparation. A popular dish is the spicy, chewy rice cake known as, The best time to enjoy the city's seafood market is in the morning, when the fresh catch is brought in. A must-have meal for locals and tourists alike, the Busan Fish Market is one of the most","2015.12.13. There are many types of Busan's specialties such as, a type of black bean sauce made with fermented soybeans and 14, No. This can be found in any food market in Busan. Busan is the second largest city in South Korea and has a long and vibrant history of seafood consumption and preparation. A popular dish is the spicy, chewy rice cake known as, The best time to enjoy the city's seafood market is in the morning, when the fresh catch is brought in. A must-have meal for locals and tourists alike, the Busan Fish Market is one of the most","{""do_sample"": true, ""temperature"": 1.0, ""top_p"": 0.95, ""top_k"": 50, ""repetition_penalty"": 1.0, ""max_new_tokens"": 128}"
kgw,4.0,1,1429,195,195,An Alsip police officer seriously wounded a man in an on-duty shooting early Wednesday after tracking a Cadillac suspected of ,"An Alsip police officer seriously wounded a man in an on-duty shooting early Wednesday after tracking a Cadillac suspected of 16 robberies, authorities said.
The man shot, who was taken to Christ Medical Center in Oak Lawn and listed in critical condition, was identified as 35-year-old Ricardo F. Delgado Jr. He sustained a gunshot wound to the stomach area, police officials said.
Alsip Police Commander Michael Billingsley said the officer fired at least two shots through a rear window of the Cadillac around 2 a.m. after Delgado failed to respond to verbal commands. The officer, who has four years of experience, did not know at the time if someone else was in the vehicle.
Police had received a dispatch report of a potential robbery","16 robberies, authorities said.
The man shot, who was taken to Christ Medical Center in Oak Lawn and listed in critical condition, was identified as 35-year-old Ricardo F. Delgado Jr. He sustained a gunshot wound to the stomach area, police officials said.
Alsip Police Commander Michael Billingsley said the officer fired at least two shots through a rear window of the Cadillac around 2 a.m. after Delgado failed to respond to verbal commands. The officer, who has four years of experience, did not know at the time if someone else was in the vehicle.
Police had received a dispatch report of a potential robbery","{""do_sample"": true, ""temperature"": 1.0, ""top_p"": 0.95, ""top_k"": 50, ""repetition_penalty"": 1.0, ""max_new_tokens"": 128}"
kgw,4.0,1,1431,197,197,"If you would like to support the Down Syndrome Association of West Michigan's campaign of kindness, you may visit the ","If you would like to support the Down Syndrome Association of West Michigan's campaign of kindness, you may visit the 50/50 raffle. The winner will receive 50% of the proceeds!
Be a part of something special and help make a difference in the lives of those affected by Down syndrome! Tickets are $5 each and are available through September 26th.
Come visit the Down Syndrome Association of West Michigan's booth during the festival and purchase your tickets to support this wonderful cause! A representative from the Down Syndrome Association of West Michigan will be there to help you get started and answer any questions you may have.
Don't miss out on the fun and excitement of the 50/50 raffle! All proceeds benefit the Down Syndrome Association of","50/50 raffle. The winner will receive 50% of the proceeds!
Be a part of something special and help make a difference in the lives of those affected by Down syndrome! Tickets are $5 each and are available through September 26th.
Come visit the Down Syndrome Association of West Michigan's booth during the festival and purchase your tickets to support this wonderful cause! A representative from the Down Syndrome Association of West Michigan will be there to help you get started and answer any questions you may have.
Don't miss out on the fun and excitement of the 50/50 raffle! All proceeds benefit the Down Syndrome Association of","{""do_sample"": true, ""temperature"": 1.0, ""top_p"": 0.95, ""top_k"": 50, ""repetition_penalty"": 1.0, ""max_new_tokens"": 128}"
kgw,4.0,1,1433,199,199,Jan. 22 will be here before agencies know it. So will Feb. 6. Here’s betting that even April 16 will ,"Jan. 22 will be here before agencies know it. So will Feb. 6. Here’s betting that even April 16 will  arrive sooner rather than later.
But as for now, let's take a deep dive into what’s coming our way – in terms of major regulatory events in the world of health IT.
First up is the Office of the National Coordinator for Health IT (ONC) proposed rule releasing the 2017 Edition health IT standards. ONC wants feedback from the health IT community on the standards for electronic health record (EHR) certification.
This could get interesting, given the shift towards APIs and data blocking being a key concern for healthcare providers. ONC is also looking to eliminate the certification criteria for MU 3 – that’s"," arrive sooner rather than later.
But as for now, let's take a deep dive into what’s coming our way – in terms of major regulatory events in the world of health IT.
First up is the Office of the National Coordinator for Health IT (ONC) proposed rule releasing the 2017 Edition health IT standards. ONC wants feedback from the health IT community on the standards for electronic health record (EHR) certification.
This could get interesting, given the shift towards APIs and data blocking being a key concern for healthcare providers. ONC is also looking to eliminate the certification criteria for MU 3 – that’s","{""do_sample"": true, ""temperature"": 1.0, ""top_p"": 0.95, ""top_k"": 50, ""repetition_penalty"": 1.0, ""max_new_tokens"": 128}"
