algo,delta,device,seed,prompt_index,prompt_id,prompt_text,full_text,continuation_text,gen_params_json
bytekgwV6,5.0,1,1235,1,1,"""Whoever gets him, they'll be getting a good one,"" David Montgomery said. INDIANAPOLIS — Hakeem Butler has been surrounded by ","""Whoever gets him, they'll be getting a good one,"" David Montgomery said. INDIANAPOLIS — Hakeem Butler has been surrounded by 49ers coaches and analysts for the past few days and has already made an impressive impression, according to David Montgomery, the Iowa State wide receiver who was drafted by the 49ers on Friday.
After spending the last two years coaching the North Carolina State wideouts and running game, Montgomery was invited back to the 49ers facility to help with the team's selection process and potentially offer insight on the prospects running through the building.
The 5-10, 212-pound Butler, nicknamed ""H-Bomb,"" had 84 catches for 1,318 yards and 13 touchdowns last year for the Iowa State Cyclones. His freak","49ers coaches and analysts for the past few days and has already made an impressive impression, according to David Montgomery, the Iowa State wide receiver who was drafted by the 49ers on Friday.
After spending the last two years coaching the North Carolina State wideouts and running game, Montgomery was invited back to the 49ers facility to help with the team's selection process and potentially offer insight on the prospects running through the building.
The 5-10, 212-pound Butler, nicknamed ""H-Bomb,"" had 84 catches for 1,318 yards and 13 touchdowns last year for the Iowa State Cyclones. His freak","{""do_sample"": true, ""temperature"": 1.0, ""top_p"": 0.95, ""top_k"": 50, ""repetition_penalty"": 1.0, ""max_new_tokens"": 128}"
bytekgwV6,5.0,1,1237,3,3,The Arlington County Board plans to vote Saturday afternoon on giving Amazon $23 million and other incentives to build a ,"The Arlington County Board plans to vote Saturday afternoon on giving Amazon $23 million and other incentives to build a 25,000-employee HQ facility near the Pentagon.
A crowd estimated at over 300 people gathered outside the County Auditorium on Saturday to voice their support for and opposition to the incentives.
While Amazon is considering cities across the US and around the world for its second headquarters, Arlington County is seen as a prime location due to its proximity to the nation's capital and existing infrastructure.
But critics have expressed concerns that Amazon will not provide sufficient benefits in return for the incentives and that the facility could exacerbate the area’s traffic congestion.
A rally held outside the auditorium before the meeting featured speakers from the labor movement, local small business owners and","25,000-employee HQ facility near the Pentagon.
A crowd estimated at over 300 people gathered outside the County Auditorium on Saturday to voice their support for and opposition to the incentives.
While Amazon is considering cities across the US and around the world for its second headquarters, Arlington County is seen as a prime location due to its proximity to the nation's capital and existing infrastructure.
But critics have expressed concerns that Amazon will not provide sufficient benefits in return for the incentives and that the facility could exacerbate the area’s traffic congestion.
A rally held outside the auditorium before the meeting featured speakers from the labor movement, local small business owners and","{""do_sample"": true, ""temperature"": 1.0, ""top_p"": 0.95, ""top_k"": 50, ""repetition_penalty"": 1.0, ""max_new_tokens"": 128}"
bytekgwV6,5.0,1,1239,5,5,The Hawaii man who was fired after issuing the false ballistic missile alert in mid-January told reporters Friday that he ,"The Hawaii man who was fired after issuing the false ballistic missile alert in mid-January told reporters Friday that he 13 years left before his planned retirement.
""This nightmare will soon be behind me,"" said Vern Miyanaga, 62.
On January 13, Miyanaga's false warning sent panic across the state when it incorrectly notified that a ballistic missile was heading towards the islands. The incident lasted about 45 minutes and forced people to seek immediate shelter and led President Donald Trump tweeted about the emergency.
As a result of the incident, the state agency responsible for emergency alerts, the Emergency Management Agency (EM), was forced to conduct an internal review.
In late February, the director and deputy director of the agency were fired after it emerged that they","13 years left before his planned retirement.
""This nightmare will soon be behind me,"" said Vern Miyanaga, 62.
On January 13, Miyanaga's false warning sent panic across the state when it incorrectly notified that a ballistic missile was heading towards the islands. The incident lasted about 45 minutes and forced people to seek immediate shelter and led President Donald Trump tweeted about the emergency.
As a result of the incident, the state agency responsible for emergency alerts, the Emergency Management Agency (EM), was forced to conduct an internal review.
In late February, the director and deputy director of the agency were fired after it emerged that they","{""do_sample"": true, ""temperature"": 1.0, ""top_p"": 0.95, ""top_k"": 50, ""repetition_penalty"": 1.0, ""max_new_tokens"": 128}"
bytekgwV6,5.0,1,1241,7,7,"A version of this article appeared in the print edition of The Daily Star on July 12, 2018, on page ","A version of this article appeared in the print edition of The Daily Star on July 12, 2018, on page 8.
On Tuesday, the first anniversary of his presidency, Trump announced on Twitter his administration was “making great progress at the border” with construction on the wall, including new and “tremendous” barriers.
It was one of several recent attempts by Trump to shift the public focus away from the ongoing federal inquiry into Russian meddling and alleged collusion with his campaign, as well as other controversies.
At the same time, the president also used his appearance at a rally in Montana to lash out at the investigation into potential Russian meddling and alleged collusion with his campaign, dismissing it as a “witch hunt” orchestrated by his political enemies to undermine","8.
On Tuesday, the first anniversary of his presidency, Trump announced on Twitter his administration was “making great progress at the border” with construction on the wall, including new and “tremendous” barriers.
It was one of several recent attempts by Trump to shift the public focus away from the ongoing federal inquiry into Russian meddling and alleged collusion with his campaign, as well as other controversies.
At the same time, the president also used his appearance at a rally in Montana to lash out at the investigation into potential Russian meddling and alleged collusion with his campaign, dismissing it as a “witch hunt” orchestrated by his political enemies to undermine","{""do_sample"": true, ""temperature"": 1.0, ""top_p"": 0.95, ""top_k"": 50, ""repetition_penalty"": 1.0, ""max_new_tokens"": 128}"
bytekgwV6,5.0,1,1243,9,9,"After Kevin’s horrific leg injury, everyone is asking: will he ever play basketball again? Dr. Glashow, co-chief of sports medicine ","After Kevin’s horrific leg injury, everyone is asking: will he ever play basketball again? Dr. Glashow, co-chief of sports medicine 23 hours ago
After Kevin's horrific leg injury, everyone is asking: will he ever play basketball again? #sports #sportsnews #basketball #kevin #leg #injury #doctor #medicine 22 hours ago
After Kevin's horrific leg injury, everyone is asking: will he ever play basketball again? #sports #sportsnews #basketball #kevin #leg #injury #doctor #medicine 22 hours ago
After Kevin's horrific leg injury, everyone is asking: will he ever play basketball again? #sports #sportsnews #basketball #kevin #leg #injury #doctor #medicine","23 hours ago
After Kevin's horrific leg injury, everyone is asking: will he ever play basketball again? #sports #sportsnews #basketball #kevin #leg #injury #doctor #medicine 22 hours ago
After Kevin's horrific leg injury, everyone is asking: will he ever play basketball again? #sports #sportsnews #basketball #kevin #leg #injury #doctor #medicine 22 hours ago
After Kevin's horrific leg injury, everyone is asking: will he ever play basketball again? #sports #sportsnews #basketball #kevin #leg #injury #doctor #medicine","{""do_sample"": true, ""temperature"": 1.0, ""top_p"": 0.95, ""top_k"": 50, ""repetition_penalty"": 1.0, ""max_new_tokens"": 128}"
bytekgwV6,5.0,1,1245,11,11,University of Utah track and field athlete Lauren McCluskey was found shot dead Monday night in the backseat of a ,"University of Utah track and field athlete Lauren McCluskey was found shot dead Monday night in the backseat of a 2006 Chevrolet Impala, just a day after reporting she was harassed by an unknown person on campus. (Salt Lake Police Department)
University of Utah track and field athlete Lauren McCluskey was found shot dead Monday night in the backseat of a 2006 Chevrolet Impala, just a day after reporting she was harassed by an unknown person on campus. (Salt Lake Police Department)
University of Utah track and field athlete Lauren McCluskey was found shot dead Monday night in the backseat of a 2006 Chevrolet Impala, just a day after reporting she was harassed by an unknown person on campus. (Salt Lake Police Department","2006 Chevrolet Impala, just a day after reporting she was harassed by an unknown person on campus. (Salt Lake Police Department)
University of Utah track and field athlete Lauren McCluskey was found shot dead Monday night in the backseat of a 2006 Chevrolet Impala, just a day after reporting she was harassed by an unknown person on campus. (Salt Lake Police Department)
University of Utah track and field athlete Lauren McCluskey was found shot dead Monday night in the backseat of a 2006 Chevrolet Impala, just a day after reporting she was harassed by an unknown person on campus. (Salt Lake Police Department","{""do_sample"": true, ""temperature"": 1.0, ""top_p"": 0.95, ""top_k"": 50, ""repetition_penalty"": 1.0, ""max_new_tokens"": 128}"
bytekgwV6,5.0,1,1247,13,13,"The location of the July 15, 2002 flare is shown at left. The other panels compare the scale of Earth ","The location of the July 15, 2002 flare is shown at left. The other panels compare the scale of Earth 9 and Sol to the scale that the flare had.

Data courtesy: NASA/ACE, SOHO and ULYSSES spacecraft

Space Weather (Solar Flare) Reference 1

Solar Flare (07:54 UT - July 15, 2002)

* The solar flare occurred on July 15, 2002.
* It peaked at 18:24 UT.
* It was a 3B class solar flare.
* It was observed from the Solar and Heliospheric Observatory (SOHO) and the Transition Region and Coronal Explorer (TRCE).
* The flare occurred near solar equator.
**","9 and Sol to the scale that the flare had.

Data courtesy: NASA/ACE, SOHO and ULYSSES spacecraft

Space Weather (Solar Flare) Reference 1

Solar Flare (07:54 UT - July 15, 2002)

* The solar flare occurred on July 15, 2002.
* It peaked at 18:24 UT.
* It was a 3B class solar flare.
* It was observed from the Solar and Heliospheric Observatory (SOHO) and the Transition Region and Coronal Explorer (TRCE).
* The flare occurred near solar equator.
**","{""do_sample"": true, ""temperature"": 1.0, ""top_p"": 0.95, ""top_k"": 50, ""repetition_penalty"": 1.0, ""max_new_tokens"": 128}"
bytekgwV6,5.0,1,1249,15,15,"Larry checks in with KPCC reporter Sharon McNary, who’s been hitting up several polling stations in Orange County and Los ","Larry checks in with KPCC reporter Sharon McNary, who’s been hitting up several polling stations in Orange County and Los 4,000 voters who were polled in the survey were from a variety of demographics and age ranges.
I'm Larry Mantle and I'm back. We've got an election day update coming in from KPCC reporter Sharon McNary, who's hit up several polling stations across Los Angeles and Orange counties.
Sharon, can you tell us what you're seeing? Are there long lines, is the turnout looking high?
Well, good afternoon, Larry. Yeah, the lines were quite long this morning, especially in some of the more liberal areas of Los Angeles and the San Gabriel Valley, like in Claremont or in La Verne.","4,000 voters who were polled in the survey were from a variety of demographics and age ranges.
I'm Larry Mantle and I'm back. We've got an election day update coming in from KPCC reporter Sharon McNary, who's hit up several polling stations across Los Angeles and Orange counties.
Sharon, can you tell us what you're seeing? Are there long lines, is the turnout looking high?
Well, good afternoon, Larry. Yeah, the lines were quite long this morning, especially in some of the more liberal areas of Los Angeles and the San Gabriel Valley, like in Claremont or in La Verne.","{""do_sample"": true, ""temperature"": 1.0, ""top_p"": 0.95, ""top_k"": 50, ""repetition_penalty"": 1.0, ""max_new_tokens"": 128}"
bytekgwV6,5.0,1,1251,17,17,Health authorities in New Zealand said that about 200 passengers on the Dawn Princess ship became infected with the norovirus. ,"Health authorities in New Zealand said that about 200 passengers on the Dawn Princess ship became infected with the norovirus.  This information was shared on Saturday as the ship was sailing from New Zealand to Australia after leaving Auckland on Thursday.
According the health authorities, the norovirus has been identified in about 200 people, but the total number of cases may be higher, as some passengers may not have been checked. According to reports, the ship is expected to reach Sydney next Thursday, where passengers will then have to spend 14 days in isolation if they are showing symptoms.
Norovirus symptoms include nausea, diarrhea, fever, chills, and abdominal cramps that last for a short time. It can be spread from person to person through contaminated food,"," This information was shared on Saturday as the ship was sailing from New Zealand to Australia after leaving Auckland on Thursday.
According the health authorities, the norovirus has been identified in about 200 people, but the total number of cases may be higher, as some passengers may not have been checked. According to reports, the ship is expected to reach Sydney next Thursday, where passengers will then have to spend 14 days in isolation if they are showing symptoms.
Norovirus symptoms include nausea, diarrhea, fever, chills, and abdominal cramps that last for a short time. It can be spread from person to person through contaminated food,","{""do_sample"": true, ""temperature"": 1.0, ""top_p"": 0.95, ""top_k"": 50, ""repetition_penalty"": 1.0, ""max_new_tokens"": 128}"
bytekgwV6,5.0,1,1253,19,19,NEW YORK (AP) — Could the U.S. lose its top credit rating even if a deal is reached to raise ,"NEW YORK (AP) — Could the U.S. lose its top credit rating even if a deal is reached to raise  the debt ceiling? The possibility remains for now.
The credit rating agencies Fitch, Moody's and Standard & Poor's are considering a negative outlook for the United States due to the nation's high and increasing  national debt.
Last year, Standard & Poor's lowered its rating on the U.S. one notch, citing a debt ceiling standoff that brought the nation close to default. But even with an agreement to raise the debt ceiling, S&P's negative outlook is still in place.
The debt ceiling agreement would only kick the problem down the road for a few years.
Fitch has also warned of potential credit rating cuts in the"," the debt ceiling? The possibility remains for now.
The credit rating agencies Fitch, Moody's and Standard & Poor's are considering a negative outlook for the United States due to the nation's high and increasing  national debt.
Last year, Standard & Poor's lowered its rating on the U.S. one notch, citing a debt ceiling standoff that brought the nation close to default. But even with an agreement to raise the debt ceiling, S&P's negative outlook is still in place.
The debt ceiling agreement would only kick the problem down the road for a few years.
Fitch has also warned of potential credit rating cuts in the","{""do_sample"": true, ""temperature"": 1.0, ""top_p"": 0.95, ""top_k"": 50, ""repetition_penalty"": 1.0, ""max_new_tokens"": 128}"
bytekgwV6,5.0,1,1255,21,21,"IHS Markit INFO, -0.02% a world leader in critical information, analytics and solutions, expanded its alternative data offering for asset ","IHS Markit INFO, -0.02% a world leader in critical information, analytics and solutions, expanded its alternative data offering for asset 15, a new asset-class data feed that tracks the universe of alternative assets, including hedge funds, private equity, venture capital, real estate and more.
The new alternative data offering provides institutional investors with a comprehensive and transparent view of the alternative asset market, enabling them to better understand the characteristics of these funds, their performance, and the underlying investment strategies. This information can help them make informed decisions when considering alternative assets for their investment portfolios.
""We're thrilled to launch IHS Markit Asset 15, a pioneering alternative data offering that empowers institutional investors with critical insights into the alternative asset market,"" said Chris Jackson, head of alternative assets","15, a new asset-class data feed that tracks the universe of alternative assets, including hedge funds, private equity, venture capital, real estate and more.
The new alternative data offering provides institutional investors with a comprehensive and transparent view of the alternative asset market, enabling them to better understand the characteristics of these funds, their performance, and the underlying investment strategies. This information can help them make informed decisions when considering alternative assets for their investment portfolios.
""We're thrilled to launch IHS Markit Asset 15, a pioneering alternative data offering that empowers institutional investors with critical insights into the alternative asset market,"" said Chris Jackson, head of alternative assets","{""do_sample"": true, ""temperature"": 1.0, ""top_p"": 0.95, ""top_k"": 50, ""repetition_penalty"": 1.0, ""max_new_tokens"": 128}"
bytekgwV6,5.0,1,1257,23,23,SOUND FORGE Audio Cleaning Lab can be used to record any sound you can hear on your computer - from ,"SOUND FORGE Audio Cleaning Lab can be used to record any sound you can hear on your computer - from 8 kHz to 48 kHz (44,100/24-bit, WAV, PCM, or IMA). This allows you to, for example, transfer old tapes or LP records to CD-quality, or capture live audio from your webcast, the Internet, or your hard drive.
This article demonstrates how to capture live audio using the Soundtrack Pro 2 software. This software is a audio video software used for audio and video post-production, and it's capable of capturing live audio streams from the Internet, or from local sources such as a USB microphone or camera. In this article we'll capture live......more
Using Soundtrack","8 kHz to 48 kHz (44,100/24-bit, WAV, PCM, or IMA). This allows you to, for example, transfer old tapes or LP records to CD-quality, or capture live audio from your webcast, the Internet, or your hard drive.
This article demonstrates how to capture live audio using the Soundtrack Pro 2 software. This software is a audio video software used for audio and video post-production, and it's capable of capturing live audio streams from the Internet, or from local sources such as a USB microphone or camera. In this article we'll capture live......more
Using Soundtrack","{""do_sample"": true, ""temperature"": 1.0, ""top_p"": 0.95, ""top_k"": 50, ""repetition_penalty"": 1.0, ""max_new_tokens"": 128}"
bytekgwV6,5.0,1,1259,25,25,"President Donald Trump returned to Washington, DC on Monday for a very important event. It was not for a meeting ","President Donald Trump returned to Washington, DC on Monday for a very important event. It was not for a meeting  with foreign heads of state or a signing ceremony for a new law. No, the President had a more  relaxed and lighter agenda on his plate.  
Yes, the President was in Washington for a visit  with the legendary musician and 70s icon,  Chuck Mangione.          
According to multiple sources close to the  situation, Trump and Mangione spent  the better part of the afternoon jamming together, playing renditions of classic songs"," with foreign heads of state or a signing ceremony for a new law. No, the President had a more  relaxed and lighter agenda on his plate.  
Yes, the President was in Washington for a visit  with the legendary musician and 70s icon,  Chuck Mangione.          
According to multiple sources close to the  situation, Trump and Mangione spent  the better part of the afternoon jamming together, playing renditions of classic songs","{""do_sample"": true, ""temperature"": 1.0, ""top_p"": 0.95, ""top_k"": 50, ""repetition_penalty"": 1.0, ""max_new_tokens"": 128}"
bytekgwV6,5.0,1,1261,27,27,"ST. JOHNS COUNTY, Fla. - Commissioners in St. Johns County voted unanimously to postpone any legislative action against a localized ","ST. JOHNS COUNTY, Fla. - Commissioners in St. Johns County voted unanimously to postpone any legislative action against a localized 10-cent sales tax for the next 60 days. The motion comes after a packed meeting room filled with concerned residents, business owners and potential voters.
""I was a big supporter, I was a proponent of it, and I came here to find that our elected officials have not been hearing what the voters have been telling us,"" Resident Nancy Shaver said.
The proposed 10-cent sales tax would generate millions for local transportation projects, including new roads and infrastructure.
But opponents claimed the tax could be too much for low-income and retired residents who already feel overburdened with existing expenses.
Pro-business proponents emphasized that it would help attract","10-cent sales tax for the next 60 days. The motion comes after a packed meeting room filled with concerned residents, business owners and potential voters.
""I was a big supporter, I was a proponent of it, and I came here to find that our elected officials have not been hearing what the voters have been telling us,"" Resident Nancy Shaver said.
The proposed 10-cent sales tax would generate millions for local transportation projects, including new roads and infrastructure.
But opponents claimed the tax could be too much for low-income and retired residents who already feel overburdened with existing expenses.
Pro-business proponents emphasized that it would help attract","{""do_sample"": true, ""temperature"": 1.0, ""top_p"": 0.95, ""top_k"": 50, ""repetition_penalty"": 1.0, ""max_new_tokens"": 128}"
bytekgwV6,5.0,1,1263,29,29,This was Reinsdorf's reply on Friday when asked whether the preseason announcement that Phil Jackson will not return as coach ,"This was Reinsdorf's reply on Friday when asked whether the preseason announcement that Phil Jackson will not return as coach 2010 NBA champions was a disappointment for him. In a statement released Thursday night by the Bulls...
Michael Jordan and Jerry Reinsdorf, the majority owner, attended the Bulls game against the Orlando Magic Saturday night for the first time this year, sparking renewed speculation about Jordan's future with the franchise...
I'll make one adjustment this spring for sure: We'll have more input and oversight. That's the part they're not liking, I'm afraid."" Reinsdorf expressed frustration with the inability of the organization...
Chicago Bulls chairman Jerry Reinsdorf, the majority owner, has expressed his desire for the team to rebuild through a combination of","2010 NBA champions was a disappointment for him. In a statement released Thursday night by the Bulls...
Michael Jordan and Jerry Reinsdorf, the majority owner, attended the Bulls game against the Orlando Magic Saturday night for the first time this year, sparking renewed speculation about Jordan's future with the franchise...
I'll make one adjustment this spring for sure: We'll have more input and oversight. That's the part they're not liking, I'm afraid."" Reinsdorf expressed frustration with the inability of the organization...
Chicago Bulls chairman Jerry Reinsdorf, the majority owner, has expressed his desire for the team to rebuild through a combination of","{""do_sample"": true, ""temperature"": 1.0, ""top_p"": 0.95, ""top_k"": 50, ""repetition_penalty"": 1.0, ""max_new_tokens"": 128}"
bytekgwV6,5.0,1,1265,31,31,This is the news you’re looking for. Carrie Fisher has seemingly confirmed to Palm Beach Illustrated magazine that she will ,"This is the news you’re looking for. Carrie Fisher has seemingly confirmed to Palm Beach Illustrated magazine that she will 100% appear in Episode IX, despite reports to the contrary. When asked about the role she would play, Fisher said, ""...I will be returning as General Leia."" Well, there you have it, folks. #CarriFisherForever #StarWars #EpisodeIX
This is the news you’re looking for.
Carrie Fisher has seemingly confirmed to Palm Beach Illustrated magazine that she will 100% appear in Episode IX, despite reports to the contrary. When asked about the role she would play, Fisher said, ""...I will be returning as General Leia."" Well, there you have it, folks. #CarriFisher","100% appear in Episode IX, despite reports to the contrary. When asked about the role she would play, Fisher said, ""...I will be returning as General Leia."" Well, there you have it, folks. #CarriFisherForever #StarWars #EpisodeIX
This is the news you’re looking for.
Carrie Fisher has seemingly confirmed to Palm Beach Illustrated magazine that she will 100% appear in Episode IX, despite reports to the contrary. When asked about the role she would play, Fisher said, ""...I will be returning as General Leia."" Well, there you have it, folks. #CarriFisher","{""do_sample"": true, ""temperature"": 1.0, ""top_p"": 0.95, ""top_k"": 50, ""repetition_penalty"": 1.0, ""max_new_tokens"": 128}"
bytekgwV6,5.0,1,1267,33,33,In the market for a low-cost networked storage solution? You may want to take a look at the Netgear ReadyNAS ,"In the market for a low-cost networked storage solution? You may want to take a look at the Netgear ReadyNAS 104. As a member of the Netgear's ReadyNAS family, this device delivers a robust combination of features and affordability, making it an excellent choice for small businesses and home networks.
The Netgear ReadyNAS 104 is a 2-bay network-attached storage (NAS) device that supports up to 10 TB of total storage capacity. It's based on Intel's Atom dual-core processor and has 1 GB of RAM, making it capable of running the company's Turbo NAS software. This software allows for a variety of features such as data backup, streaming media, file-level data replication, and support for virtual private networks (","104. As a member of the Netgear's ReadyNAS family, this device delivers a robust combination of features and affordability, making it an excellent choice for small businesses and home networks.
The Netgear ReadyNAS 104 is a 2-bay network-attached storage (NAS) device that supports up to 10 TB of total storage capacity. It's based on Intel's Atom dual-core processor and has 1 GB of RAM, making it capable of running the company's Turbo NAS software. This software allows for a variety of features such as data backup, streaming media, file-level data replication, and support for virtual private networks (","{""do_sample"": true, ""temperature"": 1.0, ""top_p"": 0.95, ""top_k"": 50, ""repetition_penalty"": 1.0, ""max_new_tokens"": 128}"
bytekgwV6,5.0,1,1269,35,35,"MANILA, Philippines — The state-run Land Bank of the Philippines (Landbank) has extended by one more month or until Jan. ","MANILA, Philippines — The state-run Land Bank of the Philippines (Landbank) has extended by one more month or until Jan. 31 the moratorium on foreclosures and loan payments due to the ongoing COVID-19 pandemic.
The moratorium, first imposed by Landbank last year amid the pandemic, allows borrowers to defer their monthly payments for six months. The original deadline for the deferment was set on June 30, which had already been extended to Dec. 31, 2021.
In its advisory issued on Tuesday, Landbank cited the ongoing health crisis and the continued economic difficulties it has caused, especially among small and medium-sized businesses and marginalized sectors of the population, for the extension.
“The extension of the moratorium will allow landbank's borrowers","31 the moratorium on foreclosures and loan payments due to the ongoing COVID-19 pandemic.
The moratorium, first imposed by Landbank last year amid the pandemic, allows borrowers to defer their monthly payments for six months. The original deadline for the deferment was set on June 30, which had already been extended to Dec. 31, 2021.
In its advisory issued on Tuesday, Landbank cited the ongoing health crisis and the continued economic difficulties it has caused, especially among small and medium-sized businesses and marginalized sectors of the population, for the extension.
“The extension of the moratorium will allow landbank's borrowers","{""do_sample"": true, ""temperature"": 1.0, ""top_p"": 0.95, ""top_k"": 50, ""repetition_penalty"": 1.0, ""max_new_tokens"": 128}"
bytekgwV6,5.0,1,1271,37,37,It’s a continuation of a trend they have seen over the last several years. “It’s been almost three years of ,"It’s a continuation of a trend they have seen over the last several years. “It’s been almost three years of 12 to 15% increases every year in the number of bees and butterflies in the state,” says Iowa State University Entomologist, Sivoyoan Glaister.
Glaister explains the increase isn’t limited to any one particular species or region. He says they have noticed an across-the-board improvement for pollinators. The increase is attributed to a combination of factors including the elimination or reduction in the use of certain pesticides, habitat restoration, and the conservation of native vegetation.
The uptrend comes at a critical time. As Glaister notes, the health and population size of pollinators is crucial for the economy and","12 to 15% increases every year in the number of bees and butterflies in the state,” says Iowa State University Entomologist, Sivoyoan Glaister.
Glaister explains the increase isn’t limited to any one particular species or region. He says they have noticed an across-the-board improvement for pollinators. The increase is attributed to a combination of factors including the elimination or reduction in the use of certain pesticides, habitat restoration, and the conservation of native vegetation.
The uptrend comes at a critical time. As Glaister notes, the health and population size of pollinators is crucial for the economy and","{""do_sample"": true, ""temperature"": 1.0, ""top_p"": 0.95, ""top_k"": 50, ""repetition_penalty"": 1.0, ""max_new_tokens"": 128}"
bytekgwV6,5.0,1,1273,39,39,"Originally Published: September 24, 2018 8 p.m. Soledad O’Brien, 10 to 11:30 a.m., Yavapai College Performing Arts Center, 1100 E ","Originally Published: September 24, 2018 8 p.m. Soledad O’Brien, 10 to 11:30 a.m., Yavapai College Performing Arts Center, 1100 E 3rd, Prescott, AZ 86301, Join...
This week's Top 5: 5 local shows | Theater | yubanet.com – YubaNet.com
Originally Published: September 24, 2018 8 p.m. Here's this week's Top 5 local shows:
5. ""West Side Story"" - A classic musical by Leonard Bernstein and Stephen Sondheim, telling the story of the rivalry between the Jets and the Sharks, two gangs from the Upper West Side, with music, lyrics and book adapted from the screenplay for the 1960...
More articles about local theater shows
How to","3rd, Prescott, AZ 86301, Join...
This week's Top 5: 5 local shows | Theater | yubanet.com – YubaNet.com
Originally Published: September 24, 2018 8 p.m. Here's this week's Top 5 local shows:
5. ""West Side Story"" - A classic musical by Leonard Bernstein and Stephen Sondheim, telling the story of the rivalry between the Jets and the Sharks, two gangs from the Upper West Side, with music, lyrics and book adapted from the screenplay for the 1960...
More articles about local theater shows
How to","{""do_sample"": true, ""temperature"": 1.0, ""top_p"": 0.95, ""top_k"": 50, ""repetition_penalty"": 1.0, ""max_new_tokens"": 128}"
bytekgwV6,5.0,1,1275,41,41,"Attendees visit the Vodafone Group pavilion at the Mobile World Congress in Barcelona, Spain, March 4, 2015. Vodafone, one of ","Attendees visit the Vodafone Group pavilion at the Mobile World Congress in Barcelona, Spain, March 4, 2015. Vodafone, one of 18 major telecom operators that have signed an agreement to share the cost of developing a new standard for secure, low-energy internet of things connections. REUTERS/Juan Medina/Files.
In partnership with the GSMA, Vodafone is to launch a new security certification programme for IoT devices.
Vodafone has announced the launch of a new security certification programme for IoT devices, in partnership with the GSMA (Groupe Speciale Mobile Association).
As part of the programme, Vodafone, one of the largest telecommunications service providers in the world, and GSMA will develop and implement new standards and best practices for IoT device security, aiming to help ensure that","18 major telecom operators that have signed an agreement to share the cost of developing a new standard for secure, low-energy internet of things connections. REUTERS/Juan Medina/Files.
In partnership with the GSMA, Vodafone is to launch a new security certification programme for IoT devices.
Vodafone has announced the launch of a new security certification programme for IoT devices, in partnership with the GSMA (Groupe Speciale Mobile Association).
As part of the programme, Vodafone, one of the largest telecommunications service providers in the world, and GSMA will develop and implement new standards and best practices for IoT device security, aiming to help ensure that","{""do_sample"": true, ""temperature"": 1.0, ""top_p"": 0.95, ""top_k"": 50, ""repetition_penalty"": 1.0, ""max_new_tokens"": 128}"
bytekgwV6,5.0,1,1277,43,43,The Congress of South African Trade Unions has noted the latest cabinet reshuffle by President Jacob Zuma. We can confirm ,"The Congress of South African Trade Unions has noted the latest cabinet reshuffle by President Jacob Zuma. We can confirm 3 new ministers, who have been brought into the fold to replace the previous ones who were axed. As for the former Minister of Finance, Pravin Gordhan, and the former Deputy Finance Minister, Mcebisi Jonas, it appears their names are still shrouded in mystery, and their fate, for the moment, remains undecided. It seems they are being subjected to some form of disciplinary inquiry, but the details are not clear. The COSATU leadership will be convening a special NEC meeting this week end to discuss and respond to this development, among other critical issues affecting our country.
From the looks of it, the","3 new ministers, who have been brought into the fold to replace the previous ones who were axed. As for the former Minister of Finance, Pravin Gordhan, and the former Deputy Finance Minister, Mcebisi Jonas, it appears their names are still shrouded in mystery, and their fate, for the moment, remains undecided. It seems they are being subjected to some form of disciplinary inquiry, but the details are not clear. The COSATU leadership will be convening a special NEC meeting this week end to discuss and respond to this development, among other critical issues affecting our country.
From the looks of it, the","{""do_sample"": true, ""temperature"": 1.0, ""top_p"": 0.95, ""top_k"": 50, ""repetition_penalty"": 1.0, ""max_new_tokens"": 128}"
bytekgwV6,5.0,1,1279,45,45,"After much anticipation, Melania Trump has finally given the world a glimpse of her platform. Like those before her, Trump ","After much anticipation, Melania Trump has finally given the world a glimpse of her platform. Like those before her, Trump 92 has committed her administration's efforts on a specific topic or issue that reflects the... *checks paper notes*...oh, wait, it says here that Mrs. Trump's platform is all about ""Be Best""...whatever that means.

So what's behind this enigmatic phrase? It appears that Be Best has no clear meaning or definition... which might be intentional? Some have speculated that Be Best could be code for something else entirely, while others have interpreted it to be about, um, being kind or something.

The lack of a coherent platform has left experts baffled: What kind of ""Best"" are we supposed to aspire to?","92 has committed her administration's efforts on a specific topic or issue that reflects the... *checks paper notes*...oh, wait, it says here that Mrs. Trump's platform is all about ""Be Best""...whatever that means.

So what's behind this enigmatic phrase? It appears that Be Best has no clear meaning or definition... which might be intentional? Some have speculated that Be Best could be code for something else entirely, while others have interpreted it to be about, um, being kind or something.

The lack of a coherent platform has left experts baffled: What kind of ""Best"" are we supposed to aspire to?","{""do_sample"": true, ""temperature"": 1.0, ""top_p"": 0.95, ""top_k"": 50, ""repetition_penalty"": 1.0, ""max_new_tokens"": 128}"
bytekgwV6,5.0,1,1281,47,47,We build our students up only to encourage them to flee. Why? Combining advertising campaigns handled by pros along with ,"We build our students up only to encourage them to flee. Why? Combining advertising campaigns handled by pros along with 1000+ student reviews, our objective is going. 1000 words/page. 0. 00%. 30 pages.
We are a writing. We've been developing essay, a lot of students. Our objective isn't only for them the ideal essay for the students, it's to allow it. We offer essays for sale for sale. It's to set you up for success not to make a quick buck. This isn't our intention.
Our services for sale for sale. You want to know how a customized. We offer an amazing team of.
And we've made our objective to be so good that it we're","1000+ student reviews, our objective is going. 1000 words/page. 0. 00%. 30 pages.
We are a writing. We've been developing essay, a lot of students. Our objective isn't only for them the ideal essay for the students, it's to allow it. We offer essays for sale for sale. It's to set you up for success not to make a quick buck. This isn't our intention.
Our services for sale for sale. You want to know how a customized. We offer an amazing team of.
And we've made our objective to be so good that it we're","{""do_sample"": true, ""temperature"": 1.0, ""top_p"": 0.95, ""top_k"": 50, ""repetition_penalty"": 1.0, ""max_new_tokens"": 128}"
bytekgwV6,5.0,1,1283,49,49,Federal Reserve Bank of Minneapolis President Narayana Kocherlakota will step down when his current term ends in February 2016. The ,"Federal Reserve Bank of Minneapolis President Narayana Kocherlakota will step down when his current term ends in February 2016. The 54-year-old economist will not pursue a nomination for a second term.
Fed officials and economists have praised Kocherlakota for his research-driven approach to monetary policy, which has included advocating for a more aggressive stimulus policy, including negative interest rates if needed. Kocherlakarta has been known for his independence from the Fed's leadership in matters like monetary policy.
Kocherlakota has been president of the Minneapolis Fed's Seventh District since January 2009. During his term, the district's economy grew, joblessness rates were reduced, and the bank's balance sheet expanded to more than $70 billion. However, some regional Fed","54-year-old economist will not pursue a nomination for a second term.
Fed officials and economists have praised Kocherlakota for his research-driven approach to monetary policy, which has included advocating for a more aggressive stimulus policy, including negative interest rates if needed. Kocherlakarta has been known for his independence from the Fed's leadership in matters like monetary policy.
Kocherlakota has been president of the Minneapolis Fed's Seventh District since January 2009. During his term, the district's economy grew, joblessness rates were reduced, and the bank's balance sheet expanded to more than $70 billion. However, some regional Fed","{""do_sample"": true, ""temperature"": 1.0, ""top_p"": 0.95, ""top_k"": 50, ""repetition_penalty"": 1.0, ""max_new_tokens"": 128}"
bytekgwV6,5.0,1,1285,51,51,Roger Federer of Switzerland and Bill Gates shake hands at the Match For Africa 4 exhibition match at KeyArena on ,"Roger Federer of Switzerland and Bill Gates shake hands at the Match For Africa 4 exhibition match at KeyArena on 7th February, 2020 in Seattle, Washington, USA. (J Pat Carter/AP/Shutterstock) Image via Wikipedia.
RODIN, WI (THE DAILY CITY) - In a stunning announcement today, the world’s wealthiest people – including Bill Gates, Warren Buffett and Jeff Bezos – have pledged an unprecedented $10 billion donation to support the global fight against the spread of COVID-19.
The philanthropists made the announcement at a virtual press conference from the Bill and Melinda Gates Foundation in Seattle, where they explained their decision to step forward with a historic financial contribution in an unprecedented crisis.
The massive donation aims to","7th February, 2020 in Seattle, Washington, USA. (J Pat Carter/AP/Shutterstock) Image via Wikipedia.
RODIN, WI (THE DAILY CITY) - In a stunning announcement today, the world’s wealthiest people – including Bill Gates, Warren Buffett and Jeff Bezos – have pledged an unprecedented $10 billion donation to support the global fight against the spread of COVID-19.
The philanthropists made the announcement at a virtual press conference from the Bill and Melinda Gates Foundation in Seattle, where they explained their decision to step forward with a historic financial contribution in an unprecedented crisis.
The massive donation aims to","{""do_sample"": true, ""temperature"": 1.0, ""top_p"": 0.95, ""top_k"": 50, ""repetition_penalty"": 1.0, ""max_new_tokens"": 128}"
bytekgwV6,5.0,1,1287,53,53,"BAGHDAD, Iraq -- Fighting in the Shiite stronghold of Sadr City killed 23 Iraqis yesterday, hospital officials said, and the ","BAGHDAD, Iraq -- Fighting in the Shiite stronghold of Sadr City killed 23 Iraqis yesterday, hospital officials said, and the 34th day of martial law restrictions was marked by scattered violence and military patrols across the capital.
The Sadr City clashes, centered around the militia headquarters of anti-American cleric Muqtada al-Sadr, raised concerns about the fragility of the fragile peace.
Iraqi officials said the violence began after militia members tried to set off explosives-laden cars, which the Iraqi army and...
Iraq fighting leaves 23 killed, more violence reported
Fighting in the Shiite stronghold of Sadr City killed 23 Iraqis yesterday, hospital officials said, and the 34th day of martial law restrictions was marked by scattered violence and military patrols across","34th day of martial law restrictions was marked by scattered violence and military patrols across the capital.
The Sadr City clashes, centered around the militia headquarters of anti-American cleric Muqtada al-Sadr, raised concerns about the fragility of the fragile peace.
Iraqi officials said the violence began after militia members tried to set off explosives-laden cars, which the Iraqi army and...
Iraq fighting leaves 23 killed, more violence reported
Fighting in the Shiite stronghold of Sadr City killed 23 Iraqis yesterday, hospital officials said, and the 34th day of martial law restrictions was marked by scattered violence and military patrols across","{""do_sample"": true, ""temperature"": 1.0, ""top_p"": 0.95, ""top_k"": 50, ""repetition_penalty"": 1.0, ""max_new_tokens"": 128}"
bytekgwV6,5.0,1,1289,55,55,"Tulsa race riot survivor: ""Learn how to forgive, but never forget"" SAN FRANCISCO, California (CNN) -- A 100-inch, high definition ","Tulsa race riot survivor: ""Learn how to forgive, but never forget"" SAN FRANCISCO, California (CNN) -- A 100-inch, high definition 3D image of the Civil War-era Tulsa race riot took the stage for a first-of-its-kind trial simulation.... ""I was just a little girl,"" said Lessie Benningfield Randle.... Her voice cracked...
Survivor of Tulsa Race Riot shares her story as city works to... Survived Tulsa Race Riot, Now Speaking out to...... In 1921, she survived the Tulsa race riot that destroyed the... to never forget the tragedy but also how...
The 1921 Tulsa Riot: A Forgotten Chapter in American... On June 12, 1921, the city of Tulsa,... Survivors like","3D image of the Civil War-era Tulsa race riot took the stage for a first-of-its-kind trial simulation.... ""I was just a little girl,"" said Lessie Benningfield Randle.... Her voice cracked...
Survivor of Tulsa Race Riot shares her story as city works to... Survived Tulsa Race Riot, Now Speaking out to...... In 1921, she survived the Tulsa race riot that destroyed the... to never forget the tragedy but also how...
The 1921 Tulsa Riot: A Forgotten Chapter in American... On June 12, 1921, the city of Tulsa,... Survivors like","{""do_sample"": true, ""temperature"": 1.0, ""top_p"": 0.95, ""top_k"": 50, ""repetition_penalty"": 1.0, ""max_new_tokens"": 128}"
bytekgwV6,5.0,1,1291,57,57,When Cait and I found out how easy it is to make ravioli–and with such completely impressive and delicious results!–we ,"When Cait and I found out how easy it is to make ravioli–and with such completely impressive and delicious results!–we  got super excited and immediately started brainstorming ways to get creative with our ravioli game. Here are some ideas we love:

 Make a variety of ravioli flavors: We're not just limited to the classic tomato sauce/ground beef combo, we can experiment with other fillings and flavors like roasted vegetable, goat cheese, or even spicy sausage!

Try different noodle shapes and fillings: While classic circular ravioli is super tasty, there are so many other shapes we can use like crescent-moon shaped, triangular, or even heart-shaped! And the fillings! Oh my! From meatballs and ric"," got super excited and immediately started brainstorming ways to get creative with our ravioli game. Here are some ideas we love:

 Make a variety of ravioli flavors: We're not just limited to the classic tomato sauce/ground beef combo, we can experiment with other fillings and flavors like roasted vegetable, goat cheese, or even spicy sausage!

Try different noodle shapes and fillings: While classic circular ravioli is super tasty, there are so many other shapes we can use like crescent-moon shaped, triangular, or even heart-shaped! And the fillings! Oh my! From meatballs and ric","{""do_sample"": true, ""temperature"": 1.0, ""top_p"": 0.95, ""top_k"": 50, ""repetition_penalty"": 1.0, ""max_new_tokens"": 128}"
bytekgwV6,5.0,1,1293,59,59,"It may not have been enough to bring out the skis, but Wood River Valley residents woke up with a ","It may not have been enough to bring out the skis, but Wood River Valley residents woke up with a 5-inch layer of new snow Thursday morning. Valley communities including Hailey and Ketchum received the most significant new snow of the season so far.
Forecasters were predicting 1-2 feet of snow for the region, and it looks like they came very close to that mark.
The heavy snow was caused by a winter storm that stalled out over the region, drawing in warm air and resulting in heavy snows.
The snow has created a winter wonderland with deep powder and good snow conditions at local resorts. There were reports of drifts up to 4 feet high in some areas, which will keep snow lovers busy for the weekend","5-inch layer of new snow Thursday morning. Valley communities including Hailey and Ketchum received the most significant new snow of the season so far.
Forecasters were predicting 1-2 feet of snow for the region, and it looks like they came very close to that mark.
The heavy snow was caused by a winter storm that stalled out over the region, drawing in warm air and resulting in heavy snows.
The snow has created a winter wonderland with deep powder and good snow conditions at local resorts. There were reports of drifts up to 4 feet high in some areas, which will keep snow lovers busy for the weekend","{""do_sample"": true, ""temperature"": 1.0, ""top_p"": 0.95, ""top_k"": 50, ""repetition_penalty"": 1.0, ""max_new_tokens"": 128}"
bytekgwV6,5.0,1,1295,61,61,"Are stoners now a target advertising demographic for fast food companies? Ever since Harold and Kumar went to White Castle, ","Are stoners now a target advertising demographic for fast food companies? Ever since Harold and Kumar went to White Castle, 420-friendly eaters (and their affinity for munchies-inducing foods) have been a popular topic of discussion. Fast-food chains have taken note, and several are now catering (pun intended) specifically to the stoner crowd. So the next time you're looking for something to chow down on, just like Harold and Kumar said, ""If you're going to do something, go ahead. Get it out of the way, but don't forget to get a sausage.""
Here's the list of fast-food chains that have or currently have stoner-friendly options:
Kwik-N-Krave: Known for their ridiculously large, cheesy","420-friendly eaters (and their affinity for munchies-inducing foods) have been a popular topic of discussion. Fast-food chains have taken note, and several are now catering (pun intended) specifically to the stoner crowd. So the next time you're looking for something to chow down on, just like Harold and Kumar said, ""If you're going to do something, go ahead. Get it out of the way, but don't forget to get a sausage.""
Here's the list of fast-food chains that have or currently have stoner-friendly options:
Kwik-N-Krave: Known for their ridiculously large, cheesy","{""do_sample"": true, ""temperature"": 1.0, ""top_p"": 0.95, ""top_k"": 50, ""repetition_penalty"": 1.0, ""max_new_tokens"": 128}"
bytekgwV6,5.0,1,1297,63,63,"Due to Hurricane Irene, parts of New Jersey were declared a federal disaster area this week. Federal funding is available ","Due to Hurricane Irene, parts of New Jersey were declared a federal disaster area this week. Federal funding is available  for recovery efforts, but there’s a catch – some relief funds have restrictions and requirements. Let's take a closer look at how the funds might impact you and your small business.
Small Business Relief Fund:
* The Small Business Administration's (SBA) Disaster Relief Loans can help businesses affected by the disaster cover losses due to property damage, disruption of operations and supply chain interruptions. Eligibility and application requirements can be found on the SBA website.
Individual Assistance Program:
* FEMA will provide individual assistance, such as temporary rental insurance and home repairs, as part of the disaster relief efforts. These funds require a presidential declaration, which has"," for recovery efforts, but there’s a catch – some relief funds have restrictions and requirements. Let's take a closer look at how the funds might impact you and your small business.
Small Business Relief Fund:
* The Small Business Administration's (SBA) Disaster Relief Loans can help businesses affected by the disaster cover losses due to property damage, disruption of operations and supply chain interruptions. Eligibility and application requirements can be found on the SBA website.
Individual Assistance Program:
* FEMA will provide individual assistance, such as temporary rental insurance and home repairs, as part of the disaster relief efforts. These funds require a presidential declaration, which has","{""do_sample"": true, ""temperature"": 1.0, ""top_p"": 0.95, ""top_k"": 50, ""repetition_penalty"": 1.0, ""max_new_tokens"": 128}"
bytekgwV6,5.0,1,1299,65,65,"As many British visitors to France have learnt to their dismay, if you ask a local, “Parlez-vous anglais?”, the answer ","As many British visitors to France have learnt to their dismay, if you ask a local, “Parlez-vous anglais?”, the answer 99 times out of 100 will be “Non, pas souvent!” (No, not very often!) followed swiftly by a cheerful attempt to switch into your mother tongue.
French people may not be the greatest linguists when it comes to foreign tongues, and French English is not always the most fluent or helpful. But there is one phrase that has become legendary in British holidaymaking culture – perhaps because of our love-hate relationship with the French.
That iconic phrase is: “Le wainstaine, s’il vous plaît” – or for non-Francophones, roughly translating to: “What is it, if it","99 times out of 100 will be “Non, pas souvent!” (No, not very often!) followed swiftly by a cheerful attempt to switch into your mother tongue.
French people may not be the greatest linguists when it comes to foreign tongues, and French English is not always the most fluent or helpful. But there is one phrase that has become legendary in British holidaymaking culture – perhaps because of our love-hate relationship with the French.
That iconic phrase is: “Le wainstaine, s’il vous plaît” – or for non-Francophones, roughly translating to: “What is it, if it","{""do_sample"": true, ""temperature"": 1.0, ""top_p"": 0.95, ""top_k"": 50, ""repetition_penalty"": 1.0, ""max_new_tokens"": 128}"
bytekgwV6,5.0,1,1301,67,67,"For professors, publishing in elite journals is an unavoidable part of university life. The grueling process of subjecting work to ","For professors, publishing in elite journals is an unavoidable part of university life. The grueling process of subjecting work to 3,000-word limitations and rigorous peer review can be daunting. But if there was a secret to success, would you be willing to take on an additional challenge?

Welcome to my interview series, ""Publish and Perish""! I'll be chatting with esteemed academics who've conquered the highest altos with their research papers.

Today, Dr. Kathryn Hume, a linguist with expertise in the semantics of everyday communication. She shares the ins and outs of the publishing process and offers invaluable advice for new academics looking to publish their work.

Interviewee:
Kathryn Hume

Interviewer:
Hi Kathryn, welcome! Congratulations on your","3,000-word limitations and rigorous peer review can be daunting. But if there was a secret to success, would you be willing to take on an additional challenge?

Welcome to my interview series, ""Publish and Perish""! I'll be chatting with esteemed academics who've conquered the highest altos with their research papers.

Today, Dr. Kathryn Hume, a linguist with expertise in the semantics of everyday communication. She shares the ins and outs of the publishing process and offers invaluable advice for new academics looking to publish their work.

Interviewee:
Kathryn Hume

Interviewer:
Hi Kathryn, welcome! Congratulations on your","{""do_sample"": true, ""temperature"": 1.0, ""top_p"": 0.95, ""top_k"": 50, ""repetition_penalty"": 1.0, ""max_new_tokens"": 128}"
bytekgwV6,5.0,1,1303,69,69,"After rebranding from beverages to a blockchain company, Long Blockchain says it is refocusing yet again and launching operations related ","After rebranding from beverages to a blockchain company, Long Blockchain says it is refocusing yet again and launching operations related 5G connectivity.
Long Blockchain, the company formerly known as Long Beach Beer Company, announced in a statement yesterday it plans to pivot once again – this time into the realm of wireless connectivity, focusing on the development of 5G-related products and services.
Long Blockchain said it is “pivoting from a focus primarily on the development of cryptocurrency and blockchain-based solutions” and shifting towards a new business direction: developing and launching 5G solutions “aimed at addressing the emerging needs and trends in the wireless industry.""
Long Blockchain was originally founded in 1987 as a beverage company, before rebranding in 2017 to pursue","5G connectivity.
Long Blockchain, the company formerly known as Long Beach Beer Company, announced in a statement yesterday it plans to pivot once again – this time into the realm of wireless connectivity, focusing on the development of 5G-related products and services.
Long Blockchain said it is “pivoting from a focus primarily on the development of cryptocurrency and blockchain-based solutions” and shifting towards a new business direction: developing and launching 5G solutions “aimed at addressing the emerging needs and trends in the wireless industry.""
Long Blockchain was originally founded in 1987 as a beverage company, before rebranding in 2017 to pursue","{""do_sample"": true, ""temperature"": 1.0, ""top_p"": 0.95, ""top_k"": 50, ""repetition_penalty"": 1.0, ""max_new_tokens"": 128}"
bytekgwV6,5.0,1,1305,71,71,"Noel Gallo, an organ builder who designed a new organ at Xewkija parish church and Paolo Oreni, an international organist ","Noel Gallo, an organ builder who designed a new organ at Xewkija parish church and Paolo Oreni, an international organist 15 years ago. Photo: Andrew Azzopardi
Renovations and restoration works at Xewkija Parish Church continued on Thursday with the unveiling of the newly restored organ, considered one of the biggest and most impressive organ systems on the island. Noel Gallo, the Australian-born organ builder who designed the organ 15 years ago and Paolo Oreni, the Italian organist who played the inaugural... read full story
Newly restored organ unveiled at Xewkija parish church
Xewkija parish church gets new organ ahead of Christmas festivities
Organ restoration work at Xewkija parish church nears completion
","15 years ago. Photo: Andrew Azzopardi
Renovations and restoration works at Xewkija Parish Church continued on Thursday with the unveiling of the newly restored organ, considered one of the biggest and most impressive organ systems on the island. Noel Gallo, the Australian-born organ builder who designed the organ 15 years ago and Paolo Oreni, the Italian organist who played the inaugural... read full story
Newly restored organ unveiled at Xewkija parish church
Xewkija parish church gets new organ ahead of Christmas festivities
Organ restoration work at Xewkija parish church nears completion
","{""do_sample"": true, ""temperature"": 1.0, ""top_p"": 0.95, ""top_k"": 50, ""repetition_penalty"": 1.0, ""max_new_tokens"": 128}"
bytekgwV6,5.0,1,1307,73,73,"Meet Google's Robot Army. It's Growing. Google can't stop buying robotics companies. In the past two months, eight of the ","Meet Google's Robot Army. It's Growing. Google can't stop buying robotics companies. In the past two months, eight of the 15 companies in Google's robotics division have either merged with other companies or changed ownership. Google's robotics acquisition spree, which began with the purchase of eight robotics companies for...
Google's Robot Acquisition Spree: A Guide to the Buyout Blitz In the last two years, Google has acquired at least 15 robotics and artificial intelligence firms, making it the most aggressive buyer of these technologies in the world. This guide explains the buyouts and mergers, which are a sign of the...
Google's Robot Acquisition Spree: A Guide to the Buyout Blitz In the last two years, Google has acquired at least 15 robotics and artificial intelligence","15 companies in Google's robotics division have either merged with other companies or changed ownership. Google's robotics acquisition spree, which began with the purchase of eight robotics companies for...
Google's Robot Acquisition Spree: A Guide to the Buyout Blitz In the last two years, Google has acquired at least 15 robotics and artificial intelligence firms, making it the most aggressive buyer of these technologies in the world. This guide explains the buyouts and mergers, which are a sign of the...
Google's Robot Acquisition Spree: A Guide to the Buyout Blitz In the last two years, Google has acquired at least 15 robotics and artificial intelligence","{""do_sample"": true, ""temperature"": 1.0, ""top_p"": 0.95, ""top_k"": 50, ""repetition_penalty"": 1.0, ""max_new_tokens"": 128}"
bytekgwV6,5.0,1,1309,75,75,"Michael Schumacher - a seven-time Formula One world champion is ""not bedridden or living on tubes"", it has been reported ","Michael Schumacher - a seven-time Formula One world champion is ""not bedridden or living on tubes"", it has been reported 12 years after he retired. Schumacher was injured in a skiing accident on December 29, 2013 while skiing with...
Michael Schumacher - a seven-time Formula One world champion is ""not bedridden or living on tubes"", it has been reported 12 years after he retired. Schumacher was injured in a skiing accident on December 29, 2013 while skiing with...
The world may not have seen Michael Schumacher drive on the racing circuit again. The seven-time Formula 1 World Champion is reportedly not “bedridden or living on tubes.” This information comes 12 years...
The world may not","12 years after he retired. Schumacher was injured in a skiing accident on December 29, 2013 while skiing with...
Michael Schumacher - a seven-time Formula One world champion is ""not bedridden or living on tubes"", it has been reported 12 years after he retired. Schumacher was injured in a skiing accident on December 29, 2013 while skiing with...
The world may not have seen Michael Schumacher drive on the racing circuit again. The seven-time Formula 1 World Champion is reportedly not “bedridden or living on tubes.” This information comes 12 years...
The world may not","{""do_sample"": true, ""temperature"": 1.0, ""top_p"": 0.95, ""top_k"": 50, ""repetition_penalty"": 1.0, ""max_new_tokens"": 128}"
bytekgwV6,5.0,1,1311,77,77,"On April 4, 1975, Bill Gates and Paul Allen founded Microsoft. The small firm used to develop and sell BASIC ","On April 4, 1975, Bill Gates and Paul Allen founded Microsoft. The small firm used to develop and sell BASIC 650 for Intel-based 8080 and 8086 processors.
Two years before establishing Microsoft, Bill and Allen used their shared interest and passion for electronics. In 1973, they founded a company called Microsoft (with an s). By the name Microsoft, they took advantage and rebranded their business.
Microsoft's first headquarters was in Albuquerque, New Mexico, because it was more affordable than the Pacific Northwest where the co-founders grew up.
By November 1977, the company had gained immense popularity by developing the first IBM PC under contract. IBM, which was seeking a PC operating system, was impressed by Microsoft's capabilities","650 for Intel-based 8080 and 8086 processors.
Two years before establishing Microsoft, Bill and Allen used their shared interest and passion for electronics. In 1973, they founded a company called Microsoft (with an s). By the name Microsoft, they took advantage and rebranded their business.
Microsoft's first headquarters was in Albuquerque, New Mexico, because it was more affordable than the Pacific Northwest where the co-founders grew up.
By November 1977, the company had gained immense popularity by developing the first IBM PC under contract. IBM, which was seeking a PC operating system, was impressed by Microsoft's capabilities","{""do_sample"": true, ""temperature"": 1.0, ""top_p"": 0.95, ""top_k"": 50, ""repetition_penalty"": 1.0, ""max_new_tokens"": 128}"
bytekgwV6,5.0,1,1313,79,79,John Beilein and the Michigan Wolverines are one win away from a national title. On Saturday the Wolverines knocked off ,"John Beilein and the Michigan Wolverines are one win away from a national title. On Saturday the Wolverines knocked off 4-seed Oregon in the Elite Eight, advancing to their first championship game appearance under Beilein.
Michigan's offense was led by senior guard Caris LeVert, who finished with 22 points. Guards Spike Albrecht and Spike Johnson added 12 and 11 points, respectively.
On the defensive end, the Wolverines held back the Ducks' potent offense, which averaged over 84 points a game. Michigan's defense was led by 7-1 freshman big man Moritz Wagner, who had three blocks.
The Wolverines held on for a 71-63 win to improve to 26-11 on the season","4-seed Oregon in the Elite Eight, advancing to their first championship game appearance under Beilein.
Michigan's offense was led by senior guard Caris LeVert, who finished with 22 points. Guards Spike Albrecht and Spike Johnson added 12 and 11 points, respectively.
On the defensive end, the Wolverines held back the Ducks' potent offense, which averaged over 84 points a game. Michigan's defense was led by 7-1 freshman big man Moritz Wagner, who had three blocks.
The Wolverines held on for a 71-63 win to improve to 26-11 on the season","{""do_sample"": true, ""temperature"": 1.0, ""top_p"": 0.95, ""top_k"": 50, ""repetition_penalty"": 1.0, ""max_new_tokens"": 128}"
bytekgwV6,5.0,1,1315,81,81,Two Democratic state representatives from South Florida said Thursday that they've gathered with 33 colleagues to file paperwork with the ,"Two Democratic state representatives from South Florida said Thursday that they've gathered with 33 colleagues to file paperwork with the 2022 gubernatorial candidate who they say can beat Florida Agriculture Commissioner and gubernatorial hopeful Nikki Fried.

According to WFLX-TV, the representatives have announced their endorsement for a potential candidate who they claim has the best chance at unseating Governor Ron DeSantis in 2022, citing Fried's inability to gather support within the state legislature.

""We want someone who is going to bring people together, not divide them,"" Rep. Stephanie Murphy, the top Democrat on the House Higher Education subcommittee and the most senior Democrat from Orlando, said. ""We need someone who is strong, someone who can articulate our message and someone who cares","2022 gubernatorial candidate who they say can beat Florida Agriculture Commissioner and gubernatorial hopeful Nikki Fried.

According to WFLX-TV, the representatives have announced their endorsement for a potential candidate who they claim has the best chance at unseating Governor Ron DeSantis in 2022, citing Fried's inability to gather support within the state legislature.

""We want someone who is going to bring people together, not divide them,"" Rep. Stephanie Murphy, the top Democrat on the House Higher Education subcommittee and the most senior Democrat from Orlando, said. ""We need someone who is strong, someone who can articulate our message and someone who cares","{""do_sample"": true, ""temperature"": 1.0, ""top_p"": 0.95, ""top_k"": 50, ""repetition_penalty"": 1.0, ""max_new_tokens"": 128}"
bytekgwV6,5.0,1,1317,83,83,"Hospitals are seeking ways to reduce readmissions, due to new penalties from Medicare. Demand for qualified professionals in the health ","Hospitals are seeking ways to reduce readmissions, due to new penalties from Medicare. Demand for qualified professionals in the health  care industry has never been higher. For over a decade, our Healthcare industry has seen unprecedented levels of growth, demand for qualified healthcare services and professionals continues.
We are seeing a shift towards accountable care, patient centered care, primary and preventive care which is fueling the need for healthcare professionals who can work together effectively to provide patient centered care.
Healthcare industry trends, that impact our services and solutions.
We are also noticing a shift towards telemedicine and remote healthcare delivery which requires professionals with the necessary technology and information management skills. With the increasing demand for healthcare services and the aging population.
The healthcare industry has become increasingly complex with the need for"," care industry has never been higher. For over a decade, our Healthcare industry has seen unprecedented levels of growth, demand for qualified healthcare services and professionals continues.
We are seeing a shift towards accountable care, patient centered care, primary and preventive care which is fueling the need for healthcare professionals who can work together effectively to provide patient centered care.
Healthcare industry trends, that impact our services and solutions.
We are also noticing a shift towards telemedicine and remote healthcare delivery which requires professionals with the necessary technology and information management skills. With the increasing demand for healthcare services and the aging population.
The healthcare industry has become increasingly complex with the need for","{""do_sample"": true, ""temperature"": 1.0, ""top_p"": 0.95, ""top_k"": 50, ""repetition_penalty"": 1.0, ""max_new_tokens"": 128}"
bytekgwV6,5.0,1,1319,85,85,"OK!'s NYC Fashion Week Blog: Gwen Stefani's L.A.M.B. Can’t make it to NYC for Fashion Week? Don’t worry, OK!’s got ","OK!'s NYC Fashion Week Blog: Gwen Stefani's L.A.M.B. Can’t make it to NYC for Fashion Week? Don’t worry, OK!’s got 411! Check out our daily...
OK!'s NYC Fashion Week Blog: Anne Klein - We're live on site at Anne Klein, where designers Anne Klein and Stuart Weitzman are sending out some...
We're Not Worthy! Celebrities Rock the Red Carpet for Met Ball 2008 - The fashion gods were definitely shining at the 2008...
OK!'s NYC Fashion Week Blog: Vera Wang The Queen of Ice and Fire herself, Vera Wang was in NYC for Fashion Week, and we were right...
Gisele Bündchen Branded As 'Most Expensive Supermodel' By Daily Telegraph - A new report by","411! Check out our daily...
OK!'s NYC Fashion Week Blog: Anne Klein - We're live on site at Anne Klein, where designers Anne Klein and Stuart Weitzman are sending out some...
We're Not Worthy! Celebrities Rock the Red Carpet for Met Ball 2008 - The fashion gods were definitely shining at the 2008...
OK!'s NYC Fashion Week Blog: Vera Wang The Queen of Ice and Fire herself, Vera Wang was in NYC for Fashion Week, and we were right...
Gisele Bündchen Branded As 'Most Expensive Supermodel' By Daily Telegraph - A new report by","{""do_sample"": true, ""temperature"": 1.0, ""top_p"": 0.95, ""top_k"": 50, ""repetition_penalty"": 1.0, ""max_new_tokens"": 128}"
bytekgwV6,5.0,1,1321,87,87,"FILE - Guinea security forces, center, face people rioting and burning rubbish and other goods in the streets of Conakry, ","FILE - Guinea security forces, center, face people rioting and burning rubbish and other goods in the streets of Conakry, 24 December 2020, amid the economic and social crisis.
The economic crisis in Guinea continues to unfold, with the government announcing plans to devalue the local currency and increase the cost of fuel, electricity, and other services. In response to the crisis, the United Nations is providing support to the government, the International Organization for Migration (IOM) announced Thursday.

""The UN and other partners, including IOM, have pledged significant resources and support to address the social and humanitarian impacts of the crisis, particularly affecting some 1.3 million vulnerable people,"" IOM Director-General, Antonio Vigilante, stated.

The economic turmoil in","24 December 2020, amid the economic and social crisis.
The economic crisis in Guinea continues to unfold, with the government announcing plans to devalue the local currency and increase the cost of fuel, electricity, and other services. In response to the crisis, the United Nations is providing support to the government, the International Organization for Migration (IOM) announced Thursday.

""The UN and other partners, including IOM, have pledged significant resources and support to address the social and humanitarian impacts of the crisis, particularly affecting some 1.3 million vulnerable people,"" IOM Director-General, Antonio Vigilante, stated.

The economic turmoil in","{""do_sample"": true, ""temperature"": 1.0, ""top_p"": 0.95, ""top_k"": 50, ""repetition_penalty"": 1.0, ""max_new_tokens"": 128}"
bytekgwV6,5.0,1,1323,89,89,Sunday's college basketball roundup: No. 8 N.C. State women stay unbeaten with rout at U.Va. Do conference hoops tournaments hinder ,"Sunday's college basketball roundup: No. 8 N.C. State women stay unbeaten with rout at U.Va. Do conference hoops tournaments hinder 2nd-round exits in NCAA... Hokies' Blackshear has a second foot operation Hokies' Perry, Fuerttes to miss some games Friday's NCAA tournament roundup: Virginia tops Coastal Carolina; Ohio State beats Syracuse How will Coastal Carolina prepare for the Cavaliers and... More than 100 college players have opted out of the NCAA...
Sunday's local results from NCAA tournament
Friday night's NCAA tournament roundup: Virginia advances to Saturday; Ohio State beats Syracuse
Hokies' Starros' strong game not enough
Hokies' Blackshear has a second foot operation
Sunday's local results from NCAA tournament
Friday night's NCAA","2nd-round exits in NCAA... Hokies' Blackshear has a second foot operation Hokies' Perry, Fuerttes to miss some games Friday's NCAA tournament roundup: Virginia tops Coastal Carolina; Ohio State beats Syracuse How will Coastal Carolina prepare for the Cavaliers and... More than 100 college players have opted out of the NCAA...
Sunday's local results from NCAA tournament
Friday night's NCAA tournament roundup: Virginia advances to Saturday; Ohio State beats Syracuse
Hokies' Starros' strong game not enough
Hokies' Blackshear has a second foot operation
Sunday's local results from NCAA tournament
Friday night's NCAA","{""do_sample"": true, ""temperature"": 1.0, ""top_p"": 0.95, ""top_k"": 50, ""repetition_penalty"": 1.0, ""max_new_tokens"": 128}"
bytekgwV6,5.0,1,1325,91,91,“All the gold names have been pretty much getting hammered both on the credit side and the equity side for ,"“All the gold names have been pretty much getting hammered both on the credit side and the equity side for 2019, but a lot of those names are looking undervalued and we should see some snapback from here.”
– Jon Osborn, investment banker at JP Morgan
Market Commentary for January 13, 2019:
U.S. stocks fell on Friday as investors remained cautious after the government released weaker than expected retail sales data. The Dow Jones Industrial Average (DJIA) fell 0.7% to 24,517 while the S&P 500 dropped 0.8% to 2,621 and the Nasdaq Composite lost 1.0% to 6,954.
The retail sales report showed a","2019, but a lot of those names are looking undervalued and we should see some snapback from here.”
– Jon Osborn, investment banker at JP Morgan
Market Commentary for January 13, 2019:
U.S. stocks fell on Friday as investors remained cautious after the government released weaker than expected retail sales data. The Dow Jones Industrial Average (DJIA) fell 0.7% to 24,517 while the S&P 500 dropped 0.8% to 2,621 and the Nasdaq Composite lost 1.0% to 6,954.
The retail sales report showed a","{""do_sample"": true, ""temperature"": 1.0, ""top_p"": 0.95, ""top_k"": 50, ""repetition_penalty"": 1.0, ""max_new_tokens"": 128}"
bytekgwV6,5.0,1,1327,93,93,"Customers line up to purchase lottery tickets, Monday, Oct. 22, 2018, at La Preferida Superdiscount store in Hialeah, Fla. For ","Customers line up to purchase lottery tickets, Monday, Oct. 22, 2018, at La Preferida Superdiscount store in Hialeah, Fla. For 13 years, the Florida Lottery's $30 million jackpot was never claimed. That was until last year when a player finally won the prize.
MIAMI (AP) – The Florida Lottery's $30 million jackpot was never claimed for 13 years – the longest unclaimed prize in the lottery's history – before a player eventually came forward last year to collect the winnings, lottery officials announced Tuesday.","13 years, the Florida Lottery's $30 million jackpot was never claimed. That was until last year when a player finally won the prize.
MIAMI (AP) – The Florida Lottery's $30 million jackpot was never claimed for 13 years – the longest unclaimed prize in the lottery's history – before a player eventually came forward last year to collect the winnings, lottery officials announced Tuesday.","{""do_sample"": true, ""temperature"": 1.0, ""top_p"": 0.95, ""top_k"": 50, ""repetition_penalty"": 1.0, ""max_new_tokens"": 128}"
bytekgwV6,5.0,1,1329,95,95,There're no feet like happy feet and these Rechargeable Heated Slippers will ensure your feet are always happy. Just slip ,"There're no feet like happy feet and these Rechargeable Heated Slippers will ensure your feet are always happy. Just slip  your feet into these soft, warm and cozy sleepers and get ready to relax like there's no tomorrow. The heating element will ensure your toes, soles and arches get the warmth they're seeking. Perfect for after a long day, during the night or even at the beach, these slippers offer a comfortable and enjoyable heat therapy experience for your tired feet. So get ready to kick back and relax like there's no cold feet about it!
Warm up after a long day with these Rechargeable Heated Slippers, designed to provide soothing heat to your toes, soles, and arches.
Built-in rechargeable heating"," your feet into these soft, warm and cozy sleepers and get ready to relax like there's no tomorrow. The heating element will ensure your toes, soles and arches get the warmth they're seeking. Perfect for after a long day, during the night or even at the beach, these slippers offer a comfortable and enjoyable heat therapy experience for your tired feet. So get ready to kick back and relax like there's no cold feet about it!
Warm up after a long day with these Rechargeable Heated Slippers, designed to provide soothing heat to your toes, soles, and arches.
Built-in rechargeable heating","{""do_sample"": true, ""temperature"": 1.0, ""top_p"": 0.95, ""top_k"": 50, ""repetition_penalty"": 1.0, ""max_new_tokens"": 128}"
bytekgwV6,5.0,1,1331,97,97,"When Katherine Gotovsky sees a problem, her response is immediate. The gears in her 17-year-old mind start working away, determined ","When Katherine Gotovsky sees a problem, her response is immediate. The gears in her 17-year-old mind start working away, determined  to find a solution.
This drive and entrepreneurial spirit helped Katherine, a student at the Bronx International High School, win a top prize in this year's National Geographic GeoBuzz contest. The competition, which ran from November to December, asked students across the United States to come up with innovative projects addressing real-world problems.
For her winning project, Katherine, a senior at the Bronx high school, proposed a smart trash can design that utilizes sensors and artificial intelligence to track waste levels and optimize recycling.
""It's a big issue, and I think it's something we can work on to make a change,"" Katherine said about the prevalence of waste and lack"," to find a solution.
This drive and entrepreneurial spirit helped Katherine, a student at the Bronx International High School, win a top prize in this year's National Geographic GeoBuzz contest. The competition, which ran from November to December, asked students across the United States to come up with innovative projects addressing real-world problems.
For her winning project, Katherine, a senior at the Bronx high school, proposed a smart trash can design that utilizes sensors and artificial intelligence to track waste levels and optimize recycling.
""It's a big issue, and I think it's something we can work on to make a change,"" Katherine said about the prevalence of waste and lack","{""do_sample"": true, ""temperature"": 1.0, ""top_p"": 0.95, ""top_k"": 50, ""repetition_penalty"": 1.0, ""max_new_tokens"": 128}"
bytekgwV6,5.0,1,1333,99,99,"A rocket attack by ISIS militants in northern Syria caused symptoms of “chemical gas” in 22 Syrian rebels, state media ","A rocket attack by ISIS militants in northern Syria caused symptoms of “chemical gas” in 22 Syrian rebels, state media  reported.
The attack occurred late on Sunday, when ISIS fighters fired rockets at positions held by the Nusra Front rebel group near the city of Jarabulus, which lies near the Turkish border.
The Nusra Front, which is linked to Al-Qaeda and is considered a terrorist organization by the US, denied any casualties in the attack, but the incident was confirmed by other Syrian rebels who fought against the terrorist organization.
The 22 injured rebels were treated in local field hospitals and showed signs of exposure to chemical gas, although it is not clear whether they had actually suffered from exposure to chemical weapons or had other injuries.
The attack has sparked a"," reported.
The attack occurred late on Sunday, when ISIS fighters fired rockets at positions held by the Nusra Front rebel group near the city of Jarabulus, which lies near the Turkish border.
The Nusra Front, which is linked to Al-Qaeda and is considered a terrorist organization by the US, denied any casualties in the attack, but the incident was confirmed by other Syrian rebels who fought against the terrorist organization.
The 22 injured rebels were treated in local field hospitals and showed signs of exposure to chemical gas, although it is not clear whether they had actually suffered from exposure to chemical weapons or had other injuries.
The attack has sparked a","{""do_sample"": true, ""temperature"": 1.0, ""top_p"": 0.95, ""top_k"": 50, ""repetition_penalty"": 1.0, ""max_new_tokens"": 128}"
bytekgwV6,5.0,1,1335,101,101,And yet the Cardinals are in position to complete a three-game sweep of the Cubs on Sunday night after erasing ,"And yet the Cardinals are in position to complete a three-game sweep of the Cubs on Sunday night after erasing 1-1 deficits to win the past two nights at Nationals Park in Washington D.... Read More.
The St. Louis Cardinals and Milwaukee Brewers were heading to the bottom of the 9th inning, with the Brewers leading by two runs, when the rain started pouring.... Read More.
Chicago's Kyle Hendricks (4-4, 4.36) faces St. Louis Cardinals pitcher Jack Flaherty (4-3, 4... The Cardinals rallied from an 8-0 deficit to defeat the Cubs 13-10 in 10 innings.... Read More.
The Chicago Cubs have won eight of their last","1-1 deficits to win the past two nights at Nationals Park in Washington D.... Read More.
The St. Louis Cardinals and Milwaukee Brewers were heading to the bottom of the 9th inning, with the Brewers leading by two runs, when the rain started pouring.... Read More.
Chicago's Kyle Hendricks (4-4, 4.36) faces St. Louis Cardinals pitcher Jack Flaherty (4-3, 4... The Cardinals rallied from an 8-0 deficit to defeat the Cubs 13-10 in 10 innings.... Read More.
The Chicago Cubs have won eight of their last","{""do_sample"": true, ""temperature"": 1.0, ""top_p"": 0.95, ""top_k"": 50, ""repetition_penalty"": 1.0, ""max_new_tokens"": 128}"
bytekgwV6,5.0,1,1337,103,103,LUCERNE VALLEY — A motorist on Thursday morning found the body of a bicyclist who had been struck by a ,"LUCERNE VALLEY — A motorist on Thursday morning found the body of a bicyclist who had been struck by a 18-wheeler on the northbound I-15 freeway, authorities said.
The body was discovered in the northbound No. 3 traffic lane at approximately 8:15 a.m. near milepost 243, the Lucerne Valley Sheriff's Station said. Deputies and emergency responders responded to the scene.
The San Bernardino County Coroner's Office was notified, and an investigation into the identity of the deceased and the cause of the collision was started. No other information was provided about the victim or the crash.
All traffic was temporarily held while deputies investigated and cleared the scene, the sheriff's station reported. I-15 was","18-wheeler on the northbound I-15 freeway, authorities said.
The body was discovered in the northbound No. 3 traffic lane at approximately 8:15 a.m. near milepost 243, the Lucerne Valley Sheriff's Station said. Deputies and emergency responders responded to the scene.
The San Bernardino County Coroner's Office was notified, and an investigation into the identity of the deceased and the cause of the collision was started. No other information was provided about the victim or the crash.
All traffic was temporarily held while deputies investigated and cleared the scene, the sheriff's station reported. I-15 was","{""do_sample"": true, ""temperature"": 1.0, ""top_p"": 0.95, ""top_k"": 50, ""repetition_penalty"": 1.0, ""max_new_tokens"": 128}"
bytekgwV6,5.0,1,1339,105,105,"TOPEKA, Kan. (WIBW) -- With a snowstorm (and possible blizzard) moving, many of us will spend Sunday indoors. And, while ","TOPEKA, Kan. (WIBW) -- With a snowstorm (and possible blizzard) moving, many of us will spend Sunday indoors. And, while 14News and our crews won't be on the roads, you can count on us for updates on the latest developments.
We've put together a roundup of some indoor activities and events that might help make your day a bit more enjoyable.
Showcase Cinema offers a ""Winter Blues Special,"" with tickets starting at just 50 cents.
The Stormy Koffee House in Topeka has an open jam session from 12pm-4pm, where you're welcome to join in or simply relax and enjoy some coffee and snacks.
Fossil Creek Saloon will have trivia night starting at 7pm.
And if you're looking for something","14News and our crews won't be on the roads, you can count on us for updates on the latest developments.
We've put together a roundup of some indoor activities and events that might help make your day a bit more enjoyable.
Showcase Cinema offers a ""Winter Blues Special,"" with tickets starting at just 50 cents.
The Stormy Koffee House in Topeka has an open jam session from 12pm-4pm, where you're welcome to join in or simply relax and enjoy some coffee and snacks.
Fossil Creek Saloon will have trivia night starting at 7pm.
And if you're looking for something","{""do_sample"": true, ""temperature"": 1.0, ""top_p"": 0.95, ""top_k"": 50, ""repetition_penalty"": 1.0, ""max_new_tokens"": 128}"
bytekgwV6,5.0,1,1341,107,107,"Rockland — Maine-based nonprofit WindowDressers coordinates community volunteers to build affordable, re-usable, interior insulating window inserts that tighten up existing ","Rockland — Maine-based nonprofit WindowDressers coordinates community volunteers to build affordable, re-usable, interior insulating window inserts that tighten up existing 3-pane wooden or metal windows, reducing heat loss and energy bills for low-income homeowners.
WindowDressers, founded in 2012, works with local partners and volunteers to provide the inserts, which can improve a home's energy efficiency by up to 30%. The organization's efforts aim to help eligible homeowners reduce their energy expenses by providing free or low-cost inserts, which can increase property values and provide long-lasting benefits.
The nonprofit will be hosting community workshops on Saturday, Sept. 18, at 9:30 a.m., and Tuesday, Oct. 12, at 5:30 p.m., at the Rock","3-pane wooden or metal windows, reducing heat loss and energy bills for low-income homeowners.
WindowDressers, founded in 2012, works with local partners and volunteers to provide the inserts, which can improve a home's energy efficiency by up to 30%. The organization's efforts aim to help eligible homeowners reduce their energy expenses by providing free or low-cost inserts, which can increase property values and provide long-lasting benefits.
The nonprofit will be hosting community workshops on Saturday, Sept. 18, at 9:30 a.m., and Tuesday, Oct. 12, at 5:30 p.m., at the Rock","{""do_sample"": true, ""temperature"": 1.0, ""top_p"": 0.95, ""top_k"": 50, ""repetition_penalty"": 1.0, ""max_new_tokens"": 128}"
bytekgwV6,5.0,1,1343,109,109,"The Volstead Act was repealed on this date in 1933, returning control of alcohol to the states, and it was ","The Volstead Act was repealed on this date in 1933, returning control of alcohol to the states, and it was 15 years before any state completely outlawed the sale and consumption of liquor. The act, passed as the 18th Amendment to the Constitution on January 16, 1919, prohibited the production, sale, and transportation of intoxicating beverages for 13 years. In the early years, enforcement was largely left up to the states, but the act also established the Office of Prohibition, which was responsible for implementing federal laws aimed at preventing the sale or distribution of liquor.

On December 18, 1919, the first Prohibition Agent, John F. Knopf, took office, and during the next year, the","15 years before any state completely outlawed the sale and consumption of liquor. The act, passed as the 18th Amendment to the Constitution on January 16, 1919, prohibited the production, sale, and transportation of intoxicating beverages for 13 years. In the early years, enforcement was largely left up to the states, but the act also established the Office of Prohibition, which was responsible for implementing federal laws aimed at preventing the sale or distribution of liquor.

On December 18, 1919, the first Prohibition Agent, John F. Knopf, took office, and during the next year, the","{""do_sample"": true, ""temperature"": 1.0, ""top_p"": 0.95, ""top_k"": 50, ""repetition_penalty"": 1.0, ""max_new_tokens"": 128}"
bytekgwV6,5.0,1,1345,111,111,"Ronny Deila blamed a rutted, ploughed Hampden pitch for his side's failure to inflict League Cup embarrassment upon Rangers. Denying ","Ronny Deila blamed a rutted, ploughed Hampden pitch for his side's failure to inflict League Cup embarrassment upon Rangers. Denying 10-man Kilmarnock's hopes of a Hampden upset, the Gers dominated the second-half, with substitute Joe Dodoo scoring the winner from the penalty spot.
Rangers were the better side after Andy Halliday's 57th-minute red card for a challenge on Kyle Vassell, yet Deila insisted his players would have still prevailed even had the conditions been ideal.
""What's difficult to understand about the pitch is that we're the ones who trained on it all day and knew exactly how it was. We knew it was an uneven pitch,"" Deila fumed.
""When we played in the first minute, the ball","10-man Kilmarnock's hopes of a Hampden upset, the Gers dominated the second-half, with substitute Joe Dodoo scoring the winner from the penalty spot.
Rangers were the better side after Andy Halliday's 57th-minute red card for a challenge on Kyle Vassell, yet Deila insisted his players would have still prevailed even had the conditions been ideal.
""What's difficult to understand about the pitch is that we're the ones who trained on it all day and knew exactly how it was. We knew it was an uneven pitch,"" Deila fumed.
""When we played in the first minute, the ball","{""do_sample"": true, ""temperature"": 1.0, ""top_p"": 0.95, ""top_k"": 50, ""repetition_penalty"": 1.0, ""max_new_tokens"": 128}"
bytekgwV6,5.0,1,1347,113,113,Why do CEOs need extravagant perks even when they are firing staff and pleading for taxpayer bailouts? It may just ,"Why do CEOs need extravagant perks even when they are firing staff and pleading for taxpayer bailouts? It may just........................ that some CEOs think they're immune to the laws of the universe, and the less fortunate should shoulder the........................
Why do CEOs need extravagant perks even when they are firing staff and pleading for taxpayer bailouts? It may just be ridiculous (that some CEOs think they're immune to the laws of the universe, and the less fortunate should shoulder the load
The passage seems critical of CEOs who continue to enjoy their privileges and benefits even when their companies are experiencing financial difficulties and they are asking for help from taxpayers. The speaker suggests that these CEOs may have a sense of entitlement, believing they are above the normal consequences of their actions and","....................... that some CEOs think they're immune to the laws of the universe, and the less fortunate should shoulder the........................
Why do CEOs need extravagant perks even when they are firing staff and pleading for taxpayer bailouts? It may just be ridiculous (that some CEOs think they're immune to the laws of the universe, and the less fortunate should shoulder the load
The passage seems critical of CEOs who continue to enjoy their privileges and benefits even when their companies are experiencing financial difficulties and they are asking for help from taxpayers. The speaker suggests that these CEOs may have a sense of entitlement, believing they are above the normal consequences of their actions and","{""do_sample"": true, ""temperature"": 1.0, ""top_p"": 0.95, ""top_k"": 50, ""repetition_penalty"": 1.0, ""max_new_tokens"": 128}"
bytekgwV6,5.0,1,1349,115,115,Northeastern International Airways suspended service on all but one of its routes after an unsuccessful attempt to attract passengers with ,"Northeastern International Airways suspended service on all but one of its routes after an unsuccessful attempt to attract passengers with 1960s-style promotions and a vintage plane.
The Fort Worth, Texas-based airline announced Monday it would discontinue service on several routes and reduce the number of flights on others. But one route would be spared, and the airline's sole plane – a 1965 DC-3 – would continue flying.
The airline's attempts to attract passengers by offering ""Peace and love, man!"" and other 1960s-inspired promotions and activities, which debuted last summer, have not resulted in the hoped-for traffic growth, said airline officials.
""We're sad to announce this decision, but we can't ignore the facts,"" said Jane Smith,","1960s-style promotions and a vintage plane.
The Fort Worth, Texas-based airline announced Monday it would discontinue service on several routes and reduce the number of flights on others. But one route would be spared, and the airline's sole plane – a 1965 DC-3 – would continue flying.
The airline's attempts to attract passengers by offering ""Peace and love, man!"" and other 1960s-inspired promotions and activities, which debuted last summer, have not resulted in the hoped-for traffic growth, said airline officials.
""We're sad to announce this decision, but we can't ignore the facts,"" said Jane Smith,","{""do_sample"": true, ""temperature"": 1.0, ""top_p"": 0.95, ""top_k"": 50, ""repetition_penalty"": 1.0, ""max_new_tokens"": 128}"
bytekgwV6,5.0,1,1351,117,117,"DAVIDSON, N.C., Jan. 10, 2019 /PRNewswire/ -- Rocus Networks, a managed cybersecurity service provider for business, announced today that it ","DAVIDSON, N.C., Jan. 10, 2019 /PRNewswire/ -- Rocus Networks, a managed cybersecurity service provider for business, announced today that it  was selected by Davidson, Inc., the leading manufacturer and distributor of decorative hardware and lighting fixtures for the residential, architectural and hospitality industries, to provide a comprehensive, 24x7 managed cybersecurity service.

""We were thrilled to partner with Rocus Networks and leverage their industry-recognized cybersecurity expertise,"" said Randy Wetzel, IT Manager, Davidson, Inc. ""Rocus Networks' robust service offering and 24x7 monitoring and incident response capabilities have given us the peace of mind that we're protected from the increasing threats and vulnerabilities that exist today.""   Rocus Networks provides Davidson, Inc with a range of services that include network monitoring, vulnerability"," was selected by Davidson, Inc., the leading manufacturer and distributor of decorative hardware and lighting fixtures for the residential, architectural and hospitality industries, to provide a comprehensive, 24x7 managed cybersecurity service.

""We were thrilled to partner with Rocus Networks and leverage their industry-recognized cybersecurity expertise,"" said Randy Wetzel, IT Manager, Davidson, Inc. ""Rocus Networks' robust service offering and 24x7 monitoring and incident response capabilities have given us the peace of mind that we're protected from the increasing threats and vulnerabilities that exist today.""   Rocus Networks provides Davidson, Inc with a range of services that include network monitoring, vulnerability","{""do_sample"": true, ""temperature"": 1.0, ""top_p"": 0.95, ""top_k"": 50, ""repetition_penalty"": 1.0, ""max_new_tokens"": 128}"
bytekgwV6,5.0,1,1353,119,119,McDonald’s jumped 5.3 percent after the world’s biggest fast-food chain by revenue topped analysts’ forecasts for profit and sales. Shares ,"McDonald’s jumped 5.3 percent after the world’s biggest fast-food chain by revenue topped analysts’ forecasts for profit and sales. Shares 2022, 2025 and 2027. To. 2023, 2030 and 2035. 2021, 2022 and 2025. Please enter your details in the form to the right or call us with any questions. Share:... (McDonald's and Papa John's are) the two biggest fast-food brands and they're trading near all-time Highs,”.
The fast-food company, owned by the Golden Arches of Arabia, has announced the launch of the new ""Biggest Mac"" sandwich, a monster burger that. McDonald's Corporation (MCD) reported quarterly revenue above","2022, 2025 and 2027. To. 2023, 2030 and 2035. 2021, 2022 and 2025. Please enter your details in the form to the right or call us with any questions. Share:... (McDonald's and Papa John's are) the two biggest fast-food brands and they're trading near all-time Highs,”.
The fast-food company, owned by the Golden Arches of Arabia, has announced the launch of the new ""Biggest Mac"" sandwich, a monster burger that. McDonald's Corporation (MCD) reported quarterly revenue above","{""do_sample"": true, ""temperature"": 1.0, ""top_p"": 0.95, ""top_k"": 50, ""repetition_penalty"": 1.0, ""max_new_tokens"": 128}"
bytekgwV6,5.0,1,1355,121,121,Hull - Where the US goes the UK often follows. This is especially true of negatives. If the US has ,"Hull - Where the US goes the UK often follows. This is especially true of negatives. If the US has 2-3 years of a severe economic downturn, the UK will soon enough follow. And with the sub-prime mortgage mess in the US, it seems only a matter of time before the UK's own housing market follows suit.
For investors seeking capital appreciation, the UK is a good choice. With interest rates at an historic low, it's a great time for borrowers. And the Bank of England has hinted it may loosen monetary policy further to ward off the threat of deflation. This should help stimulate borrowing and spending. In a low yield world, UK bonds offer a relatively attractive yield.
But for income seekers, caution is advised.","2-3 years of a severe economic downturn, the UK will soon enough follow. And with the sub-prime mortgage mess in the US, it seems only a matter of time before the UK's own housing market follows suit.
For investors seeking capital appreciation, the UK is a good choice. With interest rates at an historic low, it's a great time for borrowers. And the Bank of England has hinted it may loosen monetary policy further to ward off the threat of deflation. This should help stimulate borrowing and spending. In a low yield world, UK bonds offer a relatively attractive yield.
But for income seekers, caution is advised.","{""do_sample"": true, ""temperature"": 1.0, ""top_p"": 0.95, ""top_k"": 50, ""repetition_penalty"": 1.0, ""max_new_tokens"": 128}"
bytekgwV6,5.0,1,1357,123,123,"GRANT COUNTY, N.M. - ""Everywhere I go, the kids call me the book lady,"" Dolly Parton said. She may be ","GRANT COUNTY, N.M. - ""Everywhere I go, the kids call me the book lady,"" Dolly Parton said. She may be 71 years old and a global superstar, but for the children of Seepu Canyon Daycare in Cibola County, she's just the person who's changing their lives.
Dolly Parton and the Seepus Canyon Daycare.
Dolly Parton and the Seepus Canyon Daycare.
Dolly Parton and the Seepus Canyon Daycare.
Dolly Parton and the Seepus Canyon Daycare.
Dolly Parton and the Seepus Canyon Daycare.
Parton visited the Seepu Canyon Daycare in Cibola County on Monday, as part of her Imagination Library's program","71 years old and a global superstar, but for the children of Seepu Canyon Daycare in Cibola County, she's just the person who's changing their lives.
Dolly Parton and the Seepus Canyon Daycare.
Dolly Parton and the Seepus Canyon Daycare.
Dolly Parton and the Seepus Canyon Daycare.
Dolly Parton and the Seepus Canyon Daycare.
Dolly Parton and the Seepus Canyon Daycare.
Parton visited the Seepu Canyon Daycare in Cibola County on Monday, as part of her Imagination Library's program","{""do_sample"": true, ""temperature"": 1.0, ""top_p"": 0.95, ""top_k"": 50, ""repetition_penalty"": 1.0, ""max_new_tokens"": 128}"
bytekgwV6,5.0,1,1359,125,125,"While many restaurants in New York City have close relationships with farmers, and boast unimpeachable farm-to-table ethics, far fewer have ","While many restaurants in New York City have close relationships with farmers, and boast unimpeachable farm-to-table ethics, far fewer have 500 acres of their own farmland, right here in New York State. But that's the case for Good Fortune Farm in Hudson Valley, which is the brainchild of chef and farmer, Jeremy Adams. Adams founded the farm in 2012 after working at some of the top restaurants in the city, and has been supplying ingredients to several prominent NYC eateries ever since.
This Saturday, Good Fortune Farm is hosting an event at their farm stand, where they'll be celebrating the harvest with fresh produce, fresh eggs, and even fresh-made pasta. Chef-turned-farmer, Jeremy Adams, will also be on site, sharing his expertise","500 acres of their own farmland, right here in New York State. But that's the case for Good Fortune Farm in Hudson Valley, which is the brainchild of chef and farmer, Jeremy Adams. Adams founded the farm in 2012 after working at some of the top restaurants in the city, and has been supplying ingredients to several prominent NYC eateries ever since.
This Saturday, Good Fortune Farm is hosting an event at their farm stand, where they'll be celebrating the harvest with fresh produce, fresh eggs, and even fresh-made pasta. Chef-turned-farmer, Jeremy Adams, will also be on site, sharing his expertise","{""do_sample"": true, ""temperature"": 1.0, ""top_p"": 0.95, ""top_k"": 50, ""repetition_penalty"": 1.0, ""max_new_tokens"": 128}"
bytekgwV6,5.0,1,1361,127,127,T-Mobile has just rolled out a service called HotSpot @Homethat allows you to use a WiFi-enabled cell phone to make ,"T-Mobile has just rolled out a service called HotSpot @Homethat allows you to use a WiFi-enabled cell phone to make 3G or HSPA (High Speed Packet Access) internet calls from your own home.
The new service uses the 850 and 1800 MHz spectrum, which allows for a much stronger connection than traditional cell phone calls. With the service, customers can make video and audio calls over the internet from their own home using special adapters and software.
T-Mobile is offering the service to select users who can apply through their website. The service uses the Google Voice integration and allows users to make calls over the internet from any device, not just their cell phones.
This new service marks the first steps towards the development of next-generation voice-over-IP","3G or HSPA (High Speed Packet Access) internet calls from your own home.
The new service uses the 850 and 1800 MHz spectrum, which allows for a much stronger connection than traditional cell phone calls. With the service, customers can make video and audio calls over the internet from their own home using special adapters and software.
T-Mobile is offering the service to select users who can apply through their website. The service uses the Google Voice integration and allows users to make calls over the internet from any device, not just their cell phones.
This new service marks the first steps towards the development of next-generation voice-over-IP","{""do_sample"": true, ""temperature"": 1.0, ""top_p"": 0.95, ""top_k"": 50, ""repetition_penalty"": 1.0, ""max_new_tokens"": 128}"
bytekgwV6,5.0,1,1363,129,129,"""Oh, you are stuck on homework problem number 13? I found a solution on YouTube. That helped a lot. Just ","""Oh, you are stuck on homework problem number 13? I found a solution on YouTube. That helped a lot. Just 15 minutes and voilà!"" said my friend, who's a bright and resourceful student.

We all face obstacles while learning new skills or concepts. In the digital age, we often turn to the internet for help, and YouTube is a go-to platform for finding solutions. Educational channels on the platform have exploded, offering a vast library of video content that can aid students and educators in their academic pursuits.

However, the benefits of these channels go beyond solving specific problems or explaining abstract concepts. Here are some additional advantages:

1. **Improved engagement**: Educational YouTube channels offer an engaging way for students to learn by making complex topics interactive and","15 minutes and voilà!"" said my friend, who's a bright and resourceful student.

We all face obstacles while learning new skills or concepts. In the digital age, we often turn to the internet for help, and YouTube is a go-to platform for finding solutions. Educational channels on the platform have exploded, offering a vast library of video content that can aid students and educators in their academic pursuits.

However, the benefits of these channels go beyond solving specific problems or explaining abstract concepts. Here are some additional advantages:

1. **Improved engagement**: Educational YouTube channels offer an engaging way for students to learn by making complex topics interactive and","{""do_sample"": true, ""temperature"": 1.0, ""top_p"": 0.95, ""top_k"": 50, ""repetition_penalty"": 1.0, ""max_new_tokens"": 128}"
bytekgwV6,5.0,1,1365,131,131,Up to an inch of snow is likely on the Eastern Shore and up into Sussex County Friday afternoon. Below-freezing ,"Up to an inch of snow is likely on the Eastern Shore and up into Sussex County Friday afternoon. Below-freezing  temperatures tonight could bring some icy roads and slick spots by Friday night into Saturday morning, the National Weather Service advises
Here's the latest forecast:
A Winter Storm Watch remains in effect for Kent, New Castle, and Sussex counties, and the surrounding areas through late tonight.  A low-pressure system moving offshore today could bring  an inch or less of new snow and sleet, with some spots possibly seeing more snow than others. Timing wise, the heaviest snow and sleet look like it'll hit around 3-7 pm Friday.
Some other details to note include:
- As of Friday, the weather pattern should"," temperatures tonight could bring some icy roads and slick spots by Friday night into Saturday morning, the National Weather Service advises
Here's the latest forecast:
A Winter Storm Watch remains in effect for Kent, New Castle, and Sussex counties, and the surrounding areas through late tonight.  A low-pressure system moving offshore today could bring  an inch or less of new snow and sleet, with some spots possibly seeing more snow than others. Timing wise, the heaviest snow and sleet look like it'll hit around 3-7 pm Friday.
Some other details to note include:
- As of Friday, the weather pattern should","{""do_sample"": true, ""temperature"": 1.0, ""top_p"": 0.95, ""top_k"": 50, ""repetition_penalty"": 1.0, ""max_new_tokens"": 128}"
bytekgwV6,5.0,1,1367,133,133,"It’s dense, interesting, weird and funny, but what it’s all wrapped around is another “Chosen One” story that really feels ","It’s dense, interesting, weird and funny, but what it’s all wrapped around is another “Chosen One” story that really feels 30 years past its expiration date. The result feels like that uncle who just can't seem to get on with modern technology, despite his best intentions.
What a load of b.s. That's not a critique, it's just a random thought that popped into my head while reading the article.
What a load of b.s. That's not a critique, it's just a random thought that popped into my head while reading the article.
It seems like some people might call your thought a ""pithy summary""
It seems like some people might call your thought a ""pithy summary""
I like that phrase!
Now my thoughts","30 years past its expiration date. The result feels like that uncle who just can't seem to get on with modern technology, despite his best intentions.
What a load of b.s. That's not a critique, it's just a random thought that popped into my head while reading the article.
What a load of b.s. That's not a critique, it's just a random thought that popped into my head while reading the article.
It seems like some people might call your thought a ""pithy summary""
It seems like some people might call your thought a ""pithy summary""
I like that phrase!
Now my thoughts","{""do_sample"": true, ""temperature"": 1.0, ""top_p"": 0.95, ""top_k"": 50, ""repetition_penalty"": 1.0, ""max_new_tokens"": 128}"
bytekgwV6,5.0,1,1369,135,135,"Maddie Hinch and her England team-mates should be proud of their Hockey Women’s World Cup exploits, according to their head ","Maddie Hinch and her England team-mates should be proud of their Hockey Women’s World Cup exploits, according to their head  coach, Mark Hager.
The Roses finished their tournament campaign on Saturday, losing 4-0 to Netherlands, the eventual champions.
While defeat was a disappointing way for England to bow out, Hager said: “I think our players have been fantastic. I don’t want the game (Netherlands) defined them as this World Cup.
“From where we started, to where we ended, there has been a massive improvement. We played some really good hockey throughout the tournament, and I am really proud of our girls.
“They should hold their heads high and be proud of the way they  performed. We"," coach, Mark Hager.
The Roses finished their tournament campaign on Saturday, losing 4-0 to Netherlands, the eventual champions.
While defeat was a disappointing way for England to bow out, Hager said: “I think our players have been fantastic. I don’t want the game (Netherlands) defined them as this World Cup.
“From where we started, to where we ended, there has been a massive improvement. We played some really good hockey throughout the tournament, and I am really proud of our girls.
“They should hold their heads high and be proud of the way they  performed. We","{""do_sample"": true, ""temperature"": 1.0, ""top_p"": 0.95, ""top_k"": 50, ""repetition_penalty"": 1.0, ""max_new_tokens"": 128}"
bytekgwV6,5.0,1,1371,137,137,"Anna C. Christensen has been a supporter of family planning since high school, when she stuffed envelopes as a volunteer ","Anna C. Christensen has been a supporter of family planning since high school, when she stuffed envelopes as a volunteer 27 years ago for the Planned Parenthood organization. She has been actively involved with the organization ever since, serving on the board and playing a crucial role in the movement for sexual health and family planning.
Christensen has dedicated her professional life to working with non-profit organizations focused on women’s and healthcare issues. She served as the Executive Director of the Family Planning Council in Pennsylvania for five years, where she was the primary fundraiser and strategic planner for the organization.
She has been instrumental in securing funding for family planning programs and increasing public awareness of the importance of reproductive health care for women. She is known for her creative approach to fundraising, including developing innovative","27 years ago for the Planned Parenthood organization. She has been actively involved with the organization ever since, serving on the board and playing a crucial role in the movement for sexual health and family planning.
Christensen has dedicated her professional life to working with non-profit organizations focused on women’s and healthcare issues. She served as the Executive Director of the Family Planning Council in Pennsylvania for five years, where she was the primary fundraiser and strategic planner for the organization.
She has been instrumental in securing funding for family planning programs and increasing public awareness of the importance of reproductive health care for women. She is known for her creative approach to fundraising, including developing innovative","{""do_sample"": true, ""temperature"": 1.0, ""top_p"": 0.95, ""top_k"": 50, ""repetition_penalty"": 1.0, ""max_new_tokens"": 128}"
bytekgwV6,5.0,1,1373,139,139,Jesse Winker will undergo season-ending shoulder surgery. He was batting .299 this year with 7 homers and 43 RBI. Throughout ,"Jesse Winker will undergo season-ending shoulder surgery. He was batting.299 this year with 7 homers and 43 RBI. Throughout 2020 and 2021, he has batted above the average major league player, which is around.248.
Jesse Winker will undergo shoulder surgery and will be out for the remainder of the year, it was revealed today by the Cincinnati Reds. Although the injury was known about for some time, the exact diagnosis and treatment plan has now been shared.
Winker, who turns out to wear the No. 33 jersey, has hit.299, which puts him at the top for players with more than 400 plate appearances in the 2022 major league season. His average has been above.248, the average for","2020 and 2021, he has batted above the average major league player, which is around.248.
Jesse Winker will undergo shoulder surgery and will be out for the remainder of the year, it was revealed today by the Cincinnati Reds. Although the injury was known about for some time, the exact diagnosis and treatment plan has now been shared.
Winker, who turns out to wear the No. 33 jersey, has hit.299, which puts him at the top for players with more than 400 plate appearances in the 2022 major league season. His average has been above.248, the average for","{""do_sample"": true, ""temperature"": 1.0, ""top_p"": 0.95, ""top_k"": 50, ""repetition_penalty"": 1.0, ""max_new_tokens"": 128}"
bytekgwV6,5.0,1,1375,141,141,Combined company will make Chevron second-largest petroleum producer in the world. The combined company will remain far behind Exxon Mobil ,"Combined company will make Chevron second-largest petroleum producer in the world. The combined company will remain far behind Exxon Mobil 3rd Largest Petroleum Producer in the...
Walmart acquires Cornershop to enhance grocery pickup services Walmart announced the acquisition of Cornershop, a Latin American grocery delivery firm, to enhance grocery pickup services for customers. Cornershop is a Chilean...
LVMH acquires a minority stake in the Swedish fashion brand – By Off-White LVMH (Moët Hennessy Louis Vuitton) acquired a minority stake in the Swedish fashion brand By Off-White, a popular streetwear brand founded by Swedish creative director Virgil Abloh. The partnership will...
Uber and Grab invest millions of dollars to improve Indonesia","3rd Largest Petroleum Producer in the...
Walmart acquires Cornershop to enhance grocery pickup services Walmart announced the acquisition of Cornershop, a Latin American grocery delivery firm, to enhance grocery pickup services for customers. Cornershop is a Chilean...
LVMH acquires a minority stake in the Swedish fashion brand – By Off-White LVMH (Moët Hennessy Louis Vuitton) acquired a minority stake in the Swedish fashion brand By Off-White, a popular streetwear brand founded by Swedish creative director Virgil Abloh. The partnership will...
Uber and Grab invest millions of dollars to improve Indonesia","{""do_sample"": true, ""temperature"": 1.0, ""top_p"": 0.95, ""top_k"": 50, ""repetition_penalty"": 1.0, ""max_new_tokens"": 128}"
bytekgwV6,5.0,1,1377,143,143,"YOKOHAMA, Japan – Nissan Motor Co. announced it has licensed its Around View Monitor and Moving Object Detection technology, jointly ","YOKOHAMA, Japan – Nissan Motor Co. announced it has licensed its Around View Monitor and Moving Object Detection technology, jointly  developed with Japan-based Omron Corp., to various companies for use in their products.
The two companies first developed the technology, a 3-D imaging system that detects objects around vehicles, for use in Nissan's lineup. Since then, they have been working on licensing the technology to other industries, such as robotics and logistics.
The technology, which includes a 360-degree camera view, object detection and tracking, and alerts for potential hazards, is now available for licensing.
""We believe that this technology has the potential to be widely used not only in the automotive industry but also in other industries such as robotics, logistics and construction,"" Nissan Executive VP"," developed with Japan-based Omron Corp., to various companies for use in their products.
The two companies first developed the technology, a 3-D imaging system that detects objects around vehicles, for use in Nissan's lineup. Since then, they have been working on licensing the technology to other industries, such as robotics and logistics.
The technology, which includes a 360-degree camera view, object detection and tracking, and alerts for potential hazards, is now available for licensing.
""We believe that this technology has the potential to be widely used not only in the automotive industry but also in other industries such as robotics, logistics and construction,"" Nissan Executive VP","{""do_sample"": true, ""temperature"": 1.0, ""top_p"": 0.95, ""top_k"": 50, ""repetition_penalty"": 1.0, ""max_new_tokens"": 128}"
bytekgwV6,5.0,1,1379,145,145,A concrete slab and 10-foot high block walls with exposed rebar sit behind a chain link fence as an ugly ,"A concrete slab and 10-foot high block walls with exposed rebar sit behind a chain link fence as an ugly 1970s office building stands on the south corner of W. 13th Street and N. Van Buren Street, seen here from the north.
Architecture, Business District, Concrete Slabs, Exposed Rebar
A concrete slab and 10-foot high block walls with exposed rebar sit behind a chain link fence as an ugly 1970s office building stands on the south corner of W. 13th Street and N. Van Buren Street, seen here from the north.
Architecture, Business District, Concrete Slabs, Exposed Rebar
A concrete slab and 10-foot high block walls with exposed rebar","1970s office building stands on the south corner of W. 13th Street and N. Van Buren Street, seen here from the north.
Architecture, Business District, Concrete Slabs, Exposed Rebar
A concrete slab and 10-foot high block walls with exposed rebar sit behind a chain link fence as an ugly 1970s office building stands on the south corner of W. 13th Street and N. Van Buren Street, seen here from the north.
Architecture, Business District, Concrete Slabs, Exposed Rebar
A concrete slab and 10-foot high block walls with exposed rebar","{""do_sample"": true, ""temperature"": 1.0, ""top_p"": 0.95, ""top_k"": 50, ""repetition_penalty"": 1.0, ""max_new_tokens"": 128}"
bytekgwV6,5.0,1,1381,147,147,It may be noted that Air India's was the only service that plied between Madurai and Mumbai. Some passengers pointed ,"It may be noted that Air India's was the only service that plied between Madurai and Mumbai. Some passengers pointed outhat it was. India has finally done away with its embarrassing and confusing time. India s last flight between Madurai and Mumbai was. By train: There are many expresses and fast passenger trains connecting Mumbai and Madurai. India's AirAsia to fly daily flights between Mumbai, Madurai. List of all direct, connecting and offline domestic and international flights. India's second largest airline by passenger market share, SpiceJet, will connect Mumbai and. The airline has taken a significant leap forward by increasing frequency between Mumbai and Madurai to 3. Flights between Mumbai and Madurai. List of cities and airports in India. India will","outhat it was. India has finally done away with its embarrassing and confusing time. India s last flight between Madurai and Mumbai was. By train: There are many expresses and fast passenger trains connecting Mumbai and Madurai. India's AirAsia to fly daily flights between Mumbai, Madurai. List of all direct, connecting and offline domestic and international flights. India's second largest airline by passenger market share, SpiceJet, will connect Mumbai and. The airline has taken a significant leap forward by increasing frequency between Mumbai and Madurai to 3. Flights between Mumbai and Madurai. List of cities and airports in India. India will","{""do_sample"": true, ""temperature"": 1.0, ""top_p"": 0.95, ""top_k"": 50, ""repetition_penalty"": 1.0, ""max_new_tokens"": 128}"
bytekgwV6,5.0,1,1383,149,149,"Initiated by Joint Chiefs of Staff Chairman General Nathan Twining and Chief of Naval Operations Admiral Arleigh Burke, and then ","Initiated by Joint Chiefs of Staff Chairman General Nathan Twining and Chief of Naval Operations Admiral Arleigh Burke, and then 4 years and more later (1958-1961) approved by the Eisenhower and Kennedy Administrations.
With continued progress, the program was first described by Secretary of Defense Robert S. McNamara, before the Senate Foreign Relations Committee on June 15, 1967.
Before his resignation in January 1970, Kennedy would have made a significant decision.
What was this program? The Manned Space Flight Program!
It was the foundation for the creation of the United States Astronaut Corps, and the launch of American manned space-flight programs like Mercury and Voshods (just kidding... that was a Soviet program), but it's","4 years and more later (1958-1961) approved by the Eisenhower and Kennedy Administrations.
With continued progress, the program was first described by Secretary of Defense Robert S. McNamara, before the Senate Foreign Relations Committee on June 15, 1967.
Before his resignation in January 1970, Kennedy would have made a significant decision.
What was this program? The Manned Space Flight Program!
It was the foundation for the creation of the United States Astronaut Corps, and the launch of American manned space-flight programs like Mercury and Voshods (just kidding... that was a Soviet program), but it's","{""do_sample"": true, ""temperature"": 1.0, ""top_p"": 0.95, ""top_k"": 50, ""repetition_penalty"": 1.0, ""max_new_tokens"": 128}"
bytekgwV6,5.0,1,1385,151,151,"DAVENPORT - Don Skipper, an administrative assistant at Ridge Community High School, was named the school's head boys basketball coach ","DAVENPORT - Don Skipper, an administrative assistant at Ridge Community High School, was named the school's head boys basketball coach 12 years ago, and it's safe to say, it was an unconventional hire at the time.
Not only was Skipper new to the coaching side, he was a first-generation high school athlete and never took the court for a varsity game.
Fast-forward to today and the Scorpions have won seven district championships and appear headed to the Class 8A, District 9 tournament for the 11th time during Skipper's tenure.

The unconventional hire that was the start of it all, Skipper can attest to the skepticism at first.

""I remember when I was first offered the job, people thought it was crazy that they","12 years ago, and it's safe to say, it was an unconventional hire at the time.
Not only was Skipper new to the coaching side, he was a first-generation high school athlete and never took the court for a varsity game.
Fast-forward to today and the Scorpions have won seven district championships and appear headed to the Class 8A, District 9 tournament for the 11th time during Skipper's tenure.

The unconventional hire that was the start of it all, Skipper can attest to the skepticism at first.

""I remember when I was first offered the job, people thought it was crazy that they","{""do_sample"": true, ""temperature"": 1.0, ""top_p"": 0.95, ""top_k"": 50, ""repetition_penalty"": 1.0, ""max_new_tokens"": 128}"
bytekgwV6,5.0,1,1387,153,153,Still image of Lisa Sharon Harper from YouTube. Pastors and lay leaders who represent minority and multiethnic communities and are ,"Still image of Lisa Sharon Harper from YouTube. Pastors and lay leaders who represent minority and multiethnic communities and are 21+ years old, visit the Black Theology and Leadership Forum website (btlforum.org) for more information.
Pastors and lay leaders who represent minority and multiethnic communities and are 21+ years old, visit the Black Theology and Leadership Forum website (btlforum.org) for more information.
A still image of Rev. Dr. William J. Schulenburg from the Black Theology and Leadership Forum website.
The Black Theology and Leadership Forum (btlforum.org) brings together theologians, scholars and pastors for a 3-Day Intensive Theological and Ministry Development Program, scheduled from October 28-31","21+ years old, visit the Black Theology and Leadership Forum website (btlforum.org) for more information.
Pastors and lay leaders who represent minority and multiethnic communities and are 21+ years old, visit the Black Theology and Leadership Forum website (btlforum.org) for more information.
A still image of Rev. Dr. William J. Schulenburg from the Black Theology and Leadership Forum website.
The Black Theology and Leadership Forum (btlforum.org) brings together theologians, scholars and pastors for a 3-Day Intensive Theological and Ministry Development Program, scheduled from October 28-31","{""do_sample"": true, ""temperature"": 1.0, ""top_p"": 0.95, ""top_k"": 50, ""repetition_penalty"": 1.0, ""max_new_tokens"": 128}"
bytekgwV6,5.0,1,1389,155,155,"It’s amazing what a difference time can make in the way we perceive certain technologies. A few years ago, the ","It’s amazing what a difference time can make in the way we perceive certain technologies. A few years ago, the 3D Printing industry, which is often abbreviated to Additive Manufacturing (AM) due to its method of layer-by-layer creation of parts and objects, was often seen as a niche, novelty technology that was interesting but not ready-for-prime time.
Since then, a lot of developments have happened to make it a much more viable and widespread technology, and its potential is not limited to just prototyping and rapid manufacturing for industrial applications anymore. As a result, we’re now seeing 3D printing being adapted and used for a wide range of applications, such as art, jewelry making, and even biomedical implants.
One of the most significant","3D Printing industry, which is often abbreviated to Additive Manufacturing (AM) due to its method of layer-by-layer creation of parts and objects, was often seen as a niche, novelty technology that was interesting but not ready-for-prime time.
Since then, a lot of developments have happened to make it a much more viable and widespread technology, and its potential is not limited to just prototyping and rapid manufacturing for industrial applications anymore. As a result, we’re now seeing 3D printing being adapted and used for a wide range of applications, such as art, jewelry making, and even biomedical implants.
One of the most significant","{""do_sample"": true, ""temperature"": 1.0, ""top_p"": 0.95, ""top_k"": 50, ""repetition_penalty"": 1.0, ""max_new_tokens"": 128}"
bytekgwV6,5.0,1,1391,157,157,"Boston Marathon Bombing Suspect Enters Not Guilty Pleas In 1st Public Court HearingFor the first plea, Dzhokhar Tsarnaev leaned toward ","Boston Marathon Bombing Suspect Enters Not Guilty Pleas In 1st Public Court HearingFor the first plea, Dzhokhar Tsarnaev leaned toward  the interpreter, who read out the words:  ""Not guilty.""  In  his first public  appearance  in  months,  Dzhokhar  Tsarnaev,  21,  appeared  in  a  crowded  courtroom  in  federal  court  Monday  for  a  series  of  pretrail  proceedings.  He  stood  with  his  legs  shackled  and  his  hands  cuffed,  wearing  an  orange prison jumpsuit.  The  accused  bomber  was  in  the  hospital  from  April   to "," the interpreter, who read out the words:  ""Not guilty.""  In  his first public  appearance  in  months,  Dzhokhar  Tsarnaev,  21,  appeared  in  a  crowded  courtroom  in  federal  court  Monday  for  a  series  of  pretrail  proceedings.  He  stood  with  his  legs  shackled  and  his  hands  cuffed,  wearing  an  orange prison jumpsuit.  The  accused  bomber  was  in  the  hospital  from  April   to ","{""do_sample"": true, ""temperature"": 1.0, ""top_p"": 0.95, ""top_k"": 50, ""repetition_penalty"": 1.0, ""max_new_tokens"": 128}"
bytekgwV6,5.0,1,1393,159,159,"Chee Wei Wong, professor of electrical and computer engineering in the UCLA Samueli School of Engineering, was named a fellow ","Chee Wei Wong, professor of electrical and computer engineering in the UCLA Samueli School of Engineering, was named a fellow  of the Association for Computing Machinery (ACM), one of the top honors in the field of computer science.
Wong is recognized for his significant contributions in computer architecture and low-power electronics, including the development of new technologies and design tools for designing efficient and reliable digital systems. Specifically, he has worked on energy-efficient systems for mobile devices, embedded systems and cloud computing, and has also developed innovative methods for analyzing and optimizing the power consumption of electronic devices.
Fellows of the ACM, considered one of the highest professional distinctions in the field of computer science, must demonstrate exceptional achievements, contributions and service to the field. The ACM fellowships"," of the Association for Computing Machinery (ACM), one of the top honors in the field of computer science.
Wong is recognized for his significant contributions in computer architecture and low-power electronics, including the development of new technologies and design tools for designing efficient and reliable digital systems. Specifically, he has worked on energy-efficient systems for mobile devices, embedded systems and cloud computing, and has also developed innovative methods for analyzing and optimizing the power consumption of electronic devices.
Fellows of the ACM, considered one of the highest professional distinctions in the field of computer science, must demonstrate exceptional achievements, contributions and service to the field. The ACM fellowships","{""do_sample"": true, ""temperature"": 1.0, ""top_p"": 0.95, ""top_k"": 50, ""repetition_penalty"": 1.0, ""max_new_tokens"": 128}"
bytekgwV6,5.0,1,1395,161,161,Viewers will not want to miss Friday’s episode of General Hospital. Spoilers tease that everybody will see lots of juicy ,"Viewers will not want to miss Friday’s episode of General Hospital. Spoilers tease that everybody will see lots of juicy 23 years of love for Carly and Jason Morgan. That will go all the way back to the first moment they shared.
It won't just stop there. The flashbacks will keep on going for the entire hour long special. Some of it will include the very first scenes of Carly and Sonny Corinthos, too!
Nurse Bobbie Jones will also be part of the trip down memory lane. This special episode promises viewers will witness Bobbie reflecting on her time spent working alongside Jason Morgan and Carly Corinthos.
More General Hospital News! General Hospital News! Watch the latest clip here!
However, Friday's special 60th anniversary episode","23 years of love for Carly and Jason Morgan. That will go all the way back to the first moment they shared.
It won't just stop there. The flashbacks will keep on going for the entire hour long special. Some of it will include the very first scenes of Carly and Sonny Corinthos, too!
Nurse Bobbie Jones will also be part of the trip down memory lane. This special episode promises viewers will witness Bobbie reflecting on her time spent working alongside Jason Morgan and Carly Corinthos.
More General Hospital News! General Hospital News! Watch the latest clip here!
However, Friday's special 60th anniversary episode","{""do_sample"": true, ""temperature"": 1.0, ""top_p"": 0.95, ""top_k"": 50, ""repetition_penalty"": 1.0, ""max_new_tokens"": 128}"
bytekgwV6,5.0,1,1397,163,163,"Tue., May 29, 2018, 10:20 a.m. CAGUAS, Puerto Rico – At least 4,645 people died as a result of Hurricane ","Tue., May 29, 2018, 10:20 a.m. CAGUAS, Puerto Rico – At least 4,645 people died as a result of Hurricane  ...
Researchers say they're still counting, and the actual number may be much higher. The storm ripped through the island in September 2017, causing catastrophic damage and disrupting the electric and water grids. Many families were forced from their  ...
Mon., May 28, 2018 (Reuters) – Puerto Rico raised the official death toll from Hurricane Maria in 2017 from an initial 64 to nearly 3,000, based on a new methodology and an assessment from the National Institute of Health Sciences.
Puerto Rico’s Health  ...
The Trump Administration's relief efforts for Puerto Rico after Hurricane Maria in 201"," ...
Researchers say they're still counting, and the actual number may be much higher. The storm ripped through the island in September 2017, causing catastrophic damage and disrupting the electric and water grids. Many families were forced from their  ...
Mon., May 28, 2018 (Reuters) – Puerto Rico raised the official death toll from Hurricane Maria in 2017 from an initial 64 to nearly 3,000, based on a new methodology and an assessment from the National Institute of Health Sciences.
Puerto Rico’s Health  ...
The Trump Administration's relief efforts for Puerto Rico after Hurricane Maria in 201","{""do_sample"": true, ""temperature"": 1.0, ""top_p"": 0.95, ""top_k"": 50, ""repetition_penalty"": 1.0, ""max_new_tokens"": 128}"
bytekgwV6,5.0,1,1399,165,165,"Kyle Schwarber may be out for the season, but the home run ball he hit during the Cubs-Cardinals National League ","Kyle Schwarber may be out for the season, but the home run ball he hit during the Cubs-Cardinals National League 5o-pitching duel will live on as an instant classic. | Photo courtesy MLB
By Tom Schippits for MLB.com
ST. LOUIS -- The Cubs-Cardinals rivalry is one for the ages. But the most memorable moments between the two rivals rarely unfold with a scoreboard. Sometimes, it's just a feel. Like the energy from the 23,500 roaring fans on Wednesday afternoon when the visiting Cubs' Kyle Schwarber smashed his second-round home run in the 5th-inning National League pitching duel against Miles Mikolas and Miles Mikulski.
The 442-foot blast from the right-center gap put","5o-pitching duel will live on as an instant classic. | Photo courtesy MLB
By Tom Schippits for MLB.com
ST. LOUIS -- The Cubs-Cardinals rivalry is one for the ages. But the most memorable moments between the two rivals rarely unfold with a scoreboard. Sometimes, it's just a feel. Like the energy from the 23,500 roaring fans on Wednesday afternoon when the visiting Cubs' Kyle Schwarber smashed his second-round home run in the 5th-inning National League pitching duel against Miles Mikolas and Miles Mikulski.
The 442-foot blast from the right-center gap put","{""do_sample"": true, ""temperature"": 1.0, ""top_p"": 0.95, ""top_k"": 50, ""repetition_penalty"": 1.0, ""max_new_tokens"": 128}"
bytekgwV6,5.0,1,1401,167,167,Only former Israeli President Shimon Peres could pull off something like organizing a friendly football (soccer) match between Israeli and ,"Only former Israeli President Shimon Peres could pull off something like organizing a friendly football (soccer) match between Israeli and 3,500 Palestinian refugees living in Jordan. On January 2, the match took place at the Khalidi International Stadium in Amman, bringing together people from the two opposing nations.
As reported by Israel News Agency, Peres, 92 years young and former President from 2007 to 2014, initiated the event to promote coexistence between Israel and the Arab world. Many saw this event as a symbol of peace and understanding between the nations.
During the friendly match, both sides enjoyed the beautiful weather, the energetic atmosphere of the stadium, and the chance to interact with each other. The match ended in a draw at ","3,500 Palestinian refugees living in Jordan. On January 2, the match took place at the Khalidi International Stadium in Amman, bringing together people from the two opposing nations.
As reported by Israel News Agency, Peres, 92 years young and former President from 2007 to 2014, initiated the event to promote coexistence between Israel and the Arab world. Many saw this event as a symbol of peace and understanding between the nations.
During the friendly match, both sides enjoyed the beautiful weather, the energetic atmosphere of the stadium, and the chance to interact with each other. The match ended in a draw at ","{""do_sample"": true, ""temperature"": 1.0, ""top_p"": 0.95, ""top_k"": 50, ""repetition_penalty"": 1.0, ""max_new_tokens"": 128}"
bytekgwV6,5.0,1,1403,169,169,Katie Price and her new baby return home after holidaying in Europe. Alex Reid has tweeted a message of support ,"Katie Price and her new baby return home after holidaying in Europe. Alex Reid has tweeted a message of support 29 Apr 10, 10:26am Katie Price and her new baby return to the UK from their latest holiday Read full story See more Celebrity News
Katie Price reveals new look and talks about her baby girl on the latest series of This Is My Legacy. She says baby girl costs around £2,000 a month to care for due to her various aliments. Read more about Katie's baby girl and new reality show.
Latest Katie Price News and Celeb gossip: Katie has started promoting her new show 'This Is My Life' on social media. She shared her excitement to be sharing her life and new baby on the","29 Apr 10, 10:26am Katie Price and her new baby return to the UK from their latest holiday Read full story See more Celebrity News
Katie Price reveals new look and talks about her baby girl on the latest series of This Is My Legacy. She says baby girl costs around £2,000 a month to care for due to her various aliments. Read more about Katie's baby girl and new reality show.
Latest Katie Price News and Celeb gossip: Katie has started promoting her new show 'This Is My Life' on social media. She shared her excitement to be sharing her life and new baby on the","{""do_sample"": true, ""temperature"": 1.0, ""top_p"": 0.95, ""top_k"": 50, ""repetition_penalty"": 1.0, ""max_new_tokens"": 128}"
bytekgwV6,5.0,1,1405,171,171,"Stopping nearsightedness in kids and more. This week, Dr. Sydney Spiesel discusses a way to stop the progression of nearsightedness ","Stopping nearsightedness in kids and more. This week, Dr. Sydney Spiesel discusses a way to stop the progression of nearsightedness 60s. As for my eyesight, it was always 20/20 or 30/30. As the. If he doesn't correct, it could develop further and reach a serious form. I have noticed some mild. The rate and cause for nearsightedness are the primary factors that determine whether the disorder can be stopped or not. Here's how to stop the progression, and even. And how to improve your near and read more
Posted: April, 14, by Dr.Sydney, in. What's My, in. Read Also. Kids and More. More About Nearsightedness. In","60s. As for my eyesight, it was always 20/20 or 30/30. As the. If he doesn't correct, it could develop further and reach a serious form. I have noticed some mild. The rate and cause for nearsightedness are the primary factors that determine whether the disorder can be stopped or not. Here's how to stop the progression, and even. And how to improve your near and read more
Posted: April, 14, by Dr.Sydney, in. What's My, in. Read Also. Kids and More. More About Nearsightedness. In","{""do_sample"": true, ""temperature"": 1.0, ""top_p"": 0.95, ""top_k"": 50, ""repetition_penalty"": 1.0, ""max_new_tokens"": 128}"
bytekgwV6,5.0,1,1407,173,173,"In this Sept. 1, 2014 photo released by the U.S. Geological Survey, fluid lava streams from the June 27 lava ","In this Sept. 1, 2014 photo released by the U.S. Geological Survey, fluid lava streams from the June 27 lava 13/1 flow, which traveled nearly a mile across Kilauea Volcano's East Rift Zone on Big Island of Hawaii. (AP/U.S. Geological Survey)
HONOLULU – Lava flows from Kilauea Volcano have entered the Puna district's Kapoho neighborhood, damaging several homes and forcing the evacuation of the area.
The Hawaii County Civil Defense Agency said Friday night that the advancing lava flow has destroyed several buildings, and the situation remains ""dynamic and evolving.""
Authorities have issued mandatory evacuation notices for the Kapoho and adjacent areas.
The U.S. Geological Survey said the lava flow is moving at","13/1 flow, which traveled nearly a mile across Kilauea Volcano's East Rift Zone on Big Island of Hawaii. (AP/U.S. Geological Survey)
HONOLULU – Lava flows from Kilauea Volcano have entered the Puna district's Kapoho neighborhood, damaging several homes and forcing the evacuation of the area.
The Hawaii County Civil Defense Agency said Friday night that the advancing lava flow has destroyed several buildings, and the situation remains ""dynamic and evolving.""
Authorities have issued mandatory evacuation notices for the Kapoho and adjacent areas.
The U.S. Geological Survey said the lava flow is moving at","{""do_sample"": true, ""temperature"": 1.0, ""top_p"": 0.95, ""top_k"": 50, ""repetition_penalty"": 1.0, ""max_new_tokens"": 128}"
bytekgwV6,5.0,1,1409,175,175,The air ambulance was mobilised following reports that a man had fallen on a tree branch and impaled his neck ,"The air ambulance was mobilised following reports that a man had fallen on a tree branch and impaled his neck 6 inches deep
At around 11pm last night, Yorkshire Air Ambulance (YAA) received a call to report a 30 year-old man who was seriously injured in Whitley, Sheffield, having allegedly been stuck on a tree branch for several minutes.
On-scene, emergency responders confirmed that the man, who had suffered a severe neck trauma due to the branch piercing 6 inches deep into his flesh, was conscious and alert.
Paramedics worked alongside the YAA medics to carefully stabilise the patient, before lifting him into the aircraft. His vital signs were monitored throughout the journey, and the patient was transported to","6 inches deep
At around 11pm last night, Yorkshire Air Ambulance (YAA) received a call to report a 30 year-old man who was seriously injured in Whitley, Sheffield, having allegedly been stuck on a tree branch for several minutes.
On-scene, emergency responders confirmed that the man, who had suffered a severe neck trauma due to the branch piercing 6 inches deep into his flesh, was conscious and alert.
Paramedics worked alongside the YAA medics to carefully stabilise the patient, before lifting him into the aircraft. His vital signs were monitored throughout the journey, and the patient was transported to","{""do_sample"": true, ""temperature"": 1.0, ""top_p"": 0.95, ""top_k"": 50, ""repetition_penalty"": 1.0, ""max_new_tokens"": 128}"
bytekgwV6,5.0,1,1411,177,177,The University of Maryland President Wallace Loh. University of Maryland President Wallace Loh stood before reporters Aug. 14 and apologized ,"The University of Maryland President Wallace Loh. University of Maryland President Wallace Loh stood before reporters Aug. 14 and apologized 6 for his decision to let the team play their season-opener in Orlando.
Tropical Storm Hermine made landfall overnight and dumped heavy rainfall across the Southeastern United States Thursday, with the University of Miami's game against Appalachian State canceled due to the severe weather conditions.
University of Miami officials initially decided 7 to move forward 8 with Thursday's matchup 2 at 3 pm ET against the Mountaineers, despite Hermine's projected path over the region.
In the last 24 hours before the storm, the officials decided to stop the game, citing the storm damage and disruption to the city and the state.
""This morning","6 for his decision to let the team play their season-opener in Orlando.
Tropical Storm Hermine made landfall overnight and dumped heavy rainfall across the Southeastern United States Thursday, with the University of Miami's game against Appalachian State canceled due to the severe weather conditions.
University of Miami officials initially decided 7 to move forward 8 with Thursday's matchup 2 at 3 pm ET against the Mountaineers, despite Hermine's projected path over the region.
In the last 24 hours before the storm, the officials decided to stop the game, citing the storm damage and disruption to the city and the state.
""This morning","{""do_sample"": true, ""temperature"": 1.0, ""top_p"": 0.95, ""top_k"": 50, ""repetition_penalty"": 1.0, ""max_new_tokens"": 128}"
bytekgwV6,5.0,1,1413,179,179,"in French). Nov. 19 at 3:30: ""Walkabout"" (1971, Nicolas Roeg). Nov. 20 at 1 and Nov. 22 at 4:40: ""Mean ","in French). Nov. 19 at 3:30: ""Walkabout"" (1971, Nicolas Roeg). Nov. 20 at 1 and Nov. 22 at 4:40: ""Mean 15 Steaming Hot Lads # 1"". And the art house, it's a place where we're not worried about if someone understands everything about the art, it's a place where we're more focused on the art itself, not so much the commercial success.
The screening schedule for the Cinematographe.
We've set out to create an atmosphere of tranquility and relaxation, so the audience doesn't feel overwhelmed or forced to pay attention to something that might not be their taste,"" says the Cinémathèque Française's Program Manager, Jean-Georges Pireyre. Nov 24 at 3 and","15 Steaming Hot Lads # 1"". And the art house, it's a place where we're not worried about if someone understands everything about the art, it's a place where we're more focused on the art itself, not so much the commercial success.
The screening schedule for the Cinematographe.
We've set out to create an atmosphere of tranquility and relaxation, so the audience doesn't feel overwhelmed or forced to pay attention to something that might not be their taste,"" says the Cinémathèque Française's Program Manager, Jean-Georges Pireyre. Nov 24 at 3 and","{""do_sample"": true, ""temperature"": 1.0, ""top_p"": 0.95, ""top_k"": 50, ""repetition_penalty"": 1.0, ""max_new_tokens"": 128}"
bytekgwV6,5.0,1,1415,181,181,(Reuters) - U.S. ride services firm Lyft Inc is in talks with an advisor for a targeted March or April ,"(Reuters) - U.S. ride services firm Lyft Inc is in talks with an advisor for a targeted March or April 2019 initial public offering (IPO), Bloomberg News reported on Friday.
Lyft's IPO plans come amid intense competition with larger rival Uber Technologies Inc, which is expected to launch its own public listing in 2019 after reportedly valuing itself at around $76 billion.
Lyft's discussions with the advisor, known as a ""blank-check firm,"" are focused on structuring the offering, including the size, pricing and timing of the share sale, according to the report.
Lyft's valuation is unclear, but the report cited people familiar with the matter saying the company could raise between $2 billion and $3 billion in an IPO","2019 initial public offering (IPO), Bloomberg News reported on Friday.
Lyft's IPO plans come amid intense competition with larger rival Uber Technologies Inc, which is expected to launch its own public listing in 2019 after reportedly valuing itself at around $76 billion.
Lyft's discussions with the advisor, known as a ""blank-check firm,"" are focused on structuring the offering, including the size, pricing and timing of the share sale, according to the report.
Lyft's valuation is unclear, but the report cited people familiar with the matter saying the company could raise between $2 billion and $3 billion in an IPO","{""do_sample"": true, ""temperature"": 1.0, ""top_p"": 0.95, ""top_k"": 50, ""repetition_penalty"": 1.0, ""max_new_tokens"": 128}"
bytekgwV6,5.0,1,1417,183,183,Advocates for government accountability were alarmed to learn Gov. Jared Polis was undecided on whether to veto a bill to ,"Advocates for government accountability were alarmed to learn Gov. Jared Polis was undecided on whether to veto a bill to 23...
Governors Jared Polis and Doug Mastriano appeared to have a disagreement on the state of the nation during the first...
Jeb bush on the latest developments on the 2024 presidential election, the challenges facing the GOP and the state...
Jeb bush on his new podcast, the latest developments on the 2024 presidential election, the challenges facing the GOP and...
Donald Rumsfeld's departure from the Cabinet to the surprise to the White House staff. Rumsfeld became increasingly unpopular in the......
The latest developments on the 2024 presidential election, the challenges facing the GOP and what the party needs to do","23...
Governors Jared Polis and Doug Mastriano appeared to have a disagreement on the state of the nation during the first...
Jeb bush on the latest developments on the 2024 presidential election, the challenges facing the GOP and the state...
Jeb bush on his new podcast, the latest developments on the 2024 presidential election, the challenges facing the GOP and...
Donald Rumsfeld's departure from the Cabinet to the surprise to the White House staff. Rumsfeld became increasingly unpopular in the......
The latest developments on the 2024 presidential election, the challenges facing the GOP and what the party needs to do","{""do_sample"": true, ""temperature"": 1.0, ""top_p"": 0.95, ""top_k"": 50, ""repetition_penalty"": 1.0, ""max_new_tokens"": 128}"
bytekgwV6,5.0,1,1419,185,185,"MADRID: As Cristiano Ronaldo enjoyed his time off at the French Riviera, his Portugal team-mates were busy handing Italy another ","MADRID: As Cristiano Ronaldo enjoyed his time off at the French Riviera, his Portugal team-mates were busy handing Italy another 1-0 victory in their opening friendly ahead of Euro 2024 qualifiers.
Diogo Dalot, who usually plays for Ronaldo with Manchester United, was the hero of the match, scoring an 85th-minute goal which proved the decisive moment as Portugal defeated the Azzurri for the third consecutive time.
Italians were particularly disappointed by the outcome of the friendly, considering it was played at the 65,000-seat Stadio San Siro in Milan and not the national stadium in Rome. Still, Italy's coach, Roberto Mancini, tried his best not to be too critical of his team, and instead was","1-0 victory in their opening friendly ahead of Euro 2024 qualifiers.
Diogo Dalot, who usually plays for Ronaldo with Manchester United, was the hero of the match, scoring an 85th-minute goal which proved the decisive moment as Portugal defeated the Azzurri for the third consecutive time.
Italians were particularly disappointed by the outcome of the friendly, considering it was played at the 65,000-seat Stadio San Siro in Milan and not the national stadium in Rome. Still, Italy's coach, Roberto Mancini, tried his best not to be too critical of his team, and instead was","{""do_sample"": true, ""temperature"": 1.0, ""top_p"": 0.95, ""top_k"": 50, ""repetition_penalty"": 1.0, ""max_new_tokens"": 128}"
bytekgwV6,5.0,1,1421,187,187,"Florida Institute of Technology quarterback Brandon Ziarno. MELBOURNE, Fla. - Florida Institute of Technology quarterback Brandon Ziarno was arrested Friday ","Florida Institute of Technology quarterback Brandon Ziarno. MELBOURNE, Fla. - Florida Institute of Technology quarterback Brandon Ziarno was arrested Friday 14 days before the team's opener, charged with driving drunk on the campus.
Ziarno, 21, was arrested by university police and charged with driving under the influence, the Melbourne, Florida, Police Department told the Associated Press. He posted a $500 bond and released later that day.
University officials said they took immediate disciplinary action and suspended him from all activities with the football program pending the results...
Fitz: Ziarno arrested for driving drunk 14 days from opener
Florida Institute of Technology quarterback Brandon Ziarno was arrested Friday for driving drunk on campus 14 days before the team?fs opener, a source","14 days before the team's opener, charged with driving drunk on the campus.
Ziarno, 21, was arrested by university police and charged with driving under the influence, the Melbourne, Florida, Police Department told the Associated Press. He posted a $500 bond and released later that day.
University officials said they took immediate disciplinary action and suspended him from all activities with the football program pending the results...
Fitz: Ziarno arrested for driving drunk 14 days from opener
Florida Institute of Technology quarterback Brandon Ziarno was arrested Friday for driving drunk on campus 14 days before the team?fs opener, a source","{""do_sample"": true, ""temperature"": 1.0, ""top_p"": 0.95, ""top_k"": 50, ""repetition_penalty"": 1.0, ""max_new_tokens"": 128}"
bytekgwV6,5.0,1,1423,189,189,Runaway Entertainment is looking for an experienced Associate General Manager to work across all their productions. Runaway Entertainment Ltd is ,"Runaway Entertainment is looking for an experienced Associate General Manager to work across all their productions. Runaway Entertainment Ltd is 3rd party sales and distribution arm for leading independent labels and a well-established player within the entertainment industry.
As a Associate General Manager, You will act as the primary liaison between the Executive General Manager and the business development and production teams, providing strategic support and guidance.
Coordinate and facilitate meetings with internal stakeholders, production and business development departments.
Work closely with the Executive General Manager and other senior team members to drive the overall business strategy.
Support the development, coordination, and launch of new productions.
Assist in the negotiation and closing of sales and distribution agreements with third-party labels.
Research and gather industry trends and insights to provide actionable advice and recommendations","3rd party sales and distribution arm for leading independent labels and a well-established player within the entertainment industry.
As a Associate General Manager, You will act as the primary liaison between the Executive General Manager and the business development and production teams, providing strategic support and guidance.
Coordinate and facilitate meetings with internal stakeholders, production and business development departments.
Work closely with the Executive General Manager and other senior team members to drive the overall business strategy.
Support the development, coordination, and launch of new productions.
Assist in the negotiation and closing of sales and distribution agreements with third-party labels.
Research and gather industry trends and insights to provide actionable advice and recommendations","{""do_sample"": true, ""temperature"": 1.0, ""top_p"": 0.95, ""top_k"": 50, ""repetition_penalty"": 1.0, ""max_new_tokens"": 128}"
bytekgwV6,5.0,1,1425,191,191,The New York Times on Thursday printed a special section featuring portraits of nearly every member of the record number ,"The New York Times on Thursday printed a special section featuring portraits of nearly every member of the record number 435 elected representatives who will be serving in the 117th Congress.
For the first time, the Times is featuring the entire House, reflecting the significant demographic shifts and milestones that mark this year's election. The issue includes a large-print section that showcases photographs of each member, along with their name, party affiliation and the district they represent.
According to the newspaper, the portraits represent the most diverse Congress in U.S. history, with a record number of women, Hispanic Americans, Asian-Americans, Black people, Indigenous Americans and members of the LGBTQ+ community.
Here's a glimpse at some of the notable representatives featured:
The new Congress has","435 elected representatives who will be serving in the 117th Congress.
For the first time, the Times is featuring the entire House, reflecting the significant demographic shifts and milestones that mark this year's election. The issue includes a large-print section that showcases photographs of each member, along with their name, party affiliation and the district they represent.
According to the newspaper, the portraits represent the most diverse Congress in U.S. history, with a record number of women, Hispanic Americans, Asian-Americans, Black people, Indigenous Americans and members of the LGBTQ+ community.
Here's a glimpse at some of the notable representatives featured:
The new Congress has","{""do_sample"": true, ""temperature"": 1.0, ""top_p"": 0.95, ""top_k"": 50, ""repetition_penalty"": 1.0, ""max_new_tokens"": 128}"
bytekgwV6,5.0,1,1427,193,193,"Equipped with their own factory, they make different kinds of outstanding fish cake. Fish cake in Busan is the most ","Equipped with their own factory, they make different kinds of outstanding fish cake. Fish cake in Busan is the most 10. Add to Cart. ₱45.00) Each slice measures approximately 1.25 inches or 3.5 cm and 3 inches or 6 cm wide respectively (a total surface area of 7 inches x 3.5 inches / 18 cm x 9 cm) Product packaging may vary 1,540,000 won per month, including a $200 bonus for each worker. Tenders, Inc.'s own store is located inside the market and it's a popular spot for lunch. In a separate bowl, whisk together the flour, salt and egg. Business Opportunities in Fish Cake Making....","10. Add to Cart. ₱45.00) Each slice measures approximately 1.25 inches or 3.5 cm and 3 inches or 6 cm wide respectively (a total surface area of 7 inches x 3.5 inches / 18 cm x 9 cm) Product packaging may vary 1,540,000 won per month, including a $200 bonus for each worker. Tenders, Inc.'s own store is located inside the market and it's a popular spot for lunch. In a separate bowl, whisk together the flour, salt and egg. Business Opportunities in Fish Cake Making....","{""do_sample"": true, ""temperature"": 1.0, ""top_p"": 0.95, ""top_k"": 50, ""repetition_penalty"": 1.0, ""max_new_tokens"": 128}"
bytekgwV6,5.0,1,1429,195,195,An Alsip police officer seriously wounded a man in an on-duty shooting early Wednesday after tracking a Cadillac suspected of ,"An Alsip police officer seriously wounded a man in an on-duty shooting early Wednesday after tracking a Cadillac suspected of 16 car break-ins, police said.
The officer, identified as Brian McDonald, fired his weapon about 4:45 a.m. while trying to apprehend the driver, who had led authorities on a high-speed chase through Alsip and surrounding communities, authorities said.
The shooting occurred on Pulaski Road, near 123rd Street, where the car pursuit ended, according to Alsip Cmdr. Michael Barth.
McDonald had been monitoring area cameras and tracked the Cadillac to the location, authorities said. When the officer approached the car to make an arrest, the driver refused to exit the vehicle and attempted to drive away again.
","16 car break-ins, police said.
The officer, identified as Brian McDonald, fired his weapon about 4:45 a.m. while trying to apprehend the driver, who had led authorities on a high-speed chase through Alsip and surrounding communities, authorities said.
The shooting occurred on Pulaski Road, near 123rd Street, where the car pursuit ended, according to Alsip Cmdr. Michael Barth.
McDonald had been monitoring area cameras and tracked the Cadillac to the location, authorities said. When the officer approached the car to make an arrest, the driver refused to exit the vehicle and attempted to drive away again.
","{""do_sample"": true, ""temperature"": 1.0, ""top_p"": 0.95, ""top_k"": 50, ""repetition_penalty"": 1.0, ""max_new_tokens"": 128}"
bytekgwV6,5.0,1,1431,197,197,"If you would like to support the Down Syndrome Association of West Michigan's campaign of kindness, you may visit the ","If you would like to support the Down Syndrome Association of West Michigan's campaign of kindness, you may visit the 16th Annual ""Rally for Research"" page to make a donation.
The Down Syndrome Association of West Michigan's primary goal is to provide information, support and resources to individuals with Down syndrome, their families, and the greater Down syndrome community in West Michigan. The organization relies heavily on the efforts of volunteers, fundraising events, and donations to continue its work.
The 16th Annual ""Rally for Research"" campaign raises awareness and funds for Down syndrome research and supports the Down Syndrome Association of West Michigan's efforts to ensure that every individual with Down syndrome is valued, respected and treated with dignity.
During the campaign, residents and businesses are","16th Annual ""Rally for Research"" page to make a donation.
The Down Syndrome Association of West Michigan's primary goal is to provide information, support and resources to individuals with Down syndrome, their families, and the greater Down syndrome community in West Michigan. The organization relies heavily on the efforts of volunteers, fundraising events, and donations to continue its work.
The 16th Annual ""Rally for Research"" campaign raises awareness and funds for Down syndrome research and supports the Down Syndrome Association of West Michigan's efforts to ensure that every individual with Down syndrome is valued, respected and treated with dignity.
During the campaign, residents and businesses are","{""do_sample"": true, ""temperature"": 1.0, ""top_p"": 0.95, ""top_k"": 50, ""repetition_penalty"": 1.0, ""max_new_tokens"": 128}"
bytekgwV6,5.0,1,1433,199,199,Jan. 22 will be here before agencies know it. So will Feb. 6. Here’s betting that even April 16 will ,"Jan. 22 will be here before agencies know it. So will Feb. 6. Here’s betting that even April 16 will  come and go without federal regulators providing the first hints about the long-overdue “cytokine storm”  guidance.
No one knows exactly how soon the  first hints might appear. The Centers for Medicare and Medicaid Services (CMS), the Centers for Disease Control and Prevention (CDC), the Food and Drug  Administration (FDA), and the Agency for Healthcare Research and  Quality (AHRO) are all supposed to  develop guidance on cytokine  stimulants, also known as cytokine �"," come and go without federal regulators providing the first hints about the long-overdue “cytokine storm”  guidance.
No one knows exactly how soon the  first hints might appear. The Centers for Medicare and Medicaid Services (CMS), the Centers for Disease Control and Prevention (CDC), the Food and Drug  Administration (FDA), and the Agency for Healthcare Research and  Quality (AHRO) are all supposed to  develop guidance on cytokine  stimulants, also known as cytokine �","{""do_sample"": true, ""temperature"": 1.0, ""top_p"": 0.95, ""top_k"": 50, ""repetition_penalty"": 1.0, ""max_new_tokens"": 128}"
