algo,delta,device,seed,prompt_index,prompt_id,prompt_text,full_text,continuation_text,gen_params_json
bytekgwV6,4.0,1,1235,1,1,"""Whoever gets him, they'll be getting a good one,"" David Montgomery said. INDIANAPOLIS — Hakeem Butler has been surrounded by ","""Whoever gets him, they'll be getting a good one,"" David Montgomery said. INDIANAPOLIS — Hakeem Butler has been surrounded by 8-foot-4, 380-pound defensive linemen his entire life. That's nothing new for the 6-foot-5, 225-pound wide receiver, the first Iowa State football player chosen in the NFL draft. Butler was selected by the Arizona Cardinals with the 148th overall pick late Saturday night… … [read more]
Iowa State football player Hakeem Butler selected by Arizona Cardinals in NFL draft | The Des Moines Register – Iowa News, News
Indianapolis — Hakeem Butler has been surrounded by 8-foot-4, 380-pound defensive linemen his entire life. That's nothing new for the","8-foot-4, 380-pound defensive linemen his entire life. That's nothing new for the 6-foot-5, 225-pound wide receiver, the first Iowa State football player chosen in the NFL draft. Butler was selected by the Arizona Cardinals with the 148th overall pick late Saturday night… … [read more]
Iowa State football player Hakeem Butler selected by Arizona Cardinals in NFL draft | The Des Moines Register – Iowa News, News
Indianapolis — Hakeem Butler has been surrounded by 8-foot-4, 380-pound defensive linemen his entire life. That's nothing new for the","{""do_sample"": true, ""temperature"": 1.0, ""top_p"": 0.95, ""top_k"": 50, ""repetition_penalty"": 1.0, ""max_new_tokens"": 128}"
bytekgwV6,4.0,1,1237,3,3,The Arlington County Board plans to vote Saturday afternoon on giving Amazon $23 million and other incentives to build a ,"The Arlington County Board plans to vote Saturday afternoon on giving Amazon $23 million and other incentives to build a 25,000-employee HQ facility near the Pentagon.
Arlington officials announced the proposed agreement Tuesday, which adds a new layer of scrutiny to the deal just days before the vote.
Under the proposed deal, the county would:
• Give Amazon $23 million from the County's Industrial Revenue Bond fund, which is used to attract businesses and create jobs.
• Offer a property tax abatement of 40% for 13 years.
• Waive the county's 2.5% building permit fee.
• Provide $10 million in matching funding for infrastructure projects.
The $23 million payment would be funded through the Industrial Revenue Bond fund","25,000-employee HQ facility near the Pentagon.
Arlington officials announced the proposed agreement Tuesday, which adds a new layer of scrutiny to the deal just days before the vote.
Under the proposed deal, the county would:
• Give Amazon $23 million from the County's Industrial Revenue Bond fund, which is used to attract businesses and create jobs.
• Offer a property tax abatement of 40% for 13 years.
• Waive the county's 2.5% building permit fee.
• Provide $10 million in matching funding for infrastructure projects.
The $23 million payment would be funded through the Industrial Revenue Bond fund","{""do_sample"": true, ""temperature"": 1.0, ""top_p"": 0.95, ""top_k"": 50, ""repetition_penalty"": 1.0, ""max_new_tokens"": 128}"
bytekgwV6,4.0,1,1239,5,5,The Hawaii man who was fired after issuing the false ballistic missile alert in mid-January told reporters Friday that he ,"The Hawaii man who was fired after issuing the false ballistic missile alert in mid-January told reporters Friday that he 13 years left before his planned retirement.
""This nightmare will soon be over,"" David IGE, the employee who was responsible for the notification of a looming nuclear attack that sent the state of Hawaii into chaos for hours, told local television channel KITV.
""I've got 13 years, 10 months and 22 days to retirement. I've been thinking about my future, and the end goal is to spend the next chapter of my life where I won't have to deal with this level of stress,"" said IGE, 49, who has been working at the Pacific Defense Systems Warning Center in Honolulu since 2001.

The","13 years left before his planned retirement.
""This nightmare will soon be over,"" David IGE, the employee who was responsible for the notification of a looming nuclear attack that sent the state of Hawaii into chaos for hours, told local television channel KITV.
""I've got 13 years, 10 months and 22 days to retirement. I've been thinking about my future, and the end goal is to spend the next chapter of my life where I won't have to deal with this level of stress,"" said IGE, 49, who has been working at the Pacific Defense Systems Warning Center in Honolulu since 2001.

The","{""do_sample"": true, ""temperature"": 1.0, ""top_p"": 0.95, ""top_k"": 50, ""repetition_penalty"": 1.0, ""max_new_tokens"": 128}"
bytekgwV6,4.0,1,1241,7,7,"A version of this article appeared in the print edition of The Daily Star on July 12, 2018, on page ","A version of this article appeared in the print edition of The Daily Star on July 12, 2018, on page 8.
On Tuesday, the first anniversary of his presidency, Trump announced on Twitter that the US would no longer participate in the Joint Comprehensive Plan of Action (JCPOA), commonly known as the Iran nuclear deal.
The decision was heavily criticized, both at home and abroad, with many arguing that it was a reckless and unilateral move that undermined the balance of international diplomacy and could lead to a major destabilization of the Middle East.
Iranian Foreign Minister Javad Zarif responded by labeling the move as a ""violation"" of the agreement, while European leaders, who had worked to try to salvage the deal, vowed to do everything in","8.
On Tuesday, the first anniversary of his presidency, Trump announced on Twitter that the US would no longer participate in the Joint Comprehensive Plan of Action (JCPOA), commonly known as the Iran nuclear deal.
The decision was heavily criticized, both at home and abroad, with many arguing that it was a reckless and unilateral move that undermined the balance of international diplomacy and could lead to a major destabilization of the Middle East.
Iranian Foreign Minister Javad Zarif responded by labeling the move as a ""violation"" of the agreement, while European leaders, who had worked to try to salvage the deal, vowed to do everything in","{""do_sample"": true, ""temperature"": 1.0, ""top_p"": 0.95, ""top_k"": 50, ""repetition_penalty"": 1.0, ""max_new_tokens"": 128}"
bytekgwV6,4.0,1,1243,9,9,"After Kevin’s horrific leg injury, everyone is asking: will he ever play basketball again? Dr. Glashow, co-chief of sports medicine ","After Kevin’s horrific leg injury, everyone is asking: will he ever play basketball again? Dr. Glashow, co-chief of sports medicine 23 hours ago
After Kevin's horrific leg injury, everyone is asking: will he ever play basketball again? Dr. Glashow, co-chief of sports medicine at Mercy...
After Kevin's horrific leg injury, everyone is asking: will he ever play basketball again? Dr. Glashow, co-chief of sports medicine at Mercy Medical Center, just gave his expert opinion... watch now!
  2. ###### 22 hours ago @SmootherSneaker13 Hey! What's going on? I think Kevin has some tough decisions ahead of him... Check out...
  3. ###### Yesterday @LJ","23 hours ago
After Kevin's horrific leg injury, everyone is asking: will he ever play basketball again? Dr. Glashow, co-chief of sports medicine at Mercy...
After Kevin's horrific leg injury, everyone is asking: will he ever play basketball again? Dr. Glashow, co-chief of sports medicine at Mercy Medical Center, just gave his expert opinion... watch now!
  2. ###### 22 hours ago @SmootherSneaker13 Hey! What's going on? I think Kevin has some tough decisions ahead of him... Check out...
  3. ###### Yesterday @LJ","{""do_sample"": true, ""temperature"": 1.0, ""top_p"": 0.95, ""top_k"": 50, ""repetition_penalty"": 1.0, ""max_new_tokens"": 128}"
bytekgwV6,4.0,1,1245,11,11,University of Utah track and field athlete Lauren McCluskey was found shot dead Monday night in the backseat of a ,"University of Utah track and field athlete Lauren McCluskey was found shot dead Monday night in the backseat of a 2000 Chevrolet Blazer parked near the university, authorities reported.
McCluskey, 21, was reported missing on Sunday night after not returning to her apartment following a date with the suspected shooter, Melvin Rowland. Police searched for the vehicle, and a tip led them to the parking lot, where they found the car and the victim.
Utah authorities are still searching for 37-year-old Melvin Rowland, the man who was seen driving with Lauren on Sunday night. He was previously arrested and charged for allegedly trying to break into an ex-girlfriend's car. The police have released a photo of Rowland,","2000 Chevrolet Blazer parked near the university, authorities reported.
McCluskey, 21, was reported missing on Sunday night after not returning to her apartment following a date with the suspected shooter, Melvin Rowland. Police searched for the vehicle, and a tip led them to the parking lot, where they found the car and the victim.
Utah authorities are still searching for 37-year-old Melvin Rowland, the man who was seen driving with Lauren on Sunday night. He was previously arrested and charged for allegedly trying to break into an ex-girlfriend's car. The police have released a photo of Rowland,","{""do_sample"": true, ""temperature"": 1.0, ""top_p"": 0.95, ""top_k"": 50, ""repetition_penalty"": 1.0, ""max_new_tokens"": 128}"
bytekgwV6,4.0,1,1247,13,13,"The location of the July 15, 2002 flare is shown at left. The other panels compare the scale of Earth ","The location of the July 15, 2002 flare is shown at left. The other panels compare the scale of Earth 9 and Sol to the scale of the Sun and Jupiter.
The Solar Flare Explosion
On July 15, 2002 a strong and long-lasting solar flare exploded from the surface of the Sun! This powerful blast of energy hurtled towards Earth and caused a huge amount...more
The Solar Flare Explosion
On July 15, 2002 a strong and long-lasting solar flare exploded from the surface of the Sun! This powerful blast of energy hurtled towards Earth and caused a huge amount...more
The Solar Flare Explosion
On July 15, 2002 a strong and long-lasting solar flare exploded from the","9 and Sol to the scale of the Sun and Jupiter.
The Solar Flare Explosion
On July 15, 2002 a strong and long-lasting solar flare exploded from the surface of the Sun! This powerful blast of energy hurtled towards Earth and caused a huge amount...more
The Solar Flare Explosion
On July 15, 2002 a strong and long-lasting solar flare exploded from the surface of the Sun! This powerful blast of energy hurtled towards Earth and caused a huge amount...more
The Solar Flare Explosion
On July 15, 2002 a strong and long-lasting solar flare exploded from the","{""do_sample"": true, ""temperature"": 1.0, ""top_p"": 0.95, ""top_k"": 50, ""repetition_penalty"": 1.0, ""max_new_tokens"": 128}"
bytekgwV6,4.0,1,1249,15,15,"Larry checks in with KPCC reporter Sharon McNary, who’s been hitting up several polling stations in Orange County and Los ","Larry checks in with KPCC reporter Sharon McNary, who’s been hitting up several polling stations in Orange County and Los 4,000 voters who were polled in the survey were from a variety of demographics and age ranges.
I'm Larry Mantle and I'm back. We've got an election day update coming in from KPCC reporter Sharon McNary, who's been out canvassing polling stations across Orange County and beyond. Sharon, can you tell us what you're seeing out there?
Sharon McNary: Hi Larry, thanks for having me back on the show. Yeah, it's a busy day here. I've been hitting up several polling stations across Orange County, and what I've noticed is that voter turnout seems to be strong across the board","4,000 voters who were polled in the survey were from a variety of demographics and age ranges.
I'm Larry Mantle and I'm back. We've got an election day update coming in from KPCC reporter Sharon McNary, who's been out canvassing polling stations across Orange County and beyond. Sharon, can you tell us what you're seeing out there?
Sharon McNary: Hi Larry, thanks for having me back on the show. Yeah, it's a busy day here. I've been hitting up several polling stations across Orange County, and what I've noticed is that voter turnout seems to be strong across the board","{""do_sample"": true, ""temperature"": 1.0, ""top_p"": 0.95, ""top_k"": 50, ""repetition_penalty"": 1.0, ""max_new_tokens"": 128}"
bytekgwV6,4.0,1,1251,17,17,Health authorities in New Zealand said that about 200 passengers on the Dawn Princess ship became infected with the norovirus. ,"Health authorities in New Zealand said that about 200 passengers on the Dawn Princess ship became infected with the norovirus.  This information was shared on Saturday as the ship was sailing from New Zealand to Australia after leaving Auckland on Thursday.
According to reports, the first cases were reported a few days ago when the ship stopped over in Napier, New Zealand. Passengers said that they began to feel symptoms such as nausea, vomiting, diarrhea and fever.
The ship has been at sea for a few days since then, and the number of infected passengers appears to be growing. The New Zealand health department confirmed that there have been over 200 reported cases.
According to Health Ministry officials, the ship's crew has followed proper protocols and cleaned the areas where passengers eat and"," This information was shared on Saturday as the ship was sailing from New Zealand to Australia after leaving Auckland on Thursday.
According to reports, the first cases were reported a few days ago when the ship stopped over in Napier, New Zealand. Passengers said that they began to feel symptoms such as nausea, vomiting, diarrhea and fever.
The ship has been at sea for a few days since then, and the number of infected passengers appears to be growing. The New Zealand health department confirmed that there have been over 200 reported cases.
According to Health Ministry officials, the ship's crew has followed proper protocols and cleaned the areas where passengers eat and","{""do_sample"": true, ""temperature"": 1.0, ""top_p"": 0.95, ""top_k"": 50, ""repetition_penalty"": 1.0, ""max_new_tokens"": 128}"
bytekgwV6,4.0,1,1253,19,19,NEW YORK (AP) — Could the U.S. lose its top credit rating even if a deal is reached to raise ,"NEW YORK (AP) — Could the U.S. lose its top credit rating even if a deal is reached to raise  the debt ceiling? The possibility is a topic of debate among Wall Street analysts and economists.
The answer ultimately depends on the specifics of any agreement reached. Standard & Poor's and other rating agencies are likely to consider several factors when determining whether to change the United States' credit rating. Some of the important ones include:
—The size and composition of the deficit: If a debt deal doesn't sufficiently address the nation's long-term debt problems, it could negatively affect the credit rating.
—Potential for additional borrowing: If the debt ceiling increase doesn't address the underlying budget and spending issues, it could raise questions about whether the government would struggle"," the debt ceiling? The possibility is a topic of debate among Wall Street analysts and economists.
The answer ultimately depends on the specifics of any agreement reached. Standard & Poor's and other rating agencies are likely to consider several factors when determining whether to change the United States' credit rating. Some of the important ones include:
—The size and composition of the deficit: If a debt deal doesn't sufficiently address the nation's long-term debt problems, it could negatively affect the credit rating.
—Potential for additional borrowing: If the debt ceiling increase doesn't address the underlying budget and spending issues, it could raise questions about whether the government would struggle","{""do_sample"": true, ""temperature"": 1.0, ""top_p"": 0.95, ""top_k"": 50, ""repetition_penalty"": 1.0, ""max_new_tokens"": 128}"
bytekgwV6,4.0,1,1255,21,21,"IHS Markit INFO, -0.02% a world leader in critical information, analytics and solutions, expanded its alternative data offering for asset ","IHS Markit INFO, -0.02% a world leader in critical information, analytics and solutions, expanded its alternative data offering for asset 15, a new asset-class data feed that tracks the universe of alternative assets, including hedge funds, private equity, venture capital, real estate and more.
The new alternative data offering provides institutional investors with a comprehensive and transparent view of the alternative asset market, enabling them to better understand the characteristics of these funds, their performance, and the underlying investment strategies. This information can help them make more informed decisions about their alternative asset allocation and risk management.
""This new offering is a significant step forward for our alternative data platform,"" said Alex Kadykalo, Head of Research and Data Science at IHS Markit. ""By providing access to robust","15, a new asset-class data feed that tracks the universe of alternative assets, including hedge funds, private equity, venture capital, real estate and more.
The new alternative data offering provides institutional investors with a comprehensive and transparent view of the alternative asset market, enabling them to better understand the characteristics of these funds, their performance, and the underlying investment strategies. This information can help them make more informed decisions about their alternative asset allocation and risk management.
""This new offering is a significant step forward for our alternative data platform,"" said Alex Kadykalo, Head of Research and Data Science at IHS Markit. ""By providing access to robust","{""do_sample"": true, ""temperature"": 1.0, ""top_p"": 0.95, ""top_k"": 50, ""repetition_penalty"": 1.0, ""max_new_tokens"": 128}"
bytekgwV6,4.0,1,1257,23,23,SOUND FORGE Audio Cleaning Lab can be used to record any sound you can hear on your computer - from ,"SOUND FORGE Audio Cleaning Lab can be used to record any sound you can hear on your computer - from 8 kHz to 48 kHz (44,100/24-bit, WAV, PCM, or IMA). This allows you to, for example, transfer old tapes or vinyl records, and then edit or master them in the program... Read More...
This powerful audio editing software allows you to create professional-sounding recordings, edit audio files and audio tracks, create audio loops and samples, and master audio files for a wide range of formats and playback devices.
The software offers a comprehensive set of tools for sound processing and restoration, including noise reduction, echo and reverb removal, volume correction, and frequency equalization... Read More...
The software","8 kHz to 48 kHz (44,100/24-bit, WAV, PCM, or IMA). This allows you to, for example, transfer old tapes or vinyl records, and then edit or master them in the program... Read More...
This powerful audio editing software allows you to create professional-sounding recordings, edit audio files and audio tracks, create audio loops and samples, and master audio files for a wide range of formats and playback devices.
The software offers a comprehensive set of tools for sound processing and restoration, including noise reduction, echo and reverb removal, volume correction, and frequency equalization... Read More...
The software","{""do_sample"": true, ""temperature"": 1.0, ""top_p"": 0.95, ""top_k"": 50, ""repetition_penalty"": 1.0, ""max_new_tokens"": 128}"
bytekgwV6,4.0,1,1259,25,25,"President Donald Trump returned to Washington, DC on Monday for a very important event. It was not for a meeting ","President Donald Trump returned to Washington, DC on Monday for a very important event. It was not for a meeting  about the budget, taxes, or other important government issues, but rather for a private dinner at the White House. Yes, you read that correctly, a private dinner at the White House.
According to a White House official, Trump met with Brazilian President Jair Bolsonaro for a private dinner at the White House. Trump and Bolsonaro are friends and have been meeting on several occasions over the past year, including a meeting last year where they discussed the possible purchase of 737 aircraft from Boeing for the Brazilian military.
The White House official stated that Trump and Bolsonaro were able to engage in some informal talks and discuss their"," about the budget, taxes, or other important government issues, but rather for a private dinner at the White House. Yes, you read that correctly, a private dinner at the White House.
According to a White House official, Trump met with Brazilian President Jair Bolsonaro for a private dinner at the White House. Trump and Bolsonaro are friends and have been meeting on several occasions over the past year, including a meeting last year where they discussed the possible purchase of 737 aircraft from Boeing for the Brazilian military.
The White House official stated that Trump and Bolsonaro were able to engage in some informal talks and discuss their","{""do_sample"": true, ""temperature"": 1.0, ""top_p"": 0.95, ""top_k"": 50, ""repetition_penalty"": 1.0, ""max_new_tokens"": 128}"
bytekgwV6,4.0,1,1261,27,27,"ST. JOHNS COUNTY, Fla. - Commissioners in St. Johns County voted unanimously to postpone any legislative action against a localized ","ST. JOHNS COUNTY, Fla. - Commissioners in St. Johns County voted unanimously to postpone any legislative action against a localized 10-cent sales tax for the next 60 days. The motion comes after a packed meeting room filled with concerned residents, business owners and potential voters.
""I was a big supporter, I was a proponent of it, and I came here to find that our elected officials have not been hearing what the voters have been telling them,"" said resident, Bob Lane.
Some residents expressed concerns the added tax will hurt small businesses and cause economic harm.
The county plans to use the funds raised to pay for the construction and operation of the proposed toll roads and transportation projects. Opponents argue that the revenue could come from alternative sources such as federal funds,","10-cent sales tax for the next 60 days. The motion comes after a packed meeting room filled with concerned residents, business owners and potential voters.
""I was a big supporter, I was a proponent of it, and I came here to find that our elected officials have not been hearing what the voters have been telling them,"" said resident, Bob Lane.
Some residents expressed concerns the added tax will hurt small businesses and cause economic harm.
The county plans to use the funds raised to pay for the construction and operation of the proposed toll roads and transportation projects. Opponents argue that the revenue could come from alternative sources such as federal funds,","{""do_sample"": true, ""temperature"": 1.0, ""top_p"": 0.95, ""top_k"": 50, ""repetition_penalty"": 1.0, ""max_new_tokens"": 128}"
bytekgwV6,4.0,1,1263,29,29,This was Reinsdorf's reply on Friday when asked whether the preseason announcement that Phil Jackson will not return as coach ,"This was Reinsdorf's reply on Friday when asked whether the preseason announcement that Phil Jackson will not return as coach 2010 NBA champions was a disappointment for him. In a statement released Thursday night by the Bulls...
Michael Jordan and Jerry Reinsdorf, the majority owner, attended the Bulls game against the Orlando Magic Saturday night at the United Center. The statement announcing Phil Jackson will not coach for the Bulls 2008-09...
Michael Jordan and Jerry Reinsdorf, the majority owner, attended the Bulls game against the Orlando Magic Saturday night at the United Center. The statement announcing Phil Jackson will not coach for the Bulls 2008-09...
Jackson and the Bulls announced Tuesday that he plans to retire again and not return for the final year of","2010 NBA champions was a disappointment for him. In a statement released Thursday night by the Bulls...
Michael Jordan and Jerry Reinsdorf, the majority owner, attended the Bulls game against the Orlando Magic Saturday night at the United Center. The statement announcing Phil Jackson will not coach for the Bulls 2008-09...
Michael Jordan and Jerry Reinsdorf, the majority owner, attended the Bulls game against the Orlando Magic Saturday night at the United Center. The statement announcing Phil Jackson will not coach for the Bulls 2008-09...
Jackson and the Bulls announced Tuesday that he plans to retire again and not return for the final year of","{""do_sample"": true, ""temperature"": 1.0, ""top_p"": 0.95, ""top_k"": 50, ""repetition_penalty"": 1.0, ""max_new_tokens"": 128}"
bytekgwV6,4.0,1,1265,31,31,This is the news you’re looking for. Carrie Fisher has seemingly confirmed to Palm Beach Illustrated magazine that she will ,"This is the news you’re looking for. Carrie Fisher has seemingly confirmed to Palm Beach Illustrated magazine that she will 100% be appearing in the next Star Wars trilogy – even though she died back in 2016.
According to an interview published yesterday, Carrie says: ""I have to have more Star Wars because I’m coming back. It’s not a mystery.""
It's not clear why Carrie seems to think this, as her character Princess Leia died at the end of The Last Jedi and there hasn't been any confirmation or official word from Lucasfilm about the character's resurrection.

Carrie Fisher has appeared in several Star Wars movies and TV shows, playing the iconic character of Princess Leia Organa. Her mother, Debbie Reynolds, sadly passed away just","100% be appearing in the next Star Wars trilogy – even though she died back in 2016.
According to an interview published yesterday, Carrie says: ""I have to have more Star Wars because I’m coming back. It’s not a mystery.""
It's not clear why Carrie seems to think this, as her character Princess Leia died at the end of The Last Jedi and there hasn't been any confirmation or official word from Lucasfilm about the character's resurrection.

Carrie Fisher has appeared in several Star Wars movies and TV shows, playing the iconic character of Princess Leia Organa. Her mother, Debbie Reynolds, sadly passed away just","{""do_sample"": true, ""temperature"": 1.0, ""top_p"": 0.95, ""top_k"": 50, ""repetition_penalty"": 1.0, ""max_new_tokens"": 128}"
bytekgwV6,4.0,1,1267,33,33,In the market for a low-cost networked storage solution? You may want to take a look at the Netgear ReadyNAS ,"In the market for a low-cost networked storage solution? You may want to take a look at the Netgear ReadyNAS 104. As a member of the Netgear's ReadyNAS family, this device delivers a robust combination of features and affordability, making it an excellent choice for small businesses and home users.
The Netgear ReadyNAS 104 is a 2-bay network-attached storage (NAS) device that supports up to 10 TB of total storage capacity. It's based on Intel's Atom dual-core processor and has 1 GB of RAM, making it capable of handling demanding tasks such as video streaming and file transfers.
On the connectivity front, the ReadyNAS 104 offers a range of options. You'll find two Gigabit Ethernet ports,","104. As a member of the Netgear's ReadyNAS family, this device delivers a robust combination of features and affordability, making it an excellent choice for small businesses and home users.
The Netgear ReadyNAS 104 is a 2-bay network-attached storage (NAS) device that supports up to 10 TB of total storage capacity. It's based on Intel's Atom dual-core processor and has 1 GB of RAM, making it capable of handling demanding tasks such as video streaming and file transfers.
On the connectivity front, the ReadyNAS 104 offers a range of options. You'll find two Gigabit Ethernet ports,","{""do_sample"": true, ""temperature"": 1.0, ""top_p"": 0.95, ""top_k"": 50, ""repetition_penalty"": 1.0, ""max_new_tokens"": 128}"
bytekgwV6,4.0,1,1269,35,35,"MANILA, Philippines — The state-run Land Bank of the Philippines (Landbank) has extended by one more month or until Jan. ","MANILA, Philippines — The state-run Land Bank of the Philippines (Landbank) has extended by one more month or until Jan. 31 the moratorium on foreclosures and loan payments of its distressed agriculture borrowers.

This is part of the bank’s efforts to help farmers affected by typhoons, floods and other natural calamities that have destroyed their crops and livestock, and thereby their source of livelihood and repayment.

The moratorium was initially implemented from Oct. 1 to Dec. 31, but it was further extended by another month by Landbank governor Ma. Eliza V. Pamoso in an announcement yesterday.

Pamoso emphasized that Landbank remains committed to helping Filipino farmers and Fisherfolk redevelop their agricultural sector and provide for their families despite the","31 the moratorium on foreclosures and loan payments of its distressed agriculture borrowers.

This is part of the bank’s efforts to help farmers affected by typhoons, floods and other natural calamities that have destroyed their crops and livestock, and thereby their source of livelihood and repayment.

The moratorium was initially implemented from Oct. 1 to Dec. 31, but it was further extended by another month by Landbank governor Ma. Eliza V. Pamoso in an announcement yesterday.

Pamoso emphasized that Landbank remains committed to helping Filipino farmers and Fisherfolk redevelop their agricultural sector and provide for their families despite the","{""do_sample"": true, ""temperature"": 1.0, ""top_p"": 0.95, ""top_k"": 50, ""repetition_penalty"": 1.0, ""max_new_tokens"": 128}"
bytekgwV6,4.0,1,1271,37,37,It’s a continuation of a trend they have seen over the last several years. “It’s been almost three years of ,"It’s a continuation of a trend they have seen over the last several years. “It’s been almost three years of 12 to 15% increases every year in the number of bees and butterflies in the state,” says Iowa State University Entomologist, Sivoyoan Glaister.
Glaister explains the increase isn’t limited to any one particular species or region. He says they have seen increases across the state, including for both native and non-native insects.
The Iowa DNR reports that the increase could be attributed to good rainfall and warm weather, which has allowed for healthy plant growth. This has provided an ideal environment for insects to thrive.
The ISU Extension website says that the growing population could potentially have positive effects on agriculture. Some insects","12 to 15% increases every year in the number of bees and butterflies in the state,” says Iowa State University Entomologist, Sivoyoan Glaister.
Glaister explains the increase isn’t limited to any one particular species or region. He says they have seen increases across the state, including for both native and non-native insects.
The Iowa DNR reports that the increase could be attributed to good rainfall and warm weather, which has allowed for healthy plant growth. This has provided an ideal environment for insects to thrive.
The ISU Extension website says that the growing population could potentially have positive effects on agriculture. Some insects","{""do_sample"": true, ""temperature"": 1.0, ""top_p"": 0.95, ""top_k"": 50, ""repetition_penalty"": 1.0, ""max_new_tokens"": 128}"
bytekgwV6,4.0,1,1273,39,39,"Originally Published: September 24, 2018 8 p.m. Soledad O’Brien, 10 to 11:30 a.m., Yavapai College Performing Arts Center, 1100 E ","Originally Published: September 24, 2018 8 p.m. Soledad O’Brien, 10 to 11:30 a.m., Yavapai College Performing Arts Center, 1100 E 3rd St, Prescott. O’Brien is a journalist, author, former CNN correspondent, and winner of numerous awards for her reporting. She has covered a wide range of topics including the Boston Marathon bombing,...
Originally Published: September 24, 2018 8 p.m. Prescott is hosting a special guest speaker and author, Soledad O’Brien, on Sept. 25 from 10:30 a.m. to 11:30 a.m. at Yavapai College Performing Arts Center. O’Brien is a renowned journalist, author, former CNN correspondent, and winner of numerous awards for her reporting. She has","3rd St, Prescott. O’Brien is a journalist, author, former CNN correspondent, and winner of numerous awards for her reporting. She has covered a wide range of topics including the Boston Marathon bombing,...
Originally Published: September 24, 2018 8 p.m. Prescott is hosting a special guest speaker and author, Soledad O’Brien, on Sept. 25 from 10:30 a.m. to 11:30 a.m. at Yavapai College Performing Arts Center. O’Brien is a renowned journalist, author, former CNN correspondent, and winner of numerous awards for her reporting. She has","{""do_sample"": true, ""temperature"": 1.0, ""top_p"": 0.95, ""top_k"": 50, ""repetition_penalty"": 1.0, ""max_new_tokens"": 128}"
bytekgwV6,4.0,1,1275,41,41,"Attendees visit the Vodafone Group pavilion at the Mobile World Congress in Barcelona, Spain, March 4, 2015. Vodafone, one of ","Attendees visit the Vodafone Group pavilion at the Mobile World Congress in Barcelona, Spain, March 4, 2015. Vodafone, one of 18 major telecom operators that have signed an agreement to share the cost of developing a new standard for secure, low-energy internet of things connections. REUTERS/Juan Medina/Files.
In partnership with the GSMA, Vodafone is to launch a new security certification programme for IoT devices.
Vodafone has announced the launch of a new security certification programme for IoT devices, in partnership with the GSMA (Groupe Speciale Mobile Association).
As part of the programme, Vodafone will offer certification to IoT device makers, enabling devices to use the GSMA's Secure Rendezvous and Encryption (SR-ECIES) security standard for secure, low","18 major telecom operators that have signed an agreement to share the cost of developing a new standard for secure, low-energy internet of things connections. REUTERS/Juan Medina/Files.
In partnership with the GSMA, Vodafone is to launch a new security certification programme for IoT devices.
Vodafone has announced the launch of a new security certification programme for IoT devices, in partnership with the GSMA (Groupe Speciale Mobile Association).
As part of the programme, Vodafone will offer certification to IoT device makers, enabling devices to use the GSMA's Secure Rendezvous and Encryption (SR-ECIES) security standard for secure, low","{""do_sample"": true, ""temperature"": 1.0, ""top_p"": 0.95, ""top_k"": 50, ""repetition_penalty"": 1.0, ""max_new_tokens"": 128}"
bytekgwV6,4.0,1,1277,43,43,The Congress of South African Trade Unions has noted the latest cabinet reshuffle by President Jacob Zuma. We can confirm ,"The Congress of South African Trade Unions has noted the latest cabinet reshuffle by President Jacob Zuma. We can confirm 3 new ministers, who have been brought into the cabinet, and about 6 or 7 existing ministers who have been reshuffled or moved from their respective portfolios.

It's worth noting, that the Cabinet reshuffle does not change the underlying crisis of leadership within the ANC and government, which remains the biggest obstacle to the transformation and development of the country. We remain deeply concerned about the impact that these changes may have on the lives of South African citizens.

As an alliance of workers' organizations, we have always advocated for a cabinet that reflects the diversity of our people, and we have consistently criticized the lack of representation of women and youth in","3 new ministers, who have been brought into the cabinet, and about 6 or 7 existing ministers who have been reshuffled or moved from their respective portfolios.

It's worth noting, that the Cabinet reshuffle does not change the underlying crisis of leadership within the ANC and government, which remains the biggest obstacle to the transformation and development of the country. We remain deeply concerned about the impact that these changes may have on the lives of South African citizens.

As an alliance of workers' organizations, we have always advocated for a cabinet that reflects the diversity of our people, and we have consistently criticized the lack of representation of women and youth in","{""do_sample"": true, ""temperature"": 1.0, ""top_p"": 0.95, ""top_k"": 50, ""repetition_penalty"": 1.0, ""max_new_tokens"": 128}"
bytekgwV6,4.0,1,1279,45,45,"After much anticipation, Melania Trump has finally given the world a glimpse of her platform. Like those before her, Trump ","After much anticipation, Melania Trump has finally given the world a glimpse of her platform. Like those before her, Trump 92 has committed to making the lives of certain groups of people better.
The new First Lady, in a statement, said that her primary focus will be on women, children and the plight of those affected by the ongoing global refugee crisis.
Trump explained that, in her words, ""No one, no one, no one, no one, no one, no one, no one, no one, no one, no one, no one, no one, no one, no one, no one, no one, no one, no one, no one, no one, no one, no one, no one, no one,","92 has committed to making the lives of certain groups of people better.
The new First Lady, in a statement, said that her primary focus will be on women, children and the plight of those affected by the ongoing global refugee crisis.
Trump explained that, in her words, ""No one, no one, no one, no one, no one, no one, no one, no one, no one, no one, no one, no one, no one, no one, no one, no one, no one, no one, no one, no one, no one, no one, no one, no one,","{""do_sample"": true, ""temperature"": 1.0, ""top_p"": 0.95, ""top_k"": 50, ""repetition_penalty"": 1.0, ""max_new_tokens"": 128}"
bytekgwV6,4.0,1,1281,47,47,We build our students up only to encourage them to flee. Why? Combining advertising campaigns handled by pros along with ,"We build our students up only to encourage them to flee. Why? Combining advertising campaigns handled by pros along with 1000+ student reviews, our objective is going. 1000 words/page. 0. 00%. 30 pages.
We are a writing. We've been developing essay, a lot of students. Our objective isn't only for them the ideal essay for the students, it's to allow it. We offer essays for sale for sale. It's to set you up for success not to make a quick buck. This isn't our intention.
We've seen students with 4.
To allow it it's not. We offer essays for sale, it. It's to make a fast buck not.
It's not our","1000+ student reviews, our objective is going. 1000 words/page. 0. 00%. 30 pages.
We are a writing. We've been developing essay, a lot of students. Our objective isn't only for them the ideal essay for the students, it's to allow it. We offer essays for sale for sale. It's to set you up for success not to make a quick buck. This isn't our intention.
We've seen students with 4.
To allow it it's not. We offer essays for sale, it. It's to make a fast buck not.
It's not our","{""do_sample"": true, ""temperature"": 1.0, ""top_p"": 0.95, ""top_k"": 50, ""repetition_penalty"": 1.0, ""max_new_tokens"": 128}"
bytekgwV6,4.0,1,1283,49,49,Federal Reserve Bank of Minneapolis President Narayana Kocherlakota will step down when his current term ends in February 2016. The ,"Federal Reserve Bank of Minneapolis President Narayana Kocherlakota will step down when his current term ends in February 2016. The 54-year-old economist will not pursue a second term.
Kocherlakova’s departure follows a controversial term, during which he has repeatedly diverged from his Federal Reserve peers by advocating for aggressive action to boost economic growth and reduce the jobless rate. Kocherlakova believed the Fed had been too slow to act and has repeatedly urged the central bank to adopt negative interest rates to stimulate the economy.
Kocherlakova has been the most vocal dissenting voice within the Federal Open Market Committee, and his departure may have a significant impact on the Fed's decision-making process going forward.
The Minneapolis Fed president’s departure was not a","54-year-old economist will not pursue a second term.
Kocherlakova’s departure follows a controversial term, during which he has repeatedly diverged from his Federal Reserve peers by advocating for aggressive action to boost economic growth and reduce the jobless rate. Kocherlakova believed the Fed had been too slow to act and has repeatedly urged the central bank to adopt negative interest rates to stimulate the economy.
Kocherlakova has been the most vocal dissenting voice within the Federal Open Market Committee, and his departure may have a significant impact on the Fed's decision-making process going forward.
The Minneapolis Fed president’s departure was not a","{""do_sample"": true, ""temperature"": 1.0, ""top_p"": 0.95, ""top_k"": 50, ""repetition_penalty"": 1.0, ""max_new_tokens"": 128}"
bytekgwV6,4.0,1,1285,51,51,Roger Federer of Switzerland and Bill Gates shake hands at the Match For Africa 4 exhibition match at KeyArena on ,"Roger Federer of Switzerland and Bill Gates shake hands at the Match For Africa 4 exhibition match at KeyArena on 7th February, 2020 in Seattle, Washington, USA. (J Pat Carter/AP/Shutterstock) Image via Getty.
ROger Federer, one of the most successful and renowned tennis players of all time, has partnered with the Bill and Melinda Gates Foundation to support the fight against HIV/AIDS in Africa.
On January 29, it was announced that the two philanthropists will work together to support the fight against HIV/AIDS in Africa through the Match For Africa 5 initiative.
Match For Africa, founded by Federer in 2003, has been dedicated to raising awareness and support for various social projects in Africa. Since","7th February, 2020 in Seattle, Washington, USA. (J Pat Carter/AP/Shutterstock) Image via Getty.
ROger Federer, one of the most successful and renowned tennis players of all time, has partnered with the Bill and Melinda Gates Foundation to support the fight against HIV/AIDS in Africa.
On January 29, it was announced that the two philanthropists will work together to support the fight against HIV/AIDS in Africa through the Match For Africa 5 initiative.
Match For Africa, founded by Federer in 2003, has been dedicated to raising awareness and support for various social projects in Africa. Since","{""do_sample"": true, ""temperature"": 1.0, ""top_p"": 0.95, ""top_k"": 50, ""repetition_penalty"": 1.0, ""max_new_tokens"": 128}"
bytekgwV6,4.0,1,1287,53,53,"BAGHDAD, Iraq -- Fighting in the Shiite stronghold of Sadr City killed 23 Iraqis yesterday, hospital officials said, and the ","BAGHDAD, Iraq -- Fighting in the Shiite stronghold of Sadr City killed 23 Iraqis yesterday, hospital officials said, and the 34th day of a Sunni-Shiite revolt saw attacks on the capital's main hospital and the home of the Iraqi prime minister.
US forces and Iraqi police clashed with militiamen from the Mahdi Army, a radical Iranian-backed militia loyal to anti-American cleric Muqtada al-Sadr. In the mayhem, civilians were caught in the crossfire and medical facilities were overwhelmed.
The US military reported four US service members were wounded in the clashes in eastern Baghdad.
The latest violence brings the death toll from the revolt to over 1,000, and the crisis has raised concerns of civil war and the possibility that Iraq will be","34th day of a Sunni-Shiite revolt saw attacks on the capital's main hospital and the home of the Iraqi prime minister.
US forces and Iraqi police clashed with militiamen from the Mahdi Army, a radical Iranian-backed militia loyal to anti-American cleric Muqtada al-Sadr. In the mayhem, civilians were caught in the crossfire and medical facilities were overwhelmed.
The US military reported four US service members were wounded in the clashes in eastern Baghdad.
The latest violence brings the death toll from the revolt to over 1,000, and the crisis has raised concerns of civil war and the possibility that Iraq will be","{""do_sample"": true, ""temperature"": 1.0, ""top_p"": 0.95, ""top_k"": 50, ""repetition_penalty"": 1.0, ""max_new_tokens"": 128}"
bytekgwV6,4.0,1,1289,55,55,"Tulsa race riot survivor: ""Learn how to forgive, but never forget"" SAN FRANCISCO, California (CNN) -- A 100-inch, high definition ","Tulsa race riot survivor: ""Learn how to forgive, but never forget"" SAN FRANCISCO, California (CNN) -- A 100-inch, high definition 3D image of the Civil War-era Tulsa race riot took a little over one hour to create. Now the image of the riot that occurred on Memorial Day in 1921, the bloodiest race riot in US history, can be seen at the Martin Luther King Jr. Research and Education Institute at Stanford University.
Tulsa race riot survivor: Learn how to forgive, but never forget | CNN
t was the day the city of Tulsa became known as Black Wall Street, the center of the city that was the economic and cultural heart of African Americans. Tulsa was known for it wealth and success, with several African American millionaires.","3D image of the Civil War-era Tulsa race riot took a little over one hour to create. Now the image of the riot that occurred on Memorial Day in 1921, the bloodiest race riot in US history, can be seen at the Martin Luther King Jr. Research and Education Institute at Stanford University.
Tulsa race riot survivor: Learn how to forgive, but never forget | CNN
t was the day the city of Tulsa became known as Black Wall Street, the center of the city that was the economic and cultural heart of African Americans. Tulsa was known for it wealth and success, with several African American millionaires.","{""do_sample"": true, ""temperature"": 1.0, ""top_p"": 0.95, ""top_k"": 50, ""repetition_penalty"": 1.0, ""max_new_tokens"": 128}"
bytekgwV6,4.0,1,1291,57,57,When Cait and I found out how easy it is to make ravioli–and with such completely impressive and delicious results!–we ,"When Cait and I found out how easy it is to make ravioli–and with such completely impressive and delicious results!–we  got super excited and immediately started brainstorming ways to get creative with our ravioli game. Here are some ideas we came up with:

**Squash Ravioli with Sage Brown Butter and Crispy Sage Leaves**: We discovered you can roast the most gorgeous, sweet, and nutty flavor out of butternut squash by drizzling it with olive oil and roasting it in the oven until caramelized. Then, we used that as the filling and topped with a nutty sage brown butter and crispy fried sage leaves.

**Spicy Lobster Ravioli with Garlic-Lemon Butter and Microgreens**: What better"," got super excited and immediately started brainstorming ways to get creative with our ravioli game. Here are some ideas we came up with:

**Squash Ravioli with Sage Brown Butter and Crispy Sage Leaves**: We discovered you can roast the most gorgeous, sweet, and nutty flavor out of butternut squash by drizzling it with olive oil and roasting it in the oven until caramelized. Then, we used that as the filling and topped with a nutty sage brown butter and crispy fried sage leaves.

**Spicy Lobster Ravioli with Garlic-Lemon Butter and Microgreens**: What better","{""do_sample"": true, ""temperature"": 1.0, ""top_p"": 0.95, ""top_k"": 50, ""repetition_penalty"": 1.0, ""max_new_tokens"": 128}"
bytekgwV6,4.0,1,1293,59,59,"It may not have been enough to bring out the skis, but Wood River Valley residents woke up with a ","It may not have been enough to bring out the skis, but Wood River Valley residents woke up with a 5-inch layer of new snow Thursday morning. Valley communities including Hailey and Ketchum received the most significant new snow of the season so far.
Forecasters were predicting 1-2 feet of snow for the region, and it looks like they came very close to that mark.
The heavy snow was caused by a low-pressure system moving out of the southwest and a winter weather advisory was issued for Blaine and Elmore Counties.
While it's not ideal skiing weather with mostly high clouds and a lack of direct sunlight, the new powder should still make for great skiing and other snow activities this weekend.
For those looking to hit the slopes","5-inch layer of new snow Thursday morning. Valley communities including Hailey and Ketchum received the most significant new snow of the season so far.
Forecasters were predicting 1-2 feet of snow for the region, and it looks like they came very close to that mark.
The heavy snow was caused by a low-pressure system moving out of the southwest and a winter weather advisory was issued for Blaine and Elmore Counties.
While it's not ideal skiing weather with mostly high clouds and a lack of direct sunlight, the new powder should still make for great skiing and other snow activities this weekend.
For those looking to hit the slopes","{""do_sample"": true, ""temperature"": 1.0, ""top_p"": 0.95, ""top_k"": 50, ""repetition_penalty"": 1.0, ""max_new_tokens"": 128}"
bytekgwV6,4.0,1,1295,61,61,"Are stoners now a target advertising demographic for fast food companies? Ever since Harold and Kumar went to White Castle, ","Are stoners now a target advertising demographic for fast food companies? Ever since Harold and Kumar went to White Castle, 420-friendly eaters have been tantalized by ads for greasy, indulgent grub. And with the normalization of weed use in many parts of the United States, it seems that stoners are becoming an increasingly coveted demographic for fast food chains.
Here are some telling examples of the increasing recognition of stoners as an important demographic for fast food chains:
1. White Castle is a clear trailblazer here, and their ads often feature relaxed, weed-smoking protagonists enjoying the chain's signature sliders.
2. Jimmy John's sandwich chain launched an infamous #StonerWeek campaign in 2014, which consisted of special discounts and","420-friendly eaters have been tantalized by ads for greasy, indulgent grub. And with the normalization of weed use in many parts of the United States, it seems that stoners are becoming an increasingly coveted demographic for fast food chains.
Here are some telling examples of the increasing recognition of stoners as an important demographic for fast food chains:
1. White Castle is a clear trailblazer here, and their ads often feature relaxed, weed-smoking protagonists enjoying the chain's signature sliders.
2. Jimmy John's sandwich chain launched an infamous #StonerWeek campaign in 2014, which consisted of special discounts and","{""do_sample"": true, ""temperature"": 1.0, ""top_p"": 0.95, ""top_k"": 50, ""repetition_penalty"": 1.0, ""max_new_tokens"": 128}"
bytekgwV6,4.0,1,1297,63,63,"Due to Hurricane Irene, parts of New Jersey were declared a federal disaster area this week. Federal funding is available ","Due to Hurricane Irene, parts of New Jersey were declared a federal disaster area this week. Federal funding is available  for recovery efforts, but there’s a catch – some relief funds have restrictions and requirements. Let's take a closer look at how the funds will work.
New Jersey received an estimated 60 billion dollars worth of damage from Hurricane Irene and Tropical Storm Lee. So, when the president declared parts of the state a federal disaster area earlier this week, it paved the way for federal funding to support the state's response and recovery efforts.
The funds will come through FEMA, which provides individual and public assistance, such as grants and loans, for disaster relief. But there are some restrictions and requirements on how the funds can be used.
Individual Assistance"," for recovery efforts, but there’s a catch – some relief funds have restrictions and requirements. Let's take a closer look at how the funds will work.
New Jersey received an estimated 60 billion dollars worth of damage from Hurricane Irene and Tropical Storm Lee. So, when the president declared parts of the state a federal disaster area earlier this week, it paved the way for federal funding to support the state's response and recovery efforts.
The funds will come through FEMA, which provides individual and public assistance, such as grants and loans, for disaster relief. But there are some restrictions and requirements on how the funds can be used.
Individual Assistance","{""do_sample"": true, ""temperature"": 1.0, ""top_p"": 0.95, ""top_k"": 50, ""repetition_penalty"": 1.0, ""max_new_tokens"": 128}"
bytekgwV6,4.0,1,1299,65,65,"As many British visitors to France have learnt to their dismay, if you ask a local, “Parlez-vous anglais?”, the answer ","As many British visitors to France have learnt to their dismay, if you ask a local, “Parlez-vous anglais?”, the answer 99 times out of 100 will be “Non, pas souvent!” (No, not very often!). It’s not that the French are being rude, it’s just that they’re proud of their language and culture and tend to see English as a bit of a usurper.

However, France is a major tourist destination and the locals appreciate the business they generate, so, while they may not want to be English themselves, they're happy to chat to and deal with visitors from the Anglosphere. So don't let the French reserve deter you! Just be respectful and make an effort to speak some basic French, such as ""Bonjour","99 times out of 100 will be “Non, pas souvent!” (No, not very often!). It’s not that the French are being rude, it’s just that they’re proud of their language and culture and tend to see English as a bit of a usurper.

However, France is a major tourist destination and the locals appreciate the business they generate, so, while they may not want to be English themselves, they're happy to chat to and deal with visitors from the Anglosphere. So don't let the French reserve deter you! Just be respectful and make an effort to speak some basic French, such as ""Bonjour","{""do_sample"": true, ""temperature"": 1.0, ""top_p"": 0.95, ""top_k"": 50, ""repetition_penalty"": 1.0, ""max_new_tokens"": 128}"
bytekgwV6,4.0,1,1301,67,67,"For professors, publishing in elite journals is an unavoidable part of university life. The grueling process of subjecting work to ","For professors, publishing in elite journals is an unavoidable part of university life. The grueling process of subjecting work to 3,000-word limitations and rigorous peer review can be daunting. But if there was a secret to success, would you be willing to take on an additional challenge?

Welcome to my interview series, ""Publish and Perish""! I'll be chatting with esteemed academics who've conquered the highest altitudes of academia, and I'm thrilled to kick things off with Dr. Sarah Smith, a renowned economist from the University of California, Berkeley.

What's the key to success in the publishing world, Dr. Smith? 

Dr. Smith: Well, I believe it's about writing for the right audience and submitting to the right journals. In","3,000-word limitations and rigorous peer review can be daunting. But if there was a secret to success, would you be willing to take on an additional challenge?

Welcome to my interview series, ""Publish and Perish""! I'll be chatting with esteemed academics who've conquered the highest altitudes of academia, and I'm thrilled to kick things off with Dr. Sarah Smith, a renowned economist from the University of California, Berkeley.

What's the key to success in the publishing world, Dr. Smith? 

Dr. Smith: Well, I believe it's about writing for the right audience and submitting to the right journals. In","{""do_sample"": true, ""temperature"": 1.0, ""top_p"": 0.95, ""top_k"": 50, ""repetition_penalty"": 1.0, ""max_new_tokens"": 128}"
bytekgwV6,4.0,1,1303,69,69,"After rebranding from beverages to a blockchain company, Long Blockchain says it is refocusing yet again and launching operations related ","After rebranding from beverages to a blockchain company, Long Blockchain says it is refocusing yet again and launching operations related 5G connectivity.
Long Blockchain, the company formerly known as Long Beach Beer Company, announced in a statement yesterday that it has closed a $250,000 funding round to support the development of its new 5G wireless connectivity business, which it says offers high-speed internet access to underserved communities and remote areas.
Long Beach Beer Company rebranding itself as a blockchain company was a hot mess back in 2017, and it looks like they’re still trying to find their footing.
According to the company, their new 5G technology uses a proprietary wireless communication protocol that enables high-speed data transmission and low-latency connectivity, with","5G connectivity.
Long Blockchain, the company formerly known as Long Beach Beer Company, announced in a statement yesterday that it has closed a $250,000 funding round to support the development of its new 5G wireless connectivity business, which it says offers high-speed internet access to underserved communities and remote areas.
Long Beach Beer Company rebranding itself as a blockchain company was a hot mess back in 2017, and it looks like they’re still trying to find their footing.
According to the company, their new 5G technology uses a proprietary wireless communication protocol that enables high-speed data transmission and low-latency connectivity, with","{""do_sample"": true, ""temperature"": 1.0, ""top_p"": 0.95, ""top_k"": 50, ""repetition_penalty"": 1.0, ""max_new_tokens"": 128}"
bytekgwV6,4.0,1,1305,71,71,"Noel Gallo, an organ builder who designed a new organ at Xewkija parish church and Paolo Oreni, an international organist ","Noel Gallo, an organ builder who designed a new organ at Xewkija parish church and Paolo Oreni, an international organist 15 years ago. Photo: Andrew Azzopardi
Renowned international organist and jury chairman for the international competition 'Organum', Dr. Simon-Pierre Perreten, who will conduct workshops and concerts at Xewkija parish church. Photo: Andrew Azzopardi
The Xewkija organ committee and Xewkija parish priest Rev Fr Claude Cremona (centre) cutting a cake to mark the 15th anniversary of the organ's inauguration. Photo: Andrew Azzopardi
Xewkija parish church's historic Pogacinski organ (1914) alongside the new organ designed by","15 years ago. Photo: Andrew Azzopardi
Renowned international organist and jury chairman for the international competition 'Organum', Dr. Simon-Pierre Perreten, who will conduct workshops and concerts at Xewkija parish church. Photo: Andrew Azzopardi
The Xewkija organ committee and Xewkija parish priest Rev Fr Claude Cremona (centre) cutting a cake to mark the 15th anniversary of the organ's inauguration. Photo: Andrew Azzopardi
Xewkija parish church's historic Pogacinski organ (1914) alongside the new organ designed by","{""do_sample"": true, ""temperature"": 1.0, ""top_p"": 0.95, ""top_k"": 50, ""repetition_penalty"": 1.0, ""max_new_tokens"": 128}"
bytekgwV6,4.0,1,1307,73,73,"Meet Google's Robot Army. It's Growing. Google can't stop buying robotics companies. In the past two months, eight of the ","Meet Google's Robot Army. It's Growing. Google can't stop buying robotics companies. In the past two months, eight of the 15 companies in Google's robotics division have either merged with other companies or changed ownership. Google's robotics acquisition spree, which began with the purchase of eight robotics companies in 2013, continues unabated. More from Re/code.
Google makes a move into robot healthcare. Aldebaran Robotics, the French company behind NAO, is the latest acquisition by Google for an undisclosed sum. Aldebaran's humanoid robots are widely used for healthcare purposes. The acquisition will help Google expand its capabilities for elderly and disabled care. More from The Wall Street Journal.
The NAO robot is small and flexible. It can be used to teach","15 companies in Google's robotics division have either merged with other companies or changed ownership. Google's robotics acquisition spree, which began with the purchase of eight robotics companies in 2013, continues unabated. More from Re/code.
Google makes a move into robot healthcare. Aldebaran Robotics, the French company behind NAO, is the latest acquisition by Google for an undisclosed sum. Aldebaran's humanoid robots are widely used for healthcare purposes. The acquisition will help Google expand its capabilities for elderly and disabled care. More from The Wall Street Journal.
The NAO robot is small and flexible. It can be used to teach","{""do_sample"": true, ""temperature"": 1.0, ""top_p"": 0.95, ""top_k"": 50, ""repetition_penalty"": 1.0, ""max_new_tokens"": 128}"
bytekgwV6,4.0,1,1309,75,75,"Michael Schumacher - a seven-time Formula One world champion is ""not bedridden or living on tubes"", it has been reported ","Michael Schumacher - a seven-time Formula One world champion is ""not bedridden or living on tubes"", it has been reported 12 years after he retired. Schumacher was injured in a skiing accident on December 29, 2013 while skiing with his 14-year-old daughter Gina-Marie in Meribel, French Alps.
According to a new documentary, ""Michael Schumacher: The Unknown Story"", which aired in German on ZDF network, the former F1 driver has been making progress with his rehabilitation at his estate in Switzerland.

Schumacher's former teammate and friend, Nicolas Kiesa, told the documentary: ""Michael's doing incredibly well, he's getting better and better all the time.""

Kiesa added: ""People have","12 years after he retired. Schumacher was injured in a skiing accident on December 29, 2013 while skiing with his 14-year-old daughter Gina-Marie in Meribel, French Alps.
According to a new documentary, ""Michael Schumacher: The Unknown Story"", which aired in German on ZDF network, the former F1 driver has been making progress with his rehabilitation at his estate in Switzerland.

Schumacher's former teammate and friend, Nicolas Kiesa, told the documentary: ""Michael's doing incredibly well, he's getting better and better all the time.""

Kiesa added: ""People have","{""do_sample"": true, ""temperature"": 1.0, ""top_p"": 0.95, ""top_k"": 50, ""repetition_penalty"": 1.0, ""max_new_tokens"": 128}"
bytekgwV6,4.0,1,1311,77,77,"On April 4, 1975, Bill Gates and Paul Allen founded Microsoft. The small firm used to develop and sell BASIC ","On April 4, 1975, Bill Gates and Paul Allen founded Microsoft. The small firm used to develop and sell BASIC 650 for Intel-based microcomputers. Over the years, the company expanded, innovated, and revolutionized the tech industry with software applications like Microsoft Office and operating systems like MS-DOS and Windows. On this day, Microsoft celebrates its 46th anniversary.
On May 21, 1980, the first version of the Windows operating system was announced by Microsoft, and two weeks later, the company went public with its initial public offering (IPO). Microsoft's success with Windows, as well as the development of the popular Microsoft Office software suite, propelled the company into the Fortune 500 rankings.
By the mid-1990","650 for Intel-based microcomputers. Over the years, the company expanded, innovated, and revolutionized the tech industry with software applications like Microsoft Office and operating systems like MS-DOS and Windows. On this day, Microsoft celebrates its 46th anniversary.
On May 21, 1980, the first version of the Windows operating system was announced by Microsoft, and two weeks later, the company went public with its initial public offering (IPO). Microsoft's success with Windows, as well as the development of the popular Microsoft Office software suite, propelled the company into the Fortune 500 rankings.
By the mid-1990","{""do_sample"": true, ""temperature"": 1.0, ""top_p"": 0.95, ""top_k"": 50, ""repetition_penalty"": 1.0, ""max_new_tokens"": 128}"
bytekgwV6,4.0,1,1313,79,79,John Beilein and the Michigan Wolverines are one win away from a national title. On Saturday the Wolverines knocked off ,"John Beilein and the Michigan Wolverines are one win away from a national title. On Saturday the Wolverines knocked off 4-seed Oregon in the Elite Eight, advancing to their first championship game appearance since 1993.
Beilein is the first coach to ever lead the Wolverines to a Final Four and a championship game appearance, a testament to the program he has built over the years.
On Thursday the Wolverines held off Louisville 73-69, with Moritz Wagner leading the way with 16 points. On Saturday they needed a big second-half surge to knock off Oregon, with Zavier Simpson scoring 10 of the team's 13 points to close out the game.
Michigan's senior class, including Wagner, Jordan Poole and Duncan","4-seed Oregon in the Elite Eight, advancing to their first championship game appearance since 1993.
Beilein is the first coach to ever lead the Wolverines to a Final Four and a championship game appearance, a testament to the program he has built over the years.
On Thursday the Wolverines held off Louisville 73-69, with Moritz Wagner leading the way with 16 points. On Saturday they needed a big second-half surge to knock off Oregon, with Zavier Simpson scoring 10 of the team's 13 points to close out the game.
Michigan's senior class, including Wagner, Jordan Poole and Duncan","{""do_sample"": true, ""temperature"": 1.0, ""top_p"": 0.95, ""top_k"": 50, ""repetition_penalty"": 1.0, ""max_new_tokens"": 128}"
bytekgwV6,4.0,1,1315,81,81,Two Democratic state representatives from South Florida said Thursday that they've gathered with 33 colleagues to file paperwork with the ,"Two Democratic state representatives from South Florida said Thursday that they've gathered with 33 colleagues to file paperwork with the 2022 gubernatorial candidate who they say can beat Florida Agriculture Commissioner and gubernatorial hopeful Nikki Fried.
According to a news release from state Reps. Dan Kelley and Christine Hunschofsen's campaigns, the representatives have ""coordinated support"" for Democratic gubernatorial candidate and former Miami Beach Mayor Philip Levine, who lost the 2018 Democratic gubernatorial primary.
Kelley and Hunschofsen said they believe Levine's experience in business and his ability to unite the party would help him win the governor's race against Fried.
Fried has not officially announced a gubernatorial bid but has been considered a top candidate by some and","2022 gubernatorial candidate who they say can beat Florida Agriculture Commissioner and gubernatorial hopeful Nikki Fried.
According to a news release from state Reps. Dan Kelley and Christine Hunschofsen's campaigns, the representatives have ""coordinated support"" for Democratic gubernatorial candidate and former Miami Beach Mayor Philip Levine, who lost the 2018 Democratic gubernatorial primary.
Kelley and Hunschofsen said they believe Levine's experience in business and his ability to unite the party would help him win the governor's race against Fried.
Fried has not officially announced a gubernatorial bid but has been considered a top candidate by some and","{""do_sample"": true, ""temperature"": 1.0, ""top_p"": 0.95, ""top_k"": 50, ""repetition_penalty"": 1.0, ""max_new_tokens"": 128}"
bytekgwV6,4.0,1,1317,83,83,"Hospitals are seeking ways to reduce readmissions, due to new penalties from Medicare. Demand for qualified professionals in the health ","Hospitals are seeking ways to reduce readmissions, due to new penalties from Medicare. Demand for qualified professionals in the health  care industry has never been higher. For over a decade, our Healthcare industry has seen a steady rise in demand for medical professionals.
Our Healthcare Professionals include: Medical Assistants, Medical Receptionists, Medical Records and Coding Specialists.
Our Medical Assistant program is specifically designed to provide the necessary training and certifications to work as a Medical Assistant. Our program covers topics such as anatomy and physiology, patient assessment, vital signs, and patient medical record-keeping.
Our Medical Receptionist program provides training on the essential skills for working effectively at the front desk, including communication techniques, medical terminology, and administrative procedures.
Our Medical Coding and Billing program provides training on"," care industry has never been higher. For over a decade, our Healthcare industry has seen a steady rise in demand for medical professionals.
Our Healthcare Professionals include: Medical Assistants, Medical Receptionists, Medical Records and Coding Specialists.
Our Medical Assistant program is specifically designed to provide the necessary training and certifications to work as a Medical Assistant. Our program covers topics such as anatomy and physiology, patient assessment, vital signs, and patient medical record-keeping.
Our Medical Receptionist program provides training on the essential skills for working effectively at the front desk, including communication techniques, medical terminology, and administrative procedures.
Our Medical Coding and Billing program provides training on","{""do_sample"": true, ""temperature"": 1.0, ""top_p"": 0.95, ""top_k"": 50, ""repetition_penalty"": 1.0, ""max_new_tokens"": 128}"
bytekgwV6,4.0,1,1319,85,85,"OK!'s NYC Fashion Week Blog: Gwen Stefani's L.A.M.B. Can’t make it to NYC for Fashion Week? Don’t worry, OK!’s got ","OK!'s NYC Fashion Week Blog: Gwen Stefani's L.A.M.B. Can’t make it to NYC for Fashion Week? Don’t worry, OK!’s got 411! We've got...
First Look: Gucci Spring 2011 Ad Campaign - Front Row! We've seen plenty of amazing ads for Gucci's spring 2011 collection, featuring Frida Gustavsson...
[VIDEOS] Watch OK!'s Top 5 Super Bowl XLV Ads! We're already counting down the days until Super Bowl Sunday! But while we wait, OK...
Get Ready To Roll Up Those Sleeves! 12 Chic Military-Inspired Accessories For Winter! The military trend is still going strong! Whether it’s utility belts, combat boots or...
EXCLUSIVE! Meet Fashion Week Superstar,","411! We've got...
First Look: Gucci Spring 2011 Ad Campaign - Front Row! We've seen plenty of amazing ads for Gucci's spring 2011 collection, featuring Frida Gustavsson...
[VIDEOS] Watch OK!'s Top 5 Super Bowl XLV Ads! We're already counting down the days until Super Bowl Sunday! But while we wait, OK...
Get Ready To Roll Up Those Sleeves! 12 Chic Military-Inspired Accessories For Winter! The military trend is still going strong! Whether it’s utility belts, combat boots or...
EXCLUSIVE! Meet Fashion Week Superstar,","{""do_sample"": true, ""temperature"": 1.0, ""top_p"": 0.95, ""top_k"": 50, ""repetition_penalty"": 1.0, ""max_new_tokens"": 128}"
bytekgwV6,4.0,1,1321,87,87,"FILE - Guinea security forces, center, face people rioting and burning rubbish and other goods in the streets of Conakry, ","FILE - Guinea security forces, center, face people rioting and burning rubbish and other goods in the streets of Conakry, 24 December 2020. The rioters were upset over the arrest and alleged ill treatment of several opposition figures.
Pro-democracy activists and several opposition leaders arrested by the Guinea military government, including former Prime Minister Mohamed Beavogui, were released on Monday. Authorities said the release came after President Mamady Doumbouya met with a high-level delegation of the Economic Community of West African States, which urged restraint and respect for human rights.
Dozens were arrested after anti-junta protests broke out on Christmas Eve. Authorities cracked down on the demonstrations, using tear gas and live gunfire. The violence left at least four people dead and dozens","24 December 2020. The rioters were upset over the arrest and alleged ill treatment of several opposition figures.
Pro-democracy activists and several opposition leaders arrested by the Guinea military government, including former Prime Minister Mohamed Beavogui, were released on Monday. Authorities said the release came after President Mamady Doumbouya met with a high-level delegation of the Economic Community of West African States, which urged restraint and respect for human rights.
Dozens were arrested after anti-junta protests broke out on Christmas Eve. Authorities cracked down on the demonstrations, using tear gas and live gunfire. The violence left at least four people dead and dozens","{""do_sample"": true, ""temperature"": 1.0, ""top_p"": 0.95, ""top_k"": 50, ""repetition_penalty"": 1.0, ""max_new_tokens"": 128}"
bytekgwV6,4.0,1,1323,89,89,Sunday's college basketball roundup: No. 8 N.C. State women stay unbeaten with rout at U.Va. Do conference hoops tournaments hinder ,"Sunday's college basketball roundup: No. 8 N.C. State women stay unbeaten with rout at U.Va. Do conference hoops tournaments hinder 2nd-round exits in NCAA... Hokies' Blackshear has a second foot surgery It was a beautiful Saturday afternoon for the No. 8 North Carolina State women’s basketball team, who ventured to University of Virginia and emerged...
Saturday's college basketball roundup: No. 8 UNC State women rout Monarchs in OT; ODU's Wright, Hill make NCAA announcements Norfolk State and Hampton each lost at home, while William & Mary and Old Dominion claimed weekend victories. In the MEAC, Norfolk State fell 95-85 to North Carolina Central in overtime, while Hampton lost 87-76 to Bethune-Cookman.
","2nd-round exits in NCAA... Hokies' Blackshear has a second foot surgery It was a beautiful Saturday afternoon for the No. 8 North Carolina State women’s basketball team, who ventured to University of Virginia and emerged...
Saturday's college basketball roundup: No. 8 UNC State women rout Monarchs in OT; ODU's Wright, Hill make NCAA announcements Norfolk State and Hampton each lost at home, while William & Mary and Old Dominion claimed weekend victories. In the MEAC, Norfolk State fell 95-85 to North Carolina Central in overtime, while Hampton lost 87-76 to Bethune-Cookman.
","{""do_sample"": true, ""temperature"": 1.0, ""top_p"": 0.95, ""top_k"": 50, ""repetition_penalty"": 1.0, ""max_new_tokens"": 128}"
bytekgwV6,4.0,1,1325,91,91,“All the gold names have been pretty much getting hammered both on the credit side and the equity side for ,"“All the gold names have been pretty much getting hammered both on the credit side and the equity side for 2019, but a lot of those names are looking undervalued and we should see some snapback from here,” said Paul Christopher, the Investment Strategy Officer at Wells Fargo Private Bank.
As you can see in the graphic below, the gold miners have indeed come under heavy pressure in recent months, although they have also shown signs of stabilizing and some are on the verge of breaking back above their longer-term trends.
So, what might drive the snapback that Mr. Christopher expects?
Here are four potential factors that could contribute to a rally in the gold miners:

1. **Interest Rate Expectations**: If interest rates stabilize or even","2019, but a lot of those names are looking undervalued and we should see some snapback from here,” said Paul Christopher, the Investment Strategy Officer at Wells Fargo Private Bank.
As you can see in the graphic below, the gold miners have indeed come under heavy pressure in recent months, although they have also shown signs of stabilizing and some are on the verge of breaking back above their longer-term trends.
So, what might drive the snapback that Mr. Christopher expects?
Here are four potential factors that could contribute to a rally in the gold miners:

1. **Interest Rate Expectations**: If interest rates stabilize or even","{""do_sample"": true, ""temperature"": 1.0, ""top_p"": 0.95, ""top_k"": 50, ""repetition_penalty"": 1.0, ""max_new_tokens"": 128}"
bytekgwV6,4.0,1,1327,93,93,"Customers line up to purchase lottery tickets, Monday, Oct. 22, 2018, at La Preferida Superdiscount store in Hialeah, Fla. For ","Customers line up to purchase lottery tickets, Monday, Oct. 22, 2018, at La Preferida Superdiscount store in Hialeah, Fla. For 13 years, the Florida Lottery has offered its Fantasy 5 drawing game. But on Monday, it made a change to the way the game will be played. (AP Photo/Lynne Sladky)
AP Analysis: Lottery changes could bring new opportunities for players
FLORIDA - Here's a breakdown of the changes to the Florida Lottery's Fantasy 5 game and how they could impact players:
What's changing: Starting November 13, 2018, the Fantasy 5 drawing game is switching from a cash-only payout to a cash-plus-prize format. Players who choose the cash option will receive a prize based on the","13 years, the Florida Lottery has offered its Fantasy 5 drawing game. But on Monday, it made a change to the way the game will be played. (AP Photo/Lynne Sladky)
AP Analysis: Lottery changes could bring new opportunities for players
FLORIDA - Here's a breakdown of the changes to the Florida Lottery's Fantasy 5 game and how they could impact players:
What's changing: Starting November 13, 2018, the Fantasy 5 drawing game is switching from a cash-only payout to a cash-plus-prize format. Players who choose the cash option will receive a prize based on the","{""do_sample"": true, ""temperature"": 1.0, ""top_p"": 0.95, ""top_k"": 50, ""repetition_penalty"": 1.0, ""max_new_tokens"": 128}"
bytekgwV6,4.0,1,1329,95,95,There're no feet like happy feet and these Rechargeable Heated Slippers will ensure your feet are always happy. Just slip ,"There're no feet like happy feet and these Rechargeable Heated Slippers will ensure your feet are always happy. Just slip  your feet into these soft, warm and cozy slippers and get ready to relax like there's no tomorrow. The heating element will ensure your toes, soles and arches get the warmth they're seeking. Perfect for after a long day, during the night or even at the beach, these slippers are a must-have for anyone who cares about their feet. Plus the Rechargeable Heated Slippers feature rechargeable batteries, making them energy-efficient and eco-friendly. Buy these warm and cozy slippers now and treat your feet to the love they deserve! Order now and let the joy begin!
PLEASE NOTE: These heated slippers"," your feet into these soft, warm and cozy slippers and get ready to relax like there's no tomorrow. The heating element will ensure your toes, soles and arches get the warmth they're seeking. Perfect for after a long day, during the night or even at the beach, these slippers are a must-have for anyone who cares about their feet. Plus the Rechargeable Heated Slippers feature rechargeable batteries, making them energy-efficient and eco-friendly. Buy these warm and cozy slippers now and treat your feet to the love they deserve! Order now and let the joy begin!
PLEASE NOTE: These heated slippers","{""do_sample"": true, ""temperature"": 1.0, ""top_p"": 0.95, ""top_k"": 50, ""repetition_penalty"": 1.0, ""max_new_tokens"": 128}"
bytekgwV6,4.0,1,1331,97,97,"When Katherine Gotovsky sees a problem, her response is immediate. The gears in her 17-year-old mind start working away, determined ","When Katherine Gotovsky sees a problem, her response is immediate. The gears in her 17-year-old mind start working away, determined  to find a solution.
This drive and entrepreneurial spirit helped Katherine, a student at the Bronx International High School, win a top prize in this year's National Geographic GeoBuzz contest. The competition, which ran from November to December, asked students to create a presentation or video that demonstrates a unique aspect of geography that makes them passionate.
Katherine's entry, which won the Grand Prize for a student under the age of 18, showcased her project, ""Food Waste Reduction in the City of Light: A Sustainable Approach to Parisian Food Culture."" The presentation highlighted the issue of food waste in Paris and proposed innovative solutions, such as turning scraps"," to find a solution.
This drive and entrepreneurial spirit helped Katherine, a student at the Bronx International High School, win a top prize in this year's National Geographic GeoBuzz contest. The competition, which ran from November to December, asked students to create a presentation or video that demonstrates a unique aspect of geography that makes them passionate.
Katherine's entry, which won the Grand Prize for a student under the age of 18, showcased her project, ""Food Waste Reduction in the City of Light: A Sustainable Approach to Parisian Food Culture."" The presentation highlighted the issue of food waste in Paris and proposed innovative solutions, such as turning scraps","{""do_sample"": true, ""temperature"": 1.0, ""top_p"": 0.95, ""top_k"": 50, ""repetition_penalty"": 1.0, ""max_new_tokens"": 128}"
bytekgwV6,4.0,1,1333,99,99,"A rocket attack by ISIS militants in northern Syria caused symptoms of “chemical gas” in 22 Syrian rebels, state media ","A rocket attack by ISIS militants in northern Syria caused symptoms of “chemical gas” in 22 Syrian rebels, state media  reported.
The attack occurred late on Sunday, when ISIS fighters fired rockets at positions held by the Nusra Front rebel group near the city of Jarabulus, which lies near the Turkish border.
The Nusra Front, which is linked to Al-Qaeda, and other rebel groups, including the Islamic State (ISIS), are fighting for control of the city.
According to the Syrian Arab News Agency (SANA), the rocket attack caused the rebels to experience symptoms of chemical exposure, including difficulty breathing, nausea and headaches.
Local sources reported that the affected soldiers received medical treatment and that the situation is stable.
The incident highlights the complexity of the Syrian"," reported.
The attack occurred late on Sunday, when ISIS fighters fired rockets at positions held by the Nusra Front rebel group near the city of Jarabulus, which lies near the Turkish border.
The Nusra Front, which is linked to Al-Qaeda, and other rebel groups, including the Islamic State (ISIS), are fighting for control of the city.
According to the Syrian Arab News Agency (SANA), the rocket attack caused the rebels to experience symptoms of chemical exposure, including difficulty breathing, nausea and headaches.
Local sources reported that the affected soldiers received medical treatment and that the situation is stable.
The incident highlights the complexity of the Syrian","{""do_sample"": true, ""temperature"": 1.0, ""top_p"": 0.95, ""top_k"": 50, ""repetition_penalty"": 1.0, ""max_new_tokens"": 128}"
bytekgwV6,4.0,1,1335,101,101,And yet the Cardinals are in position to complete a three-game sweep of the Cubs on Sunday night after erasing ,"And yet the Cardinals are in position to complete a three-game sweep of the Cubs on Sunday night after erasing 1-1 deficits to win the past two nights at Nationals Park in Washington D.... Read More.
The St. Louis Cardinals and Milwaukee Brewers were heading to the bottom of the 9th inning, with the Brewers leading by two runs, when the rain started pouring down and the game was finally... Read More.
The St. Louis Cardinals and Milwaukee Brewers were headed to the bottom of the 9th inning, with the Brewers leading by two runs, when the rain started pouring down and the game was finally... Read More.
The St. Louis Cardinals and Milwaukee Brewers were heading to the bottom of the 9th inning, with","1-1 deficits to win the past two nights at Nationals Park in Washington D.... Read More.
The St. Louis Cardinals and Milwaukee Brewers were heading to the bottom of the 9th inning, with the Brewers leading by two runs, when the rain started pouring down and the game was finally... Read More.
The St. Louis Cardinals and Milwaukee Brewers were headed to the bottom of the 9th inning, with the Brewers leading by two runs, when the rain started pouring down and the game was finally... Read More.
The St. Louis Cardinals and Milwaukee Brewers were heading to the bottom of the 9th inning, with","{""do_sample"": true, ""temperature"": 1.0, ""top_p"": 0.95, ""top_k"": 50, ""repetition_penalty"": 1.0, ""max_new_tokens"": 128}"
bytekgwV6,4.0,1,1337,103,103,LUCERNE VALLEY — A motorist on Thursday morning found the body of a bicyclist who had been struck by a ,"LUCERNE VALLEY — A motorist on Thursday morning found the body of a bicyclist who had been struck by a 18-wheeler on the northbound I-15 freeway, authorities said.
The body was discovered in the northbound lanes near the intersection with Lucerne Valley Road at about 10 a.m.
Coroners were summoned to the scene and identified the victim as 45-year-old Christopher Dill, a resident of San Bernardino, authorities said.
The initial investigation showed that the accident occurred sometime prior to the discovery, officials said. The 18-wheeler was stopped nearby and the driver had remained at the scene.
The identity of the driver and details of the investigation remained under wraps pending further study.
Dill, known for his","18-wheeler on the northbound I-15 freeway, authorities said.
The body was discovered in the northbound lanes near the intersection with Lucerne Valley Road at about 10 a.m.
Coroners were summoned to the scene and identified the victim as 45-year-old Christopher Dill, a resident of San Bernardino, authorities said.
The initial investigation showed that the accident occurred sometime prior to the discovery, officials said. The 18-wheeler was stopped nearby and the driver had remained at the scene.
The identity of the driver and details of the investigation remained under wraps pending further study.
Dill, known for his","{""do_sample"": true, ""temperature"": 1.0, ""top_p"": 0.95, ""top_k"": 50, ""repetition_penalty"": 1.0, ""max_new_tokens"": 128}"
bytekgwV6,4.0,1,1339,105,105,"TOPEKA, Kan. (WIBW) -- With a snowstorm (and possible blizzard) moving, many of us will spend Sunday indoors. And, while ","TOPEKA, Kan. (WIBW) -- With a snowstorm (and possible blizzard) moving, many of us will spend Sunday indoors. And, while 14News and our crews won't be on the roads, we'll still have coverage for you.
Our 24-hour News Team will be tracking the storm throughout the day and evening, and you can count on us for updates on the latest weather forecast, road conditions, and any disruptions to daily life in the area.
We'll also have special coverage of the blizzard on Sunday Night Live, our primetime special from 8 to 10 PM. Join Anchor Jim Gelhof, Meteorologist Rob Jones, and the entire News Team for the latest developments on the snowstorm, the impact it's having on our community, and some ideas","14News and our crews won't be on the roads, we'll still have coverage for you.
Our 24-hour News Team will be tracking the storm throughout the day and evening, and you can count on us for updates on the latest weather forecast, road conditions, and any disruptions to daily life in the area.
We'll also have special coverage of the blizzard on Sunday Night Live, our primetime special from 8 to 10 PM. Join Anchor Jim Gelhof, Meteorologist Rob Jones, and the entire News Team for the latest developments on the snowstorm, the impact it's having on our community, and some ideas","{""do_sample"": true, ""temperature"": 1.0, ""top_p"": 0.95, ""top_k"": 50, ""repetition_penalty"": 1.0, ""max_new_tokens"": 128}"
bytekgwV6,4.0,1,1341,107,107,"Rockland — Maine-based nonprofit WindowDressers coordinates community volunteers to build affordable, re-usable, interior insulating window inserts that tighten up existing ","Rockland — Maine-based nonprofit WindowDressers coordinates community volunteers to build affordable, re-usable, interior insulating window inserts that tighten up existing 3-pane wooden or metal windows, reducing heat loss and energy bills for low-income homeowners.
WindowDressers, founded in 2012, works with local partners and volunteers to provide the inserts, which can improve a home's energy efficiency by up to 30%. The organization's efforts aim to help eligible homeowners reduce their energy expenses, create a more comfortable living space, and improve their overall quality of life.
""Home energy efficiency is critical for the health and economic stability of our communities,"" WindowDressers' Executive Director Jessica Werner said. ""We believe that energy affordability should be a fundamental right for everyone, regardless of socioeconomic status","3-pane wooden or metal windows, reducing heat loss and energy bills for low-income homeowners.
WindowDressers, founded in 2012, works with local partners and volunteers to provide the inserts, which can improve a home's energy efficiency by up to 30%. The organization's efforts aim to help eligible homeowners reduce their energy expenses, create a more comfortable living space, and improve their overall quality of life.
""Home energy efficiency is critical for the health and economic stability of our communities,"" WindowDressers' Executive Director Jessica Werner said. ""We believe that energy affordability should be a fundamental right for everyone, regardless of socioeconomic status","{""do_sample"": true, ""temperature"": 1.0, ""top_p"": 0.95, ""top_k"": 50, ""repetition_penalty"": 1.0, ""max_new_tokens"": 128}"
bytekgwV6,4.0,1,1343,109,109,"The Volstead Act was repealed on this date in 1933, returning control of alcohol to the states, and it was ","The Volstead Act was repealed on this date in 1933, returning control of alcohol to the states, and it was 15 years before any state completely prohibited the sale of liquor again.
On this day in 1920, the Volstead Act, signed into law by President Woodrow Wilson, effectively prohibited the sale, manufacture, and transportation of intoxicating beverages across the United States.
For over 12 years, the Volstead Act, also known as the 18th Amendment, restricted the sale of alcohol, giving rise to bootlegging and the illegal distillation of liquor, which led to a surge in organized crime and lawlessness.
On December 5, 1933, the 21st Amendment to the United States Constitution was ratified, repe","15 years before any state completely prohibited the sale of liquor again.
On this day in 1920, the Volstead Act, signed into law by President Woodrow Wilson, effectively prohibited the sale, manufacture, and transportation of intoxicating beverages across the United States.
For over 12 years, the Volstead Act, also known as the 18th Amendment, restricted the sale of alcohol, giving rise to bootlegging and the illegal distillation of liquor, which led to a surge in organized crime and lawlessness.
On December 5, 1933, the 21st Amendment to the United States Constitution was ratified, repe","{""do_sample"": true, ""temperature"": 1.0, ""top_p"": 0.95, ""top_k"": 50, ""repetition_penalty"": 1.0, ""max_new_tokens"": 128}"
bytekgwV6,4.0,1,1345,111,111,"Ronny Deila blamed a rutted, ploughed Hampden pitch for his side's failure to inflict League Cup embarrassment upon Rangers. Denying ","Ronny Deila blamed a rutted, ploughed Hampden pitch for his side's failure to inflict League Cup embarrassment upon Rangers. Denying 10-man Kilmarnock's hopes of a Hampden upset, the Gers dominated the second-half, with substitute Joe Dodoo scoring the winner from the penalty spot.
Rangers were the better side after Andy Halliday's 57th-minute red card for a challenge on Kyle Vassell, yet Deila insisted his players' struggles were largely down to the pitch condition.
""It's a tough pitch,"" Deila said. ""We knew it would be tough but it was even worse than I expected. I was concerned about the pitch all week. We worked hard on our passing and movement, but it was tough conditions. When","10-man Kilmarnock's hopes of a Hampden upset, the Gers dominated the second-half, with substitute Joe Dodoo scoring the winner from the penalty spot.
Rangers were the better side after Andy Halliday's 57th-minute red card for a challenge on Kyle Vassell, yet Deila insisted his players' struggles were largely down to the pitch condition.
""It's a tough pitch,"" Deila said. ""We knew it would be tough but it was even worse than I expected. I was concerned about the pitch all week. We worked hard on our passing and movement, but it was tough conditions. When","{""do_sample"": true, ""temperature"": 1.0, ""top_p"": 0.95, ""top_k"": 50, ""repetition_penalty"": 1.0, ""max_new_tokens"": 128}"
bytekgwV6,4.0,1,1347,113,113,Why do CEOs need extravagant perks even when they are firing staff and pleading for taxpayer bailouts? It may just ,"Why do CEOs need extravagant perks even when they are firing staff and pleading for taxpayer bailouts? It may just........................ that some CEOs think they're immune to the laws of the universe, and the less fortunate should shoulder the........................
Why do CEOs need extravagant perks even when they are firing staff and pleading for taxpayer bailouts? It may just be ridiculous (that some CEOs think they're immune to the laws of the universe, and the less fortunate should shoulder the load
Why do CEOs need extravagant perks even when they are firing staff and pleading for taxpayer bailouts? It may just be ridiculous (that some CEOs think they're immune to the laws of the universe, and the less fortunate should shoulder the load
Explanation: CEOs needing extravagant perks","....................... that some CEOs think they're immune to the laws of the universe, and the less fortunate should shoulder the........................
Why do CEOs need extravagant perks even when they are firing staff and pleading for taxpayer bailouts? It may just be ridiculous (that some CEOs think they're immune to the laws of the universe, and the less fortunate should shoulder the load
Why do CEOs need extravagant perks even when they are firing staff and pleading for taxpayer bailouts? It may just be ridiculous (that some CEOs think they're immune to the laws of the universe, and the less fortunate should shoulder the load
Explanation: CEOs needing extravagant perks","{""do_sample"": true, ""temperature"": 1.0, ""top_p"": 0.95, ""top_k"": 50, ""repetition_penalty"": 1.0, ""max_new_tokens"": 128}"
bytekgwV6,4.0,1,1349,115,115,Northeastern International Airways suspended service on all but one of its routes after an unsuccessful attempt to attract passengers with ,"Northeastern International Airways suspended service on all but one of its routes after an unsuccessful attempt to attract passengers with 1960s-style promotions and a vintage plane.
The Fort Worth, Texas-based airline announced Monday it would discontinue service on several routes and reduce the number of flights on others. But one route would be spared, and the airline's sole plane – a 1965 DC-3 – would continue flying.
The airline's attempts to attract passengers by offering ""Peace, Love and Air Travel"" and targeting the 1960s nostalgic crowd did not pay off, a statement said.
Northeastern International Airways suspended service on all but one of its routes after an unsuccessful attempt to attract passengers with 1960s-style promotions and a vintage","1960s-style promotions and a vintage plane.
The Fort Worth, Texas-based airline announced Monday it would discontinue service on several routes and reduce the number of flights on others. But one route would be spared, and the airline's sole plane – a 1965 DC-3 – would continue flying.
The airline's attempts to attract passengers by offering ""Peace, Love and Air Travel"" and targeting the 1960s nostalgic crowd did not pay off, a statement said.
Northeastern International Airways suspended service on all but one of its routes after an unsuccessful attempt to attract passengers with 1960s-style promotions and a vintage","{""do_sample"": true, ""temperature"": 1.0, ""top_p"": 0.95, ""top_k"": 50, ""repetition_penalty"": 1.0, ""max_new_tokens"": 128}"
bytekgwV6,4.0,1,1351,117,117,"DAVIDSON, N.C., Jan. 10, 2019 /PRNewswire/ -- Rocus Networks, a managed cybersecurity service provider for business, announced today that it ","DAVIDSON, N.C., Jan. 10, 2019 /PRNewswire/ -- Rocus Networks, a managed cybersecurity service provider for business, announced today that it  has achieved Palo Alto  Networks' Cybersecurity  Expert (CSE) certification. Rocus  Networks,  which offers  managed cybersecurity  solutions  and  consulting  services for businesses,  successfully completed Palo Alto  Networks' rigorous training and certification program for network  security engineers.
""The Cybersecurity  Expert certification further demonstrates our commitment  to staying current with the latest threat  technologies and best practices,""  said Michael Smith, President and  CTO of Rocus Networks.  ""As a certified CSE, we  can  ensure  our  customers' networks and data  are protected with  the most effective and "," has achieved Palo Alto  Networks' Cybersecurity  Expert (CSE) certification. Rocus  Networks,  which offers  managed cybersecurity  solutions  and  consulting  services for businesses,  successfully completed Palo Alto  Networks' rigorous training and certification program for network  security engineers.
""The Cybersecurity  Expert certification further demonstrates our commitment  to staying current with the latest threat  technologies and best practices,""  said Michael Smith, President and  CTO of Rocus Networks.  ""As a certified CSE, we  can  ensure  our  customers' networks and data  are protected with  the most effective and ","{""do_sample"": true, ""temperature"": 1.0, ""top_p"": 0.95, ""top_k"": 50, ""repetition_penalty"": 1.0, ""max_new_tokens"": 128}"
bytekgwV6,4.0,1,1353,119,119,McDonald’s jumped 5.3 percent after the world’s biggest fast-food chain by revenue topped analysts’ forecasts for profit and sales. Shares ,"McDonald’s jumped 5.3 percent after the world’s biggest fast-food chain by revenue topped analysts’ forecasts for profit and sales. Shares 2022, 2023, and beyond. McDonald's. 2020. 14%. If you want to buy 1000 McDonald's, it will cost 141,400. McDonald's is the most recognized fast-food brand in terms of sales and number of restaurants, with a history of over 80 years, starting from 1948. McDonald's Corporation ( NYSE: MCD) - all news for the past year: 2020: 2020: 2022:
As of today (2022), McDonald's, the world's biggest fast-food chain by sales and number of restaurants, is a","2022, 2023, and beyond. McDonald's. 2020. 14%. If you want to buy 1000 McDonald's, it will cost 141,400. McDonald's is the most recognized fast-food brand in terms of sales and number of restaurants, with a history of over 80 years, starting from 1948. McDonald's Corporation ( NYSE: MCD) - all news for the past year: 2020: 2020: 2022:
As of today (2022), McDonald's, the world's biggest fast-food chain by sales and number of restaurants, is a","{""do_sample"": true, ""temperature"": 1.0, ""top_p"": 0.95, ""top_k"": 50, ""repetition_penalty"": 1.0, ""max_new_tokens"": 128}"
bytekgwV6,4.0,1,1355,121,121,Hull - Where the US goes the UK often follows. This is especially true of negatives. If the US has ,"Hull - Where the US goes the UK often follows. This is especially true of negatives. If the US has 2-3 years of a severe economic downturn, the UK will soon follow. So, with the US looking likely to head into a recession, and with the UK's economy not doing so great...
I've been reading a lot of articles and reports, and I have to say, things look quite gloomy. It seems the global economy is heading into a significant slowdown.
As the global economy heads into a significant slowdown, the impact on UK's small and medium-sized businesses could be significant. A recession can lead to decreased consumer spending, lower sales and potentially insolvency.
Of course, the government can play a significant role in helping these","2-3 years of a severe economic downturn, the UK will soon follow. So, with the US looking likely to head into a recession, and with the UK's economy not doing so great...
I've been reading a lot of articles and reports, and I have to say, things look quite gloomy. It seems the global economy is heading into a significant slowdown.
As the global economy heads into a significant slowdown, the impact on UK's small and medium-sized businesses could be significant. A recession can lead to decreased consumer spending, lower sales and potentially insolvency.
Of course, the government can play a significant role in helping these","{""do_sample"": true, ""temperature"": 1.0, ""top_p"": 0.95, ""top_k"": 50, ""repetition_penalty"": 1.0, ""max_new_tokens"": 128}"
bytekgwV6,4.0,1,1357,123,123,"GRANT COUNTY, N.M. - ""Everywhere I go, the kids call me the book lady,"" Dolly Parton said. She may be ","GRANT COUNTY, N.M. - ""Everywhere I go, the kids call me the book lady,"" Dolly Parton said. She may be 71 years old and a global superstar, but for the children of Seepu Canyon Day School, Dolly Parton is the book lady.
As part of her Imagination Library program, Dolly and the Book Trust, Inc. have been sending new books monthly to the children who attend Seepu Canyon Day School. For these 280 students, this program has brought an unprecedented level of reading and learning to their daily lives.
Seepu Canyon Day School is part of the Grant County School District and is a tribally operated school, serving the local Apache and Hispanic population. Many students here face challenges such as poverty, limited access","71 years old and a global superstar, but for the children of Seepu Canyon Day School, Dolly Parton is the book lady.
As part of her Imagination Library program, Dolly and the Book Trust, Inc. have been sending new books monthly to the children who attend Seepu Canyon Day School. For these 280 students, this program has brought an unprecedented level of reading and learning to their daily lives.
Seepu Canyon Day School is part of the Grant County School District and is a tribally operated school, serving the local Apache and Hispanic population. Many students here face challenges such as poverty, limited access","{""do_sample"": true, ""temperature"": 1.0, ""top_p"": 0.95, ""top_k"": 50, ""repetition_penalty"": 1.0, ""max_new_tokens"": 128}"
bytekgwV6,4.0,1,1359,125,125,"While many restaurants in New York City have close relationships with farmers, and boast unimpeachable farm-to-table ethics, far fewer have ","While many restaurants in New York City have close relationships with farmers, and boast unimpeachable farm-to-table ethics, far fewer have 500 acres of their own farmland, right here in New York State. But that's just the situation at the lovely and iconic Blue Hill at Stone Barns in Pocantico Hills, Westchester County.
For over a decade, the farm-to-table restaurant has been raising livestock, harvesting crops, and crafting dishes that showcase the beauty and bounty of their own agricultural endeavors. And in the latest addition to their dining options, the farm's owners, the Dan Barber-owned Barbabab Farm and Stone Barns, will soon be launching a new, 10,000-square-foot addition called Blue Hill Cafe.
Slated to open in","500 acres of their own farmland, right here in New York State. But that's just the situation at the lovely and iconic Blue Hill at Stone Barns in Pocantico Hills, Westchester County.
For over a decade, the farm-to-table restaurant has been raising livestock, harvesting crops, and crafting dishes that showcase the beauty and bounty of their own agricultural endeavors. And in the latest addition to their dining options, the farm's owners, the Dan Barber-owned Barbabab Farm and Stone Barns, will soon be launching a new, 10,000-square-foot addition called Blue Hill Cafe.
Slated to open in","{""do_sample"": true, ""temperature"": 1.0, ""top_p"": 0.95, ""top_k"": 50, ""repetition_penalty"": 1.0, ""max_new_tokens"": 128}"
bytekgwV6,4.0,1,1361,127,127,T-Mobile has just rolled out a service called HotSpot @Homethat allows you to use a WiFi-enabled cell phone to make ,"T-Mobile has just rolled out a service called HotSpot @Homethat allows you to use a WiFi-enabled cell phone to make 3G calls over Wi-Fi in your home. This service is currently available on the BlackBerry 8330, BlackBerry 8830, and the HTC Dash.
To take advantage of HotSpot @Home, you'll need to use a cell phone with Wi-Fi capabilities and a T-Mobile 3G network signal. You'll also need to be subscribed to a rate plan that includes HotSpot @Home. While you can use HotSpot @Home for voice calls, it's not available for data or messaging.
T-Mobile claims that using HotSpot @Home for voice calls will provide the same high-quality voice calls as using a traditional cellular network","3G calls over Wi-Fi in your home. This service is currently available on the BlackBerry 8330, BlackBerry 8830, and the HTC Dash.
To take advantage of HotSpot @Home, you'll need to use a cell phone with Wi-Fi capabilities and a T-Mobile 3G network signal. You'll also need to be subscribed to a rate plan that includes HotSpot @Home. While you can use HotSpot @Home for voice calls, it's not available for data or messaging.
T-Mobile claims that using HotSpot @Home for voice calls will provide the same high-quality voice calls as using a traditional cellular network","{""do_sample"": true, ""temperature"": 1.0, ""top_p"": 0.95, ""top_k"": 50, ""repetition_penalty"": 1.0, ""max_new_tokens"": 128}"
bytekgwV6,4.0,1,1363,129,129,"""Oh, you are stuck on homework problem number 13? I found a solution on YouTube. That helped a lot. Just ","""Oh, you are stuck on homework problem number 13? I found a solution on YouTube. That helped a lot. Just 15 minutes and voilà!"" said my friend, who's a bright and resourceful student.

We all face obstacles while learning new skills or concepts. In the digital age, we often turn to the internet for help, and YouTube is a popular go-to destination. With millions of videos and tutorials, it's no surprise that YouTube has become an essential resource for learners.

**Why does YouTube help?**

Here are some reasons why YouTube can be an excellent learning aid:

1. **Visual learning**: Many people learn better when they see things demonstrated or explained visually. Videos can help illustrate complex concepts or abstract ideas.
2. **Personal","15 minutes and voilà!"" said my friend, who's a bright and resourceful student.

We all face obstacles while learning new skills or concepts. In the digital age, we often turn to the internet for help, and YouTube is a popular go-to destination. With millions of videos and tutorials, it's no surprise that YouTube has become an essential resource for learners.

**Why does YouTube help?**

Here are some reasons why YouTube can be an excellent learning aid:

1. **Visual learning**: Many people learn better when they see things demonstrated or explained visually. Videos can help illustrate complex concepts or abstract ideas.
2. **Personal","{""do_sample"": true, ""temperature"": 1.0, ""top_p"": 0.95, ""top_k"": 50, ""repetition_penalty"": 1.0, ""max_new_tokens"": 128}"
bytekgwV6,4.0,1,1365,131,131,Up to an inch of snow is likely on the Eastern Shore and up into Sussex County Friday afternoon. Below-freezing ,"Up to an inch of snow is likely on the Eastern Shore and up into Sussex County Friday afternoon. Below-freezing  temperatures tonight could bring some icy roads and slick spots by Friday night into Saturday morning, the National Weather Service advises.
A low-pressure system moving out of the Tennessee Valley will bring snow and sleet into the region, causing hazardous travel conditions.
After the morning commute, the rain moves out, and the precipitation becomes increasingly snow and sleet, according to the NWS.
By the late afternoon, the snow and sleet should taper off, but the road conditions may still be hazardous from the freezing rain that fell earlier Friday and any additional sleet and snow.
Here's the latest forecast:
* Coastal areas: A chance of"," temperatures tonight could bring some icy roads and slick spots by Friday night into Saturday morning, the National Weather Service advises.
A low-pressure system moving out of the Tennessee Valley will bring snow and sleet into the region, causing hazardous travel conditions.
After the morning commute, the rain moves out, and the precipitation becomes increasingly snow and sleet, according to the NWS.
By the late afternoon, the snow and sleet should taper off, but the road conditions may still be hazardous from the freezing rain that fell earlier Friday and any additional sleet and snow.
Here's the latest forecast:
* Coastal areas: A chance of","{""do_sample"": true, ""temperature"": 1.0, ""top_p"": 0.95, ""top_k"": 50, ""repetition_penalty"": 1.0, ""max_new_tokens"": 128}"
bytekgwV6,4.0,1,1367,133,133,"It’s dense, interesting, weird and funny, but what it’s all wrapped around is another “Chosen One” story that really feels ","It’s dense, interesting, weird and funny, but what it’s all wrapped around is another “Chosen One” story that really feels 30 years past its expiration date. The result feels like that uncle who just can’t stop telling the same story over and over again, expecting you to laugh and cry each and every time, even though you heard every detail for the hundredth time previously.

This is a review for the movie Guardians of the Galaxy, which is based on the Marvel Comics superhero team of the same name.

The reviewer seems to think that the movie has too similar themes and plot elements to previous “chosen one” narratives, and feels like it's a retelling of the same story with different characters. This makes it feel stale and repetitive. Despite the reviewer liking","30 years past its expiration date. The result feels like that uncle who just can’t stop telling the same story over and over again, expecting you to laugh and cry each and every time, even though you heard every detail for the hundredth time previously.

This is a review for the movie Guardians of the Galaxy, which is based on the Marvel Comics superhero team of the same name.

The reviewer seems to think that the movie has too similar themes and plot elements to previous “chosen one” narratives, and feels like it's a retelling of the same story with different characters. This makes it feel stale and repetitive. Despite the reviewer liking","{""do_sample"": true, ""temperature"": 1.0, ""top_p"": 0.95, ""top_k"": 50, ""repetition_penalty"": 1.0, ""max_new_tokens"": 128}"
bytekgwV6,4.0,1,1369,135,135,"Maddie Hinch and her England team-mates should be proud of their Hockey Women’s World Cup exploits, according to their head ","Maddie Hinch and her England team-mates should be proud of their Hockey Women’s World Cup exploits, according to their head  coach, Mark Hager.
The Roses finished their tournament campaign on Saturday with a 4-1 defeat to the USA, which ultimately saw them eliminated at the last eight stage.
While the scoreline was not what they had  desired, Hager believes that England can hold their heads high after an impressive run to the quarter-finals.
“From where we started, to where we ended up, I am unbelievably proud of the  girls,” he said. “They have come a  distance, and that pride and passion has shown through every  moment.
“They have  push"," coach, Mark Hager.
The Roses finished their tournament campaign on Saturday with a 4-1 defeat to the USA, which ultimately saw them eliminated at the last eight stage.
While the scoreline was not what they had  desired, Hager believes that England can hold their heads high after an impressive run to the quarter-finals.
“From where we started, to where we ended up, I am unbelievably proud of the  girls,” he said. “They have come a  distance, and that pride and passion has shown through every  moment.
“They have  push","{""do_sample"": true, ""temperature"": 1.0, ""top_p"": 0.95, ""top_k"": 50, ""repetition_penalty"": 1.0, ""max_new_tokens"": 128}"
bytekgwV6,4.0,1,1371,137,137,"Anna C. Christensen has been a supporter of family planning since high school, when she stuffed envelopes as a volunteer ","Anna C. Christensen has been a supporter of family planning since high school, when she stuffed envelopes as a volunteer 27 years ago for the Planned Parenthood organization. She has been actively involved with the organization ever since, serving on the board and playing a key role in the establishment of the organization's clinic.
Christensen has a background in nursing and has spent over 25 years caring for patients and advocating for their health needs. She is a certified nurse midwife and is passionate about women's health and reproductive health care.
Christensen's passion and experience make her well-qualified for the position, and we appreciate her willingness to continue her service to the people of the United States by being involved in the government of the United States.
Date: December 199","27 years ago for the Planned Parenthood organization. She has been actively involved with the organization ever since, serving on the board and playing a key role in the establishment of the organization's clinic.
Christensen has a background in nursing and has spent over 25 years caring for patients and advocating for their health needs. She is a certified nurse midwife and is passionate about women's health and reproductive health care.
Christensen's passion and experience make her well-qualified for the position, and we appreciate her willingness to continue her service to the people of the United States by being involved in the government of the United States.
Date: December 199","{""do_sample"": true, ""temperature"": 1.0, ""top_p"": 0.95, ""top_k"": 50, ""repetition_penalty"": 1.0, ""max_new_tokens"": 128}"
bytekgwV6,4.0,1,1373,139,139,Jesse Winker will undergo season-ending shoulder surgery. He was batting .299 this year with 7 homers and 43 RBI. Throughout ,"Jesse Winker will undergo season-ending shoulder surgery. He was batting.299 this year with 7 homers and 43 RBI. Throughout 2020 and 2021, he has batted above the average major league player, which is around.248.
Jesse Winker will undergo shoulder surgery and miss the rest of the season due to a partial labral tear. He will need a season-ending procedure.
Winker will be out for some time, but the 30-year-old outfielder mentioned that it was better for him long-term to address the injury rather than trying to play through it.
In 2020 and 2021, Jesse Winker batted.284 with 16 HR and 42 RBI for the Cincinnati Reds. He had a career-best season","2020 and 2021, he has batted above the average major league player, which is around.248.
Jesse Winker will undergo shoulder surgery and miss the rest of the season due to a partial labral tear. He will need a season-ending procedure.
Winker will be out for some time, but the 30-year-old outfielder mentioned that it was better for him long-term to address the injury rather than trying to play through it.
In 2020 and 2021, Jesse Winker batted.284 with 16 HR and 42 RBI for the Cincinnati Reds. He had a career-best season","{""do_sample"": true, ""temperature"": 1.0, ""top_p"": 0.95, ""top_k"": 50, ""repetition_penalty"": 1.0, ""max_new_tokens"": 128}"
bytekgwV6,4.0,1,1375,141,141,Combined company will make Chevron second-largest petroleum producer in the world. The combined company will remain far behind Exxon Mobil ,"Combined company will make Chevron second-largest petroleum producer in the world. The combined company will remain far behind Exxon Mobil 3rd Largest Petroleum Producer in the...
Walmart acquires Cornershop to enhance grocery pickup services Walmart announced the acquisition of Cornershop, a Latin American grocery delivery firm, to enhance grocery pickup services for customers. Cornershop is a Chilean...
LVMH acquires a minority stake in the Swedish fashion brand, By Malene Birck. LVMH (Moët Hennessy Louis Vuitton) and Swedish fashion brand By Malene Birck have signed a partnership agreement. As a result, LVMH will acquire a minority stake...
SAP wins a major order for its cloud-based ERP system from","3rd Largest Petroleum Producer in the...
Walmart acquires Cornershop to enhance grocery pickup services Walmart announced the acquisition of Cornershop, a Latin American grocery delivery firm, to enhance grocery pickup services for customers. Cornershop is a Chilean...
LVMH acquires a minority stake in the Swedish fashion brand, By Malene Birck. LVMH (Moët Hennessy Louis Vuitton) and Swedish fashion brand By Malene Birck have signed a partnership agreement. As a result, LVMH will acquire a minority stake...
SAP wins a major order for its cloud-based ERP system from","{""do_sample"": true, ""temperature"": 1.0, ""top_p"": 0.95, ""top_k"": 50, ""repetition_penalty"": 1.0, ""max_new_tokens"": 128}"
bytekgwV6,4.0,1,1377,143,143,"YOKOHAMA, Japan – Nissan Motor Co. announced it has licensed its Around View Monitor and Moving Object Detection technology, jointly ","YOKOHAMA, Japan – Nissan Motor Co. announced it has licensed its Around View Monitor and Moving Object Detection technology, jointly  developed with Japan-based Omron Corp., to various companies for use in their products.
The two companies first developed the technology, a 360-degree panoramic view system, and a moving object detection capability for use in Nissan's luxury sedan lineup. With this announcement, other companies can now integrate the advanced technologies into their own vehicle infotainment and driver assistance systems, helping to improve safety, reduce stress and enhance the overall driving experience.
""The success of the Around View Monitor technology has led to increased interest from other companies to integrate it into their vehicles,"" said Hiroki Kudo, general director, Electronics and Engineering, Nissan Motor Co. ""By"," developed with Japan-based Omron Corp., to various companies for use in their products.
The two companies first developed the technology, a 360-degree panoramic view system, and a moving object detection capability for use in Nissan's luxury sedan lineup. With this announcement, other companies can now integrate the advanced technologies into their own vehicle infotainment and driver assistance systems, helping to improve safety, reduce stress and enhance the overall driving experience.
""The success of the Around View Monitor technology has led to increased interest from other companies to integrate it into their vehicles,"" said Hiroki Kudo, general director, Electronics and Engineering, Nissan Motor Co. ""By","{""do_sample"": true, ""temperature"": 1.0, ""top_p"": 0.95, ""top_k"": 50, ""repetition_penalty"": 1.0, ""max_new_tokens"": 128}"
bytekgwV6,4.0,1,1379,145,145,A concrete slab and 10-foot high block walls with exposed rebar sit behind a chain link fence as an ugly ,"A concrete slab and 10-foot high block walls with exposed rebar sit behind a chain link fence as an ugly 1970s-style office building stands near a busy road.
A strip mall or office building, whichever it was, with an uninteresting façade, sits beside the road with some vegetation growing around it.
Ugly office complex in a desert landscape. Boring and run-down, it seems to have been forgotten, overgrown and neglected.
Abandoned old factory with red metal roof and crumbling walls. The once-thriving business now stands idle and forlorn, with a chain link fence encaging the site.
Abandoned factory yard with old machinery and tools left behind, weeds and ivy covering the area.
Abandoned gas station","1970s-style office building stands near a busy road.
A strip mall or office building, whichever it was, with an uninteresting façade, sits beside the road with some vegetation growing around it.
Ugly office complex in a desert landscape. Boring and run-down, it seems to have been forgotten, overgrown and neglected.
Abandoned old factory with red metal roof and crumbling walls. The once-thriving business now stands idle and forlorn, with a chain link fence encaging the site.
Abandoned factory yard with old machinery and tools left behind, weeds and ivy covering the area.
Abandoned gas station","{""do_sample"": true, ""temperature"": 1.0, ""top_p"": 0.95, ""top_k"": 50, ""repetition_penalty"": 1.0, ""max_new_tokens"": 128}"
bytekgwV6,4.0,1,1381,147,147,It may be noted that Air India's was the only service that plied between Madurai and Mumbai. Some passengers pointed ,"It may be noted that Air India's was the only service that plied between Madurai and Mumbai. Some passengers pointed outhat it was. India has finally done away with its embarrassing and confusing time. India s last flight between Madurai and Mumbai was. By train: There are many expresses and fast trains available for Mumbai. Air India to start.
India has finally done away with its embarrassing and confusing time. Air India and other airlines were plying between Mumbai and Madurai in 1970s and.
India's last flight between Madurai and Mumbai was. The country will now use a. Air India to start.
Air India s last flight between Madurai and Mumbai was. India has finally done away with its embarrassing and confusing time. India s","outhat it was. India has finally done away with its embarrassing and confusing time. India s last flight between Madurai and Mumbai was. By train: There are many expresses and fast trains available for Mumbai. Air India to start.
India has finally done away with its embarrassing and confusing time. Air India and other airlines were plying between Mumbai and Madurai in 1970s and.
India's last flight between Madurai and Mumbai was. The country will now use a. Air India to start.
Air India s last flight between Madurai and Mumbai was. India has finally done away with its embarrassing and confusing time. India s","{""do_sample"": true, ""temperature"": 1.0, ""top_p"": 0.95, ""top_k"": 50, ""repetition_penalty"": 1.0, ""max_new_tokens"": 128}"
bytekgwV6,4.0,1,1383,149,149,"Initiated by Joint Chiefs of Staff Chairman General Nathan Twining and Chief of Naval Operations Admiral Arleigh Burke, and then ","Initiated by Joint Chiefs of Staff Chairman General Nathan Twining and Chief of Naval Operations Admiral Arleigh Burke, and then 4 years and more later (1958-1961) approved by the Eisenhower and Kennedy Administrations.
With continued progress, the program was first described by Secretary of Defense Robert S. McNamara, in July 1965. However, the development was not so smooth; it involved a significant increase of costs and delay.
I started the post with the history, so this will be the last one for today. After the Eisenhower and Kennedy…read more. Source information : https://www.wunderground.com/history/1950/8/01/39.1/-96.8/htmlt/KennedySpaceCenter-…","4 years and more later (1958-1961) approved by the Eisenhower and Kennedy Administrations.
With continued progress, the program was first described by Secretary of Defense Robert S. McNamara, in July 1965. However, the development was not so smooth; it involved a significant increase of costs and delay.
I started the post with the history, so this will be the last one for today. After the Eisenhower and Kennedy…read more. Source information : https://www.wunderground.com/history/1950/8/01/39.1/-96.8/htmlt/KennedySpaceCenter-…","{""do_sample"": true, ""temperature"": 1.0, ""top_p"": 0.95, ""top_k"": 50, ""repetition_penalty"": 1.0, ""max_new_tokens"": 128}"
bytekgwV6,4.0,1,1385,151,151,"DAVENPORT - Don Skipper, an administrative assistant at Ridge Community High School, was named the school's head boys basketball coach ","DAVENPORT - Don Skipper, an administrative assistant at Ridge Community High School, was named the school's head boys basketball coach 12 years ago, and it's safe to say, it was an unconventional hire at the time.
Not only was Skipper new to the coaching side, but he didn't even play the game himself. But after some convincing from a friend and the chance to mold a team, Skipper decided to take the challenge.
Fast forward to today and the Timberwolves are celebrating Skipper's 12th year as head coach, an impressive milestone considering he was a first-time coach with no coaching experience.
""When I took over, I knew I was going to work hard and put the team first,"" Skipper said. ""I never expected","12 years ago, and it's safe to say, it was an unconventional hire at the time.
Not only was Skipper new to the coaching side, but he didn't even play the game himself. But after some convincing from a friend and the chance to mold a team, Skipper decided to take the challenge.
Fast forward to today and the Timberwolves are celebrating Skipper's 12th year as head coach, an impressive milestone considering he was a first-time coach with no coaching experience.
""When I took over, I knew I was going to work hard and put the team first,"" Skipper said. ""I never expected","{""do_sample"": true, ""temperature"": 1.0, ""top_p"": 0.95, ""top_k"": 50, ""repetition_penalty"": 1.0, ""max_new_tokens"": 128}"
bytekgwV6,4.0,1,1387,153,153,Still image of Lisa Sharon Harper from YouTube. Pastors and lay leaders who represent minority and multiethnic communities and are ,"Still image of Lisa Sharon Harper from YouTube. Pastors and lay leaders who represent minority and multiethnic communities and are 21+ years old, visit the Black Theology and Leadership Forum website (btlforum.org) for more information.
Pastors and lay leaders who represent minority and multiethnic communities and are 21+ years old, visit the Black Theology and Leadership Forum website (btlforum.org) for more information.
A still image of Rev. Dr. William J. Barber II from the NC State NAACP Facebook page. Barber serves on the Leadership Team of the Poor People's Campaign: A National Call for Moral Revival.
A still image of Rev. Dr. William J. Barber II from the NC State NAACP Facebook page.","21+ years old, visit the Black Theology and Leadership Forum website (btlforum.org) for more information.
Pastors and lay leaders who represent minority and multiethnic communities and are 21+ years old, visit the Black Theology and Leadership Forum website (btlforum.org) for more information.
A still image of Rev. Dr. William J. Barber II from the NC State NAACP Facebook page. Barber serves on the Leadership Team of the Poor People's Campaign: A National Call for Moral Revival.
A still image of Rev. Dr. William J. Barber II from the NC State NAACP Facebook page.","{""do_sample"": true, ""temperature"": 1.0, ""top_p"": 0.95, ""top_k"": 50, ""repetition_penalty"": 1.0, ""max_new_tokens"": 128}"
bytekgwV6,4.0,1,1389,155,155,"It’s amazing what a difference time can make in the way we perceive certain technologies. A few years ago, the ","It’s amazing what a difference time can make in the way we perceive certain technologies. A few years ago, the 3D Printing industry, which is often referred to as the Additive Manufacturing (AM) industry, faced a lot of skepticism and negativity from critics who claimed it would never take off. Fast forward a decade and the technology has undergone significant strides. We now see widespread applications of 3D Printing across industries such as healthcare, aerospace, automotive, and more. From printing models, prototypes and even final products, it has transformed the entire manufacturing landscape. In recent years, the technology has become increasingly available and affordable, making it accessible for the masses.
So, when will 3D Printing reach the tipping point where it becomes an essential part","3D Printing industry, which is often referred to as the Additive Manufacturing (AM) industry, faced a lot of skepticism and negativity from critics who claimed it would never take off. Fast forward a decade and the technology has undergone significant strides. We now see widespread applications of 3D Printing across industries such as healthcare, aerospace, automotive, and more. From printing models, prototypes and even final products, it has transformed the entire manufacturing landscape. In recent years, the technology has become increasingly available and affordable, making it accessible for the masses.
So, when will 3D Printing reach the tipping point where it becomes an essential part","{""do_sample"": true, ""temperature"": 1.0, ""top_p"": 0.95, ""top_k"": 50, ""repetition_penalty"": 1.0, ""max_new_tokens"": 128}"
bytekgwV6,4.0,1,1391,157,157,"Boston Marathon Bombing Suspect Enters Not Guilty Pleas In 1st Public Court HearingFor the first plea, Dzhokhar Tsarnaev leaned toward ","Boston Marathon Bombing Suspect Enters Not Guilty Pleas In 1st Public Court HearingFor the first plea, Dzhokhar Tsarnaev leaned toward  the interpreter, who read out the words:  ""Not guilty.""  In  his first public  appearance  in  months,  Dzhokhar  Tsarnaev,  21,  appeared  in  a  crowded  courtroom  in  federal  court  Monday  for  a  series  of  pre-trial hearings. He is accused  of  setting  off  bombs  at  the  Boston  Marathon, killing  3 people and injuring hundreds in the 2013  attack.  Tsarnaev  then  escaped  on  foot,  and  his  older"," the interpreter, who read out the words:  ""Not guilty.""  In  his first public  appearance  in  months,  Dzhokhar  Tsarnaev,  21,  appeared  in  a  crowded  courtroom  in  federal  court  Monday  for  a  series  of  pre-trial hearings. He is accused  of  setting  off  bombs  at  the  Boston  Marathon, killing  3 people and injuring hundreds in the 2013  attack.  Tsarnaev  then  escaped  on  foot,  and  his  older","{""do_sample"": true, ""temperature"": 1.0, ""top_p"": 0.95, ""top_k"": 50, ""repetition_penalty"": 1.0, ""max_new_tokens"": 128}"
bytekgwV6,4.0,1,1393,159,159,"Chee Wei Wong, professor of electrical and computer engineering in the UCLA Samueli School of Engineering, was named a fellow ","Chee Wei Wong, professor of electrical and computer engineering in the UCLA Samueli School of Engineering, was named a fellow  of the Association for Computing Machinery (ACM), one of the top honors in the field of computer science.
Wong is recognized for his significant contributions in computer architecture and low-power electronics, including the development of new technologies and design tools for designing efficient and reliable digital systems. Specifically, he has made important advances in the areas of voltage and frequency scaling, leakage power reduction and reliability improvement for modern digital systems.

The ACM fellowship honors individuals who have made significant and sustained contributions in their respective fields of interest and have been demonstrated by their publications, work and service. Wong has published over 350 journal and conference papers and has served as the general"," of the Association for Computing Machinery (ACM), one of the top honors in the field of computer science.
Wong is recognized for his significant contributions in computer architecture and low-power electronics, including the development of new technologies and design tools for designing efficient and reliable digital systems. Specifically, he has made important advances in the areas of voltage and frequency scaling, leakage power reduction and reliability improvement for modern digital systems.

The ACM fellowship honors individuals who have made significant and sustained contributions in their respective fields of interest and have been demonstrated by their publications, work and service. Wong has published over 350 journal and conference papers and has served as the general","{""do_sample"": true, ""temperature"": 1.0, ""top_p"": 0.95, ""top_k"": 50, ""repetition_penalty"": 1.0, ""max_new_tokens"": 128}"
bytekgwV6,4.0,1,1395,161,161,Viewers will not want to miss Friday’s episode of General Hospital. Spoilers tease that everybody will see lots of juicy ,"Viewers will not want to miss Friday’s episode of General Hospital. Spoilers tease that everybody will see lots of juicy 23rd birthday party for Landon Warner. But before we dive into the party, we will first get some exciting developments from the past, in the upcoming episodes.
On General Hospital, there is a lot that will happen ahead, and fans will have lots of thrilling moments. But for Friday’s episode, viewers will see the celebrations continue. Here is everything to anticipate for Friday’s General Hospital:
1. Sam McCall and Dante Cassadine Join the Party:
As we celebrate Landon Warner’s birthday on General Hospital, Sam McCall (Kelly Monaco) and Dante Cassadine (Dominic Zamprogna) will join the fun","23rd birthday party for Landon Warner. But before we dive into the party, we will first get some exciting developments from the past, in the upcoming episodes.
On General Hospital, there is a lot that will happen ahead, and fans will have lots of thrilling moments. But for Friday’s episode, viewers will see the celebrations continue. Here is everything to anticipate for Friday’s General Hospital:
1. Sam McCall and Dante Cassadine Join the Party:
As we celebrate Landon Warner’s birthday on General Hospital, Sam McCall (Kelly Monaco) and Dante Cassadine (Dominic Zamprogna) will join the fun","{""do_sample"": true, ""temperature"": 1.0, ""top_p"": 0.95, ""top_k"": 50, ""repetition_penalty"": 1.0, ""max_new_tokens"": 128}"
bytekgwV6,4.0,1,1397,163,163,"Tue., May 29, 2018, 10:20 a.m. CAGUAS, Puerto Rico – At least 4,645 people died as a result of Hurricane ","Tue., May 29, 2018, 10:20 a.m. CAGUAS, Puerto Rico – At least 4,645 people died as a result of Hurricane  ...
Researchers at George Washington University used a modeling approach based on historical patterns and damage data to estimate the  ...
The study published in the journal Environmental Health Perspectives provides a new metric for understanding the health effects of natural disasters.
More than 3,000 people have lost their lives due to the catastrophic storm that destroyed entire neighborhoods. The official death toll is about 2,975, while the number could be much higher due to unreported fatalities and the destruction  ...
Researchers estimate that at least 4,645 people may have died as a result of Hurricane Maria's direct effects on the Puerto Rican population.  ...
Researchers"," ...
Researchers at George Washington University used a modeling approach based on historical patterns and damage data to estimate the  ...
The study published in the journal Environmental Health Perspectives provides a new metric for understanding the health effects of natural disasters.
More than 3,000 people have lost their lives due to the catastrophic storm that destroyed entire neighborhoods. The official death toll is about 2,975, while the number could be much higher due to unreported fatalities and the destruction  ...
Researchers estimate that at least 4,645 people may have died as a result of Hurricane Maria's direct effects on the Puerto Rican population.  ...
Researchers","{""do_sample"": true, ""temperature"": 1.0, ""top_p"": 0.95, ""top_k"": 50, ""repetition_penalty"": 1.0, ""max_new_tokens"": 128}"
bytekgwV6,4.0,1,1399,165,165,"Kyle Schwarber may be out for the season, but the home run ball he hit during the Cubs-Cardinals National League ","Kyle Schwarber may be out for the season, but the home run ball he hit during the Cubs-Cardinals National League 5o-pitching duel will live on as an instant classic. | Photo courtesy MLB
By Tom Schippits for MLB.com
ST. LOUIS -- The Cubs-Cardinals rivalry is one for the ages, and Sunday's contest was a prime example of why. A 11-4 win for the Cubs notwithstanding, the real highlight came in the 2-0 ballgame. Yeah, you read that right, 2-0.
The game was a 50-pitch affair, with each team tallying two hits and two walks. Yep, the scoreboard was a real-life representation of the 2-0","5o-pitching duel will live on as an instant classic. | Photo courtesy MLB
By Tom Schippits for MLB.com
ST. LOUIS -- The Cubs-Cardinals rivalry is one for the ages, and Sunday's contest was a prime example of why. A 11-4 win for the Cubs notwithstanding, the real highlight came in the 2-0 ballgame. Yeah, you read that right, 2-0.
The game was a 50-pitch affair, with each team tallying two hits and two walks. Yep, the scoreboard was a real-life representation of the 2-0","{""do_sample"": true, ""temperature"": 1.0, ""top_p"": 0.95, ""top_k"": 50, ""repetition_penalty"": 1.0, ""max_new_tokens"": 128}"
bytekgwV6,4.0,1,1401,167,167,Only former Israeli President Shimon Peres could pull off something like organizing a friendly football (soccer) match between Israeli and ,"Only former Israeli President Shimon Peres could pull off something like organizing a friendly football (soccer) match between Israeli and 3,500 Palestinian refugees living in Jordan. On January 2, the match took place at the Khalidi International Stadium in Amman, bringing together people from both sides of the Israeli-Palestinian conflict.
Peres was the guest of honor for the event, which was organized to promote coexistence and dialogue between Israelis and Palestinians. Some of the Israeli players who took part in the match included former Israeli international athletes, while the Palestinian team consisted of players from refugee camps.
According to news outlets, both sides displayed sportsmanship and respect for each other, despite the challenges and tensions that the region is facing. Peres himself was thrilled with","3,500 Palestinian refugees living in Jordan. On January 2, the match took place at the Khalidi International Stadium in Amman, bringing together people from both sides of the Israeli-Palestinian conflict.
Peres was the guest of honor for the event, which was organized to promote coexistence and dialogue between Israelis and Palestinians. Some of the Israeli players who took part in the match included former Israeli international athletes, while the Palestinian team consisted of players from refugee camps.
According to news outlets, both sides displayed sportsmanship and respect for each other, despite the challenges and tensions that the region is facing. Peres himself was thrilled with","{""do_sample"": true, ""temperature"": 1.0, ""top_p"": 0.95, ""top_k"": 50, ""repetition_penalty"": 1.0, ""max_new_tokens"": 128}"
bytekgwV6,4.0,1,1403,169,169,Katie Price and her new baby return home after holidaying in Europe. Alex Reid has tweeted a message of support ,"Katie Price and her new baby return home after holidaying in Europe. Alex Reid has tweeted a message of support 29 Apr 10, 10:26am Katie Price and her new baby return home after holidaying in Europe Read article... Katie Price and her new baby son return home from their holidaying in...
It's been quite a whirlwind for Katie Price since giving birth, what with announcing the name Harvey Jr and jetting off on holiday with new beau Leandro Penna. But the mum-to-be has...
Katie Price welcomed her new baby boy, Harvey Jr, just a few weeks ago. And the 32-year-old mum-of-three took a rare break to enjoy some romantic quality time with new beau Leandro Penna...","29 Apr 10, 10:26am Katie Price and her new baby return home after holidaying in Europe Read article... Katie Price and her new baby son return home from their holidaying in...
It's been quite a whirlwind for Katie Price since giving birth, what with announcing the name Harvey Jr and jetting off on holiday with new beau Leandro Penna. But the mum-to-be has...
Katie Price welcomed her new baby boy, Harvey Jr, just a few weeks ago. And the 32-year-old mum-of-three took a rare break to enjoy some romantic quality time with new beau Leandro Penna...","{""do_sample"": true, ""temperature"": 1.0, ""top_p"": 0.95, ""top_k"": 50, ""repetition_penalty"": 1.0, ""max_new_tokens"": 128}"
bytekgwV6,4.0,1,1405,171,171,"Stopping nearsightedness in kids and more. This week, Dr. Sydney Spiesel discusses a way to stop the progression of nearsightedness ","Stopping nearsightedness in kids and more. This week, Dr. Sydney Spiesel discusses a way to stop the progression of nearsightedness 60s. As for myopia and a study that found children who used this device were significantly less likely to progress the condition.
And we have a show like that was published in the journal optometry, it was the study conducted on 300 children who had nearsightedness.
Children between the ages of nine and 12, it was conducted for two years and the results showed. That kids who wore the special glasses for one year and then took a two-year break. Had significantly less progress with nearsightedness. And kids who never wore the special glasses at all, or kids who wore the special glasses for less than a","60s. As for myopia and a study that found children who used this device were significantly less likely to progress the condition.
And we have a show like that was published in the journal optometry, it was the study conducted on 300 children who had nearsightedness.
Children between the ages of nine and 12, it was conducted for two years and the results showed. That kids who wore the special glasses for one year and then took a two-year break. Had significantly less progress with nearsightedness. And kids who never wore the special glasses at all, or kids who wore the special glasses for less than a","{""do_sample"": true, ""temperature"": 1.0, ""top_p"": 0.95, ""top_k"": 50, ""repetition_penalty"": 1.0, ""max_new_tokens"": 128}"
bytekgwV6,4.0,1,1407,173,173,"In this Sept. 1, 2014 photo released by the U.S. Geological Survey, fluid lava streams from the June 27 lava ","In this Sept. 1, 2014 photo released by the U.S. Geological Survey, fluid lava streams from the June 27 lava 13/1 flow, which traveled nearly 7 miles down the flank of the Big Island's Kilaeua Volcano, near the Puna Forest Reserve, Hawaii. Hawaii's Kilauea volcano has erupted anew, forcing the evacuation of some residents. The U.S. Geological Survey said Sunday, Sept. 13, 2020, that the eruption has caused hazardous air quality conditions and ash fall in nearby areas. (U.S. Geological Survey via AP)
FILE - This image from a camera mounted on the Halemauma'u Crater lookout near Hawaii Volcanoes National Park's Kilauea Visitor Center shows the","13/1 flow, which traveled nearly 7 miles down the flank of the Big Island's Kilaeua Volcano, near the Puna Forest Reserve, Hawaii. Hawaii's Kilauea volcano has erupted anew, forcing the evacuation of some residents. The U.S. Geological Survey said Sunday, Sept. 13, 2020, that the eruption has caused hazardous air quality conditions and ash fall in nearby areas. (U.S. Geological Survey via AP)
FILE - This image from a camera mounted on the Halemauma'u Crater lookout near Hawaii Volcanoes National Park's Kilauea Visitor Center shows the","{""do_sample"": true, ""temperature"": 1.0, ""top_p"": 0.95, ""top_k"": 50, ""repetition_penalty"": 1.0, ""max_new_tokens"": 128}"
bytekgwV6,4.0,1,1409,175,175,The air ambulance was mobilised following reports that a man had fallen on a tree branch and impaled his neck ,"The air ambulance was mobilised following reports that a man had fallen on a tree branch and impaled his neck 6 inches deep
At around 11:45pm, the air ambulance team arrived at the scene to help the 53-year-old man who had suffered a severe neck injury.
The aircrew rapidly assessed the patient and began treating his life-threatening injuries immediately. The aircraft, which had crewed-up at the nearby airbase at RAF Odiham, took off and headed to the nearest major trauma hospital - University Hospital Southampton NHS Foundation Trust.
Upon arrival, the patient was met by the trauma team who took over his care, and he was subsequently transferred to the operating theatre where surgeons worked to repair the severe damage.
The aircrew members","6 inches deep
At around 11:45pm, the air ambulance team arrived at the scene to help the 53-year-old man who had suffered a severe neck injury.
The aircrew rapidly assessed the patient and began treating his life-threatening injuries immediately. The aircraft, which had crewed-up at the nearby airbase at RAF Odiham, took off and headed to the nearest major trauma hospital - University Hospital Southampton NHS Foundation Trust.
Upon arrival, the patient was met by the trauma team who took over his care, and he was subsequently transferred to the operating theatre where surgeons worked to repair the severe damage.
The aircrew members","{""do_sample"": true, ""temperature"": 1.0, ""top_p"": 0.95, ""top_k"": 50, ""repetition_penalty"": 1.0, ""max_new_tokens"": 128}"
bytekgwV6,4.0,1,1411,177,177,The University of Maryland President Wallace Loh. University of Maryland President Wallace Loh stood before reporters Aug. 14 and apologized ,"The University of Maryland President Wallace Loh. University of Maryland President Wallace Loh stood before reporters Aug. 14 and apologized 6 for his decision to let the team play their season-opener in Orlando.
Tropical Storm Hermine made landfall overnight and dumped heavy rainfall across the Southeastern United States Thursday, with the University of Miami's game against Appalachian State canceled due to the severe weather conditions.
University of Miami officials initially decided to hold the game, despite concerns about the storm, but ultimately called it off late Thursday morning. At a news conference Thursday afternoon, University of Maryland President Wallace Loh announced the team would play, despite Hermine's impact in the area, CBS Sports reported.
Loh explained the decision was based on safety, citing that the storm","6 for his decision to let the team play their season-opener in Orlando.
Tropical Storm Hermine made landfall overnight and dumped heavy rainfall across the Southeastern United States Thursday, with the University of Miami's game against Appalachian State canceled due to the severe weather conditions.
University of Miami officials initially decided to hold the game, despite concerns about the storm, but ultimately called it off late Thursday morning. At a news conference Thursday afternoon, University of Maryland President Wallace Loh announced the team would play, despite Hermine's impact in the area, CBS Sports reported.
Loh explained the decision was based on safety, citing that the storm","{""do_sample"": true, ""temperature"": 1.0, ""top_p"": 0.95, ""top_k"": 50, ""repetition_penalty"": 1.0, ""max_new_tokens"": 128}"
bytekgwV6,4.0,1,1413,179,179,"in French). Nov. 19 at 3:30: ""Walkabout"" (1971, Nicolas Roeg). Nov. 20 at 1 and Nov. 22 at 4:40: ""Mean ","in French). Nov. 19 at 3:30: ""Walkabout"" (1971, Nicolas Roeg). Nov. 20 at 1 and Nov. 22 at 4:40: ""Mean 15"" segment of the omnibus ""New Wave"" film. Nov. 21 at 3 and 8:30 and Nov. 23 at 1 and 5:45: ""Playtime"" (1967, Eric Röhm); Jean Valmont's film is based on the story by Anthony Bourdain. The University
Film series Nov. (Ciné Sélection) offers
screenings of French and international movies at the Université de Sherbrooke (2255, boulevard Wilfrid-Hamel, Sherbrooke). Admission: $5. The University
Film series Nov. (C","15"" segment of the omnibus ""New Wave"" film. Nov. 21 at 3 and 8:30 and Nov. 23 at 1 and 5:45: ""Playtime"" (1967, Eric Röhm); Jean Valmont's film is based on the story by Anthony Bourdain. The University
Film series Nov. (Ciné Sélection) offers
screenings of French and international movies at the Université de Sherbrooke (2255, boulevard Wilfrid-Hamel, Sherbrooke). Admission: $5. The University
Film series Nov. (C","{""do_sample"": true, ""temperature"": 1.0, ""top_p"": 0.95, ""top_k"": 50, ""repetition_penalty"": 1.0, ""max_new_tokens"": 128}"
bytekgwV6,4.0,1,1415,181,181,(Reuters) - U.S. ride services firm Lyft Inc is in talks with an advisor for a targeted March or April ,"(Reuters) - U.S. ride services firm Lyft Inc is in talks with an advisor for a targeted March or April 2019 initial public offering (IPO), Bloomberg News reported on Friday, citing people with knowledge of the matter.
The company, which is backed by investors such as General Motors and Chinese ride-hailing firm Didi Chuxing, had initially aimed to file for a public listing by the end of the year, the report added. (https://bloom.bg/2Qx3qEi)
Lyft, which is the No. 2 player in the ride-hailing market after bigger rival Uber, had raised its valuation to around $15 billion in a private funding round in 2018, Bloomberg reported. An IPO","2019 initial public offering (IPO), Bloomberg News reported on Friday, citing people with knowledge of the matter.
The company, which is backed by investors such as General Motors and Chinese ride-hailing firm Didi Chuxing, had initially aimed to file for a public listing by the end of the year, the report added. (https://bloom.bg/2Qx3qEi)
Lyft, which is the No. 2 player in the ride-hailing market after bigger rival Uber, had raised its valuation to around $15 billion in a private funding round in 2018, Bloomberg reported. An IPO","{""do_sample"": true, ""temperature"": 1.0, ""top_p"": 0.95, ""top_k"": 50, ""repetition_penalty"": 1.0, ""max_new_tokens"": 128}"
bytekgwV6,4.0,1,1417,183,183,Advocates for government accountability were alarmed to learn Gov. Jared Polis was undecided on whether to veto a bill to ,"Advocates for government accountability were alarmed to learn Gov. Jared Polis was undecided on whether to veto a bill to 23...
Governors Jared Polis and Doug Mastriano appeared to have a disagreement on the state of the nation during the first...
Jeb Bush on Saturday urged his fellow Republicans to “get over” their differences with former President Donald Trump, claiming...
Rep. Adam Schiff talks about the importance of protecting the integrity and secrecy of the special counsel's investigation into former...
The Supreme Court has declined an appeal to hear a case about former Secretary of State Mike Pompeo’s role in the...
Judge William Alsup on Friday granted the Biden administration's bid to pause a court-ordered DNA extraction deadline related...
New evidence suggests the 45th president","23...
Governors Jared Polis and Doug Mastriano appeared to have a disagreement on the state of the nation during the first...
Jeb Bush on Saturday urged his fellow Republicans to “get over” their differences with former President Donald Trump, claiming...
Rep. Adam Schiff talks about the importance of protecting the integrity and secrecy of the special counsel's investigation into former...
The Supreme Court has declined an appeal to hear a case about former Secretary of State Mike Pompeo’s role in the...
Judge William Alsup on Friday granted the Biden administration's bid to pause a court-ordered DNA extraction deadline related...
New evidence suggests the 45th president","{""do_sample"": true, ""temperature"": 1.0, ""top_p"": 0.95, ""top_k"": 50, ""repetition_penalty"": 1.0, ""max_new_tokens"": 128}"
bytekgwV6,4.0,1,1419,185,185,"MADRID: As Cristiano Ronaldo enjoyed his time off at the French Riviera, his Portugal team-mates were busy handing Italy another ","MADRID: As Cristiano Ronaldo enjoyed his time off at the French Riviera, his Portugal team-mates were busy handing Italy another 1-0 victory in their opening friendly match.
A goal from Pedro Silva just after the hour mark was all it took to separate the two European nations in Lisbon.
Portuguese coach Carlos Queiroz will be pleased with the result, given the makeshift line-up he fielded with many first-team players still on summer break, including Ronaldo and Manchester United winger Nani, who were both granted extended vacations after their club campaign.
Silva's strike came on 63 minutes, when he controlled a pass from midfielder Raul Meireles and fired a left-footed shot past Italy goalkeeper Salvatore Sirigu from just outside the penalty area","1-0 victory in their opening friendly match.
A goal from Pedro Silva just after the hour mark was all it took to separate the two European nations in Lisbon.
Portuguese coach Carlos Queiroz will be pleased with the result, given the makeshift line-up he fielded with many first-team players still on summer break, including Ronaldo and Manchester United winger Nani, who were both granted extended vacations after their club campaign.
Silva's strike came on 63 minutes, when he controlled a pass from midfielder Raul Meireles and fired a left-footed shot past Italy goalkeeper Salvatore Sirigu from just outside the penalty area","{""do_sample"": true, ""temperature"": 1.0, ""top_p"": 0.95, ""top_k"": 50, ""repetition_penalty"": 1.0, ""max_new_tokens"": 128}"
bytekgwV6,4.0,1,1421,187,187,"Florida Institute of Technology quarterback Brandon Ziarno. MELBOURNE, Fla. - Florida Institute of Technology quarterback Brandon Ziarno was arrested Friday ","Florida Institute of Technology quarterback Brandon Ziarno. MELBOURNE, Fla. - Florida Institute of Technology quarterback Brandon Ziarno was arrested Friday 14 days before the team's opener, charged with driving under the influence, a university official confirmed Wednesday.
According to reports, Ziarno was arrested and charged after he was found unconscious at the wheel of his car on Florida Avenue, near his home. The Melbourne Police Department released reports indicating that Ziarno's breath-alcohol level was 0.184, more than twice the legal limit of 0.08%.
Florida Tech President Anthony J. Catanese released a statement on Wednesday saying that the university was aware of the situation and that disciplinary action would be taken. The school did not disclose the nature or severity of the discipline","14 days before the team's opener, charged with driving under the influence, a university official confirmed Wednesday.
According to reports, Ziarno was arrested and charged after he was found unconscious at the wheel of his car on Florida Avenue, near his home. The Melbourne Police Department released reports indicating that Ziarno's breath-alcohol level was 0.184, more than twice the legal limit of 0.08%.
Florida Tech President Anthony J. Catanese released a statement on Wednesday saying that the university was aware of the situation and that disciplinary action would be taken. The school did not disclose the nature or severity of the discipline","{""do_sample"": true, ""temperature"": 1.0, ""top_p"": 0.95, ""top_k"": 50, ""repetition_penalty"": 1.0, ""max_new_tokens"": 128}"
bytekgwV6,4.0,1,1423,189,189,Runaway Entertainment is looking for an experienced Associate General Manager to work across all their productions. Runaway Entertainment Ltd is ,"Runaway Entertainment is looking for an experienced Associate General Manager to work across all their productions. Runaway Entertainment Ltd is 3rd party sales and distribution arm for leading independent labels and production companies.
As an experienced Associate General Manager with a proven track record, you'll have a deep understanding of the music and publishing world, and a passion for discovering new artists and developing successful campaigns. The ideal candidate will have excellent communication, organisational and problem-solving skills, with the ability to work effectively with both internal and external stakeholders.
As an important member of the Runaway Entertainment team, you'll work closely with the General Manager, other department heads and artists to develop and implement successful marketing and sales strategies for their productions.
Key Responsibilities will include:
Support the development and implementation","3rd party sales and distribution arm for leading independent labels and production companies.
As an experienced Associate General Manager with a proven track record, you'll have a deep understanding of the music and publishing world, and a passion for discovering new artists and developing successful campaigns. The ideal candidate will have excellent communication, organisational and problem-solving skills, with the ability to work effectively with both internal and external stakeholders.
As an important member of the Runaway Entertainment team, you'll work closely with the General Manager, other department heads and artists to develop and implement successful marketing and sales strategies for their productions.
Key Responsibilities will include:
Support the development and implementation","{""do_sample"": true, ""temperature"": 1.0, ""top_p"": 0.95, ""top_k"": 50, ""repetition_penalty"": 1.0, ""max_new_tokens"": 128}"
bytekgwV6,4.0,1,1425,191,191,The New York Times on Thursday printed a special section featuring portraits of nearly every member of the record number ,"The New York Times on Thursday printed a special section featuring portraits of nearly every member of the record number 435 elected representatives who will be serving in the 117th Congress.
For the first time, the Times is featuring the entire House, reflecting the significant demographic shifts and milestones that mark this year's election. The issue includes a large-print section that showcases photographs of each member, along with their name, party affiliation and the district they represent.
According to the Times, 95 freshmen lawmakers will be joining Congress for the first time, including the largest class of women ever elected. The new lawmakers will be representing diverse districts across the country, including many communities of color and areas previously represented by members who have retired or left office due to scandal.
","435 elected representatives who will be serving in the 117th Congress.
For the first time, the Times is featuring the entire House, reflecting the significant demographic shifts and milestones that mark this year's election. The issue includes a large-print section that showcases photographs of each member, along with their name, party affiliation and the district they represent.
According to the Times, 95 freshmen lawmakers will be joining Congress for the first time, including the largest class of women ever elected. The new lawmakers will be representing diverse districts across the country, including many communities of color and areas previously represented by members who have retired or left office due to scandal.
","{""do_sample"": true, ""temperature"": 1.0, ""top_p"": 0.95, ""top_k"": 50, ""repetition_penalty"": 1.0, ""max_new_tokens"": 128}"
bytekgwV6,4.0,1,1427,193,193,"Equipped with their own factory, they make different kinds of outstanding fish cake. Fish cake in Busan is the most ","Equipped with their own factory, they make different kinds of outstanding fish cake. Fish cake in Busan is the most 10. Add to Cart. ₱45.00 ₱65.00 1 lb Fishcake, Fishcake Fritter. A popular street food, the Busan-style fishcake is a firm favorite among the locals and a must-visit for travelers! Delivery Fee ¥500 ; Estimated Delivery ¥40-50min; Store Hours 11am-10pm (Open now) Rating 5 from 1 review. The fresh catch from the sea is carefully prepared and mixed with the right amount of ingredients to make the signature fish cake. Get the recipe: Busan-style fish cake. Korean fish cake is known for its","10. Add to Cart. ₱45.00 ₱65.00 1 lb Fishcake, Fishcake Fritter. A popular street food, the Busan-style fishcake is a firm favorite among the locals and a must-visit for travelers! Delivery Fee ¥500 ; Estimated Delivery ¥40-50min; Store Hours 11am-10pm (Open now) Rating 5 from 1 review. The fresh catch from the sea is carefully prepared and mixed with the right amount of ingredients to make the signature fish cake. Get the recipe: Busan-style fish cake. Korean fish cake is known for its","{""do_sample"": true, ""temperature"": 1.0, ""top_p"": 0.95, ""top_k"": 50, ""repetition_penalty"": 1.0, ""max_new_tokens"": 128}"
bytekgwV6,4.0,1,1429,195,195,An Alsip police officer seriously wounded a man in an on-duty shooting early Wednesday after tracking a Cadillac suspected of ,"An Alsip police officer seriously wounded a man in an on-duty shooting early Wednesday after tracking a Cadillac suspected of 16 car break-ins, police said.
The officer, identified as Brian McDonald, fired his weapon about 2 a.m. along 17300 block of Ridgeland Avenue, according to Alsip Police Chief Rick Wetzel.
The victim, identified as 26-year-old Darius M. Ford of Chicago, was treated at Christ Hospital in Oak Lawn and transferred to Advocate Christ Medical Center in Oak Lawn, where he was in serious condition.
Alsip police had been investigating a string of car break-ins that had been reported in the area, and they tracked the suspect vehicle, a white Cadillac with an Illinois registration, to the Ridg","16 car break-ins, police said.
The officer, identified as Brian McDonald, fired his weapon about 2 a.m. along 17300 block of Ridgeland Avenue, according to Alsip Police Chief Rick Wetzel.
The victim, identified as 26-year-old Darius M. Ford of Chicago, was treated at Christ Hospital in Oak Lawn and transferred to Advocate Christ Medical Center in Oak Lawn, where he was in serious condition.
Alsip police had been investigating a string of car break-ins that had been reported in the area, and they tracked the suspect vehicle, a white Cadillac with an Illinois registration, to the Ridg","{""do_sample"": true, ""temperature"": 1.0, ""top_p"": 0.95, ""top_k"": 50, ""repetition_penalty"": 1.0, ""max_new_tokens"": 128}"
bytekgwV6,4.0,1,1431,197,197,"If you would like to support the Down Syndrome Association of West Michigan's campaign of kindness, you may visit the ","If you would like to support the Down Syndrome Association of West Michigan's campaign of kindness, you may visit the 16th Annual ""Racing for Research"" online giving platform at racingforresearch.com.
The website offers a variety of giving levels, each with a specific reward or thank-you note from the DSWM. Additionally, you can create a Facebook fundraiser to spread the word about the event and encourage others to support the cause.
A portion of all proceeds will go directly towards supporting the Down Syndrome Association of West Michigan and its mission to support those with Down syndrome and their families. So, gather your crew, get ready to have some fun, and make a difference for individuals with Down syndrome!
Please note that online donations may not be processed until after","16th Annual ""Racing for Research"" online giving platform at racingforresearch.com.
The website offers a variety of giving levels, each with a specific reward or thank-you note from the DSWM. Additionally, you can create a Facebook fundraiser to spread the word about the event and encourage others to support the cause.
A portion of all proceeds will go directly towards supporting the Down Syndrome Association of West Michigan and its mission to support those with Down syndrome and their families. So, gather your crew, get ready to have some fun, and make a difference for individuals with Down syndrome!
Please note that online donations may not be processed until after","{""do_sample"": true, ""temperature"": 1.0, ""top_p"": 0.95, ""top_k"": 50, ""repetition_penalty"": 1.0, ""max_new_tokens"": 128}"
bytekgwV6,4.0,1,1433,199,199,Jan. 22 will be here before agencies know it. So will Feb. 6. Here’s betting that even April 16 will ,"Jan. 22 will be here before agencies know it. So will Feb. 6. Here’s betting that even April 16 will  come and go without federal regulators providing the first hints about who got the most federal funding for  FY 2018.
  Meanwhile, the nation waits with bated breath for the results of the  annual federal budget process, the  same one that makes the difference  between the federal budget  appropriations and the proposed  budget blueprint.
 It seems that only Congress knows the answers, and they are the ones  who have to approve the funding  requests from the President"," come and go without federal regulators providing the first hints about who got the most federal funding for  FY 2018.
  Meanwhile, the nation waits with bated breath for the results of the  annual federal budget process, the  same one that makes the difference  between the federal budget  appropriations and the proposed  budget blueprint.
 It seems that only Congress knows the answers, and they are the ones  who have to approve the funding  requests from the President","{""do_sample"": true, ""temperature"": 1.0, ""top_p"": 0.95, ""top_k"": 50, ""repetition_penalty"": 1.0, ""max_new_tokens"": 128}"
