algo,delta,device,seed,prompt_index,prompt_id,prompt_text,full_text,continuation_text,gen_params_json
bytekgwV6,1.0,1,1235,1,1,"""Whoever gets him, they'll be getting a good one,"" David Montgomery said. INDIANAPOLIS — Hakeem Butler has been surrounded by ","""Whoever gets him, they'll be getting a good one,"" David Montgomery said. INDIANAPOLIS — Hakeem Butler has been surrounded by 12 defenders in the Indianapolis Colts' film room, and the third-round pick is just fine with that. Butler, the Iowa State wide receiver, was selected by the Colts with the 84th overall pick in the 2019 NFL draft. At 6-foot-5, 225 pounds, Butler's physicality and size make him a...
It's time to learn about Hakeem Butler, the Colts' new wide receiver!
""Whoever gets him, they'll be getting a good one,"" David Montgomery said. INDIANAPOLIS — Hakeem Butler has been surrounded by 12 defenders in the Indianapolis Colts","12 defenders in the Indianapolis Colts' film room, and the third-round pick is just fine with that. Butler, the Iowa State wide receiver, was selected by the Colts with the 84th overall pick in the 2019 NFL draft. At 6-foot-5, 225 pounds, Butler's physicality and size make him a...
It's time to learn about Hakeem Butler, the Colts' new wide receiver!
""Whoever gets him, they'll be getting a good one,"" David Montgomery said. INDIANAPOLIS — Hakeem Butler has been surrounded by 12 defenders in the Indianapolis Colts","{""do_sample"": true, ""temperature"": 1.0, ""top_p"": 0.95, ""top_k"": 50, ""repetition_penalty"": 1.0, ""max_new_tokens"": 128}"
bytekgwV6,1.0,1,1237,3,3,The Arlington County Board plans to vote Saturday afternoon on giving Amazon $23 million and other incentives to build a ,"The Arlington County Board plans to vote Saturday afternoon on giving Amazon $23 million and other incentives to build a 1 million square foot ""Last Mile"" delivery center in the former Hoffman-Madison Block (HMB) building in Clarendon.
The center, which would serve as a major sorting and processing facility for Amazon's Last Mile delivery network, would create hundreds of jobs and generate millions of dollars in economic activity for the county, according to a Board staff report.
To sweeten the deal, the county would offer Amazon the incentives, including a 10-year payment-in-lieu-of-taxes (PILOT) deal, which would require the company to pay a percentage of the property taxes it would normally pay.
The incentive package would also","1 million square foot ""Last Mile"" delivery center in the former Hoffman-Madison Block (HMB) building in Clarendon.
The center, which would serve as a major sorting and processing facility for Amazon's Last Mile delivery network, would create hundreds of jobs and generate millions of dollars in economic activity for the county, according to a Board staff report.
To sweeten the deal, the county would offer Amazon the incentives, including a 10-year payment-in-lieu-of-taxes (PILOT) deal, which would require the company to pay a percentage of the property taxes it would normally pay.
The incentive package would also","{""do_sample"": true, ""temperature"": 1.0, ""top_p"": 0.95, ""top_k"": 50, ""repetition_penalty"": 1.0, ""max_new_tokens"": 128}"
bytekgwV6,1.0,1,1239,5,5,The Hawaii man who was fired after issuing the false ballistic missile alert in mid-January told reporters Friday that he ,"The Hawaii man who was fired after issuing the false ballistic missile alert in mid-January told reporters Friday that he  felt a great sense of relief when he learned his mistake would not be prosecuted.  Greig Smith, a former employee of the Hawaii Emergency Management Agency, spoke publicly for the first time about the Jan. 13 incident, saying he felt “an incredible sense of relief” when he learned he would not face criminal charges.
“I was in a state of panic and anxiety for weeks after the event, and the thought of facing criminal charges was just devastating to me,” Smith said. “So when I found out that it wouldn’t be prosecuted, it was an incredible sense of relief.”
Smith said he still regretted the mistake,"," felt a great sense of relief when he learned his mistake would not be prosecuted.  Greig Smith, a former employee of the Hawaii Emergency Management Agency, spoke publicly for the first time about the Jan. 13 incident, saying he felt “an incredible sense of relief” when he learned he would not face criminal charges.
“I was in a state of panic and anxiety for weeks after the event, and the thought of facing criminal charges was just devastating to me,” Smith said. “So when I found out that it wouldn’t be prosecuted, it was an incredible sense of relief.”
Smith said he still regretted the mistake,","{""do_sample"": true, ""temperature"": 1.0, ""top_p"": 0.95, ""top_k"": 50, ""repetition_penalty"": 1.0, ""max_new_tokens"": 128}"
bytekgwV6,1.0,1,1241,7,7,"A version of this article appeared in the print edition of The Daily Star on July 12, 2018, on page ","A version of this article appeared in the print edition of The Daily Star on July 12, 2018, on page 8.
BEIRUT: On a sweltering summer day, Beirut's Hamra Street was buzzing with the sounds of laughter, music and the clinking of glasses. The street, famous for its lively atmosphere and eclectic mix of shops, cafes and restaurants, was hosting the annual Hamra Street Festival, a celebration of the district's unique charm.
For locals and tourists alike, the festival was a chance to enjoy the neighborhood's laid-back vibe, with its mix of street performers, live music and delicious food stalls. Visitors could indulge in traditional Lebanese cuisine, such as falafel, shawarma and kibbeh, as","8.
BEIRUT: On a sweltering summer day, Beirut's Hamra Street was buzzing with the sounds of laughter, music and the clinking of glasses. The street, famous for its lively atmosphere and eclectic mix of shops, cafes and restaurants, was hosting the annual Hamra Street Festival, a celebration of the district's unique charm.
For locals and tourists alike, the festival was a chance to enjoy the neighborhood's laid-back vibe, with its mix of street performers, live music and delicious food stalls. Visitors could indulge in traditional Lebanese cuisine, such as falafel, shawarma and kibbeh, as","{""do_sample"": true, ""temperature"": 1.0, ""top_p"": 0.95, ""top_k"": 50, ""repetition_penalty"": 1.0, ""max_new_tokens"": 128}"
bytekgwV6,1.0,1,1243,9,9,"After Kevin’s horrific leg injury, everyone is asking: will he ever play basketball again? Dr. Glashow, co-chief of sports medicine ","After Kevin’s horrific leg injury, everyone is asking: will he ever play basketball again? Dr. Glashow, co-chief of sports medicine  at Hospital for Special Surgery (HSS) in New York City, weighs in.
As the sports medicine expert, I can tell you that the road to recovery is long and arduous. Kevin has suffered a severe injury that will require a tremendous amount of rehabilitation and hard work to regain his strength, flexibility, and mobility. The next few months will be crucial in determining his future in basketball.
Kevin will need to undergo a series of physical therapy sessions to strengthen his muscles, improve his range of motion, and retrain his neuromuscular system. This process can be challenging, both physically and mentally. It will require patience"," at Hospital for Special Surgery (HSS) in New York City, weighs in.
As the sports medicine expert, I can tell you that the road to recovery is long and arduous. Kevin has suffered a severe injury that will require a tremendous amount of rehabilitation and hard work to regain his strength, flexibility, and mobility. The next few months will be crucial in determining his future in basketball.
Kevin will need to undergo a series of physical therapy sessions to strengthen his muscles, improve his range of motion, and retrain his neuromuscular system. This process can be challenging, both physically and mentally. It will require patience","{""do_sample"": true, ""temperature"": 1.0, ""top_p"": 0.95, ""top_k"": 50, ""repetition_penalty"": 1.0, ""max_new_tokens"": 128}"
bytekgwV6,1.0,1,1245,11,11,University of Utah track and field athlete Lauren McCluskey was found shot dead Monday night in the backseat of a ,"University of Utah track and field athlete Lauren McCluskey was found shot dead Monday night in the backseat of a 2016 Chevrolet Malibu parked on campus.
Lauren McCluskey, 21, was a junior and a prominent member of the university's track and field team, competing in the high jump and heptathlon. The university announced her death in a statement early Tuesday, saying that an investigation into the shooting is ongoing.
Police said that McCluskey's family had reported her missing earlier in the day, and an investigation led them to the parked car, where they found her body. Authorities have not released the name of the suspect, who they say is known to McCluskey.
The shooting is believed to have occurred sometime late Monday","2016 Chevrolet Malibu parked on campus.
Lauren McCluskey, 21, was a junior and a prominent member of the university's track and field team, competing in the high jump and heptathlon. The university announced her death in a statement early Tuesday, saying that an investigation into the shooting is ongoing.
Police said that McCluskey's family had reported her missing earlier in the day, and an investigation led them to the parked car, where they found her body. Authorities have not released the name of the suspect, who they say is known to McCluskey.
The shooting is believed to have occurred sometime late Monday","{""do_sample"": true, ""temperature"": 1.0, ""top_p"": 0.95, ""top_k"": 50, ""repetition_penalty"": 1.0, ""max_new_tokens"": 128}"
bytekgwV6,1.0,1,1247,13,13,"The location of the July 15, 2002 flare is shown at left. The other panels compare the scale of Earth ","The location of the July 15, 2002 flare is shown at left. The other panels compare the scale of Earth 9,270 kilometers (5,800 miles) in diameter, and the Sun about 1,392,000 kilometers (864,000 miles) in diameter. (NASA)
The location of the July 15, 2002 flare is shown at left. The other panels compare the scale of Earth 9,270 kilometers (5,800 miles) in diameter, and the Sun about 1,392,000 kilometers (864,000 miles) in diameter. (NASA)
On July 15, 2002, a massive solar flare erupted on the Sun, shooting a burst of energy towards Earth. The flare was a","9,270 kilometers (5,800 miles) in diameter, and the Sun about 1,392,000 kilometers (864,000 miles) in diameter. (NASA)
The location of the July 15, 2002 flare is shown at left. The other panels compare the scale of Earth 9,270 kilometers (5,800 miles) in diameter, and the Sun about 1,392,000 kilometers (864,000 miles) in diameter. (NASA)
On July 15, 2002, a massive solar flare erupted on the Sun, shooting a burst of energy towards Earth. The flare was a","{""do_sample"": true, ""temperature"": 1.0, ""top_p"": 0.95, ""top_k"": 50, ""repetition_penalty"": 1.0, ""max_new_tokens"": 128}"
bytekgwV6,1.0,1,1249,15,15,"Larry checks in with KPCC reporter Sharon McNary, who’s been hitting up several polling stations in Orange County and Los ","Larry checks in with KPCC reporter Sharon McNary, who’s been hitting up several polling stations in Orange County and Los  Angels. They discuss what she's seen on the ground, including lines, enthusiasm, and some interesting voter turnout trends. more less
Watch Full Episodes: AirTalk
Election Day 2018; Voter Turnout; LA County... S 2 : Ep 10 Aired 11/6/18: Larry checks in with KPCC reporter Sharon McNary, who’s been hitting up several polling stations in Orange County and Los... more
AirTalk Election Day Special; Live From the... S 2 : Ep 9 Aired 11/6/18: It's Election Day in California, and Larry"," Angels. They discuss what she's seen on the ground, including lines, enthusiasm, and some interesting voter turnout trends. more less
Watch Full Episodes: AirTalk
Election Day 2018; Voter Turnout; LA County... S 2 : Ep 10 Aired 11/6/18: Larry checks in with KPCC reporter Sharon McNary, who’s been hitting up several polling stations in Orange County and Los... more
AirTalk Election Day Special; Live From the... S 2 : Ep 9 Aired 11/6/18: It's Election Day in California, and Larry","{""do_sample"": true, ""temperature"": 1.0, ""top_p"": 0.95, ""top_k"": 50, ""repetition_penalty"": 1.0, ""max_new_tokens"": 128}"
bytekgwV6,1.0,1,1251,17,17,Health authorities in New Zealand said that about 200 passengers on the Dawn Princess ship became infected with the norovirus. ,"Health authorities in New Zealand said that about 200 passengers on the Dawn Princess ship became infected with the norovirus.  This information was shared on Monday. According to the health authorities, there were over 1,500 people on the ship when it arrived in Auckland, New Zealand, and about 200 people reported symptoms of the norovirus.
The passengers who were infected with the norovirus were not hospitalized, and they were isolated in their cabins while the remaining passengers on the ship were given a cleaning treatment to prevent the spread of the disease.
The Health Minister, Dr. David Clark, said that the norovirus is highly contagious and spreads quickly, especially in crowded areas like cruise ships.
The ship has been cleared to continue its journey, and"," This information was shared on Monday. According to the health authorities, there were over 1,500 people on the ship when it arrived in Auckland, New Zealand, and about 200 people reported symptoms of the norovirus.
The passengers who were infected with the norovirus were not hospitalized, and they were isolated in their cabins while the remaining passengers on the ship were given a cleaning treatment to prevent the spread of the disease.
The Health Minister, Dr. David Clark, said that the norovirus is highly contagious and spreads quickly, especially in crowded areas like cruise ships.
The ship has been cleared to continue its journey, and","{""do_sample"": true, ""temperature"": 1.0, ""top_p"": 0.95, ""top_k"": 50, ""repetition_penalty"": 1.0, ""max_new_tokens"": 128}"
bytekgwV6,1.0,1,1253,19,19,NEW YORK (AP) — Could the U.S. lose its top credit rating even if a deal is reached to raise ,"NEW YORK (AP) — Could the U.S. lose its top credit rating even if a deal is reached to raise  the debt ceiling?
The answer is yes, though it's not a foregone conclusion. Here's a breakdown of what could happen:
THE RISK:
The debt ceiling is not a hard limit. Instead, it's a trigger that requires Congress to negotiate a package of spending cuts and revenue increases, known as a ""grand bargain."" If a deal isn't reached, the government will default on its debts. But even if a deal is reached, the U.S. could still lose its top credit rating if the agreement doesn't do enough to address the nation's long-term fiscal challenges.
FITCH RATINGS, one of the three"," the debt ceiling?
The answer is yes, though it's not a foregone conclusion. Here's a breakdown of what could happen:
THE RISK:
The debt ceiling is not a hard limit. Instead, it's a trigger that requires Congress to negotiate a package of spending cuts and revenue increases, known as a ""grand bargain."" If a deal isn't reached, the government will default on its debts. But even if a deal is reached, the U.S. could still lose its top credit rating if the agreement doesn't do enough to address the nation's long-term fiscal challenges.
FITCH RATINGS, one of the three","{""do_sample"": true, ""temperature"": 1.0, ""top_p"": 0.95, ""top_k"": 50, ""repetition_penalty"": 1.0, ""max_new_tokens"": 128}"
bytekgwV6,1.0,1,1255,21,21,"IHS Markit INFO, -0.02% a world leader in critical information, analytics and solutions, expanded its alternative data offering for asset ","IHS Markit INFO, -0.02% a world leader in critical information, analytics and solutions, expanded its alternative data offering for asset  management firms, institutional investors, and other financial institutions with the acquisition of TruValue Labs, a leading provider of artificial intelligence-driven alternative data and analytics.
The acquisition strengthens IHS Markit's position as a leading provider of alternative data and analytics solutions, and further enhances the company's ability to help clients make better-informed investment decisions.
""The acquisition of TruValue Labs expands our capabilities in alternative data and analytics, allowing us to provide our clients with even more insights and tools to navigate the rapidly changing investment landscape,"" said Alex Klose, head of alternative data and analytics at IHS Markit. ""We are excited to welcome TruValue"," management firms, institutional investors, and other financial institutions with the acquisition of TruValue Labs, a leading provider of artificial intelligence-driven alternative data and analytics.
The acquisition strengthens IHS Markit's position as a leading provider of alternative data and analytics solutions, and further enhances the company's ability to help clients make better-informed investment decisions.
""The acquisition of TruValue Labs expands our capabilities in alternative data and analytics, allowing us to provide our clients with even more insights and tools to navigate the rapidly changing investment landscape,"" said Alex Klose, head of alternative data and analytics at IHS Markit. ""We are excited to welcome TruValue","{""do_sample"": true, ""temperature"": 1.0, ""top_p"": 0.95, ""top_k"": 50, ""repetition_penalty"": 1.0, ""max_new_tokens"": 128}"
bytekgwV6,1.0,1,1257,23,23,SOUND FORGE Audio Cleaning Lab can be used to record any sound you can hear on your computer - from ,"SOUND FORGE Audio Cleaning Lab can be used to record any sound you can hear on your computer - from 8 kHz to 48 kHz, and from 16 to 24 bits. SOUND FORGE Audio Cleaning Lab features advanced noise reduction algorithms and a powerful editor with advanced features. It also supports popular audio formats such as MP3, WAV, and OGG.
Audio Cleaning Lab - Professional tool for cleaning and restoring audio files.
Professional audio editing software with advanced noise reduction algorithms.
Support for popular audio formats such as MP3, WAV, and OGG.
Support for stereo and mono audio.
Advanced noise reduction algorithms for cleaning audio tracks.
Ability to work with audio files with a frequency range of 8 kHz to 48 kHz and a bit","8 kHz to 48 kHz, and from 16 to 24 bits. SOUND FORGE Audio Cleaning Lab features advanced noise reduction algorithms and a powerful editor with advanced features. It also supports popular audio formats such as MP3, WAV, and OGG.
Audio Cleaning Lab - Professional tool for cleaning and restoring audio files.
Professional audio editing software with advanced noise reduction algorithms.
Support for popular audio formats such as MP3, WAV, and OGG.
Support for stereo and mono audio.
Advanced noise reduction algorithms for cleaning audio tracks.
Ability to work with audio files with a frequency range of 8 kHz to 48 kHz and a bit","{""do_sample"": true, ""temperature"": 1.0, ""top_p"": 0.95, ""top_k"": 50, ""repetition_penalty"": 1.0, ""max_new_tokens"": 128}"
bytekgwV6,1.0,1,1259,25,25,"President Donald Trump returned to Washington, DC on Monday for a very important event. It was not for a meeting ","President Donald Trump returned to Washington, DC on Monday for a very important event. It was not for a meeting  about the budget, taxes, or healthcare reform, but for the annual Easter Egg Roll event at the White House. Yes, you read that right – the White House is hosting an Easter Egg Roll event, and President Trump was there to kick it off.
According to CNN, the event is a longstanding tradition that dates back to 1878, where children roll decorated Easter eggs on the White House lawn. This year, thousands of kids and their families attended the event, which featured Easter egg hunts, face painting, and live music.
President Trump and his wife Melania Trump participated in the event, meeting with children and their families, taking"," about the budget, taxes, or healthcare reform, but for the annual Easter Egg Roll event at the White House. Yes, you read that right – the White House is hosting an Easter Egg Roll event, and President Trump was there to kick it off.
According to CNN, the event is a longstanding tradition that dates back to 1878, where children roll decorated Easter eggs on the White House lawn. This year, thousands of kids and their families attended the event, which featured Easter egg hunts, face painting, and live music.
President Trump and his wife Melania Trump participated in the event, meeting with children and their families, taking","{""do_sample"": true, ""temperature"": 1.0, ""top_p"": 0.95, ""top_k"": 50, ""repetition_penalty"": 1.0, ""max_new_tokens"": 128}"
bytekgwV6,1.0,1,1261,27,27,"ST. JOHNS COUNTY, Fla. - Commissioners in St. Johns County voted unanimously to postpone any legislative action against a localized ","ST. JOHNS COUNTY, Fla. - Commissioners in St. Johns County voted unanimously to postpone any legislative action against a localized 10-cent sales tax for the county's public schools until a special meeting in January.
The vote came after a lengthy discussion and public comment period on the proposal, which was put forth by the St. Johns County School Board.
The school board has been asking for the tax to help fund the construction of new schools and renovations to existing ones to keep up with the rapidly growing student population in the county.
Many people who spoke during the public comment period expressed support for the tax, including several parents and business owners who argued that it would ultimately benefit the community and help to improve the quality of education in the county.
However, others expressed concerns about","10-cent sales tax for the county's public schools until a special meeting in January.
The vote came after a lengthy discussion and public comment period on the proposal, which was put forth by the St. Johns County School Board.
The school board has been asking for the tax to help fund the construction of new schools and renovations to existing ones to keep up with the rapidly growing student population in the county.
Many people who spoke during the public comment period expressed support for the tax, including several parents and business owners who argued that it would ultimately benefit the community and help to improve the quality of education in the county.
However, others expressed concerns about","{""do_sample"": true, ""temperature"": 1.0, ""top_p"": 0.95, ""top_k"": 50, ""repetition_penalty"": 1.0, ""max_new_tokens"": 128}"
bytekgwV6,1.0,1,1263,29,29,This was Reinsdorf's reply on Friday when asked whether the preseason announcement that Phil Jackson will not return as coach ,"This was Reinsdorf's reply on Friday when asked whether the preseason announcement that Phil Jackson will not return as coach 2015 NBA champions was a disappointment for him. In a statement released by the Bulls organization Thursday, Jackson, 68, announced his retirement from coaching.
""I think it's a great opportunity for our organization to move forward and start a new chapter,"" Reinsdorf said. ""We're grateful for all that Phil has done for the Bulls, and we wish him all the best.
""We're excited about the opportunity to bring in a new coach and start a new era. We've been working hard to find the right fit, and we're confident that we'll find someone who can help us build on the success we've had.""
Re","2015 NBA champions was a disappointment for him. In a statement released by the Bulls organization Thursday, Jackson, 68, announced his retirement from coaching.
""I think it's a great opportunity for our organization to move forward and start a new chapter,"" Reinsdorf said. ""We're grateful for all that Phil has done for the Bulls, and we wish him all the best.
""We're excited about the opportunity to bring in a new coach and start a new era. We've been working hard to find the right fit, and we're confident that we'll find someone who can help us build on the success we've had.""
Re","{""do_sample"": true, ""temperature"": 1.0, ""top_p"": 0.95, ""top_k"": 50, ""repetition_penalty"": 1.0, ""max_new_tokens"": 128}"
bytekgwV6,1.0,1,1265,31,31,This is the news you’re looking for. Carrie Fisher has seemingly confirmed to Palm Beach Illustrated magazine that she will ,"This is the news you’re looking for. Carrie Fisher has seemingly confirmed to Palm Beach Illustrated magazine that she will 100% be appearing in the next Star Wars film. Fisher, who played the iconic role of Princess Leia in the original trilogy and made a cameo appearance in The Force Awakens, had previously expressed uncertainty about returning for the new trilogy. However, it appears that has all changed.
""I'm in. I'm as honest as you can be when there's a lot of money involved. But I'm not going to pay my taxes if I have to go into that again. I think I've paid my dues. I'm 59, and I'm not going to give up my Social Security check,"" Fisher told the magazine.
Fisher","100% be appearing in the next Star Wars film. Fisher, who played the iconic role of Princess Leia in the original trilogy and made a cameo appearance in The Force Awakens, had previously expressed uncertainty about returning for the new trilogy. However, it appears that has all changed.
""I'm in. I'm as honest as you can be when there's a lot of money involved. But I'm not going to pay my taxes if I have to go into that again. I think I've paid my dues. I'm 59, and I'm not going to give up my Social Security check,"" Fisher told the magazine.
Fisher","{""do_sample"": true, ""temperature"": 1.0, ""top_p"": 0.95, ""top_k"": 50, ""repetition_penalty"": 1.0, ""max_new_tokens"": 128}"
bytekgwV6,1.0,1,1267,33,33,In the market for a low-cost networked storage solution? You may want to take a look at the Netgear ReadyNAS ,"In the market for a low-cost networked storage solution? You may want to take a look at the Netgear ReadyNAS 104, a 2-bay NAS enclosure that packs a punch for its price.
The ReadyNAS 104 is a compact, fanless device that measures 6.5 inches wide, 3.5 inches deep, and 8.1 inches tall. It's powered by a dual-core Intel Atom processor, 512MB of RAM, and a Marvell Armada 370 storage controller. The NAS has two SATA III ports, supporting up to 4TB of storage capacity (using two 2TB drives).
One of the key benefits of the ReadyNAS 104 is its affordability. With a list price of around $","104, a 2-bay NAS enclosure that packs a punch for its price.
The ReadyNAS 104 is a compact, fanless device that measures 6.5 inches wide, 3.5 inches deep, and 8.1 inches tall. It's powered by a dual-core Intel Atom processor, 512MB of RAM, and a Marvell Armada 370 storage controller. The NAS has two SATA III ports, supporting up to 4TB of storage capacity (using two 2TB drives).
One of the key benefits of the ReadyNAS 104 is its affordability. With a list price of around $","{""do_sample"": true, ""temperature"": 1.0, ""top_p"": 0.95, ""top_k"": 50, ""repetition_penalty"": 1.0, ""max_new_tokens"": 128}"
bytekgwV6,1.0,1,1269,35,35,"MANILA, Philippines — The state-run Land Bank of the Philippines (Landbank) has extended by one more month or until Jan. ","MANILA, Philippines — The state-run Land Bank of the Philippines (Landbank) has extended by one more month or until Jan. 31, 2021, the deadline for farmers and fishers to apply for a loan under the Philippine Coconut Authority (PCA) and Department of Agriculture (DA)’s farm debt rehabilitation program.

In a statement, Landbank said it has granted the extension to enable more farmers and fishers to participate in the program and avail of the benefits of debt relief, which aims to help them recover from the effects of the pandemic.

The program provides debt relief to farmers and fishers who have outstanding loans from banks and other financial institutions. Under the program, eligible borrowers can opt to restructure their loans, suspend payment, or even have their","31, 2021, the deadline for farmers and fishers to apply for a loan under the Philippine Coconut Authority (PCA) and Department of Agriculture (DA)’s farm debt rehabilitation program.

In a statement, Landbank said it has granted the extension to enable more farmers and fishers to participate in the program and avail of the benefits of debt relief, which aims to help them recover from the effects of the pandemic.

The program provides debt relief to farmers and fishers who have outstanding loans from banks and other financial institutions. Under the program, eligible borrowers can opt to restructure their loans, suspend payment, or even have their","{""do_sample"": true, ""temperature"": 1.0, ""top_p"": 0.95, ""top_k"": 50, ""repetition_penalty"": 1.0, ""max_new_tokens"": 128}"
bytekgwV6,1.0,1,1271,37,37,It’s a continuation of a trend they have seen over the last several years. “It’s been almost three years of ,"It’s a continuation of a trend they have seen over the last several years. “It’s been almost three years of 20% annual growth or higher in the industry, and we believe it is sustainable,” he said.
The growth can be attributed to several factors, including an increasing awareness of the importance of pet health and wellness, as well as an increase in pet ownership.
Pet ownership has grown due to various factors such as increased awareness of the benefits of pet ownership, urbanization, and lifestyle changes.
The increasing awareness of pet health and wellness has also been driven by the growing popularity of holistic and alternative medicine, as well as an increasing awareness of the importance of mental and emotional well-being.
Consumers are more willing to spend money on their pets, and","20% annual growth or higher in the industry, and we believe it is sustainable,” he said.
The growth can be attributed to several factors, including an increasing awareness of the importance of pet health and wellness, as well as an increase in pet ownership.
Pet ownership has grown due to various factors such as increased awareness of the benefits of pet ownership, urbanization, and lifestyle changes.
The increasing awareness of pet health and wellness has also been driven by the growing popularity of holistic and alternative medicine, as well as an increasing awareness of the importance of mental and emotional well-being.
Consumers are more willing to spend money on their pets, and","{""do_sample"": true, ""temperature"": 1.0, ""top_p"": 0.95, ""top_k"": 50, ""repetition_penalty"": 1.0, ""max_new_tokens"": 128}"
bytekgwV6,1.0,1,1273,39,39,"Originally Published: September 24, 2018 8 p.m. Soledad O’Brien, 10 to 11:30 a.m., Yavapai College Performing Arts Center, 1100 E ","Originally Published: September 24, 2018 8 p.m. Soledad O’Brien, 10 to 11:30 a.m., Yavapai College Performing Arts Center, 1100 E 3rd St, Prescott. The former CNN anchor will share her insights on storytelling, news and the importance of the media in today's world. Admission is $15 for the public, $10 for students and seniors.
Originally Published: September 24, 2018 8 p.m. Soledad O'Brien, 10 to 11:30 a.m., Yavapai College Performing Arts Center, 1100 E 3rd St, Prescott. The former CNN anchor will share her insights on storytelling, news and the importance of the media in today's world. Admission is $15 for the public, $10","3rd St, Prescott. The former CNN anchor will share her insights on storytelling, news and the importance of the media in today's world. Admission is $15 for the public, $10 for students and seniors.
Originally Published: September 24, 2018 8 p.m. Soledad O'Brien, 10 to 11:30 a.m., Yavapai College Performing Arts Center, 1100 E 3rd St, Prescott. The former CNN anchor will share her insights on storytelling, news and the importance of the media in today's world. Admission is $15 for the public, $10","{""do_sample"": true, ""temperature"": 1.0, ""top_p"": 0.95, ""top_k"": 50, ""repetition_penalty"": 1.0, ""max_new_tokens"": 128}"
bytekgwV6,1.0,1,1275,41,41,"Attendees visit the Vodafone Group pavilion at the Mobile World Congress in Barcelona, Spain, March 4, 2015. Vodafone, one of ","Attendees visit the Vodafone Group pavilion at the Mobile World Congress in Barcelona, Spain, March 4, 2015. Vodafone, one of 18 major telecom operators that have signed up for the European Union's ambitious project to create a single, secure and seamless digital identity verification system for Europeans.
Europe's plans for a single digital identity system gained traction on Monday as 18 major telecom operators, including Vodafone, signed up to participate in the ambitious project.
The European Union's (EU) Digital Identity Wallet, also known as the eIDAS Regulation, aims to create a single, secure and seamless digital identity verification system for Europeans.
Under the project, EU citizens will have a digital ID, which will serve as a digital identity, allowing them to access public and private services,","18 major telecom operators that have signed up for the European Union's ambitious project to create a single, secure and seamless digital identity verification system for Europeans.
Europe's plans for a single digital identity system gained traction on Monday as 18 major telecom operators, including Vodafone, signed up to participate in the ambitious project.
The European Union's (EU) Digital Identity Wallet, also known as the eIDAS Regulation, aims to create a single, secure and seamless digital identity verification system for Europeans.
Under the project, EU citizens will have a digital ID, which will serve as a digital identity, allowing them to access public and private services,","{""do_sample"": true, ""temperature"": 1.0, ""top_p"": 0.95, ""top_k"": 50, ""repetition_penalty"": 1.0, ""max_new_tokens"": 128}"
bytekgwV6,1.0,1,1277,43,43,The Congress of South African Trade Unions has noted the latest cabinet reshuffle by President Jacob Zuma. We can confirm ,"The Congress of South African Trade Unions has noted the latest cabinet reshuffle by President Jacob Zuma. We can confirm 3 new ministers, including Mrs. Faith Muthambi, Mr. Lynne Brown, and Mr. Blade Nzimande.
These appointments have a significant impact on the landscape of our national economy and will certainly have a bearing on the working-class people of our country. We can only hope that the new appointees will act with diligence and integrity to serve the interests of the people and not the interests of the ruling elite.
As COSATU, we have always called for greater transparency and accountability in the allocation of resources and power in our country. We hope that the new cabinet will prioritize the needs of the poor and the working-class people","3 new ministers, including Mrs. Faith Muthambi, Mr. Lynne Brown, and Mr. Blade Nzimande.
These appointments have a significant impact on the landscape of our national economy and will certainly have a bearing on the working-class people of our country. We can only hope that the new appointees will act with diligence and integrity to serve the interests of the people and not the interests of the ruling elite.
As COSATU, we have always called for greater transparency and accountability in the allocation of resources and power in our country. We hope that the new cabinet will prioritize the needs of the poor and the working-class people","{""do_sample"": true, ""temperature"": 1.0, ""top_p"": 0.95, ""top_k"": 50, ""repetition_penalty"": 1.0, ""max_new_tokens"": 128}"
bytekgwV6,1.0,1,1279,45,45,"After much anticipation, Melania Trump has finally given the world a glimpse of her platform. Like those before her, Trump ","After much anticipation, Melania Trump has finally given the world a glimpse of her platform. Like those before her, Trump 85 has committed to making the lives of children better. Trump says that her platform, “Be Best,” will focus on improving the lives of children by addressing issues such as bullying, online safety, and substance abuse. The first lady is also planning to focus on promoting kindness and healthy habits among children. Trump also announced that she would be using her own experiences growing up in a difficult home to inform her work. Trump was born in Slovenia, but moved to the United States in 2000. She met her husband while working as a model, and the two got married in 2005. Trump has been criticized for not being involved in","85 has committed to making the lives of children better. Trump says that her platform, “Be Best,” will focus on improving the lives of children by addressing issues such as bullying, online safety, and substance abuse. The first lady is also planning to focus on promoting kindness and healthy habits among children. Trump also announced that she would be using her own experiences growing up in a difficult home to inform her work. Trump was born in Slovenia, but moved to the United States in 2000. She met her husband while working as a model, and the two got married in 2005. Trump has been criticized for not being involved in","{""do_sample"": true, ""temperature"": 1.0, ""top_p"": 0.95, ""top_k"": 50, ""repetition_penalty"": 1.0, ""max_new_tokens"": 128}"
bytekgwV6,1.0,1,1281,47,47,We build our students up only to encourage them to flee. Why? Combining advertising campaigns handled by pros along with ,"We build our students up only to encourage them to flee. Why? Combining advertising campaigns handled by pros along with 3 or more marketing channels can create a lot of awareness. Our student recruitment and retention strategies are tailored to fit the unique needs and goals of your institution. We offer a range of recruitment services, including: Lead generation and qualification, recruitment marketing, social media advertising, email marketing, event planning, and yield management. Why Choose Us? A. We are committed to helping students find the best programs for their educational goals and aspirations. As one of the leading student recruitment agencies, we have a vast network of educational institutions and a deep understanding of the student market.
Our recruitment services include: Student Lead Generation: We generate high-quality student leads through","3 or more marketing channels can create a lot of awareness. Our student recruitment and retention strategies are tailored to fit the unique needs and goals of your institution. We offer a range of recruitment services, including: Lead generation and qualification, recruitment marketing, social media advertising, email marketing, event planning, and yield management. Why Choose Us? A. We are committed to helping students find the best programs for their educational goals and aspirations. As one of the leading student recruitment agencies, we have a vast network of educational institutions and a deep understanding of the student market.
Our recruitment services include: Student Lead Generation: We generate high-quality student leads through","{""do_sample"": true, ""temperature"": 1.0, ""top_p"": 0.95, ""top_k"": 50, ""repetition_penalty"": 1.0, ""max_new_tokens"": 128}"
bytekgwV6,1.0,1,1283,49,49,Federal Reserve Bank of Minneapolis President Narayana Kocherlakota will step down when his current term ends in February 2016. The ,"Federal Reserve Bank of Minneapolis President Narayana Kocherlakota will step down when his current term ends in February 2016. The 54-year-old economist has served as the head of the bank since 2009 and will depart after serving the maximum eight-year term allowed for Fed bank presidents.
Kocherlakota's tenure was marked by his focus on economic inequality and the need for the Fed to address it. He has been a vocal critic of the Fed's current approach to monetary policy, arguing that the central bank's reliance on interest rates to stimulate the economy has limited its ability to address income inequality.
During his time at the Minneapolis Fed, Kocherlakota also developed a reputation for his willingness to challenge consensus views and his commitment to using data-driven analysis to","54-year-old economist has served as the head of the bank since 2009 and will depart after serving the maximum eight-year term allowed for Fed bank presidents.
Kocherlakota's tenure was marked by his focus on economic inequality and the need for the Fed to address it. He has been a vocal critic of the Fed's current approach to monetary policy, arguing that the central bank's reliance on interest rates to stimulate the economy has limited its ability to address income inequality.
During his time at the Minneapolis Fed, Kocherlakota also developed a reputation for his willingness to challenge consensus views and his commitment to using data-driven analysis to","{""do_sample"": true, ""temperature"": 1.0, ""top_p"": 0.95, ""top_k"": 50, ""repetition_penalty"": 1.0, ""max_new_tokens"": 128}"
bytekgwV6,1.0,1,1285,51,51,Roger Federer of Switzerland and Bill Gates shake hands at the Match For Africa 4 exhibition match at KeyArena on ,"Roger Federer of Switzerland and Bill Gates shake hands at the Match For Africa 4 exhibition match at KeyArena on 7th March 2018 in Seattle, Washington. Getty Images for Match For Africa 4.
Roger Federer and Bill Gates shake hands at the Match For Africa 4 exhibition match at KeyArena on 7th March 2018 in Seattle, Washington.
Roger Federer (R) and Bill Gates (L) pose for a photo at the Match For Africa 4 exhibition match at KeyArena on 7th March 2018 in Seattle, Washington. Getty Images for Match For Africa 4.
Roger Federer (R) and Bill Gates (L) pose for a photo at the Match For Africa 4 exhibition match","7th March 2018 in Seattle, Washington. Getty Images for Match For Africa 4.
Roger Federer and Bill Gates shake hands at the Match For Africa 4 exhibition match at KeyArena on 7th March 2018 in Seattle, Washington.
Roger Federer (R) and Bill Gates (L) pose for a photo at the Match For Africa 4 exhibition match at KeyArena on 7th March 2018 in Seattle, Washington. Getty Images for Match For Africa 4.
Roger Federer (R) and Bill Gates (L) pose for a photo at the Match For Africa 4 exhibition match","{""do_sample"": true, ""temperature"": 1.0, ""top_p"": 0.95, ""top_k"": 50, ""repetition_penalty"": 1.0, ""max_new_tokens"": 128}"
bytekgwV6,1.0,1,1287,53,53,"BAGHDAD, Iraq -- Fighting in the Shiite stronghold of Sadr City killed 23 Iraqis yesterday, hospital officials said, and the ","BAGHDAD, Iraq -- Fighting in the Shiite stronghold of Sadr City killed 23 Iraqis yesterday, hospital officials said, and the 34th day of a standoff between government forces and radical cleric Muqtada al-Sadr's followers drew to a close.
The violence came as the Iraqi government vowed to continue its offensive against Mr. al-Sadr's Mahdi Army militia, despite calls from senior religious leaders for a ceasefire.
In Sadr City, one of the most impoverished and densely populated areas of Baghdad, helicopters fired rockets at suspected Mahdi Army positions, and troops moved into neighborhoods in an attempt to capture the cleric's followers.
Meanwhile, the United Nations High Commissioner for Human Rights, Louise Arbour, urged both the Iraqi government and the Mahdi Army to cease","34th day of a standoff between government forces and radical cleric Muqtada al-Sadr's followers drew to a close.
The violence came as the Iraqi government vowed to continue its offensive against Mr. al-Sadr's Mahdi Army militia, despite calls from senior religious leaders for a ceasefire.
In Sadr City, one of the most impoverished and densely populated areas of Baghdad, helicopters fired rockets at suspected Mahdi Army positions, and troops moved into neighborhoods in an attempt to capture the cleric's followers.
Meanwhile, the United Nations High Commissioner for Human Rights, Louise Arbour, urged both the Iraqi government and the Mahdi Army to cease","{""do_sample"": true, ""temperature"": 1.0, ""top_p"": 0.95, ""top_k"": 50, ""repetition_penalty"": 1.0, ""max_new_tokens"": 128}"
bytekgwV6,1.0,1,1289,55,55,"Tulsa race riot survivor: ""Learn how to forgive, but never forget"" SAN FRANCISCO, California (CNN) -- A 100-inch, high definition ","Tulsa race riot survivor: ""Learn how to forgive, but never forget"" SAN FRANCISCO, California (CNN) -- A 100-inch, high definition 3D image of the Civil War-era battle of Gettysburg will be displayed at the National Mall in Washington D.C. this summer. The 3D holographic exhibit will be part of the 150th anniversary celebration of the battle of Gettysburg, which took place from July 1 to 3, 1863.
In a nearby studio, a 100-year-old survivor of the Tulsa race riot, less than a decade later, shared her powerful story with CNN. Less...
Related topics : tulsa race riot / washington dc / national mall / civil war / war
""The Day the United States Invaded","3D image of the Civil War-era battle of Gettysburg will be displayed at the National Mall in Washington D.C. this summer. The 3D holographic exhibit will be part of the 150th anniversary celebration of the battle of Gettysburg, which took place from July 1 to 3, 1863.
In a nearby studio, a 100-year-old survivor of the Tulsa race riot, less than a decade later, shared her powerful story with CNN. Less...
Related topics : tulsa race riot / washington dc / national mall / civil war / war
""The Day the United States Invaded","{""do_sample"": true, ""temperature"": 1.0, ""top_p"": 0.95, ""top_k"": 50, ""repetition_penalty"": 1.0, ""max_new_tokens"": 128}"
bytekgwV6,1.0,1,1291,57,57,When Cait and I found out how easy it is to make ravioli–and with such completely impressive and delicious results!–we ,"When Cait and I found out how easy it is to make ravioli–and with such completely impressive and delicious results!–we  decided to give it a try. After all, what better way to celebrate being 50% done with  the semester than with a fun, pasta-filled project?

Before we even started making the ravioli, we decided to make our own pasta dough. There’s something special about using freshly made pasta dough instead of store-bought, right? And the best part is that it really isn’t that difficult!

Here’s our recipe:

Ingredients:

• 1 cup all-purpose flour
• 1 large egg
• 1/4 teaspoon salt
• 1 tablespoon olive oil

Instructions:

1. In a"," decided to give it a try. After all, what better way to celebrate being 50% done with  the semester than with a fun, pasta-filled project?

Before we even started making the ravioli, we decided to make our own pasta dough. There’s something special about using freshly made pasta dough instead of store-bought, right? And the best part is that it really isn’t that difficult!

Here’s our recipe:

Ingredients:

• 1 cup all-purpose flour
• 1 large egg
• 1/4 teaspoon salt
• 1 tablespoon olive oil

Instructions:

1. In a","{""do_sample"": true, ""temperature"": 1.0, ""top_p"": 0.95, ""top_k"": 50, ""repetition_penalty"": 1.0, ""max_new_tokens"": 128}"
bytekgwV6,1.0,1,1293,59,59,"It may not have been enough to bring out the skis, but Wood River Valley residents woke up with a ","It may not have been enough to bring out the skis, but Wood River Valley residents woke up with a 4-7 inch blanket of new snow this morning, courtesy of the winter storm that passed through the area last night.
The snow has made for great driving conditions, and the fresh powder has turned the local ski hills into winter wonderlands. Ski resorts in the Wood River Valley, such as Sun Valley, Bald Mountain and Dollar Mountain, are reporting varying levels of fresh powder, with some reporting up to 10 inches in certain areas.
While it's not ideal for cross-country skiers, who might have been hoping for a bit more snow, the new powder should be a treat for downhill skiers and snowboarders.
As the snow","4-7 inch blanket of new snow this morning, courtesy of the winter storm that passed through the area last night.
The snow has made for great driving conditions, and the fresh powder has turned the local ski hills into winter wonderlands. Ski resorts in the Wood River Valley, such as Sun Valley, Bald Mountain and Dollar Mountain, are reporting varying levels of fresh powder, with some reporting up to 10 inches in certain areas.
While it's not ideal for cross-country skiers, who might have been hoping for a bit more snow, the new powder should be a treat for downhill skiers and snowboarders.
As the snow","{""do_sample"": true, ""temperature"": 1.0, ""top_p"": 0.95, ""top_k"": 50, ""repetition_penalty"": 1.0, ""max_new_tokens"": 128}"
bytekgwV6,1.0,1,1295,61,61,"Are stoners now a target advertising demographic for fast food companies? Ever since Harold and Kumar went to White Castle, ","Are stoners now a target advertising demographic for fast food companies? Ever since Harold and Kumar went to White Castle, 420-friendly fast food joints have been a thing. But now it seems like fast food chains are really going all in on the stoner demographic. Case in point: White Castle's latest marketing campaign, which features the...
Are stoners now a target advertising demographic for fast food companies? Ever since Harold and Kumar went to White Castle, 420-friendly fast food joints have been a thing. But now it seems like fast food chains are really going all in on the stoner demographic. Case in point: White Castle's latest marketing campaign, which features the...
Fast food chains have long targeted specific demographics to increase brand recognition and loyalty.","420-friendly fast food joints have been a thing. But now it seems like fast food chains are really going all in on the stoner demographic. Case in point: White Castle's latest marketing campaign, which features the...
Are stoners now a target advertising demographic for fast food companies? Ever since Harold and Kumar went to White Castle, 420-friendly fast food joints have been a thing. But now it seems like fast food chains are really going all in on the stoner demographic. Case in point: White Castle's latest marketing campaign, which features the...
Fast food chains have long targeted specific demographics to increase brand recognition and loyalty.","{""do_sample"": true, ""temperature"": 1.0, ""top_p"": 0.95, ""top_k"": 50, ""repetition_penalty"": 1.0, ""max_new_tokens"": 128}"
bytekgwV6,1.0,1,1297,63,63,"Due to Hurricane Irene, parts of New Jersey were declared a federal disaster area this week. Federal funding is available ","Due to Hurricane Irene, parts of New Jersey were declared a federal disaster area this week. Federal funding is available  to help residents and businesses recover from the storm’s damage. So, if you have been affected by the storm, here are some steps you can take to get started with the recovery process:
1. Document your damage: Take photos and videos of your damaged property to document the extent of the damage. Keep receipts for any expenses related to the damage.
2. Check with your insurance company: If you have insurance, contact your insurance company as soon as possible to report your damage. Follow their instructions for submitting claims and providing documentation.
3. Contact your local government: Find your local government’s emergency management office or disaster recovery center to get"," to help residents and businesses recover from the storm’s damage. So, if you have been affected by the storm, here are some steps you can take to get started with the recovery process:
1. Document your damage: Take photos and videos of your damaged property to document the extent of the damage. Keep receipts for any expenses related to the damage.
2. Check with your insurance company: If you have insurance, contact your insurance company as soon as possible to report your damage. Follow their instructions for submitting claims and providing documentation.
3. Contact your local government: Find your local government’s emergency management office or disaster recovery center to get","{""do_sample"": true, ""temperature"": 1.0, ""top_p"": 0.95, ""top_k"": 50, ""repetition_penalty"": 1.0, ""max_new_tokens"": 128}"
bytekgwV6,1.0,1,1299,65,65,"As many British visitors to France have learnt to their dismay, if you ask a local, “Parlez-vous anglais?”, the answer ","As many British visitors to France have learnt to their dismay, if you ask a local, “Parlez-vous anglais?”, the answer 99% of the time will be “Non, je ne parle pas anglais”. It may seem harsh, but it’s a simple question that gets asked frequently, and they may not want to get into a prolonged conversation in a foreign language.

For visitors, it can be frustrating when locals respond in this way. But, as any linguist will tell you, it’s not about being unfriendly – it’s about being honest about one’s language skills!

The reason why so many French people respond this way is because they may not be confident in their English, or they might not want to risk not being understood correctly. They may also","99% of the time will be “Non, je ne parle pas anglais”. It may seem harsh, but it’s a simple question that gets asked frequently, and they may not want to get into a prolonged conversation in a foreign language.

For visitors, it can be frustrating when locals respond in this way. But, as any linguist will tell you, it’s not about being unfriendly – it’s about being honest about one’s language skills!

The reason why so many French people respond this way is because they may not be confident in their English, or they might not want to risk not being understood correctly. They may also","{""do_sample"": true, ""temperature"": 1.0, ""top_p"": 0.95, ""top_k"": 50, ""repetition_penalty"": 1.0, ""max_new_tokens"": 128}"
bytekgwV6,1.0,1,1301,67,67,"For professors, publishing in elite journals is an unavoidable part of university life. The grueling process of subjecting work to ","For professors, publishing in elite journals is an unavoidable part of university life. The grueling process of subjecting work to 3,000-word limitations, rigorous peer review, and the occasional rejection letter can be a daunting prospect, especially for those who haven't been trained in the art of publishing.

As we continue to shift away from the print-based paradigm, it's essential that professors learn the ins and outs of digital publishing to keep up with the ever-evolving academic landscape. Here are some tips to help professors navigate the world of digital publishing:

### Identify the right journal for your work

Before submitting your work, research the journal's scope, impact factor, and editorial board to ensure it aligns with your manuscript. Look for open-access options like PLOS","3,000-word limitations, rigorous peer review, and the occasional rejection letter can be a daunting prospect, especially for those who haven't been trained in the art of publishing.

As we continue to shift away from the print-based paradigm, it's essential that professors learn the ins and outs of digital publishing to keep up with the ever-evolving academic landscape. Here are some tips to help professors navigate the world of digital publishing:

### Identify the right journal for your work

Before submitting your work, research the journal's scope, impact factor, and editorial board to ensure it aligns with your manuscript. Look for open-access options like PLOS","{""do_sample"": true, ""temperature"": 1.0, ""top_p"": 0.95, ""top_k"": 50, ""repetition_penalty"": 1.0, ""max_new_tokens"": 128}"
bytekgwV6,1.0,1,1303,69,69,"After rebranding from beverages to a blockchain company, Long Blockchain says it is refocusing yet again and launching operations related ","After rebranding from beverages to a blockchain company, Long Blockchain says it is refocusing yet again and launching operations related 5G connectivity.
Long Blockchain, the company that gained international attention in 2017 for rebranding from a beverage company to a blockchain company, is changing its focus yet again. The company, which was known as Long Island Iced Tea Corp. before its rebrand, has announced that it is launching a new division focused on 5G connectivity.
The new division, called LB Network, will focus on developing and deploying 5G infrastructure and services. The company claims that its technology will provide a secure and reliable connection for a wide range of applications, including IoT devices, smart cities, and more.
LB Network will be led","5G connectivity.
Long Blockchain, the company that gained international attention in 2017 for rebranding from a beverage company to a blockchain company, is changing its focus yet again. The company, which was known as Long Island Iced Tea Corp. before its rebrand, has announced that it is launching a new division focused on 5G connectivity.
The new division, called LB Network, will focus on developing and deploying 5G infrastructure and services. The company claims that its technology will provide a secure and reliable connection for a wide range of applications, including IoT devices, smart cities, and more.
LB Network will be led","{""do_sample"": true, ""temperature"": 1.0, ""top_p"": 0.95, ""top_k"": 50, ""repetition_penalty"": 1.0, ""max_new_tokens"": 128}"
bytekgwV6,1.0,1,1305,71,71,"Noel Gallo, an organ builder who designed a new organ at Xewkija parish church and Paolo Oreni, an international organist ","Noel Gallo, an organ builder who designed a new organ at Xewkija parish church and Paolo Oreni, an international organist 15 years ago. On Saturday, Gallo and Oreni returned to Xewkija for a recital to celebrate the organ's 15th anniversary.
The recital, which was attended by a capacity audience, included a wide range of music, from Bach and Handel to contemporary composers. Gallo and Oreni played the organ with great skill and passion, bringing the audience to its feet on several occasions.
The highlight of the recital was a performance of the famous Passacaglia and Fugue in C minor by Bach. Gallo's organ played the role of the orchestra, providing the perfect accompan","15 years ago. On Saturday, Gallo and Oreni returned to Xewkija for a recital to celebrate the organ's 15th anniversary.
The recital, which was attended by a capacity audience, included a wide range of music, from Bach and Handel to contemporary composers. Gallo and Oreni played the organ with great skill and passion, bringing the audience to its feet on several occasions.
The highlight of the recital was a performance of the famous Passacaglia and Fugue in C minor by Bach. Gallo's organ played the role of the orchestra, providing the perfect accompan","{""do_sample"": true, ""temperature"": 1.0, ""top_p"": 0.95, ""top_k"": 50, ""repetition_penalty"": 1.0, ""max_new_tokens"": 128}"
bytekgwV6,1.0,1,1307,73,73,"Meet Google's Robot Army. It's Growing. Google can't stop buying robotics companies. In the past two months, eight of the ","Meet Google's Robot Army. It's Growing. Google can't stop buying robotics companies. In the past two months, eight of the 13 companies Google has acquired have some kind of robotics or artificial intelligence focus. Here's a rundown of the deals:
• 7 March: Google buys robotics firm Boston Dynamics for $400 million
• 13 March: Google acquires artificial intelligence company DeepMind for £400 million (around $640 million)
• 17 March: Google buys Lift Labs, a startup that helps people with paralysis control their wheelchairs, for an undisclosed sum
• 18 March: Google acquires Emu, a maker of robots for the elderly, for an undisclosed sum
• 24 March: Google buys Songify, a company that creates","13 companies Google has acquired have some kind of robotics or artificial intelligence focus. Here's a rundown of the deals:
• 7 March: Google buys robotics firm Boston Dynamics for $400 million
• 13 March: Google acquires artificial intelligence company DeepMind for £400 million (around $640 million)
• 17 March: Google buys Lift Labs, a startup that helps people with paralysis control their wheelchairs, for an undisclosed sum
• 18 March: Google acquires Emu, a maker of robots for the elderly, for an undisclosed sum
• 24 March: Google buys Songify, a company that creates","{""do_sample"": true, ""temperature"": 1.0, ""top_p"": 0.95, ""top_k"": 50, ""repetition_penalty"": 1.0, ""max_new_tokens"": 128}"
bytekgwV6,1.0,1,1309,75,75,"Michael Schumacher - a seven-time Formula One world champion is ""not bedridden or living on tubes"", it has been reported ","Michael Schumacher - a seven-time Formula One world champion is ""not bedridden or living on tubes"", it has been reported 12 years after a serious skiing accident.
Michael Schumacher, 52, has been under intense medical care and rehabilitation since he fell and hit his head while skiing in the French Alps on December 29, 2013.
Although the former F1 driver's condition has been kept private, it has been reported that he has made gradual progress and is able to do simple tasks and communicate.
Schumacher's family, including his wife Corinna and their two children, have been at his side throughout his recovery, with his wife reportedly being his primary caregiver.
According to reports, Schumacher's condition has been monitored closely by","12 years after a serious skiing accident.
Michael Schumacher, 52, has been under intense medical care and rehabilitation since he fell and hit his head while skiing in the French Alps on December 29, 2013.
Although the former F1 driver's condition has been kept private, it has been reported that he has made gradual progress and is able to do simple tasks and communicate.
Schumacher's family, including his wife Corinna and their two children, have been at his side throughout his recovery, with his wife reportedly being his primary caregiver.
According to reports, Schumacher's condition has been monitored closely by","{""do_sample"": true, ""temperature"": 1.0, ""top_p"": 0.95, ""top_k"": 50, ""repetition_penalty"": 1.0, ""max_new_tokens"": 128}"
bytekgwV6,1.0,1,1311,77,77,"On April 4, 1975, Bill Gates and Paul Allen founded Microsoft. The small firm used to develop and sell BASIC ","On April 4, 1975, Bill Gates and Paul Allen founded Microsoft. The small firm used to develop and sell BASIC 6502 for the Altair 8800 microcomputer. Today, Microsoft is one of the most successful companies in the world, worth over $2 trillion and employing over 144,000 people.

In their early days, Bill Gates and Paul Allen were passionate about coding and developing software. They spent countless hours writing programs for the Altair 8800, which was a popular microcomputer at the time. After developing the BASIC 6502, they decided to create their own operating system, which they called MS-DOS.

MS-DOS, or Microsoft Disk Operating System, revolutionized the computer industry. It was the first operating system","6502 for the Altair 8800 microcomputer. Today, Microsoft is one of the most successful companies in the world, worth over $2 trillion and employing over 144,000 people.

In their early days, Bill Gates and Paul Allen were passionate about coding and developing software. They spent countless hours writing programs for the Altair 8800, which was a popular microcomputer at the time. After developing the BASIC 6502, they decided to create their own operating system, which they called MS-DOS.

MS-DOS, or Microsoft Disk Operating System, revolutionized the computer industry. It was the first operating system","{""do_sample"": true, ""temperature"": 1.0, ""top_p"": 0.95, ""top_k"": 50, ""repetition_penalty"": 1.0, ""max_new_tokens"": 128}"
bytekgwV6,1.0,1,1313,79,79,John Beilein and the Michigan Wolverines are one win away from a national title. On Saturday the Wolverines knocked off ,"John Beilein and the Michigan Wolverines are one win away from a national title. On Saturday the Wolverines knocked off 1-seed Oregon 71-56 in the national semifinals. Michigan held Oregon to just 18 points in the second half and shot 53% from the field for the game.
The Wolverines were led by senior guard Derrick Walton, who scored 20 points, including 12 in the second half. Moritz Wagner added 15 points and seven rebounds off the bench for Michigan.
On Monday, the Wolverines will face either North Carolina or Gonzaga in the national championship game. It will be Michigan's second national title in program history, with the first coming in 1989 under Steve Fisher. Beilein is looking","1-seed Oregon 71-56 in the national semifinals. Michigan held Oregon to just 18 points in the second half and shot 53% from the field for the game.
The Wolverines were led by senior guard Derrick Walton, who scored 20 points, including 12 in the second half. Moritz Wagner added 15 points and seven rebounds off the bench for Michigan.
On Monday, the Wolverines will face either North Carolina or Gonzaga in the national championship game. It will be Michigan's second national title in program history, with the first coming in 1989 under Steve Fisher. Beilein is looking","{""do_sample"": true, ""temperature"": 1.0, ""top_p"": 0.95, ""top_k"": 50, ""repetition_penalty"": 1.0, ""max_new_tokens"": 128}"
bytekgwV6,1.0,1,1315,81,81,Two Democratic state representatives from South Florida said Thursday that they've gathered with 33 colleagues to file paperwork with the ,"Two Democratic state representatives from South Florida said Thursday that they've gathered with 33 colleagues to file paperwork with the 2022 gubernatorial candidate who they say will unite the party and have a chance to defeat Republican Gov. Ron DeSantis.
Rep. Dotie Joseph, D-Miami, and Rep. Christine Hunschofsen, D-Jupiter, announced at a press conference in Tallahassee that they've filed as delegates for Charlie Crist, the former Republican governor who's making a comeback bid for the top office.
""We need a candidate who is a unifying force for our party,"" Joseph said. ""We need a candidate who has the leadership skills and the vision to bring people together.""
Crist, who served as governor from ","2022 gubernatorial candidate who they say will unite the party and have a chance to defeat Republican Gov. Ron DeSantis.
Rep. Dotie Joseph, D-Miami, and Rep. Christine Hunschofsen, D-Jupiter, announced at a press conference in Tallahassee that they've filed as delegates for Charlie Crist, the former Republican governor who's making a comeback bid for the top office.
""We need a candidate who is a unifying force for our party,"" Joseph said. ""We need a candidate who has the leadership skills and the vision to bring people together.""
Crist, who served as governor from ","{""do_sample"": true, ""temperature"": 1.0, ""top_p"": 0.95, ""top_k"": 50, ""repetition_penalty"": 1.0, ""max_new_tokens"": 128}"
bytekgwV6,1.0,1,1317,83,83,"Hospitals are seeking ways to reduce readmissions, due to new penalties from Medicare. Demand for qualified professionals in the health ","Hospitals are seeking ways to reduce readmissions, due to new penalties from Medicare. Demand for qualified professionals in the health  care industry is on the rise, particularly in the areas of nursing, healthcare administration, and healthcare information technology. This course will provide students with the knowledge and skills necessary to succeed in these areas and prepare them for the growing demand for healthcare professionals.
The Health Sciences program offers a comprehensive curriculum that includes:
Foundational courses in biology, chemistry, and statistics
Core courses in health sciences, including anatomy and physiology, health systems, and healthcare finance
Specialization courses in nursing, healthcare administration, or healthcare information technology
Clinical and practicum experiences that provide hands-on training and opportunities for networking
Interdisciplinary learning opportunities that emphasize communication, teamwork,"," care industry is on the rise, particularly in the areas of nursing, healthcare administration, and healthcare information technology. This course will provide students with the knowledge and skills necessary to succeed in these areas and prepare them for the growing demand for healthcare professionals.
The Health Sciences program offers a comprehensive curriculum that includes:
Foundational courses in biology, chemistry, and statistics
Core courses in health sciences, including anatomy and physiology, health systems, and healthcare finance
Specialization courses in nursing, healthcare administration, or healthcare information technology
Clinical and practicum experiences that provide hands-on training and opportunities for networking
Interdisciplinary learning opportunities that emphasize communication, teamwork,","{""do_sample"": true, ""temperature"": 1.0, ""top_p"": 0.95, ""top_k"": 50, ""repetition_penalty"": 1.0, ""max_new_tokens"": 128}"
bytekgwV6,1.0,1,1319,85,85,"OK!'s NYC Fashion Week Blog: Gwen Stefani's L.A.M.B. Can’t make it to NYC for Fashion Week? Don’t worry, OK!’s got ","OK!'s NYC Fashion Week Blog: Gwen Stefani's L.A.M.B. Can’t make it to NYC for Fashion Week? Don’t worry, OK!’s got 411! We’re giving you the lowdown on all the hottest trends, must-see shows, and A-list sightings from the Big Apple. Check back daily for updates! — Monday, February 23rd —
It's officially Fashion Week in NYC and we've got all the buzz for you! Day two of the festivities kicked off with Gwen Stefani's L.A.M.B. show at Milk Studios. The Harajuku Girls -inspired collection was a visual feast, with bold prints, daring silhouettes, and a whole lot of sass. The crowd went wild for the edgy, avant-garde designs, which featured","411! We’re giving you the lowdown on all the hottest trends, must-see shows, and A-list sightings from the Big Apple. Check back daily for updates! — Monday, February 23rd —
It's officially Fashion Week in NYC and we've got all the buzz for you! Day two of the festivities kicked off with Gwen Stefani's L.A.M.B. show at Milk Studios. The Harajuku Girls -inspired collection was a visual feast, with bold prints, daring silhouettes, and a whole lot of sass. The crowd went wild for the edgy, avant-garde designs, which featured","{""do_sample"": true, ""temperature"": 1.0, ""top_p"": 0.95, ""top_k"": 50, ""repetition_penalty"": 1.0, ""max_new_tokens"": 128}"
bytekgwV6,1.0,1,1321,87,87,"FILE - Guinea security forces, center, face people rioting and burning rubbish and other goods in the streets of Conakry, ","FILE - Guinea security forces, center, face people rioting and burning rubbish and other goods in the streets of Conakry, 24 Oct. 2007. A new report has found that the West African country of Guinea is facing a ""humanitarian crisis"" with more than 80,000 people displaced and thousands of others affected by violence and looting.
A new report by the United Nations Office for the Coordination of Humanitarian Affairs (OCHA) has found that the West African country of Guinea is facing a ""humanitarian crisis"" with more than 80,000 people displaced and thousands of others affected by violence and looting.
According to the report, the crisis in Guinea is linked to political tensions and a dispute over the results of the presidential election","24 Oct. 2007. A new report has found that the West African country of Guinea is facing a ""humanitarian crisis"" with more than 80,000 people displaced and thousands of others affected by violence and looting.
A new report by the United Nations Office for the Coordination of Humanitarian Affairs (OCHA) has found that the West African country of Guinea is facing a ""humanitarian crisis"" with more than 80,000 people displaced and thousands of others affected by violence and looting.
According to the report, the crisis in Guinea is linked to political tensions and a dispute over the results of the presidential election","{""do_sample"": true, ""temperature"": 1.0, ""top_p"": 0.95, ""top_k"": 50, ""repetition_penalty"": 1.0, ""max_new_tokens"": 128}"
bytekgwV6,1.0,1,1323,89,89,Sunday's college basketball roundup: No. 8 N.C. State women stay unbeaten with rout at U.Va. Do conference hoops tournaments hinder ,"Sunday's college basketball roundup: No. 8 N.C. State women stay unbeaten with rout at U.Va. Do conference hoops tournaments hinder 2nd-round exits in NCAA tourney?
Sunday's sports roundup: N.C. State women, UNC men move closer to ACC titles; Liberty women win Big South tournament title; Virginia Tech men fall to Clemson
College basketball: UNC Wilmington's first-half barrage leads to 92-76 victory over Hampton
Hampton University's men's basketball team dropped a 92-76 decision to UNC Wilmington on Saturday at the Atlantic Union Bank Center in Harrisonburg, Va.
The Seahawks (12-12, 8-5 Colonial Athletic Association) made 13 of their 24 3-point attempts, including 9 of 14 in","2nd-round exits in NCAA tourney?
Sunday's sports roundup: N.C. State women, UNC men move closer to ACC titles; Liberty women win Big South tournament title; Virginia Tech men fall to Clemson
College basketball: UNC Wilmington's first-half barrage leads to 92-76 victory over Hampton
Hampton University's men's basketball team dropped a 92-76 decision to UNC Wilmington on Saturday at the Atlantic Union Bank Center in Harrisonburg, Va.
The Seahawks (12-12, 8-5 Colonial Athletic Association) made 13 of their 24 3-point attempts, including 9 of 14 in","{""do_sample"": true, ""temperature"": 1.0, ""top_p"": 0.95, ""top_k"": 50, ""repetition_penalty"": 1.0, ""max_new_tokens"": 128}"
bytekgwV6,1.0,1,1325,91,91,“All the gold names have been pretty much getting hammered both on the credit side and the equity side for ,"“All the gold names have been pretty much getting hammered both on the credit side and the equity side for 2019, but a lot of those names are still trading at 10-15 times earnings on the bottom line,” said Paul Westra, portfolio manager for the Hartford Multicap Value Fund. “That’s actually not too bad for a lot of these high-quality companies that have been growing their earnings at 10-15% per year for the past five years. We still think these companies are undervalued, and we think they have a lot of upside potential in 2019 and beyond.” (Source: Value investor sees opportunity in beaten-down companies, Barron’s, February 25, 2019) →
Tag","2019, but a lot of those names are still trading at 10-15 times earnings on the bottom line,” said Paul Westra, portfolio manager for the Hartford Multicap Value Fund. “That’s actually not too bad for a lot of these high-quality companies that have been growing their earnings at 10-15% per year for the past five years. We still think these companies are undervalued, and we think they have a lot of upside potential in 2019 and beyond.” (Source: Value investor sees opportunity in beaten-down companies, Barron’s, February 25, 2019) →
Tag","{""do_sample"": true, ""temperature"": 1.0, ""top_p"": 0.95, ""top_k"": 50, ""repetition_penalty"": 1.0, ""max_new_tokens"": 128}"
bytekgwV6,1.0,1,1327,93,93,"Customers line up to purchase lottery tickets, Monday, Oct. 22, 2018, at La Preferida Superdiscount store in Hialeah, Fla. For ","Customers line up to purchase lottery tickets, Monday, Oct. 22, 2018, at La Preferida Superdiscount store in Hialeah, Fla. For 13 years, the Florida Lottery has paid out jackpots worth a billion dollars or more, a streak that has made it one of the most lucrative lotteries in the United States. (AP Photo/Alan Diaz)
JACKPOT MANIA: Florida Lottery Celebrates 13 Years of $1 Billion+ Jackpots
TALLAHASSEE, Fla. – Today, the Florida Lottery is celebrating a remarkable milestone – 13 years of paying out jackpots worth $1 billion or more. Since October 2005, the Florida Lottery has had an impressive streak of 14 jackpots worth $1 billion","13 years, the Florida Lottery has paid out jackpots worth a billion dollars or more, a streak that has made it one of the most lucrative lotteries in the United States. (AP Photo/Alan Diaz)
JACKPOT MANIA: Florida Lottery Celebrates 13 Years of $1 Billion+ Jackpots
TALLAHASSEE, Fla. – Today, the Florida Lottery is celebrating a remarkable milestone – 13 years of paying out jackpots worth $1 billion or more. Since October 2005, the Florida Lottery has had an impressive streak of 14 jackpots worth $1 billion","{""do_sample"": true, ""temperature"": 1.0, ""top_p"": 0.95, ""top_k"": 50, ""repetition_penalty"": 1.0, ""max_new_tokens"": 128}"
bytekgwV6,1.0,1,1329,95,95,There're no feet like happy feet and these Rechargeable Heated Slippers will ensure your feet are always happy. Just slip ,"There're no feet like happy feet and these Rechargeable Heated Slippers will ensure your feet are always happy. Just slip  your feet into these soft, plush slippers and let the soothing heat work its magic.
These heated slippers are perfect for cold winter nights, as a relaxing treat after a long day, or as a romantic gesture for your loved one. The soft, fleecy interior and the gentle heat will make you feel like you're walking on clouds.
The slippers come with 3 heat settings and a automatic shut-off feature to ensure your safety. The rechargeable battery provides up to 8 hours of continuous heating, so you can use them all night long.
Soft, fleecy interior and a comfortable fit make these heated slippers"," your feet into these soft, plush slippers and let the soothing heat work its magic.
These heated slippers are perfect for cold winter nights, as a relaxing treat after a long day, or as a romantic gesture for your loved one. The soft, fleecy interior and the gentle heat will make you feel like you're walking on clouds.
The slippers come with 3 heat settings and a automatic shut-off feature to ensure your safety. The rechargeable battery provides up to 8 hours of continuous heating, so you can use them all night long.
Soft, fleecy interior and a comfortable fit make these heated slippers","{""do_sample"": true, ""temperature"": 1.0, ""top_p"": 0.95, ""top_k"": 50, ""repetition_penalty"": 1.0, ""max_new_tokens"": 128}"
bytekgwV6,1.0,1,1331,97,97,"When Katherine Gotovsky sees a problem, her response is immediate. The gears in her 17-year-old mind start working away, determined ","When Katherine Gotovsky sees a problem, her response is immediate. The gears in her 17-year-old mind start working away, determined  to find a solution. It's this entrepreneurial spirit that earned her the top prize at the 2014 National Science Olympiad and caught the attention of judges at the 2014 Google Science Fair.
At the age of 12, Katherine identified a problem with her community's recycling program: food waste was being tossed into regular trash bins, where it would end up in landfills and contribute to greenhouse gases. She recognized that this problem was not unique to her community, but rather a widespread issue across the United States.
Determined to make a change, Katherine developed ""FoodRecycle,"" a system designed to divert organic waste from landfills"," to find a solution. It's this entrepreneurial spirit that earned her the top prize at the 2014 National Science Olympiad and caught the attention of judges at the 2014 Google Science Fair.
At the age of 12, Katherine identified a problem with her community's recycling program: food waste was being tossed into regular trash bins, where it would end up in landfills and contribute to greenhouse gases. She recognized that this problem was not unique to her community, but rather a widespread issue across the United States.
Determined to make a change, Katherine developed ""FoodRecycle,"" a system designed to divert organic waste from landfills","{""do_sample"": true, ""temperature"": 1.0, ""top_p"": 0.95, ""top_k"": 50, ""repetition_penalty"": 1.0, ""max_new_tokens"": 128}"
bytekgwV6,1.0,1,1333,99,99,"A rocket attack by ISIS militants in northern Syria caused symptoms of “chemical gas” in 22 Syrian rebels, state media ","A rocket attack by ISIS militants in northern Syria caused symptoms of “chemical gas” in 22 Syrian rebels, state media  reported.
The attack on a rebel-held town in the Aleppo province on Saturday evening caused respiratory problems and other symptoms similar to those caused by chemical weapons, the Syrian Arab News Agency (SANA) reported.
The British-based Syrian Observatory for Human Rights (SOHR) confirmed the attack, saying it caused widespread panic among rebels and civilians in the area.
A rebel fighter told SANA that the attack caused 22 of his comrades to suffer from respiratory problems, nausea, and eye irritation.
The ISIS militants fired a rocket towards a rebel position in the town of Atarib, causing the symptoms, the SOHR reported.
The exact type of"," reported.
The attack on a rebel-held town in the Aleppo province on Saturday evening caused respiratory problems and other symptoms similar to those caused by chemical weapons, the Syrian Arab News Agency (SANA) reported.
The British-based Syrian Observatory for Human Rights (SOHR) confirmed the attack, saying it caused widespread panic among rebels and civilians in the area.
A rebel fighter told SANA that the attack caused 22 of his comrades to suffer from respiratory problems, nausea, and eye irritation.
The ISIS militants fired a rocket towards a rebel position in the town of Atarib, causing the symptoms, the SOHR reported.
The exact type of","{""do_sample"": true, ""temperature"": 1.0, ""top_p"": 0.95, ""top_k"": 50, ""repetition_penalty"": 1.0, ""max_new_tokens"": 128}"
bytekgwV6,1.0,1,1335,101,101,And yet the Cardinals are in position to complete a three-game sweep of the Cubs on Sunday night after erasing ,"And yet the Cardinals are in position to complete a three-game sweep of the Cubs on Sunday night after erasing 3-0 and 4-3 deficits earlier in the weekend.
It's a tale of two teams, and one that's reminiscent of the Cardinals' dominance over the Cubs in the National League Central over the years.
St. Louis ace Adam Wainwright (11-4, 2.45 ERA) will start the series finale, looking to become the Cardinals' first 12-game winner this season. The Cubs will counter with left-hander Jon Lester (6-8, 3.69).
The Cubs have struggled against Wainwright throughout his career, with a.243 batting average and a.317 on-base percentage","3-0 and 4-3 deficits earlier in the weekend.
It's a tale of two teams, and one that's reminiscent of the Cardinals' dominance over the Cubs in the National League Central over the years.
St. Louis ace Adam Wainwright (11-4, 2.45 ERA) will start the series finale, looking to become the Cardinals' first 12-game winner this season. The Cubs will counter with left-hander Jon Lester (6-8, 3.69).
The Cubs have struggled against Wainwright throughout his career, with a.243 batting average and a.317 on-base percentage","{""do_sample"": true, ""temperature"": 1.0, ""top_p"": 0.95, ""top_k"": 50, ""repetition_penalty"": 1.0, ""max_new_tokens"": 128}"
bytekgwV6,1.0,1,1337,103,103,LUCERNE VALLEY — A motorist on Thursday morning found the body of a bicyclist who had been struck by a ,"LUCERNE VALLEY — A motorist on Thursday morning found the body of a bicyclist who had been struck by a 1998 Honda Civic in Lucerne Valley, the San Bernardino County Sheriff’s Department reported.
The incident occurred about 7:15 a.m. at the intersection of Highway 18 and Barstow Road, sheriff’s officials said.
According to authorities, the 1998 Honda Civic, driven by a 23-year-old Victorville man, had been heading north on Highway 18 when it failed to stop at the stop sign and collided with a bicyclist who was traveling east on Barstow Road.
The bicyclist, who has not been identified, died at the scene.
The driver of the Honda Civic remained at the scene and","1998 Honda Civic in Lucerne Valley, the San Bernardino County Sheriff’s Department reported.
The incident occurred about 7:15 a.m. at the intersection of Highway 18 and Barstow Road, sheriff’s officials said.
According to authorities, the 1998 Honda Civic, driven by a 23-year-old Victorville man, had been heading north on Highway 18 when it failed to stop at the stop sign and collided with a bicyclist who was traveling east on Barstow Road.
The bicyclist, who has not been identified, died at the scene.
The driver of the Honda Civic remained at the scene and","{""do_sample"": true, ""temperature"": 1.0, ""top_p"": 0.95, ""top_k"": 50, ""repetition_penalty"": 1.0, ""max_new_tokens"": 128}"
bytekgwV6,1.0,1,1339,105,105,"TOPEKA, Kan. (WIBW) -- With a snowstorm (and possible blizzard) moving, many of us will spend Sunday indoors. And, while ","TOPEKA, Kan. (WIBW) -- With a snowstorm (and possible blizzard) moving, many of us will spend Sunday indoors. And, while 24News and other weather providers are keeping an eye on the forecast and reporting on the latest developments, some folks will turn to other ways to pass the time.
Whether you're looking for a fun family activity or simply want to relax and unwind, there are plenty of options to keep you occupied on a snowy Sunday. Here are a few ideas:
Indoor Games and Puzzles:
* Board games: From classics like Monopoly and Scrabble to newer games like Settlers of Catan and Pandemic, there are plenty of options to choose from.
* Card games: Whether you're a poker fan or enjoy more casual games like","24News and other weather providers are keeping an eye on the forecast and reporting on the latest developments, some folks will turn to other ways to pass the time.
Whether you're looking for a fun family activity or simply want to relax and unwind, there are plenty of options to keep you occupied on a snowy Sunday. Here are a few ideas:
Indoor Games and Puzzles:
* Board games: From classics like Monopoly and Scrabble to newer games like Settlers of Catan and Pandemic, there are plenty of options to choose from.
* Card games: Whether you're a poker fan or enjoy more casual games like","{""do_sample"": true, ""temperature"": 1.0, ""top_p"": 0.95, ""top_k"": 50, ""repetition_penalty"": 1.0, ""max_new_tokens"": 128}"
bytekgwV6,1.0,1,1341,107,107,"Rockland — Maine-based nonprofit WindowDressers coordinates community volunteers to build affordable, re-usable, interior insulating window inserts that tighten up existing ","Rockland — Maine-based nonprofit WindowDressers coordinates community volunteers to build affordable, re-usable, interior insulating window inserts that tighten up existing 1-6/9"" sash windows, reducing heat loss and energy bills.
Community volunteers build the inserts, designed by a local engineer, from recycled materials at local workshops. The inserts, called ""draft-stoppers,"" can save homeowners 10-30% on energy costs. WindowDressers has helped hundreds of families in Maine and will expand to other locations.
The organization's goal is to provide a simple, affordable and effective solution to address energy efficiency issues, and to engage and empower local communities to take action on this issue. For more information, visit windowdressers.org. (Photo courtesy of WindowDressers)","1-6/9"" sash windows, reducing heat loss and energy bills.
Community volunteers build the inserts, designed by a local engineer, from recycled materials at local workshops. The inserts, called ""draft-stoppers,"" can save homeowners 10-30% on energy costs. WindowDressers has helped hundreds of families in Maine and will expand to other locations.
The organization's goal is to provide a simple, affordable and effective solution to address energy efficiency issues, and to engage and empower local communities to take action on this issue. For more information, visit windowdressers.org. (Photo courtesy of WindowDressers)","{""do_sample"": true, ""temperature"": 1.0, ""top_p"": 0.95, ""top_k"": 50, ""repetition_penalty"": 1.0, ""max_new_tokens"": 128}"
bytekgwV6,1.0,1,1343,109,109,"The Volstead Act was repealed on this date in 1933, returning control of alcohol to the states, and it was ","The Volstead Act was repealed on this date in 1933, returning control of alcohol to the states, and it was 15 years before the United States would see a national alcohol prohibition again, this time with the repeal of the 18th Amendment, followed by the 21st Amendment, which made the ban legal. Source: Prohibition was repealed on December 5, 1933, with the ratification of the 21st Amendment to the U.S. Constitution. In the United States, the 21st Amendment, also known as the ""Repeal Amendment,"" was ratified on December 5, 1933, making it the 21st amendment to the United States Constitution. This amendment repealed the 18th Amendment, which had","15 years before the United States would see a national alcohol prohibition again, this time with the repeal of the 18th Amendment, followed by the 21st Amendment, which made the ban legal. Source: Prohibition was repealed on December 5, 1933, with the ratification of the 21st Amendment to the U.S. Constitution. In the United States, the 21st Amendment, also known as the ""Repeal Amendment,"" was ratified on December 5, 1933, making it the 21st amendment to the United States Constitution. This amendment repealed the 18th Amendment, which had","{""do_sample"": true, ""temperature"": 1.0, ""top_p"": 0.95, ""top_k"": 50, ""repetition_penalty"": 1.0, ""max_new_tokens"": 128}"
bytekgwV6,1.0,1,1345,111,111,"Ronny Deila blamed a rutted, ploughed Hampden pitch for his side's failure to inflict League Cup embarrassment upon Rangers. Denying ","Ronny Deila blamed a rutted, ploughed Hampden pitch for his side's failure to inflict League Cup embarrassment upon Rangers. Denying 10-man Celtic were deserving winners, Deila claimed the surface made it difficult for his team to play their best football, while also questioning the referee's decisions.
It was the Norwegian's first defeat in the League Cup with Celtic, and he was left fuming by the performance and the conditions. ""I'm very disappointed with the way we played,"" Deila said. ""The pitch was very, very bad. It was a lot of effort just to get the ball on the ground, and we couldn't play our game. It was very difficult for us to play our normal football.
""I don't think we deserved to win the game","10-man Celtic were deserving winners, Deila claimed the surface made it difficult for his team to play their best football, while also questioning the referee's decisions.
It was the Norwegian's first defeat in the League Cup with Celtic, and he was left fuming by the performance and the conditions. ""I'm very disappointed with the way we played,"" Deila said. ""The pitch was very, very bad. It was a lot of effort just to get the ball on the ground, and we couldn't play our game. It was very difficult for us to play our normal football.
""I don't think we deserved to win the game","{""do_sample"": true, ""temperature"": 1.0, ""top_p"": 0.95, ""top_k"": 50, ""repetition_penalty"": 1.0, ""max_new_tokens"": 128}"
bytekgwV6,1.0,1,1347,113,113,Why do CEOs need extravagant perks even when they are firing staff and pleading for taxpayer bailouts? It may just ,"Why do CEOs need extravagant perks even when they are firing staff and pleading for taxpayer bailouts? It may just  be a symptom of a wider problem.
Why do CEOs need extravagant perks even when they are firing staff and pleading for taxpayer bailouts? It may just be a symptom of a wider problem.
It seems that when companies are struggling financially, CEOs need more and more luxuries to cope with the pressure. This is a symptom of a broader issue: the prioritization of shareholder profits over people and the planet.
The corporate model has created an environment where CEOs are incentivized to maximize profits, often at the expense of workers, the environment, and the broader public good. It's a system that rewards short-term gains over long-term sustainability,"," be a symptom of a wider problem.
Why do CEOs need extravagant perks even when they are firing staff and pleading for taxpayer bailouts? It may just be a symptom of a wider problem.
It seems that when companies are struggling financially, CEOs need more and more luxuries to cope with the pressure. This is a symptom of a broader issue: the prioritization of shareholder profits over people and the planet.
The corporate model has created an environment where CEOs are incentivized to maximize profits, often at the expense of workers, the environment, and the broader public good. It's a system that rewards short-term gains over long-term sustainability,","{""do_sample"": true, ""temperature"": 1.0, ""top_p"": 0.95, ""top_k"": 50, ""repetition_penalty"": 1.0, ""max_new_tokens"": 128}"
bytekgwV6,1.0,1,1349,115,115,Northeastern International Airways suspended service on all but one of its routes after an unsuccessful attempt to attract passengers with ,"Northeastern International Airways suspended service on all but one of its routes after an unsuccessful attempt to attract passengers with 5-cent fares.
The Miami-based airline had been struggling to fill its planes and had announced the 5-cent fare promotion to attract customers. However, the deal was heavily subsidized by the airline, and the low fares did not generate the expected number of passengers.
As a result, the airline has suspended service on several routes, including flights from Miami to Nassau, the Bahamas, and St. Petersburg, Fla. However, the airline will continue to operate flights from Miami to Tampa, Fla.
Northeastern International Airways had been operating for about two years and had been facing increased competition from other airlines. The airline's CEO has said that","5-cent fares.
The Miami-based airline had been struggling to fill its planes and had announced the 5-cent fare promotion to attract customers. However, the deal was heavily subsidized by the airline, and the low fares did not generate the expected number of passengers.
As a result, the airline has suspended service on several routes, including flights from Miami to Nassau, the Bahamas, and St. Petersburg, Fla. However, the airline will continue to operate flights from Miami to Tampa, Fla.
Northeastern International Airways had been operating for about two years and had been facing increased competition from other airlines. The airline's CEO has said that","{""do_sample"": true, ""temperature"": 1.0, ""top_p"": 0.95, ""top_k"": 50, ""repetition_penalty"": 1.0, ""max_new_tokens"": 128}"
bytekgwV6,1.0,1,1351,117,117,"DAVIDSON, N.C., Jan. 10, 2019 /PRNewswire/ -- Rocus Networks, a managed cybersecurity service provider for business, announced today that it ","DAVIDSON, N.C., Jan. 10, 2019 /PRNewswire/ -- Rocus Networks, a managed cybersecurity service provider for business, announced today that it  has been selected as a Top 10 Finalist for the 2019 Cybersecurity Excellence Awards in the category of ""Managed Security Services Provider."" The Cybersecurity Excellence Awards are an annual awards program that recognizes the world's leading cybersecurity companies and solutions.
""We are thrilled to be named a Top 10 Finalist for the 2019 Cybersecurity Excellence Awards,"" said James R. Krouse, CEO of Rocus Networks. ""Our team is dedicated to providing comprehensive managed cybersecurity services that help businesses protect their most valuable assets - their data and their customers' trust. We believe that this recognition is a testament to our commitment to excellence and"," has been selected as a Top 10 Finalist for the 2019 Cybersecurity Excellence Awards in the category of ""Managed Security Services Provider."" The Cybersecurity Excellence Awards are an annual awards program that recognizes the world's leading cybersecurity companies and solutions.
""We are thrilled to be named a Top 10 Finalist for the 2019 Cybersecurity Excellence Awards,"" said James R. Krouse, CEO of Rocus Networks. ""Our team is dedicated to providing comprehensive managed cybersecurity services that help businesses protect their most valuable assets - their data and their customers' trust. We believe that this recognition is a testament to our commitment to excellence and","{""do_sample"": true, ""temperature"": 1.0, ""top_p"": 0.95, ""top_k"": 50, ""repetition_penalty"": 1.0, ""max_new_tokens"": 128}"
bytekgwV6,1.0,1,1353,119,119,McDonald’s jumped 5.3 percent after the world’s biggest fast-food chain by revenue topped analysts’ forecasts for profit and sales. Shares ,"McDonald’s jumped 5.3 percent after the world’s biggest fast-food chain by revenue topped analysts’ forecasts for profit and sales. Shares 2022, 2023, and 2025.
The Q4 earnings results exceeded market predictions for the company, driven by strong sales and cost-cutting efforts. The improved sales were attributed to a combination of factors including menu item innovations, targeted marketing efforts, and ongoing menu optimization.
The Q4 revenue came in at $5.6 billion, beating the forecast of $5.5 billion, while the net income jumped 14% to $2.6 billion, exceeding the estimated $2.5 billion. In comparison to the same period last year, the net income rose 6% year-over-year.

McDonald's","2022, 2023, and 2025.
The Q4 earnings results exceeded market predictions for the company, driven by strong sales and cost-cutting efforts. The improved sales were attributed to a combination of factors including menu item innovations, targeted marketing efforts, and ongoing menu optimization.
The Q4 revenue came in at $5.6 billion, beating the forecast of $5.5 billion, while the net income jumped 14% to $2.6 billion, exceeding the estimated $2.5 billion. In comparison to the same period last year, the net income rose 6% year-over-year.

McDonald's","{""do_sample"": true, ""temperature"": 1.0, ""top_p"": 0.95, ""top_k"": 50, ""repetition_penalty"": 1.0, ""max_new_tokens"": 128}"
bytekgwV6,1.0,1,1355,121,121,Hull - Where the US goes the UK often follows. This is especially true of negatives. If the US has ,"Hull - Where the US goes the UK often follows. This is especially true of negatives. If the US has 2 million vacant homes, then the UK should expect around 300,000 to 400,000 vacant homes.
In the 1980s and 1990s, the UK had a housing boom that led to a glut of new homes. This, combined with a shift in demographics and societal changes, has led to a rise in vacant homes.
According to a study by the University of Stirling, the UK's vacant homes problem is particularly pronounced in older, more affluent areas. The study found that 1 in 10 homes in areas like Cheshire and Cumbria are vacant.
The main causes of vacant homes are:
","2 million vacant homes, then the UK should expect around 300,000 to 400,000 vacant homes.
In the 1980s and 1990s, the UK had a housing boom that led to a glut of new homes. This, combined with a shift in demographics and societal changes, has led to a rise in vacant homes.
According to a study by the University of Stirling, the UK's vacant homes problem is particularly pronounced in older, more affluent areas. The study found that 1 in 10 homes in areas like Cheshire and Cumbria are vacant.
The main causes of vacant homes are:
","{""do_sample"": true, ""temperature"": 1.0, ""top_p"": 0.95, ""top_k"": 50, ""repetition_penalty"": 1.0, ""max_new_tokens"": 128}"
bytekgwV6,1.0,1,1357,123,123,"GRANT COUNTY, N.M. - ""Everywhere I go, the kids call me the book lady,"" Dolly Parton said. She may be ","GRANT COUNTY, N.M. - ""Everywhere I go, the kids call me the book lady,"" Dolly Parton said. She may be 71 years old, but the Queen of Country still has a way with people. Especially the young people in this rural New Mexico town, where she's dedicated to improving literacy and giving back to her childhood home. Parton's Imagination Library has been distributing free books to local kids for 12 years, and has grown to serve over 200,000 children in four states, including New Mexico, Tennessee, North Carolina and Sevier County, Tenn. In Grant County, she's given away over 1 million books. ""Dolly's Imagination Library has made a huge impact on our community,"" said Grant County Manager, Tom Johnson","71 years old, but the Queen of Country still has a way with people. Especially the young people in this rural New Mexico town, where she's dedicated to improving literacy and giving back to her childhood home. Parton's Imagination Library has been distributing free books to local kids for 12 years, and has grown to serve over 200,000 children in four states, including New Mexico, Tennessee, North Carolina and Sevier County, Tenn. In Grant County, she's given away over 1 million books. ""Dolly's Imagination Library has made a huge impact on our community,"" said Grant County Manager, Tom Johnson","{""do_sample"": true, ""temperature"": 1.0, ""top_p"": 0.95, ""top_k"": 50, ""repetition_penalty"": 1.0, ""max_new_tokens"": 128}"
bytekgwV6,1.0,1,1359,125,125,"While many restaurants in New York City have close relationships with farmers, and boast unimpeachable farm-to-table ethics, far fewer have ","While many restaurants in New York City have close relationships with farmers, and boast unimpeachable farm-to-table ethics, far fewer have 500 acres of their own farmland, right in the city. But then, we're not talking about just any restaurant – we're talking about Blue Hill at Stone Barns, the celebrated eatery run by chef Dan Barber and James Petrini at the Stone Barns Center for Food and Agriculture.
Since 2004, Blue Hill at Stone Barns has been offering diners a taste of the farm's bounty, with a menu that changes frequently based on what's in season. The result is a restaurant that's equal parts farm, kitchen, and table – a true celebration of the cycle of life and the pleasures of the table.
","500 acres of their own farmland, right in the city. But then, we're not talking about just any restaurant – we're talking about Blue Hill at Stone Barns, the celebrated eatery run by chef Dan Barber and James Petrini at the Stone Barns Center for Food and Agriculture.
Since 2004, Blue Hill at Stone Barns has been offering diners a taste of the farm's bounty, with a menu that changes frequently based on what's in season. The result is a restaurant that's equal parts farm, kitchen, and table – a true celebration of the cycle of life and the pleasures of the table.
","{""do_sample"": true, ""temperature"": 1.0, ""top_p"": 0.95, ""top_k"": 50, ""repetition_penalty"": 1.0, ""max_new_tokens"": 128}"
bytekgwV6,1.0,1,1361,127,127,T-Mobile has just rolled out a service called HotSpot @Homethat allows you to use a WiFi-enabled cell phone to make ,"T-Mobile has just rolled out a service called HotSpot @Homethat allows you to use a WiFi-enabled cell phone to make 3G calls on your home network. The service is available to T-Mobile customers with a 3G-enabled phone and a qualifying rate plan.
Here's how it works: with HotSpot @Home, you'll need to use a 3G-enabled phone with a WiFi adapter, such as the T-Mobile Dash 3G or the Nokia E71. Once you've got the adapter plugged in and your phone connected to your home network, you can make and receive calls just like you would with a traditional landline. You'll also be able to send and receive texts, and use your phone's other features like email and the web","3G calls on your home network. The service is available to T-Mobile customers with a 3G-enabled phone and a qualifying rate plan.
Here's how it works: with HotSpot @Home, you'll need to use a 3G-enabled phone with a WiFi adapter, such as the T-Mobile Dash 3G or the Nokia E71. Once you've got the adapter plugged in and your phone connected to your home network, you can make and receive calls just like you would with a traditional landline. You'll also be able to send and receive texts, and use your phone's other features like email and the web","{""do_sample"": true, ""temperature"": 1.0, ""top_p"": 0.95, ""top_k"": 50, ""repetition_penalty"": 1.0, ""max_new_tokens"": 128}"
bytekgwV6,1.0,1,1363,129,129,"""Oh, you are stuck on homework problem number 13? I found a solution on YouTube. That helped a lot. Just ","""Oh, you are stuck on homework problem number 13? I found a solution on YouTube. That helped a lot. Just 15 minutes of viewing and the problem was...
Added by Prasanna Kumar on July 31, 2018 at 12:29pm — 1 Comment
Added by Prasanna Kumar on July 31, 2018 at 12:21pm — 2 Comments
The Importance of Having a Good Night's Sleep for Students
Sleep is essential for the overall health and well-being of individuals, including students. When students get a good night's sleep, they can perform better academically, have better concentration, and are more likely to be successful in their studies. In this blog post, we'll discuss the","15 minutes of viewing and the problem was...
Added by Prasanna Kumar on July 31, 2018 at 12:29pm — 1 Comment
Added by Prasanna Kumar on July 31, 2018 at 12:21pm — 2 Comments
The Importance of Having a Good Night's Sleep for Students
Sleep is essential for the overall health and well-being of individuals, including students. When students get a good night's sleep, they can perform better academically, have better concentration, and are more likely to be successful in their studies. In this blog post, we'll discuss the","{""do_sample"": true, ""temperature"": 1.0, ""top_p"": 0.95, ""top_k"": 50, ""repetition_penalty"": 1.0, ""max_new_tokens"": 128}"
bytekgwV6,1.0,1,1365,131,131,Up to an inch of snow is likely on the Eastern Shore and up into Sussex County Friday afternoon. Below-freezing ,"Up to an inch of snow is likely on the Eastern Shore and up into Sussex County Friday afternoon. Below-freezing  temperatures overnight will leave some areas with icy patches. ( Delaware State Police)
Up to an inch of snow is likely on the Eastern Shore and up into Sussex County Friday afternoon. Below-freezing temperatures overnight will leave some areas with icy patches. ( Delaware State Police)
WILMINGTON, Delaware - A winter weather advisory has been issued by the National Weather Service for the Eastern Shore and southern Sussex County for a chance of snow and freezing temperatures.
The advisory will go into effect at 3 p.m. Friday and last until 9 a.m. Saturday.
According to the weather service, up to an inch of snow is expected to fall"," temperatures overnight will leave some areas with icy patches. ( Delaware State Police)
Up to an inch of snow is likely on the Eastern Shore and up into Sussex County Friday afternoon. Below-freezing temperatures overnight will leave some areas with icy patches. ( Delaware State Police)
WILMINGTON, Delaware - A winter weather advisory has been issued by the National Weather Service for the Eastern Shore and southern Sussex County for a chance of snow and freezing temperatures.
The advisory will go into effect at 3 p.m. Friday and last until 9 a.m. Saturday.
According to the weather service, up to an inch of snow is expected to fall","{""do_sample"": true, ""temperature"": 1.0, ""top_p"": 0.95, ""top_k"": 50, ""repetition_penalty"": 1.0, ""max_new_tokens"": 128}"
bytekgwV6,1.0,1,1367,133,133,"It’s dense, interesting, weird and funny, but what it’s all wrapped around is another “Chosen One” story that really feels ","It’s dense, interesting, weird and funny, but what it’s all wrapped around is another “Chosen One” story that really feels 100 years old and done to death.
I don’t think it’s possible for someone to not have read a fantasy novel with a Chosen One character. It’s been done so many times and in so many ways that it can feel formulaic and predictable. That’s what makes Leigh Bardugo’s Six of Crows such a breath of fresh air. Sure, there are some similarities, but Bardugo has really managed to put her own spin on the genre and create a character in Kaz Brekker who is both familiar and unexpected.

Kaz is a master thief, a.k.a. the Wraith, and he’s the one who","100 years old and done to death.
I don’t think it’s possible for someone to not have read a fantasy novel with a Chosen One character. It’s been done so many times and in so many ways that it can feel formulaic and predictable. That’s what makes Leigh Bardugo’s Six of Crows such a breath of fresh air. Sure, there are some similarities, but Bardugo has really managed to put her own spin on the genre and create a character in Kaz Brekker who is both familiar and unexpected.

Kaz is a master thief, a.k.a. the Wraith, and he’s the one who","{""do_sample"": true, ""temperature"": 1.0, ""top_p"": 0.95, ""top_k"": 50, ""repetition_penalty"": 1.0, ""max_new_tokens"": 128}"
bytekgwV6,1.0,1,1369,135,135,"Maddie Hinch and her England team-mates should be proud of their Hockey Women’s World Cup exploits, according to their head ","Maddie Hinch and her England team-mates should be proud of their Hockey Women’s World Cup exploits, according to their head  coach Mark Hager.
Hinch, widely regarded as one of the best goalkeepers in the world, played a starring role as England finished ninth in the 12-team tournament in London.
While they suffered a disappointing 4-0 defeat to Australia in the quarter-finals, their campaign was marked by some impressive performances, including victories over South Africa and Chile.
Hager praised his team’s efforts, saying: “We should be very proud of what we have achieved here. We set out to be competitive and we were, and we also showed some really good hockey.
“Of course, we didn’t get the outcome we wanted"," coach Mark Hager.
Hinch, widely regarded as one of the best goalkeepers in the world, played a starring role as England finished ninth in the 12-team tournament in London.
While they suffered a disappointing 4-0 defeat to Australia in the quarter-finals, their campaign was marked by some impressive performances, including victories over South Africa and Chile.
Hager praised his team’s efforts, saying: “We should be very proud of what we have achieved here. We set out to be competitive and we were, and we also showed some really good hockey.
“Of course, we didn’t get the outcome we wanted","{""do_sample"": true, ""temperature"": 1.0, ""top_p"": 0.95, ""top_k"": 50, ""repetition_penalty"": 1.0, ""max_new_tokens"": 128}"
bytekgwV6,1.0,1,1371,137,137,"Anna C. Christensen has been a supporter of family planning since high school, when she stuffed envelopes as a volunteer ","Anna C. Christensen has been a supporter of family planning since high school, when she stuffed envelopes as a volunteer 4-H representative for Planned Parenthood. Today, as the executive director of the National Coalition of STD Directors (NCSD), she continues to advocate for the rights and health of women and families.
Christensen has spent more than 20 years working in the public health sector, primarily focused on sexually transmitted disease (STD) prevention and management. She earned a Master of Public Health degree from the University of California, Berkeley and has held various positions at local, state, and national levels, including as a county public health director in California.
As NCSD's executive director, Christensen works to promote STD prevention, improve testing and treatment services, and","4-H representative for Planned Parenthood. Today, as the executive director of the National Coalition of STD Directors (NCSD), she continues to advocate for the rights and health of women and families.
Christensen has spent more than 20 years working in the public health sector, primarily focused on sexually transmitted disease (STD) prevention and management. She earned a Master of Public Health degree from the University of California, Berkeley and has held various positions at local, state, and national levels, including as a county public health director in California.
As NCSD's executive director, Christensen works to promote STD prevention, improve testing and treatment services, and","{""do_sample"": true, ""temperature"": 1.0, ""top_p"": 0.95, ""top_k"": 50, ""repetition_penalty"": 1.0, ""max_new_tokens"": 128}"
bytekgwV6,1.0,1,1373,139,139,Jesse Winker will undergo season-ending shoulder surgery. He was batting .299 this year with 7 homers and 43 RBI. Throughout ,"Jesse Winker will undergo season-ending shoulder surgery. He was batting.299 this year with 7 homers and 43 RBI. Throughout 2022, he’s been one of the most consistent players on the team.
Jesse Winker is expected to undergo season-ending surgery on his right shoulder, sources confirm. Winker, who has been a consistent force for the Reds this season, has batted.299 with 7 homers and 43 RBI.
The Cincinnati Reds announced that Jesse Winker will have season-ending surgery on his right shoulder after an examination revealed the extent of the injury.
Winker, who has been a key player for the Reds this year, is expected to undergo surgery next week and then spend the next 4-6 months rehabilitating the injury.
","2022, he’s been one of the most consistent players on the team.
Jesse Winker is expected to undergo season-ending surgery on his right shoulder, sources confirm. Winker, who has been a consistent force for the Reds this season, has batted.299 with 7 homers and 43 RBI.
The Cincinnati Reds announced that Jesse Winker will have season-ending surgery on his right shoulder after an examination revealed the extent of the injury.
Winker, who has been a key player for the Reds this year, is expected to undergo surgery next week and then spend the next 4-6 months rehabilitating the injury.
","{""do_sample"": true, ""temperature"": 1.0, ""top_p"": 0.95, ""top_k"": 50, ""repetition_penalty"": 1.0, ""max_new_tokens"": 128}"
bytekgwV6,1.0,1,1375,141,141,Combined company will make Chevron second-largest petroleum producer in the world. The combined company will remain far behind Exxon Mobil ,"Combined company will make Chevron second-largest petroleum producer in the world. The combined company will remain far behind Exxon Mobil 3rd in the ranking of the world's largest companies.
Chevron Corp. on Friday agreed to acquire Anadarko Petroleum Corp. in a deal valued at $33 billion, creating the second-largest petroleum producer in the world.
Chevron will acquire all of Anadarko's outstanding shares for $65 per share, a 39% premium over the stock's closing price on Thursday, the companies said.
The acquisition adds Anadarko's significant assets in the Permian Basin in Texas and New Mexico to Chevron's existing operations in the region, and also expands Chevron's presence in liquefied natural gas (LNG","3rd in the ranking of the world's largest companies.
Chevron Corp. on Friday agreed to acquire Anadarko Petroleum Corp. in a deal valued at $33 billion, creating the second-largest petroleum producer in the world.
Chevron will acquire all of Anadarko's outstanding shares for $65 per share, a 39% premium over the stock's closing price on Thursday, the companies said.
The acquisition adds Anadarko's significant assets in the Permian Basin in Texas and New Mexico to Chevron's existing operations in the region, and also expands Chevron's presence in liquefied natural gas (LNG","{""do_sample"": true, ""temperature"": 1.0, ""top_p"": 0.95, ""top_k"": 50, ""repetition_penalty"": 1.0, ""max_new_tokens"": 128}"
bytekgwV6,1.0,1,1377,143,143,"YOKOHAMA, Japan – Nissan Motor Co. announced it has licensed its Around View Monitor and Moving Object Detection technology, jointly ","YOKOHAMA, Japan – Nissan Motor Co. announced it has licensed its Around View Monitor and Moving Object Detection technology, jointly  developed with Japan-based Omron Corp., to various manufacturers for use in their vehicles.
Around View Monitor provides a 360-degree view of the vehicle's surroundings using cameras mounted on the front, rear and sides of the vehicle, enhancing the driver's visibility and reducing the risk of accidents. Moving Object Detection, on the other hand, uses radar sensors and cameras to detect moving objects around the vehicle and alert the driver of potential hazards.
The technology is available on select Nissan models, including the Altima, Maxima and Murano. By licensing the technology, other manufacturers can integrate it into their vehicles, potentially reducing the risk of accidents and improving"," developed with Japan-based Omron Corp., to various manufacturers for use in their vehicles.
Around View Monitor provides a 360-degree view of the vehicle's surroundings using cameras mounted on the front, rear and sides of the vehicle, enhancing the driver's visibility and reducing the risk of accidents. Moving Object Detection, on the other hand, uses radar sensors and cameras to detect moving objects around the vehicle and alert the driver of potential hazards.
The technology is available on select Nissan models, including the Altima, Maxima and Murano. By licensing the technology, other manufacturers can integrate it into their vehicles, potentially reducing the risk of accidents and improving","{""do_sample"": true, ""temperature"": 1.0, ""top_p"": 0.95, ""top_k"": 50, ""repetition_penalty"": 1.0, ""max_new_tokens"": 128}"
bytekgwV6,1.0,1,1379,145,145,A concrete slab and 10-foot high block walls with exposed rebar sit behind a chain link fence as an ugly ,"A concrete slab and 10-foot high block walls with exposed rebar sit behind a chain link fence as an ugly 15,000 square-foot structure on 25 acres of land. No sign or indication of what this building was used for, except for the occasional scrap metal and discarded construction materials scattered about. Location is about 30 miles east of downtown Los Angeles. [Update: I was told that this was an old animal rendering plant.]... View more
Keywords: abandoned, architecture, brutalism, california, concrete, exposed rebar, industrial, la county, los angeles, render plant, ruin, structure, urban decay, warehouse
A concrete slab and 10-foot high block walls with exposed rebar sit behind a chain link fence as","15,000 square-foot structure on 25 acres of land. No sign or indication of what this building was used for, except for the occasional scrap metal and discarded construction materials scattered about. Location is about 30 miles east of downtown Los Angeles. [Update: I was told that this was an old animal rendering plant.]... View more
Keywords: abandoned, architecture, brutalism, california, concrete, exposed rebar, industrial, la county, los angeles, render plant, ruin, structure, urban decay, warehouse
A concrete slab and 10-foot high block walls with exposed rebar sit behind a chain link fence as","{""do_sample"": true, ""temperature"": 1.0, ""top_p"": 0.95, ""top_k"": 50, ""repetition_penalty"": 1.0, ""max_new_tokens"": 128}"
bytekgwV6,1.0,1,1381,147,147,It may be noted that Air India's was the only service that plied between Madurai and Mumbai. Some passengers pointed ,"It may be noted that Air India's was the only service that plied between Madurai and Mumbai. Some passengers pointed outhat it was a significant inconvenience and a burden on their pocket as they had to pay a high ticket fare for the shorter distance.
Madurai, Oct 30: Air India has decided to discontinue its air services between Madurai and Mumbai, effective November 8. The move has been met with disappointment from the passengers and the aviation fraternity in the city.
In a statement, Air India said that the decision was taken due to operational and commercial constraints. The airline operates a daily service on the route with a Boeing 737 aircraft, and the decision to discontinue services was taken after considering the operational viability of the route.
It may","outhat it was a significant inconvenience and a burden on their pocket as they had to pay a high ticket fare for the shorter distance.
Madurai, Oct 30: Air India has decided to discontinue its air services between Madurai and Mumbai, effective November 8. The move has been met with disappointment from the passengers and the aviation fraternity in the city.
In a statement, Air India said that the decision was taken due to operational and commercial constraints. The airline operates a daily service on the route with a Boeing 737 aircraft, and the decision to discontinue services was taken after considering the operational viability of the route.
It may","{""do_sample"": true, ""temperature"": 1.0, ""top_p"": 0.95, ""top_k"": 50, ""repetition_penalty"": 1.0, ""max_new_tokens"": 128}"
bytekgwV6,1.0,1,1383,149,149,"Initiated by Joint Chiefs of Staff Chairman General Nathan Twining and Chief of Naval Operations Admiral Arleigh Burke, and then ","Initiated by Joint Chiefs of Staff Chairman General Nathan Twining and Chief of Naval Operations Admiral Arleigh Burke, and then 4 years and 8 months in the making, the USS Enterprise CVN-65 officially joined the United States Navy on September 25, 1961. This aircraft carrier was the first nuclear-powered aircraft carrier in the world and served for 51 years, including combat operations in Vietnam, the Gulf War, and other conflicts.
Built by Newport News Shipbuilding & Dry Dock Company, the USS Enterprise took a long and arduous journey to completion, faced numerous delays, and underwent significant changes along the way. Its unique features included a nuclear reactor, providing 280,000 horsepower and allowing for speed of up to 30 knots (","4 years and 8 months in the making, the USS Enterprise CVN-65 officially joined the United States Navy on September 25, 1961. This aircraft carrier was the first nuclear-powered aircraft carrier in the world and served for 51 years, including combat operations in Vietnam, the Gulf War, and other conflicts.
Built by Newport News Shipbuilding & Dry Dock Company, the USS Enterprise took a long and arduous journey to completion, faced numerous delays, and underwent significant changes along the way. Its unique features included a nuclear reactor, providing 280,000 horsepower and allowing for speed of up to 30 knots (","{""do_sample"": true, ""temperature"": 1.0, ""top_p"": 0.95, ""top_k"": 50, ""repetition_penalty"": 1.0, ""max_new_tokens"": 128}"
bytekgwV6,1.0,1,1385,151,151,"DAVENPORT - Don Skipper, an administrative assistant at Ridge Community High School, was named the school's head boys basketball coach ","DAVENPORT - Don Skipper, an administrative assistant at Ridge Community High School, was named the school's head boys basketball coach 12 years ago. Since then, he has led the Bolts to five district championships and two regional titles.
Skipper, who will retire at the end of the 2012-13 school year, said he is ""blessed"" to have had the opportunity to coach and make a positive impact on the lives of his players.
""This has been an incredible journey,"" Skipper said. ""I've had the chance to coach some amazing players and help them grow into fine young men. It's been a real privilege.""
Under Skipper's guidance, the Ridge Community boys basketball team has consistently been one of the top programs in Pol","12 years ago. Since then, he has led the Bolts to five district championships and two regional titles.
Skipper, who will retire at the end of the 2012-13 school year, said he is ""blessed"" to have had the opportunity to coach and make a positive impact on the lives of his players.
""This has been an incredible journey,"" Skipper said. ""I've had the chance to coach some amazing players and help them grow into fine young men. It's been a real privilege.""
Under Skipper's guidance, the Ridge Community boys basketball team has consistently been one of the top programs in Pol","{""do_sample"": true, ""temperature"": 1.0, ""top_p"": 0.95, ""top_k"": 50, ""repetition_penalty"": 1.0, ""max_new_tokens"": 128}"
bytekgwV6,1.0,1,1387,153,153,Still image of Lisa Sharon Harper from YouTube. Pastors and lay leaders who represent minority and multiethnic communities and are ,"Still image of Lisa Sharon Harper from YouTube. Pastors and lay leaders who represent minority and multiethnic communities and are 21st-century social media savvy are often the ones who are leading the charge.
The current social justice landscape is complex, multifaceted, and evolving, and it is critical to recognize that leadership and influence within these movements are not limited to traditional figures or institutions. Instead, a new generation of leaders and influencers has emerged, harnessing the power of social media and their unique voices to shape the narrative and mobilize action.
Among these leaders are individuals who have grown up with social media as an integral part of their lives and are adept at leveraging various platforms to amplify their message, build movements, and engage with diverse audiences. Here are a","21st-century social media savvy are often the ones who are leading the charge.
The current social justice landscape is complex, multifaceted, and evolving, and it is critical to recognize that leadership and influence within these movements are not limited to traditional figures or institutions. Instead, a new generation of leaders and influencers has emerged, harnessing the power of social media and their unique voices to shape the narrative and mobilize action.
Among these leaders are individuals who have grown up with social media as an integral part of their lives and are adept at leveraging various platforms to amplify their message, build movements, and engage with diverse audiences. Here are a","{""do_sample"": true, ""temperature"": 1.0, ""top_p"": 0.95, ""top_k"": 50, ""repetition_penalty"": 1.0, ""max_new_tokens"": 128}"
bytekgwV6,1.0,1,1389,155,155,"It’s amazing what a difference time can make in the way we perceive certain technologies. A few years ago, the ","It’s amazing what a difference time can make in the way we perceive certain technologies. A few years ago, the 3D printer was seen as a futuristic tool for prototyping, but nowadays, it’s become a common tool for makers and hobbyists alike.
With that in mind, the 3D printing industry has seen a lot of growth, and it’s expected to continue to grow in the years to come. According to a report from Grand View Research, the global 3D printing market size is expected to reach USD 23.8 billion by 2025, expanding at a CAGR of 18.2% during the forecast period.
That being said, the 3D printing market is still relatively niche, and there are a","3D printer was seen as a futuristic tool for prototyping, but nowadays, it’s become a common tool for makers and hobbyists alike.
With that in mind, the 3D printing industry has seen a lot of growth, and it’s expected to continue to grow in the years to come. According to a report from Grand View Research, the global 3D printing market size is expected to reach USD 23.8 billion by 2025, expanding at a CAGR of 18.2% during the forecast period.
That being said, the 3D printing market is still relatively niche, and there are a","{""do_sample"": true, ""temperature"": 1.0, ""top_p"": 0.95, ""top_k"": 50, ""repetition_penalty"": 1.0, ""max_new_tokens"": 128}"
bytekgwV6,1.0,1,1391,157,157,"Boston Marathon Bombing Suspect Enters Not Guilty Pleas In 1st Public Court HearingFor the first plea, Dzhokhar Tsarnaev leaned toward ","Boston Marathon Bombing Suspect Enters Not Guilty Pleas In 1st Public Court HearingFor the first plea, Dzhokhar Tsarnaev leaned toward  the judge in his seat, his eyes closed. For the second, he nodded slightly, his eyes open, as the judge read the charges.
Boston Marathon Bombing Suspect's Lawyer: Trial Will Focus On Suspect's Age, MaturityAt a hearing Monday, Tsarnaev's lawyer, Judy Clarke, argued that the jury should consider the suspect's age and maturity when deciding whether he was capable of knowing right from wrong.
Boston Marathon Bombing Suspect's Lawyer Says He May Seek Plea BargainDzhokhar Tsarnaev's lawyer indicated Friday that she may seek a plea bargain, saying it's possible to find"," the judge in his seat, his eyes closed. For the second, he nodded slightly, his eyes open, as the judge read the charges.
Boston Marathon Bombing Suspect's Lawyer: Trial Will Focus On Suspect's Age, MaturityAt a hearing Monday, Tsarnaev's lawyer, Judy Clarke, argued that the jury should consider the suspect's age and maturity when deciding whether he was capable of knowing right from wrong.
Boston Marathon Bombing Suspect's Lawyer Says He May Seek Plea BargainDzhokhar Tsarnaev's lawyer indicated Friday that she may seek a plea bargain, saying it's possible to find","{""do_sample"": true, ""temperature"": 1.0, ""top_p"": 0.95, ""top_k"": 50, ""repetition_penalty"": 1.0, ""max_new_tokens"": 128}"
bytekgwV6,1.0,1,1393,159,159,"Chee Wei Wong, professor of electrical and computer engineering in the UCLA Samueli School of Engineering, was named a fellow ","Chee Wei Wong, professor of electrical and computer engineering in the UCLA Samueli School of Engineering, was named a fellow  of the Institute of Electrical and Electronics Engineers (IEEE) for his contributions to the field of microwave and millimeter-wave engineering.
Wong was recognized for his work on the design and development of novel microwave and millimeter-wave devices, including filters, couplers, and antennas, as well as his research on microwave and millimeter-wave imaging and sensing techniques.
The IEEE is the world’s largest and most prestigious technical professional organization for electrical and electronics engineers. IEEE Fellows are selected for their exceptional contributions to the field, and fewer than 1% of the organization’s members are named fellows each year.
Wong is also a professor of electrical"," of the Institute of Electrical and Electronics Engineers (IEEE) for his contributions to the field of microwave and millimeter-wave engineering.
Wong was recognized for his work on the design and development of novel microwave and millimeter-wave devices, including filters, couplers, and antennas, as well as his research on microwave and millimeter-wave imaging and sensing techniques.
The IEEE is the world’s largest and most prestigious technical professional organization for electrical and electronics engineers. IEEE Fellows are selected for their exceptional contributions to the field, and fewer than 1% of the organization’s members are named fellows each year.
Wong is also a professor of electrical","{""do_sample"": true, ""temperature"": 1.0, ""top_p"": 0.95, ""top_k"": 50, ""repetition_penalty"": 1.0, ""max_new_tokens"": 128}"
bytekgwV6,1.0,1,1395,161,161,Viewers will not want to miss Friday’s episode of General Hospital. Spoilers tease that everybody will see lots of juicy ,"Viewers will not want to miss Friday’s episode of General Hospital. Spoilers tease that everybody will see lots of juicy  action, with new developments in the mystery surrounding Julian Jerome, and the consequences of Sonny Corinthos and Jason Morgan’s investigation.
The latest updates from Soap Opera Digest suggest that Valentin Cassadine will take things into his own hands, trying to uncover the truth about Julian’s possible return. Meanwhile, Sonny and Jason’s investigation will lead them to some surprising clues that will throw everything they thought they knew into question.
The episode will also feature a dramatic confrontation between Carly Corinthos and Ava Jerome, as the two women come face-to-face over their complicated histories and mutual animosity towards each other.
In other General Hospital spoilers,"," action, with new developments in the mystery surrounding Julian Jerome, and the consequences of Sonny Corinthos and Jason Morgan’s investigation.
The latest updates from Soap Opera Digest suggest that Valentin Cassadine will take things into his own hands, trying to uncover the truth about Julian’s possible return. Meanwhile, Sonny and Jason’s investigation will lead them to some surprising clues that will throw everything they thought they knew into question.
The episode will also feature a dramatic confrontation between Carly Corinthos and Ava Jerome, as the two women come face-to-face over their complicated histories and mutual animosity towards each other.
In other General Hospital spoilers,","{""do_sample"": true, ""temperature"": 1.0, ""top_p"": 0.95, ""top_k"": 50, ""repetition_penalty"": 1.0, ""max_new_tokens"": 128}"
bytekgwV6,1.0,1,1397,163,163,"Tue., May 29, 2018, 10:20 a.m. CAGUAS, Puerto Rico – At least 4,645 people died as a result of Hurricane ","Tue., May 29, 2018, 10:20 a.m. CAGUAS, Puerto Rico – At least 4,645 people died as a result of Hurricane  ...
In the aftermath of Hurricane Maria, which devastated Puerto Rico in September 2017, the government reported 2,975 deaths. However, a study published in the New England Journal of Medicine in October 2018 estimated that the death toll was much higher, at 4,645.
The study, led by Dr. Lynn Goldman of the George Washington University Milken Institute School of Public Health, analyzed data from death certificates, hospital records and other sources. The researchers found that the death toll was caused by a combination of factors, including damage to the electrical grid, transportation disruptions and lack of access to healthcare.
Puerto Rico"," ...
In the aftermath of Hurricane Maria, which devastated Puerto Rico in September 2017, the government reported 2,975 deaths. However, a study published in the New England Journal of Medicine in October 2018 estimated that the death toll was much higher, at 4,645.
The study, led by Dr. Lynn Goldman of the George Washington University Milken Institute School of Public Health, analyzed data from death certificates, hospital records and other sources. The researchers found that the death toll was caused by a combination of factors, including damage to the electrical grid, transportation disruptions and lack of access to healthcare.
Puerto Rico","{""do_sample"": true, ""temperature"": 1.0, ""top_p"": 0.95, ""top_k"": 50, ""repetition_penalty"": 1.0, ""max_new_tokens"": 128}"
bytekgwV6,1.0,1,1399,165,165,"Kyle Schwarber may be out for the season, but the home run ball he hit during the Cubs-Cardinals National League ","Kyle Schwarber may be out for the season, but the home run ball he hit during the Cubs-Cardinals National League 5th Place Play-In on Monday will be remembered for a long time.
Schwarber's monstrous blast off Cardinals closer Jordan Hicks traveled an estimated 475 feet and landed in the third deck of Wrigley Field's right-field bleachers. The ball was barely touched by the fans who tried to catch it, and it ultimately came to rest with a groundskeeper.
The shot was Schwarber's 33rd of the season, and it put the Cubs up 4-2 in the bottom of the eighth inning. Chicago went on to win the game 8-6.
The play-in game was a unique scenario, as the","5th Place Play-In on Monday will be remembered for a long time.
Schwarber's monstrous blast off Cardinals closer Jordan Hicks traveled an estimated 475 feet and landed in the third deck of Wrigley Field's right-field bleachers. The ball was barely touched by the fans who tried to catch it, and it ultimately came to rest with a groundskeeper.
The shot was Schwarber's 33rd of the season, and it put the Cubs up 4-2 in the bottom of the eighth inning. Chicago went on to win the game 8-6.
The play-in game was a unique scenario, as the","{""do_sample"": true, ""temperature"": 1.0, ""top_p"": 0.95, ""top_k"": 50, ""repetition_penalty"": 1.0, ""max_new_tokens"": 128}"
bytekgwV6,1.0,1,1401,167,167,Only former Israeli President Shimon Peres could pull off something like organizing a friendly football (soccer) match between Israeli and ,"Only former Israeli President Shimon Peres could pull off something like organizing a friendly football (soccer) match between Israeli and  Palestinian youth teams, bringing together rivals in a spirit of peace and understanding. Last Thursday, the match was played in the city of Haifa, with teams of 15 players each from Israel and Palestine.
Peres, who was Israel's ninth president from 2007 to 2014 and is now a symbol of peace and reconciliation, initiated this event in collaboration with the Israeli-Palestinian Football Confederation and other organizations. This historic match was not only a testament to the power of football to unite people but also showed that, despite the deep political divisions between Israel and Palestine, there are still many who want to work together"," Palestinian youth teams, bringing together rivals in a spirit of peace and understanding. Last Thursday, the match was played in the city of Haifa, with teams of 15 players each from Israel and Palestine.
Peres, who was Israel's ninth president from 2007 to 2014 and is now a symbol of peace and reconciliation, initiated this event in collaboration with the Israeli-Palestinian Football Confederation and other organizations. This historic match was not only a testament to the power of football to unite people but also showed that, despite the deep political divisions between Israel and Palestine, there are still many who want to work together","{""do_sample"": true, ""temperature"": 1.0, ""top_p"": 0.95, ""top_k"": 50, ""repetition_penalty"": 1.0, ""max_new_tokens"": 128}"
bytekgwV6,1.0,1,1403,169,169,Katie Price and her new baby return home after holidaying in Europe. Alex Reid has tweeted a message of support ,"Katie Price and her new baby return home after holidaying in Europe. Alex Reid has tweeted a message of support 20/04/2014
Katie Price and her new baby return home after holidaying in Europe. Alex Reid has tweeted a message of support 20/04/2014
Katie Price and her new baby return home after holidaying in Europe. Alex Reid has tweeted a message of support 20/04/2014
Katie Price and her new baby return home after holidaying in Europe. Alex Reid has tweeted a message of support 20/04/2014
Katie Price and her new baby return home after holidaying in Europe. Alex Reid has tweeted a message of support 20/04/","20/04/2014
Katie Price and her new baby return home after holidaying in Europe. Alex Reid has tweeted a message of support 20/04/2014
Katie Price and her new baby return home after holidaying in Europe. Alex Reid has tweeted a message of support 20/04/2014
Katie Price and her new baby return home after holidaying in Europe. Alex Reid has tweeted a message of support 20/04/2014
Katie Price and her new baby return home after holidaying in Europe. Alex Reid has tweeted a message of support 20/04/","{""do_sample"": true, ""temperature"": 1.0, ""top_p"": 0.95, ""top_k"": 50, ""repetition_penalty"": 1.0, ""max_new_tokens"": 128}"
bytekgwV6,1.0,1,1405,171,171,"Stopping nearsightedness in kids and more. This week, Dr. Sydney Spiesel discusses a way to stop the progression of nearsightedness ","Stopping nearsightedness in kids and more. This week, Dr. Sydney Spiesel discusses a way to stop the progression of nearsightedness  (mydriasis) in kids, as well as how the current flu season affects seniors and why pediatricians should not recommend dietary supplements for kids. (02:40)
I'm Dr. Sydney Spiesel, and this is Your Medical Myth-Buster.
Welcome back to our show. Today, we're going to tackle a few common myths and misconceptions in medicine. First up, let's talk about how to stop the progression of nearsightedness in kids. Now, myopia, also known as nearsightedness, is a common condition affecting many people, especially kids and young adults. But there's new evidence"," (mydriasis) in kids, as well as how the current flu season affects seniors and why pediatricians should not recommend dietary supplements for kids. (02:40)
I'm Dr. Sydney Spiesel, and this is Your Medical Myth-Buster.
Welcome back to our show. Today, we're going to tackle a few common myths and misconceptions in medicine. First up, let's talk about how to stop the progression of nearsightedness in kids. Now, myopia, also known as nearsightedness, is a common condition affecting many people, especially kids and young adults. But there's new evidence","{""do_sample"": true, ""temperature"": 1.0, ""top_p"": 0.95, ""top_k"": 50, ""repetition_penalty"": 1.0, ""max_new_tokens"": 128}"
bytekgwV6,1.0,1,1407,173,173,"In this Sept. 1, 2014 photo released by the U.S. Geological Survey, fluid lava streams from the June 27 lava ","In this Sept. 1, 2014 photo released by the U.S. Geological Survey, fluid lava streams from the June 27 lava 13/15 lava flow near the Kilauea volcano's Pu'u O'o vent on the Big Island of Hawaii. The ongoing eruption of Kilauea volcano has led to the evacuation of nearly 2,000 people on the Big Island of Hawaii. (AP Photo/U.S. Geological Survey)
HONOLULU (AP) — The eruption of Hawaii's Kilauea volcano has led to the evacuation of nearly 2,000 people and has destroyed hundreds of homes, with no end in sight for the disaster.
The volcano's continuous lava flow has been destroying neighborhoods and has prompted authorities to open shelters for displaced","13/15 lava flow near the Kilauea volcano's Pu'u O'o vent on the Big Island of Hawaii. The ongoing eruption of Kilauea volcano has led to the evacuation of nearly 2,000 people on the Big Island of Hawaii. (AP Photo/U.S. Geological Survey)
HONOLULU (AP) — The eruption of Hawaii's Kilauea volcano has led to the evacuation of nearly 2,000 people and has destroyed hundreds of homes, with no end in sight for the disaster.
The volcano's continuous lava flow has been destroying neighborhoods and has prompted authorities to open shelters for displaced","{""do_sample"": true, ""temperature"": 1.0, ""top_p"": 0.95, ""top_k"": 50, ""repetition_penalty"": 1.0, ""max_new_tokens"": 128}"
bytekgwV6,1.0,1,1409,175,175,The air ambulance was mobilised following reports that a man had fallen on a tree branch and impaled his neck ,"The air ambulance was mobilised following reports that a man had fallen on a tree branch and impaled his neck 6 inches deep.
Paramedics, police and fire crews all rushed to the scene, near the village of Oakley, near Bedford, at around 1.45pm today.
The air ambulance was able to land nearby and a team of doctors and paramedics rushed to treat the man, who was in a critical condition.
Despite the severity of his injuries, the man was successfully stabilised on scene and airlifted to University Hospital Coventry for further treatment.
The crew of the air ambulance, who are a mix of doctors and paramedics, worked closely with the ambulance service and other emergency services to treat the patient.
A statement from","6 inches deep.
Paramedics, police and fire crews all rushed to the scene, near the village of Oakley, near Bedford, at around 1.45pm today.
The air ambulance was able to land nearby and a team of doctors and paramedics rushed to treat the man, who was in a critical condition.
Despite the severity of his injuries, the man was successfully stabilised on scene and airlifted to University Hospital Coventry for further treatment.
The crew of the air ambulance, who are a mix of doctors and paramedics, worked closely with the ambulance service and other emergency services to treat the patient.
A statement from","{""do_sample"": true, ""temperature"": 1.0, ""top_p"": 0.95, ""top_k"": 50, ""repetition_penalty"": 1.0, ""max_new_tokens"": 128}"
bytekgwV6,1.0,1,1411,177,177,The University of Maryland President Wallace Loh. University of Maryland President Wallace Loh stood before reporters Aug. 14 and apologized ,"The University of Maryland President Wallace Loh. University of Maryland President Wallace Loh stood before reporters Aug. 14 and apologized 6 for his role in the handling of the case of Jordan McNair, who died in June after collapsing during a football practice.
COLLEGE PARK, Md. (AP) - University of Maryland President Wallace Loh stood before reporters Monday and apologized for his role in the handling of the case of Jordan McNair, who died in June after collapsing during a football practice.
Loh said he was responsible for the ""lack of urgency"" in responding to McNair's heat stroke and for not immediately sending him to the hospital.
""I failed Jordan McNair,"" Loh said, his voice shaking. ""I failed his family. I failed","6 for his role in the handling of the case of Jordan McNair, who died in June after collapsing during a football practice.
COLLEGE PARK, Md. (AP) - University of Maryland President Wallace Loh stood before reporters Monday and apologized for his role in the handling of the case of Jordan McNair, who died in June after collapsing during a football practice.
Loh said he was responsible for the ""lack of urgency"" in responding to McNair's heat stroke and for not immediately sending him to the hospital.
""I failed Jordan McNair,"" Loh said, his voice shaking. ""I failed his family. I failed","{""do_sample"": true, ""temperature"": 1.0, ""top_p"": 0.95, ""top_k"": 50, ""repetition_penalty"": 1.0, ""max_new_tokens"": 128}"
bytekgwV6,1.0,1,1413,179,179,"in French). Nov. 19 at 3:30: ""Walkabout"" (1971, Nicolas Roeg). Nov. 20 at 1 and Nov. 22 at 4:40: ""Mean ","in French). Nov. 19 at 3:30: ""Walkabout"" (1971, Nicolas Roeg). Nov. 20 at 1 and Nov. 22 at 4:40: ""Mean 15"" (1990, Gary Walker). Nov. 22 at 7:30: ""La Haine"" (1995, Mathieu Kassovitz). Nov. 19 at 6:15 and Nov. 21 at 2:30: ""The Cook, the Thief, His Wife & Her Lover"" (1989, Peter Greenaway).
Also playing at the New York Public Library:
""The 400 Blows"" (1959, François Truffaut). Nov. 18 and 20 at 2:30: ""The Discreet Charm of the Bourgeoisie"" (1972","15"" (1990, Gary Walker). Nov. 22 at 7:30: ""La Haine"" (1995, Mathieu Kassovitz). Nov. 19 at 6:15 and Nov. 21 at 2:30: ""The Cook, the Thief, His Wife & Her Lover"" (1989, Peter Greenaway).
Also playing at the New York Public Library:
""The 400 Blows"" (1959, François Truffaut). Nov. 18 and 20 at 2:30: ""The Discreet Charm of the Bourgeoisie"" (1972","{""do_sample"": true, ""temperature"": 1.0, ""top_p"": 0.95, ""top_k"": 50, ""repetition_penalty"": 1.0, ""max_new_tokens"": 128}"
bytekgwV6,1.0,1,1415,181,181,(Reuters) - U.S. ride services firm Lyft Inc is in talks with an advisor for a targeted March or April ,"(Reuters) - U.S. ride services firm Lyft Inc is in talks with an advisor for a targeted March or April 2019 initial public offering (IPO), Bloomberg News reported on Friday, citing people familiar with the matter.
Lyft's IPO plans are contingent on several factors, including market conditions and the outcome of its efforts to obtain a certain level of interest from investors, Bloomberg said.
The news comes after rival ride-hailing service Uber Technologies Inc is expected to file for its own IPO as early as March 2019, which could precede Lyft's listing.
Lyft's potential IPO valuation could range from $15 billion to $20 billion, Bloomberg reported, citing sources.
The IPO would likely be a traditional listing, where Lyft sells new shares","2019 initial public offering (IPO), Bloomberg News reported on Friday, citing people familiar with the matter.
Lyft's IPO plans are contingent on several factors, including market conditions and the outcome of its efforts to obtain a certain level of interest from investors, Bloomberg said.
The news comes after rival ride-hailing service Uber Technologies Inc is expected to file for its own IPO as early as March 2019, which could precede Lyft's listing.
Lyft's potential IPO valuation could range from $15 billion to $20 billion, Bloomberg reported, citing sources.
The IPO would likely be a traditional listing, where Lyft sells new shares","{""do_sample"": true, ""temperature"": 1.0, ""top_p"": 0.95, ""top_k"": 50, ""repetition_penalty"": 1.0, ""max_new_tokens"": 128}"
bytekgwV6,1.0,1,1417,183,183,Advocates for government accountability were alarmed to learn Gov. Jared Polis was undecided on whether to veto a bill to ,"Advocates for government accountability were alarmed to learn Gov. Jared Polis was undecided on whether to veto a bill to 911 calls to the office of the attorney general.
The bill, SB-22-106, passed with bipartisan support in the state legislature and was intended to allow Coloradans to directly report suspected attorney misconduct to the Office of the Attorney General (OAG). The OAG is tasked with investigating and disciplining attorneys who engage in professional misconduct.
Critics argue that the bill would allow the OAG to potentially investigate complaints against judges, legislators, or other elected officials, potentially jeopardizing the independence of the judiciary and the separation of powers.
Polis’ indecision on the bill has sparked outrage from transparency advocates, who argue that it would","911 calls to the office of the attorney general.
The bill, SB-22-106, passed with bipartisan support in the state legislature and was intended to allow Coloradans to directly report suspected attorney misconduct to the Office of the Attorney General (OAG). The OAG is tasked with investigating and disciplining attorneys who engage in professional misconduct.
Critics argue that the bill would allow the OAG to potentially investigate complaints against judges, legislators, or other elected officials, potentially jeopardizing the independence of the judiciary and the separation of powers.
Polis’ indecision on the bill has sparked outrage from transparency advocates, who argue that it would","{""do_sample"": true, ""temperature"": 1.0, ""top_p"": 0.95, ""top_k"": 50, ""repetition_penalty"": 1.0, ""max_new_tokens"": 128}"
bytekgwV6,1.0,1,1419,185,185,"MADRID: As Cristiano Ronaldo enjoyed his time off at the French Riviera, his Portugal team-mates were busy handing Italy another ","MADRID: As Cristiano Ronaldo enjoyed his time off at the French Riviera, his Portugal team-mates were busy handing Italy another 3-0 defeat, their third successive loss in this World Cup qualifying campaign.
The Azzurri were humiliated 3-0 by Sweden on Friday and things only got worse for them in Porto as Portugal took control from the start.
Ronaldo was not involved in the match, having been granted permission by the Portuguese Football Federation to join his holiday at the end of the season, and he was probably enjoying the warm weather and the sound of the Italian national anthem being sung in defeat.
The Portuguese, already qualified for the World Cup, were dominant from the start and took the lead in the 13th minute when Joao","3-0 defeat, their third successive loss in this World Cup qualifying campaign.
The Azzurri were humiliated 3-0 by Sweden on Friday and things only got worse for them in Porto as Portugal took control from the start.
Ronaldo was not involved in the match, having been granted permission by the Portuguese Football Federation to join his holiday at the end of the season, and he was probably enjoying the warm weather and the sound of the Italian national anthem being sung in defeat.
The Portuguese, already qualified for the World Cup, were dominant from the start and took the lead in the 13th minute when Joao","{""do_sample"": true, ""temperature"": 1.0, ""top_p"": 0.95, ""top_k"": 50, ""repetition_penalty"": 1.0, ""max_new_tokens"": 128}"
bytekgwV6,1.0,1,1421,187,187,"Florida Institute of Technology quarterback Brandon Ziarno. MELBOURNE, Fla. - Florida Institute of Technology quarterback Brandon Ziarno was arrested Friday ","Florida Institute of Technology quarterback Brandon Ziarno. MELBOURNE, Fla. - Florida Institute of Technology quarterback Brandon Ziarno was arrested Friday 14 days after the disappearance of his friend, who has not been found.
Florida Institute of Technology quarterback Brandon Ziarno was arrested Friday 14 days after the disappearance of his friend, who has not been found.
According to the Brevard County Sheriff's Office, Ziarno, 22, was charged with accessory after the fact to a felony for his role in the disappearance of 21-year-old Michael Staskiewicz.
Staskiewicz was last seen on Nov. 14, and his disappearance has sparked a search effort involving the sheriff's office, the FBI and other local law enforcement agencies.
Ziarno","14 days after the disappearance of his friend, who has not been found.
Florida Institute of Technology quarterback Brandon Ziarno was arrested Friday 14 days after the disappearance of his friend, who has not been found.
According to the Brevard County Sheriff's Office, Ziarno, 22, was charged with accessory after the fact to a felony for his role in the disappearance of 21-year-old Michael Staskiewicz.
Staskiewicz was last seen on Nov. 14, and his disappearance has sparked a search effort involving the sheriff's office, the FBI and other local law enforcement agencies.
Ziarno","{""do_sample"": true, ""temperature"": 1.0, ""top_p"": 0.95, ""top_k"": 50, ""repetition_penalty"": 1.0, ""max_new_tokens"": 128}"
bytekgwV6,1.0,1,1423,189,189,Runaway Entertainment is looking for an experienced Associate General Manager to work across all their productions. Runaway Entertainment Ltd is ,"Runaway Entertainment is looking for an experienced Associate General Manager to work across all their productions. Runaway Entertainment Ltd is 2-time BAFTA and multi-award winning independent production company specializing in factual and observational documentary programming. We are seeking a highly organized, efficient and experienced Associate General Manager to support the Executive Producers, Production Managers and other members of the team across all productions.
Key Responsibilities Include:
* Supporting the production team with day-to-day production issues, such as scheduling, budgeting, and logistics.
* Managing and maintaining detailed production schedules, budgets and reports.
* Liaising with external suppliers and vendors to ensure the smooth delivery of productions.
* Assisting with script development, research and pre-production planning.
* Coordinating and managing the movement of","2-time BAFTA and multi-award winning independent production company specializing in factual and observational documentary programming. We are seeking a highly organized, efficient and experienced Associate General Manager to support the Executive Producers, Production Managers and other members of the team across all productions.
Key Responsibilities Include:
* Supporting the production team with day-to-day production issues, such as scheduling, budgeting, and logistics.
* Managing and maintaining detailed production schedules, budgets and reports.
* Liaising with external suppliers and vendors to ensure the smooth delivery of productions.
* Assisting with script development, research and pre-production planning.
* Coordinating and managing the movement of","{""do_sample"": true, ""temperature"": 1.0, ""top_p"": 0.95, ""top_k"": 50, ""repetition_penalty"": 1.0, ""max_new_tokens"": 128}"
bytekgwV6,1.0,1,1425,191,191,The New York Times on Thursday printed a special section featuring portraits of nearly every member of the record number ,"The New York Times on Thursday printed a special section featuring portraits of nearly every member of the record number 435 U.S. House members.
The special section, published on the front of the newspaper's Style section, showcases the diverse range of Americans serving in Congress, from young and old to men and women from all walks of life.
The portraits were taken by Getty Images photographers and show each member in their own unique style, from serious and formal to casual and playful.
The publication of the portraits is a nod to the 100th anniversary of the 19th Amendment, which granted women the right to vote. The Times noted that the section features a record number of women serving in the House, with 133 women making up nearly one-third","435 U.S. House members.
The special section, published on the front of the newspaper's Style section, showcases the diverse range of Americans serving in Congress, from young and old to men and women from all walks of life.
The portraits were taken by Getty Images photographers and show each member in their own unique style, from serious and formal to casual and playful.
The publication of the portraits is a nod to the 100th anniversary of the 19th Amendment, which granted women the right to vote. The Times noted that the section features a record number of women serving in the House, with 133 women making up nearly one-third","{""do_sample"": true, ""temperature"": 1.0, ""top_p"": 0.95, ""top_k"": 50, ""repetition_penalty"": 1.0, ""max_new_tokens"": 128}"
bytekgwV6,1.0,1,1427,193,193,"Equipped with their own factory, they make different kinds of outstanding fish cake. Fish cake in Busan is the most ","Equipped with their own factory, they make different kinds of outstanding fish cake. Fish cake in Busan is the most 10. Add to Cart. ₱45.00 ₱65.00 31%. Fish Cakes (Fish Cakes with Spicy Sauce) 1,000,000KRW 1,500,000KRW ₱8,500 ₱9,300 ₱2,400 ₱2,700. They are typically formed into patties or slices, and are often served in a bun or as an ingredient in soups and stews.... 10, Jukbyeon 2(i)-gil, Seo-gu, Busan … Korean Fish Cake, also known as Eomuk","10. Add to Cart. ₱45.00 ₱65.00 31%. Fish Cakes (Fish Cakes with Spicy Sauce) 1,000,000KRW 1,500,000KRW ₱8,500 ₱9,300 ₱2,400 ₱2,700. They are typically formed into patties or slices, and are often served in a bun or as an ingredient in soups and stews.... 10, Jukbyeon 2(i)-gil, Seo-gu, Busan … Korean Fish Cake, also known as Eomuk","{""do_sample"": true, ""temperature"": 1.0, ""top_p"": 0.95, ""top_k"": 50, ""repetition_penalty"": 1.0, ""max_new_tokens"": 128}"
bytekgwV6,1.0,1,1429,195,195,An Alsip police officer seriously wounded a man in an on-duty shooting early Wednesday after tracking a Cadillac suspected of ,"An Alsip police officer seriously wounded a man in an on-duty shooting early Wednesday after tracking a Cadillac suspected of 16 carjackings across the South Side, authorities said.
The officer, a 5-year veteran of the Alsip Police Department, fired multiple rounds from his department-issued Glock 21 handgun during an exchange of gunfire with the driver of the Cadillac, a male suspect who was later taken into custody, police said.
The officer was not injured, but the suspect, who was not immediately identified, was taken to Advocate Christ Medical Center in Oak Lawn in serious condition, according to Alsip Police Chief Richard Artimas.
The shooting occurred just before 2 a.m. in the 7800 block of South Winchester Avenue, in the West","16 carjackings across the South Side, authorities said.
The officer, a 5-year veteran of the Alsip Police Department, fired multiple rounds from his department-issued Glock 21 handgun during an exchange of gunfire with the driver of the Cadillac, a male suspect who was later taken into custody, police said.
The officer was not injured, but the suspect, who was not immediately identified, was taken to Advocate Christ Medical Center in Oak Lawn in serious condition, according to Alsip Police Chief Richard Artimas.
The shooting occurred just before 2 a.m. in the 7800 block of South Winchester Avenue, in the West","{""do_sample"": true, ""temperature"": 1.0, ""top_p"": 0.95, ""top_k"": 50, ""repetition_penalty"": 1.0, ""max_new_tokens"": 128}"
bytekgwV6,1.0,1,1431,197,197,"If you would like to support the Down Syndrome Association of West Michigan's campaign of kindness, you may visit the ","If you would like to support the Down Syndrome Association of West Michigan's campaign of kindness, you may visit the 16th Street Market Place or our website at dsawm.org.
The Down Syndrome Association of West Michigan would like to invite the community to come together and spread kindness throughout the city.
As part of this campaign, the association will be launching a kindness chain, where local businesses and individuals can participate by sharing acts of kindness with others.
Throughout the campaign, the Down Syndrome Association of West Michigan will be sharing stories and photos of the kindness acts on social media, using the hashtag #DSAWMKindnessChain.
For every 10 acts of kindness shared on social media, the association will be donating one hour of free respite care to","16th Street Market Place or our website at dsawm.org.
The Down Syndrome Association of West Michigan would like to invite the community to come together and spread kindness throughout the city.
As part of this campaign, the association will be launching a kindness chain, where local businesses and individuals can participate by sharing acts of kindness with others.
Throughout the campaign, the Down Syndrome Association of West Michigan will be sharing stories and photos of the kindness acts on social media, using the hashtag #DSAWMKindnessChain.
For every 10 acts of kindness shared on social media, the association will be donating one hour of free respite care to","{""do_sample"": true, ""temperature"": 1.0, ""top_p"": 0.95, ""top_k"": 50, ""repetition_penalty"": 1.0, ""max_new_tokens"": 128}"
bytekgwV6,1.0,1,1433,199,199,Jan. 22 will be here before agencies know it. So will Feb. 6. Here’s betting that even April 16 will ,"Jan. 22 will be here before agencies know it. So will Feb. 6. Here’s betting that even April 16 will  come and go without much fanfare. Why? Because those dates are the start dates for the Affordable Care Act’s major provisions.
But you can bet that come January 2014, healthcare reform will be all the rage, dominating headlines, television airwaves, and watercooler conversations. And not just the usual suspects will be talking about it – folks like health insurance executives, wonks, and politicians – but the average Joe and Jane, too. Your coworkers, friends, and family members will be asking you questions like: “What’s the deal with the Affordable Care Act?” or “How is this going to affect me"," come and go without much fanfare. Why? Because those dates are the start dates for the Affordable Care Act’s major provisions.
But you can bet that come January 2014, healthcare reform will be all the rage, dominating headlines, television airwaves, and watercooler conversations. And not just the usual suspects will be talking about it – folks like health insurance executives, wonks, and politicians – but the average Joe and Jane, too. Your coworkers, friends, and family members will be asking you questions like: “What’s the deal with the Affordable Care Act?” or “How is this going to affect me","{""do_sample"": true, ""temperature"": 1.0, ""top_p"": 0.95, ""top_k"": 50, ""repetition_penalty"": 1.0, ""max_new_tokens"": 128}"
