algo,delta,device,seed,prompt_index,prompt_id,prompt_text,full_text,continuation_text,gen_params_json
hf.generate,0,1,1235,1,1,"""Whoever gets him, they'll be getting a good one,"" David Montgomery said. INDIANAPOLIS — Hakeem Butler has been surrounded by ","""Whoever gets him, they'll be getting a good one,"" David Montgomery said. INDIANAPOLIS — Hakeem Butler has been surrounded by 12 defenders in the preseason. He's still standing tall. The Arizona Cardinals' fifth-round draft pick is an imposing figure, with a 6-foot-5, 220-pound frame and the speed and athleticism to burn defenders off the line. But it's more than that. He has the physicality to outmuscle cornerbacks and the route-running skills to create separation.
""I think he's a good football player,"" Indianapolis Colts coach Frank Reich said. ""He's got size, he's got speed, he's got hands. He's a tough guy to cover.""
Montgomery, a fellow wide receiver from Iowa State, v","12 defenders in the preseason. He's still standing tall. The Arizona Cardinals' fifth-round draft pick is an imposing figure, with a 6-foot-5, 220-pound frame and the speed and athleticism to burn defenders off the line. But it's more than that. He has the physicality to outmuscle cornerbacks and the route-running skills to create separation.
""I think he's a good football player,"" Indianapolis Colts coach Frank Reich said. ""He's got size, he's got speed, he's got hands. He's a tough guy to cover.""
Montgomery, a fellow wide receiver from Iowa State, v","{""do_sample"": true, ""temperature"": 1.0, ""top_p"": 0.95, ""top_k"": 50, ""repetition_penalty"": 1.0, ""max_new_tokens"": 128}"
hf.generate,0,1,1237,3,3,The Arlington County Board plans to vote Saturday afternoon on giving Amazon $23 million and other incentives to build a ,"The Arlington County Board plans to vote Saturday afternoon on giving Amazon $23 million and other incentives to build a 1 million square foot "" HQ2"" campus in the county.
The proposal includes a $23 million grant, a 45-foot height variance, and zoning approvals to build a nine-story office building. The project is expected to bring 4,000 jobs to the area.
The board is also considering providing a $6.5 million contribution towards transportation infrastructure improvements.
Amazon announced last year that it would split its second headquarters, known as HQ2, between Arlington and neighboring Washington D.C. The company has promised to bring thousands of jobs and invest billions of dollars in the area.
The County Board will vote on the proposal during its meeting on","1 million square foot "" HQ2"" campus in the county.
The proposal includes a $23 million grant, a 45-foot height variance, and zoning approvals to build a nine-story office building. The project is expected to bring 4,000 jobs to the area.
The board is also considering providing a $6.5 million contribution towards transportation infrastructure improvements.
Amazon announced last year that it would split its second headquarters, known as HQ2, between Arlington and neighboring Washington D.C. The company has promised to bring thousands of jobs and invest billions of dollars in the area.
The County Board will vote on the proposal during its meeting on","{""do_sample"": true, ""temperature"": 1.0, ""top_p"": 0.95, ""top_k"": 50, ""repetition_penalty"": 1.0, ""max_new_tokens"": 128}"
hf.generate,0,1,1239,5,5,The Hawaii man who was fired after issuing the false ballistic missile alert in mid-January told reporters Friday that he ,"The Hawaii man who was fired after issuing the false ballistic missile alert in mid-January told reporters Friday that he  is  ""sincerely sorry"" for his actions, according to CBS News.
George Powell, who served as a warning and notification officer for the Hawaii Emergency Management Agency, spoke publicly for the first time since his termination, saying, ""I'm sincerely sorry for what happened. I didn't mean to cause any harm or any alarm.""
Powell, a former Air Force veteran, was responsible for issuing the alert on January 13, which mistakenly warned that a ballistic missile was headed for Hawaii. The false alert caused widespread panic and was broadcast on television and sent to cell phones.
Powell said that he was trying to test a new"," is  ""sincerely sorry"" for his actions, according to CBS News.
George Powell, who served as a warning and notification officer for the Hawaii Emergency Management Agency, spoke publicly for the first time since his termination, saying, ""I'm sincerely sorry for what happened. I didn't mean to cause any harm or any alarm.""
Powell, a former Air Force veteran, was responsible for issuing the alert on January 13, which mistakenly warned that a ballistic missile was headed for Hawaii. The false alert caused widespread panic and was broadcast on television and sent to cell phones.
Powell said that he was trying to test a new","{""do_sample"": true, ""temperature"": 1.0, ""top_p"": 0.95, ""top_k"": 50, ""repetition_penalty"": 1.0, ""max_new_tokens"": 128}"
hf.generate,0,1,1241,7,7,"A version of this article appeared in the print edition of The Daily Star on July 12, 2018, on page ","A version of this article appeared in the print edition of The Daily Star on July 12, 2018, on page 8.
BEIRUT: The Lebanese Armed Forces (LAF) and the Islamic State (ISIS) have been at odds for years, but the latter's recent statements have sparked concerns about a potential resurgence of the terrorist group.
In a statement issued last week, ISIS claimed responsibility for a blast that rocked a Palestinian refugee camp in the Bekaa Valley, killing two people and injuring several others.
While the Lebanese government has yet to confirm the extent of ISIS's involvement in the blast, the terrorist group has been increasing its activities in the country in recent months.
In May, ISIS launched a series of attacks in the eastern city of Baal","8.
BEIRUT: The Lebanese Armed Forces (LAF) and the Islamic State (ISIS) have been at odds for years, but the latter's recent statements have sparked concerns about a potential resurgence of the terrorist group.
In a statement issued last week, ISIS claimed responsibility for a blast that rocked a Palestinian refugee camp in the Bekaa Valley, killing two people and injuring several others.
While the Lebanese government has yet to confirm the extent of ISIS's involvement in the blast, the terrorist group has been increasing its activities in the country in recent months.
In May, ISIS launched a series of attacks in the eastern city of Baal","{""do_sample"": true, ""temperature"": 1.0, ""top_p"": 0.95, ""top_k"": 50, ""repetition_penalty"": 1.0, ""max_new_tokens"": 128}"
hf.generate,0,1,1243,9,9,"After Kevin’s horrific leg injury, everyone is asking: will he ever play basketball again? Dr. Glashow, co-chief of sports medicine ","After Kevin’s horrific leg injury, everyone is asking: will he ever play basketball again? Dr. Glashow, co-chief of sports medicine  at Hospital for Special Surgery (HSS) in New York City, weighs in.
As the sports medicine expert, Dr. Glashow has seen her fair share of sports-related injuries. ""The good news about Kevin's injury is that it's a non-life-threatening injury, and with proper care, he can recover well,"" she says. ""However, the road to recovery will be long and challenging.""
Dr. Glashow emphasizes that it's still early days, and the medical team needs to assess the severity of Kevin's injury before making any predictions about his potential return to basketball. ""We'll need to evaluate the extent"," at Hospital for Special Surgery (HSS) in New York City, weighs in.
As the sports medicine expert, Dr. Glashow has seen her fair share of sports-related injuries. ""The good news about Kevin's injury is that it's a non-life-threatening injury, and with proper care, he can recover well,"" she says. ""However, the road to recovery will be long and challenging.""
Dr. Glashow emphasizes that it's still early days, and the medical team needs to assess the severity of Kevin's injury before making any predictions about his potential return to basketball. ""We'll need to evaluate the extent","{""do_sample"": true, ""temperature"": 1.0, ""top_p"": 0.95, ""top_k"": 50, ""repetition_penalty"": 1.0, ""max_new_tokens"": 128}"
hf.generate,0,1,1245,11,11,University of Utah track and field athlete Lauren McCluskey was found shot dead Monday night in the backseat of a ,"University of Utah track and field athlete Lauren McCluskey was found shot dead Monday night in the backseat of a 2014 Chevrolet Malibu parked on campus, police said.
The University of Utah Police Department and Salt Lake City Police Department responded to a report of a shooting around 9 p.m. Monday, according to a news release from the university. McCluskey, 21, was found dead in the car, which was parked in a lot near the campus' residence halls.
No suspects are in custody at this time, and an investigation is ongoing. Police are reviewing surveillance video, interviewing witnesses and collecting evidence from the scene, the news release said.
McCluskey, a junior, was a standout athlete on the university's track and","2014 Chevrolet Malibu parked on campus, police said.
The University of Utah Police Department and Salt Lake City Police Department responded to a report of a shooting around 9 p.m. Monday, according to a news release from the university. McCluskey, 21, was found dead in the car, which was parked in a lot near the campus' residence halls.
No suspects are in custody at this time, and an investigation is ongoing. Police are reviewing surveillance video, interviewing witnesses and collecting evidence from the scene, the news release said.
McCluskey, a junior, was a standout athlete on the university's track and","{""do_sample"": true, ""temperature"": 1.0, ""top_p"": 0.95, ""top_k"": 50, ""repetition_penalty"": 1.0, ""max_new_tokens"": 128}"
hf.generate,0,1,1247,13,13,"The location of the July 15, 2002 flare is shown at left. The other panels compare the scale of Earth ","The location of the July 15, 2002 flare is shown at left. The other panels compare the scale of Earth 1,000 km (620 miles) above the surface, and the Sun's surface, which is about 500 km (310 miles) in diameter. Image courtesy of NASA.
A powerful solar flare burst forth from the Sun on July 15, 2002, sending a burst of energy towards Earth. The event was significant because it was the largest flare detected since 1989 and one of the most powerful in the past 30 years. Scientists say that it's the kind of flare that could potentially cause disruptions to communications and power systems if it were to happen more frequently.
Solar flares are intense releases of energy that occur when","1,000 km (620 miles) above the surface, and the Sun's surface, which is about 500 km (310 miles) in diameter. Image courtesy of NASA.
A powerful solar flare burst forth from the Sun on July 15, 2002, sending a burst of energy towards Earth. The event was significant because it was the largest flare detected since 1989 and one of the most powerful in the past 30 years. Scientists say that it's the kind of flare that could potentially cause disruptions to communications and power systems if it were to happen more frequently.
Solar flares are intense releases of energy that occur when","{""do_sample"": true, ""temperature"": 1.0, ""top_p"": 0.95, ""top_k"": 50, ""repetition_penalty"": 1.0, ""max_new_tokens"": 128}"
hf.generate,0,1,1249,15,15,"Larry checks in with KPCC reporter Sharon McNary, who’s been hitting up several polling stations in Orange County and Los ","Larry checks in with KPCC reporter Sharon McNary, who’s been hitting up several polling stations in Orange County and Los  Angels. They discuss what she's seen on the ground, including lines, enthusiasm, and some interesting voter turnout trends. more less
Watch Full Episodes: AirTalk
Election Day: Lines, Enthusiasm, and Voter Tr... S 2016 : Ep 11.08.2016 Aired 11/8/16 (29:00)
Election Day: What's at Stake? S 2016 : Ep 11.08.2016 Aired 11/8/16 (29:00)
Presidential Debate Analysis: What Did We L... S 2016 : Ep "," Angels. They discuss what she's seen on the ground, including lines, enthusiasm, and some interesting voter turnout trends. more less
Watch Full Episodes: AirTalk
Election Day: Lines, Enthusiasm, and Voter Tr... S 2016 : Ep 11.08.2016 Aired 11/8/16 (29:00)
Election Day: What's at Stake? S 2016 : Ep 11.08.2016 Aired 11/8/16 (29:00)
Presidential Debate Analysis: What Did We L... S 2016 : Ep ","{""do_sample"": true, ""temperature"": 1.0, ""top_p"": 0.95, ""top_k"": 50, ""repetition_penalty"": 1.0, ""max_new_tokens"": 128}"
hf.generate,0,1,1251,17,17,Health authorities in New Zealand said that about 200 passengers on the Dawn Princess ship became infected with the norovirus. ,"Health authorities in New Zealand said that about 200 passengers on the Dawn Princess ship became infected with the norovirus. 600 passengers were quarantined as a precautionary measure. The ship arrived in Sydney on Tuesday, following a 10-day journey from New Zealand, and a further 20 passengers were taken to hospitals for treatment. The ship was due to sail to Melbourne on Wednesday.
The norovirus is a highly contagious stomach bug that causes diarrhea and vomiting. It is often spread through contaminated food, water or close contact with an infected person.
New Zealand's Ministry of Health and the Australian Government said that they were working together to manage the outbreak and ensure the health and safety of passengers and crew.
The Dawn Princess ship is operated by P&O","600 passengers were quarantined as a precautionary measure. The ship arrived in Sydney on Tuesday, following a 10-day journey from New Zealand, and a further 20 passengers were taken to hospitals for treatment. The ship was due to sail to Melbourne on Wednesday.
The norovirus is a highly contagious stomach bug that causes diarrhea and vomiting. It is often spread through contaminated food, water or close contact with an infected person.
New Zealand's Ministry of Health and the Australian Government said that they were working together to manage the outbreak and ensure the health and safety of passengers and crew.
The Dawn Princess ship is operated by P&O","{""do_sample"": true, ""temperature"": 1.0, ""top_p"": 0.95, ""top_k"": 50, ""repetition_penalty"": 1.0, ""max_new_tokens"": 128}"
hf.generate,0,1,1253,19,19,NEW YORK (AP) — Could the U.S. lose its top credit rating even if a deal is reached to raise ,"NEW YORK (AP) — Could the U.S. lose its top credit rating even if a deal is reached to raise  the debt ceiling?
The answer is yes, though it would depend on the specifics of any deal and the assessment of credit rating agencies like Standard & Poor's, Fitch and Moody's Investors Service.
Here's a scenario where it could happen:
If lawmakers agree to raise the debt ceiling, but only after making drastic cuts to government spending or entitlement programs, it could weaken the government's creditworthiness. The cuts might reduce the government's revenue, increase borrowing costs or harm the economy.
The credit rating agencies would take into account the potential risks to the government's ability to pay its debts and the stability of its creditworthiness."," the debt ceiling?
The answer is yes, though it would depend on the specifics of any deal and the assessment of credit rating agencies like Standard & Poor's, Fitch and Moody's Investors Service.
Here's a scenario where it could happen:
If lawmakers agree to raise the debt ceiling, but only after making drastic cuts to government spending or entitlement programs, it could weaken the government's creditworthiness. The cuts might reduce the government's revenue, increase borrowing costs or harm the economy.
The credit rating agencies would take into account the potential risks to the government's ability to pay its debts and the stability of its creditworthiness.","{""do_sample"": true, ""temperature"": 1.0, ""top_p"": 0.95, ""top_k"": 50, ""repetition_penalty"": 1.0, ""max_new_tokens"": 128}"
hf.generate,0,1,1255,21,21,"IHS Markit INFO, -0.02% a world leader in critical information, analytics and solutions, expanded its alternative data offering for asset ","IHS Markit INFO, -0.02% a world leader in critical information, analytics and solutions, expanded its alternative data offering for asset  management firms and institutional investors with the launch of its new Global Economic Indicator data set.
IHS Markit's Global Economic Indicator data set provides a real-time, machine-learned perspective on the global economy, incorporating both traditional economic indicators and alternative data sources. The dataset offers a comprehensive view of the global economy, covering over 200 countries, 20 sectors and 1,500+ indicators.
The new dataset features a range of innovative features, including:
    1. Machine-learned models that predict economic activity, enabling asset managers and institutional investors to anticipate changes in the global economy before they occur.
    2."," management firms and institutional investors with the launch of its new Global Economic Indicator data set.
IHS Markit's Global Economic Indicator data set provides a real-time, machine-learned perspective on the global economy, incorporating both traditional economic indicators and alternative data sources. The dataset offers a comprehensive view of the global economy, covering over 200 countries, 20 sectors and 1,500+ indicators.
The new dataset features a range of innovative features, including:
    1. Machine-learned models that predict economic activity, enabling asset managers and institutional investors to anticipate changes in the global economy before they occur.
    2.","{""do_sample"": true, ""temperature"": 1.0, ""top_p"": 0.95, ""top_k"": 50, ""repetition_penalty"": 1.0, ""max_new_tokens"": 128}"
hf.generate,0,1,1257,23,23,SOUND FORGE Audio Cleaning Lab can be used to record any sound you can hear on your computer - from ,"SOUND FORGE Audio Cleaning Lab can be used to record any sound you can hear on your computer - from 8 kHz to 48 kHz, and from 8 kHz to 24 kHz.
SOUND FORGE Audio Cleaning Lab is a powerful audio editing software that can record, edit and clean audio files with ease. It is specifically designed for podcasters, musicians, and audiophiles who want to clean up their audio files before sharing them with the world.
SOUND FORGE Audio Cleaning Lab is compatible with Windows and Mac OS and can be used to clean up audio files in various formats, including WAV, MP3, AIFF, and more.
To use SOUND FORGE Audio Cleaning Lab, you can follow these steps:
1. Open","8 kHz to 48 kHz, and from 8 kHz to 24 kHz.
SOUND FORGE Audio Cleaning Lab is a powerful audio editing software that can record, edit and clean audio files with ease. It is specifically designed for podcasters, musicians, and audiophiles who want to clean up their audio files before sharing them with the world.
SOUND FORGE Audio Cleaning Lab is compatible with Windows and Mac OS and can be used to clean up audio files in various formats, including WAV, MP3, AIFF, and more.
To use SOUND FORGE Audio Cleaning Lab, you can follow these steps:
1. Open","{""do_sample"": true, ""temperature"": 1.0, ""top_p"": 0.95, ""top_k"": 50, ""repetition_penalty"": 1.0, ""max_new_tokens"": 128}"
hf.generate,0,1,1259,25,25,"President Donald Trump returned to Washington, DC on Monday for a very important event. It was not for a meeting ","President Donald Trump returned to Washington, DC on Monday for a very important event. It was not for a meeting  with world leaders, a campaign rally, or even a cabinet meeting. No, this event was much more pressing. He was returning to the White House to play golf.
Yes, you read that right. The President of the United States, who is responsible for leading the country and making life-or-death decisions on a daily basis, was taking a day off to play golf.
While some people might view this as a harmless activity, it's worth noting that the President's golf excursions are not without controversy. Trump's frequent golf trips, both in Washington and at his golf courses around the country, have been criticized for their expense and"," with world leaders, a campaign rally, or even a cabinet meeting. No, this event was much more pressing. He was returning to the White House to play golf.
Yes, you read that right. The President of the United States, who is responsible for leading the country and making life-or-death decisions on a daily basis, was taking a day off to play golf.
While some people might view this as a harmless activity, it's worth noting that the President's golf excursions are not without controversy. Trump's frequent golf trips, both in Washington and at his golf courses around the country, have been criticized for their expense and","{""do_sample"": true, ""temperature"": 1.0, ""top_p"": 0.95, ""top_k"": 50, ""repetition_penalty"": 1.0, ""max_new_tokens"": 128}"
hf.generate,0,1,1261,27,27,"ST. JOHNS COUNTY, Fla. - Commissioners in St. Johns County voted unanimously to postpone any legislative action against a localized ","ST. JOHNS COUNTY, Fla. - Commissioners in St. Johns County voted unanimously to postpone any legislative action against a localized 911 fee until 2020.
The decision comes after a heated public debate and a recommendation from the county's 911 Advisory Board to delay any action.

The 911 fee, which was introduced in 2017, would add a $1.50 monthly surcharge to residential and business phone bills to support the county's 911 emergency communication system. The fee would generate approximately $1.8 million per year.

The county commissioners were concerned about the timing and impact of the fee, particularly on local businesses. Some argued that the fee could hurt the local economy, while others believed it was necessary to support the 911 system.

The","911 fee until 2020.
The decision comes after a heated public debate and a recommendation from the county's 911 Advisory Board to delay any action.

The 911 fee, which was introduced in 2017, would add a $1.50 monthly surcharge to residential and business phone bills to support the county's 911 emergency communication system. The fee would generate approximately $1.8 million per year.

The county commissioners were concerned about the timing and impact of the fee, particularly on local businesses. Some argued that the fee could hurt the local economy, while others believed it was necessary to support the 911 system.

The","{""do_sample"": true, ""temperature"": 1.0, ""top_p"": 0.95, ""top_k"": 50, ""repetition_penalty"": 1.0, ""max_new_tokens"": 128}"
hf.generate,0,1,1263,29,29,This was Reinsdorf's reply on Friday when asked whether the preseason announcement that Phil Jackson will not return as coach ,"This was Reinsdorf's reply on Friday when asked whether the preseason announcement that Phil Jackson will not return as coach 2005 NBA Finals MVP Chauncey Billups did not become the full-time starter and played in only one playoff game.
They did a good job of controlling the game and getting the ball inside, and they did a good job of rebounding. I'm happy with the team's effort, and we'll keep working to get better. We need to be more consistent on the defensive end, but I'm proud of the effort we put forth.
The NBA has a new look, and while it's different, the objective of the game remains the same. We're trying to win games and make the playoffs. We're not focused on","2005 NBA Finals MVP Chauncey Billups did not become the full-time starter and played in only one playoff game.
They did a good job of controlling the game and getting the ball inside, and they did a good job of rebounding. I'm happy with the team's effort, and we'll keep working to get better. We need to be more consistent on the defensive end, but I'm proud of the effort we put forth.
The NBA has a new look, and while it's different, the objective of the game remains the same. We're trying to win games and make the playoffs. We're not focused on","{""do_sample"": true, ""temperature"": 1.0, ""top_p"": 0.95, ""top_k"": 50, ""repetition_penalty"": 1.0, ""max_new_tokens"": 128}"
hf.generate,0,1,1265,31,31,This is the news you’re looking for. Carrie Fisher has seemingly confirmed to Palm Beach Illustrated magazine that she will ,"This is the news you’re looking for. Carrie Fisher has seemingly confirmed to Palm Beach Illustrated magazine that she will 100% be in Episode IX, stating: ""If I die, I'll be in Episode IX. I'll be in Episode X, I'll be in Episode XI. I'll be in Episode XII. I'll be in every movie they ever make as Leia... Because I'm not going to let this movie end on a bad note for me.""

Fisher has been a key part of the Star Wars franchise since the first film was released in 1977, playing General Leia Organa in the original trilogy and reprising the role in The Force Awakens. After Fisher's passing in 2016, many fans were left wondering","100% be in Episode IX, stating: ""If I die, I'll be in Episode IX. I'll be in Episode X, I'll be in Episode XI. I'll be in Episode XII. I'll be in every movie they ever make as Leia... Because I'm not going to let this movie end on a bad note for me.""

Fisher has been a key part of the Star Wars franchise since the first film was released in 1977, playing General Leia Organa in the original trilogy and reprising the role in The Force Awakens. After Fisher's passing in 2016, many fans were left wondering","{""do_sample"": true, ""temperature"": 1.0, ""top_p"": 0.95, ""top_k"": 50, ""repetition_penalty"": 1.0, ""max_new_tokens"": 128}"
hf.generate,0,1,1267,33,33,In the market for a low-cost networked storage solution? You may want to take a look at the Netgear ReadyNAS ,"In the market for a low-cost networked storage solution? You may want to take a look at the Netgear ReadyNAS 104, a 2-bay NAS enclosure that offers plenty of features and storage capacity for its price.
The ReadyNAS 104 is a compact, quiet and stylish NAS enclosure that measures 10.3 x 6.3 x 6.3 inches (WHD) and weighs 2.2 pounds. It has a sleek and modern design, with a silver and black finish that looks great in any home or office setup.
The enclosure has two removable hard drive bays that can accommodate 3.5-inch or 2.5-inch SATA hard drives or solid-state drives (SSDs). Each bay has a lock to","104, a 2-bay NAS enclosure that offers plenty of features and storage capacity for its price.
The ReadyNAS 104 is a compact, quiet and stylish NAS enclosure that measures 10.3 x 6.3 x 6.3 inches (WHD) and weighs 2.2 pounds. It has a sleek and modern design, with a silver and black finish that looks great in any home or office setup.
The enclosure has two removable hard drive bays that can accommodate 3.5-inch or 2.5-inch SATA hard drives or solid-state drives (SSDs). Each bay has a lock to","{""do_sample"": true, ""temperature"": 1.0, ""top_p"": 0.95, ""top_k"": 50, ""repetition_penalty"": 1.0, ""max_new_tokens"": 128}"
hf.generate,0,1,1269,35,35,"MANILA, Philippines — The state-run Land Bank of the Philippines (Landbank) has extended by one more month or until Jan. ","MANILA, Philippines — The state-run Land Bank of the Philippines (Landbank) has extended by one more month or until Jan. 31, 2021, the deadline for farmers and fisherfolk to apply for the Agrarian Reform Credit and Financing Program (ARCFP).

Landbank said in a statement that the extension aims to provide more time for eligible farmers and fisherfolk to complete the necessary requirements and submit their applications for the ARCFP, which aims to support the agricultural sector through financing agricultural production and development.

Under the ARCFP, eligible farmers and fisherfolk can avail of loans ranging from P50,000 to P5 million with a maximum repayment period of 10 years. The program offers a low interest rate of 6.5","31, 2021, the deadline for farmers and fisherfolk to apply for the Agrarian Reform Credit and Financing Program (ARCFP).

Landbank said in a statement that the extension aims to provide more time for eligible farmers and fisherfolk to complete the necessary requirements and submit their applications for the ARCFP, which aims to support the agricultural sector through financing agricultural production and development.

Under the ARCFP, eligible farmers and fisherfolk can avail of loans ranging from P50,000 to P5 million with a maximum repayment period of 10 years. The program offers a low interest rate of 6.5","{""do_sample"": true, ""temperature"": 1.0, ""top_p"": 0.95, ""top_k"": 50, ""repetition_penalty"": 1.0, ""max_new_tokens"": 128}"
hf.generate,0,1,1271,37,37,It’s a continuation of a trend they have seen over the last several years. “It’s been almost three years of ,"It’s a continuation of a trend they have seen over the last several years. “It’s been almost three years of 20% annual growth, and we’re seeing no signs of slowing down. I think what you see is that people are realizing the importance of having a strong cybersecurity posture and wanting to protect their organizations from the increasing threats that are out there,” said Steve Biskie, Vice President of Business Development at Check Point.
The company sees growth coming from various sources. One of them is the increasing adoption of cloud and mobile technologies. As more organizations move to the cloud, they need to ensure that their data and applications are secure. Check Point has seen a significant increase in demand for its cloud security solutions, including its CloudGuard and CloudGuard I","20% annual growth, and we’re seeing no signs of slowing down. I think what you see is that people are realizing the importance of having a strong cybersecurity posture and wanting to protect their organizations from the increasing threats that are out there,” said Steve Biskie, Vice President of Business Development at Check Point.
The company sees growth coming from various sources. One of them is the increasing adoption of cloud and mobile technologies. As more organizations move to the cloud, they need to ensure that their data and applications are secure. Check Point has seen a significant increase in demand for its cloud security solutions, including its CloudGuard and CloudGuard I","{""do_sample"": true, ""temperature"": 1.0, ""top_p"": 0.95, ""top_k"": 50, ""repetition_penalty"": 1.0, ""max_new_tokens"": 128}"
hf.generate,0,1,1273,39,39,"Originally Published: September 24, 2018 8 p.m. Soledad O’Brien, 10 to 11:30 a.m., Yavapai College Performing Arts Center, 1100 E ","Originally Published: September 24, 2018 8 p.m. Soledad O’Brien, 10 to 11:30 a.m., Yavapai College Performing Arts Center, 1100 E 3rd St, Prescott. The former CNN journalist will discuss her experiences as a woman of color in media and her recent work as a journalist and documentary filmmaker. Tickets: $20, $30, $40. Available at ycpac.com or by calling (928) 776-2000. Originally Published: September 24, 2018 8 p.m.
The former CNN journalist will discuss her experiences as a woman of color in media and her recent work as a journalist and documentary filmmaker. Tickets: $20, $30, $40. Available at ycpac.com or by calling (928) 776-","3rd St, Prescott. The former CNN journalist will discuss her experiences as a woman of color in media and her recent work as a journalist and documentary filmmaker. Tickets: $20, $30, $40. Available at ycpac.com or by calling (928) 776-2000. Originally Published: September 24, 2018 8 p.m.
The former CNN journalist will discuss her experiences as a woman of color in media and her recent work as a journalist and documentary filmmaker. Tickets: $20, $30, $40. Available at ycpac.com or by calling (928) 776-","{""do_sample"": true, ""temperature"": 1.0, ""top_p"": 0.95, ""top_k"": 50, ""repetition_penalty"": 1.0, ""max_new_tokens"": 128}"
hf.generate,0,1,1275,41,41,"Attendees visit the Vodafone Group pavilion at the Mobile World Congress in Barcelona, Spain, March 4, 2015. Vodafone, one of ","Attendees visit the Vodafone Group pavilion at the Mobile World Congress in Barcelona, Spain, March 4, 2015. Vodafone, one of 18 major telecom operators that recently signed a commitment to help the UN achieve its Sustainable Development Goals (SDGs), is highlighting its efforts to address issues like climate change and digital inclusion. (Credit: Reuters/Gonzalo Fuentes)
Vodafone, one of the world's largest mobile phone operators, has pledged to support the United Nations' Sustainable Development Goals (SDGs) to help achieve a more sustainable future. Here's how the company is working to address some of the biggest challenges facing the world today.
Climate Change: Vodafone is committed to reducing its carbon footprint and encouraging its customers to do the same. The company is aiming to reduce","18 major telecom operators that recently signed a commitment to help the UN achieve its Sustainable Development Goals (SDGs), is highlighting its efforts to address issues like climate change and digital inclusion. (Credit: Reuters/Gonzalo Fuentes)
Vodafone, one of the world's largest mobile phone operators, has pledged to support the United Nations' Sustainable Development Goals (SDGs) to help achieve a more sustainable future. Here's how the company is working to address some of the biggest challenges facing the world today.
Climate Change: Vodafone is committed to reducing its carbon footprint and encouraging its customers to do the same. The company is aiming to reduce","{""do_sample"": true, ""temperature"": 1.0, ""top_p"": 0.95, ""top_k"": 50, ""repetition_penalty"": 1.0, ""max_new_tokens"": 128}"
hf.generate,0,1,1277,43,43,The Congress of South African Trade Unions has noted the latest cabinet reshuffle by President Jacob Zuma. We can confirm ,"The Congress of South African Trade Unions has noted the latest cabinet reshuffle by President Jacob Zuma. We can confirm 3 new ministers, including Mrs. Faith Muthambi, Mr. Lynne Brown, and Mr. Blade Nzimande.
These reshuffles come at a time when the South African economy is in crisis, with a high unemployment rate, a shrinking economy, and widespread corruption. The people of South Africa are crying out for decisive action to address these challenges, not endless reshuffles and spin.
We cannot accept a government that is more concerned with retaining power than with addressing the deep-seated problems facing our country. We are calling for a more serious and focused approach to governance, rather than this endless tinkering with the deck chairs on the","3 new ministers, including Mrs. Faith Muthambi, Mr. Lynne Brown, and Mr. Blade Nzimande.
These reshuffles come at a time when the South African economy is in crisis, with a high unemployment rate, a shrinking economy, and widespread corruption. The people of South Africa are crying out for decisive action to address these challenges, not endless reshuffles and spin.
We cannot accept a government that is more concerned with retaining power than with addressing the deep-seated problems facing our country. We are calling for a more serious and focused approach to governance, rather than this endless tinkering with the deck chairs on the","{""do_sample"": true, ""temperature"": 1.0, ""top_p"": 0.95, ""top_k"": 50, ""repetition_penalty"": 1.0, ""max_new_tokens"": 128}"
hf.generate,0,1,1279,45,45,"After much anticipation, Melania Trump has finally given the world a glimpse of her platform. Like those before her, Trump ","After much anticipation, Melania Trump has finally given the world a glimpse of her platform. Like those before her, Trump 85 has committed to making a positive impact on the world. Specifically, her platform focuses on three main areas: children, entertainment and sports.
Melania Trump Launches New Platform With Focus on Children, Entertainment and Sports
The First Lady of the United States, Melania Trump, has launched her new platform with a focus on three main areas: children, entertainment, and sports. The platform, titled ""Be Best,"" aims to make a positive impact on the world by promoting kindness, empathy, and positivity.
The first area of focus is on children. Trump has committed to supporting initiatives that promote children's well-being, such as education, healthcare","85 has committed to making a positive impact on the world. Specifically, her platform focuses on three main areas: children, entertainment and sports.
Melania Trump Launches New Platform With Focus on Children, Entertainment and Sports
The First Lady of the United States, Melania Trump, has launched her new platform with a focus on three main areas: children, entertainment, and sports. The platform, titled ""Be Best,"" aims to make a positive impact on the world by promoting kindness, empathy, and positivity.
The first area of focus is on children. Trump has committed to supporting initiatives that promote children's well-being, such as education, healthcare","{""do_sample"": true, ""temperature"": 1.0, ""top_p"": 0.95, ""top_k"": 50, ""repetition_penalty"": 1.0, ""max_new_tokens"": 128}"
hf.generate,0,1,1281,47,47,We build our students up only to encourage them to flee. Why? Combining advertising campaigns handled by pros along with ,"We build our students up only to encourage them to flee. Why? Combining advertising campaigns handled by pros along with 3rd party marketing strategies, it is possible to get to the target market and attract a larger number of potential students. That, we are able to ensure the success of your organization.
Therefore, in order to address these challenges and ensure that we can offer you the most effective solutions, it is crucial to have a thorough understanding of your organization. We analyze your strengths and weaknesses and develop a tailored marketing plan which will bring positive results. Our advertising campaigns are designed to reach the desired target audience, stimulate interest and encourage conversion.
Our expert team of marketers and strategists will work closely with you to develop a customized marketing plan that aligns with","3rd party marketing strategies, it is possible to get to the target market and attract a larger number of potential students. That, we are able to ensure the success of your organization.
Therefore, in order to address these challenges and ensure that we can offer you the most effective solutions, it is crucial to have a thorough understanding of your organization. We analyze your strengths and weaknesses and develop a tailored marketing plan which will bring positive results. Our advertising campaigns are designed to reach the desired target audience, stimulate interest and encourage conversion.
Our expert team of marketers and strategists will work closely with you to develop a customized marketing plan that aligns with","{""do_sample"": true, ""temperature"": 1.0, ""top_p"": 0.95, ""top_k"": 50, ""repetition_penalty"": 1.0, ""max_new_tokens"": 128}"
hf.generate,0,1,1283,49,49,Federal Reserve Bank of Minneapolis President Narayana Kocherlakota will step down when his current term ends in February 2016. The ,"Federal Reserve Bank of Minneapolis President Narayana Kocherlakota will step down when his current term ends in February 2016. The 54-year-old economist has been a vocal critic of the Federal Reserve's easy monetary policy, which he believes has not done enough to boost employment.
Mr. Kocherlakota's term was set to expire at the end of next year, but he is leaving three years early. The decision comes after the Fed earlier this year announced a new leadership structure, which some saw as a sign that the central bank was preparing for a potential change in leadership.
Mr. Kocherlakota has been a member of the Federal Reserve's policy-making committee since 2009. He has been a strong advocate for using monetary policy to stimulate economic growth and","54-year-old economist has been a vocal critic of the Federal Reserve's easy monetary policy, which he believes has not done enough to boost employment.
Mr. Kocherlakota's term was set to expire at the end of next year, but he is leaving three years early. The decision comes after the Fed earlier this year announced a new leadership structure, which some saw as a sign that the central bank was preparing for a potential change in leadership.
Mr. Kocherlakota has been a member of the Federal Reserve's policy-making committee since 2009. He has been a strong advocate for using monetary policy to stimulate economic growth and","{""do_sample"": true, ""temperature"": 1.0, ""top_p"": 0.95, ""top_k"": 50, ""repetition_penalty"": 1.0, ""max_new_tokens"": 128}"
hf.generate,0,1,1285,51,51,Roger Federer of Switzerland and Bill Gates shake hands at the Match For Africa 4 exhibition match at KeyArena on ,"Roger Federer of Switzerland and Bill Gates shake hands at the Match For Africa 4 exhibition match at KeyArena on 7 March 2018 in Seattle, Washington. (Photo by Otto Greule Jr./Getty Images)
Seattle – Tennis star Roger Federer and Microsoft co-founder Bill Gates have a special bond that goes beyond their mutual passion for philanthropy.
The two have been friends for several years and have worked together on several projects, including the annual Match for Africa charity event, which has raised millions of dollars for children in Africa.
In an interview with the Seattle Times, Federer said that he and Gates have become close friends over the years, despite their vastly different backgrounds and interests.
""Bill is a very humble guy, and we have a lot","7 March 2018 in Seattle, Washington. (Photo by Otto Greule Jr./Getty Images)
Seattle – Tennis star Roger Federer and Microsoft co-founder Bill Gates have a special bond that goes beyond their mutual passion for philanthropy.
The two have been friends for several years and have worked together on several projects, including the annual Match for Africa charity event, which has raised millions of dollars for children in Africa.
In an interview with the Seattle Times, Federer said that he and Gates have become close friends over the years, despite their vastly different backgrounds and interests.
""Bill is a very humble guy, and we have a lot","{""do_sample"": true, ""temperature"": 1.0, ""top_p"": 0.95, ""top_k"": 50, ""repetition_penalty"": 1.0, ""max_new_tokens"": 128}"
hf.generate,0,1,1287,53,53,"BAGHDAD, Iraq -- Fighting in the Shiite stronghold of Sadr City killed 23 Iraqis yesterday, hospital officials said, and the ","BAGHDAD, Iraq -- Fighting in the Shiite stronghold of Sadr City killed 23 Iraqis yesterday, hospital officials said, and the 10th anniversary of the US-led invasion of Iraq was marked by scattered violence.
In Sadr City, a sprawling slum in eastern Baghdad, clashes between Iraqi security forces and militiamen loyal to anti-US cleric Muqtada al-Sadr left 23 people dead, according to medics at Imam Ali Hospital.
At least 40 people were wounded in the fighting, which began Friday evening and continued through the night and into yesterday morning, hospital officials said.
The violence in Sadr City has raised concerns that Iraq's fragile security could deteriorate ahead of national elections scheduled for March 7.
Prime Minister Nouri al-Maliki","10th anniversary of the US-led invasion of Iraq was marked by scattered violence.
In Sadr City, a sprawling slum in eastern Baghdad, clashes between Iraqi security forces and militiamen loyal to anti-US cleric Muqtada al-Sadr left 23 people dead, according to medics at Imam Ali Hospital.
At least 40 people were wounded in the fighting, which began Friday evening and continued through the night and into yesterday morning, hospital officials said.
The violence in Sadr City has raised concerns that Iraq's fragile security could deteriorate ahead of national elections scheduled for March 7.
Prime Minister Nouri al-Maliki","{""do_sample"": true, ""temperature"": 1.0, ""top_p"": 0.95, ""top_k"": 50, ""repetition_penalty"": 1.0, ""max_new_tokens"": 128}"
hf.generate,0,1,1289,55,55,"Tulsa race riot survivor: ""Learn how to forgive, but never forget"" SAN FRANCISCO, California (CNN) -- A 100-inch, high definition ","Tulsa race riot survivor: ""Learn how to forgive, but never forget"" SAN FRANCISCO, California (CNN) -- A 100-inch, high definition 3D image of a young black man with a shaved head, wearing a tank top and jeans, is projected onto a large screen in the middle of the room. It is a face that many in the room have seen before, but it has taken on a new significance in this moment. ""This is my cousin,"" says the person standing next to the screen, his voice shaking with emotion. ""He was killed in the Tulsa race riot of 1921."" The scene is part of a documentary film called ""The Tulsa Race Riot,"" which explores the events of that fateful day, when a white mob attacked and burned down the predominantly","3D image of a young black man with a shaved head, wearing a tank top and jeans, is projected onto a large screen in the middle of the room. It is a face that many in the room have seen before, but it has taken on a new significance in this moment. ""This is my cousin,"" says the person standing next to the screen, his voice shaking with emotion. ""He was killed in the Tulsa race riot of 1921."" The scene is part of a documentary film called ""The Tulsa Race Riot,"" which explores the events of that fateful day, when a white mob attacked and burned down the predominantly","{""do_sample"": true, ""temperature"": 1.0, ""top_p"": 0.95, ""top_k"": 50, ""repetition_penalty"": 1.0, ""max_new_tokens"": 128}"
hf.generate,0,1,1291,57,57,When Cait and I found out how easy it is to make ravioli–and with such completely impressive and delicious results!–we ,"When Cait and I found out how easy it is to make ravioli–and with such completely impressive and delicious results!–we  decided to give it a go. After all, what’s more fun than homemade pasta?! So we grabbed some all-purpose flour, eggs, and a pasta machine (which we had lying around) and got to work.
Here’s a basic recipe we followed:
Ingredients:
* 2 cups all-purpose flour
* 2 eggs
* 1 teaspoon salt
* Water (as needed)

Instructions:
1. In a large mixing bowl, combine flour and salt.
2. Make a well in the center of the flour mixture and add eggs.
3. Use a fork to gently incorporate the flour mixture into the eggs, starting"," decided to give it a go. After all, what’s more fun than homemade pasta?! So we grabbed some all-purpose flour, eggs, and a pasta machine (which we had lying around) and got to work.
Here’s a basic recipe we followed:
Ingredients:
* 2 cups all-purpose flour
* 2 eggs
* 1 teaspoon salt
* Water (as needed)

Instructions:
1. In a large mixing bowl, combine flour and salt.
2. Make a well in the center of the flour mixture and add eggs.
3. Use a fork to gently incorporate the flour mixture into the eggs, starting","{""do_sample"": true, ""temperature"": 1.0, ""top_p"": 0.95, ""top_k"": 50, ""repetition_penalty"": 1.0, ""max_new_tokens"": 128}"
hf.generate,0,1,1293,59,59,"It may not have been enough to bring out the skis, but Wood River Valley residents woke up with a ","It may not have been enough to bring out the skis, but Wood River Valley residents woke up with a 4-7 inch blanket of new snow this morning, courtesy of the winter storm that moved through the area last night and this morning.
The storm brought moderate to heavy snowfall to the area, with reports of 6-8 inches falling in some areas, including Ketchum and Sun Valley.
While the snow may not be enough to make for a skier's dream day, it's still a welcome sight for many locals who have been waiting for a significant snowfall.
""It's a great start to the winter season,"" said Mike McKenna, owner of the Sawtooth Club, a popular spot for breakfast and coffee in K","4-7 inch blanket of new snow this morning, courtesy of the winter storm that moved through the area last night and this morning.
The storm brought moderate to heavy snowfall to the area, with reports of 6-8 inches falling in some areas, including Ketchum and Sun Valley.
While the snow may not be enough to make for a skier's dream day, it's still a welcome sight for many locals who have been waiting for a significant snowfall.
""It's a great start to the winter season,"" said Mike McKenna, owner of the Sawtooth Club, a popular spot for breakfast and coffee in K","{""do_sample"": true, ""temperature"": 1.0, ""top_p"": 0.95, ""top_k"": 50, ""repetition_penalty"": 1.0, ""max_new_tokens"": 128}"
hf.generate,0,1,1295,61,61,"Are stoners now a target advertising demographic for fast food companies? Ever since Harold and Kumar went to White Castle, ","Are stoners now a target advertising demographic for fast food companies? Ever since Harold and Kumar went to White Castle, 20-something-year-olds with a penchant for weed and junk food have been a subject of interest for marketers. Now, it seems like fast food chains are courting this demographic with a wave of stoner-themed ads and promotions.
Take, for example, the new Burger King ad campaign featuring a creepy, slow-motion montage of stoners (or at least, people who look like stoners) enjoying the chain's new breakfast sandwiches. The commercial's theme song, ""Lazy Sunday"" by The Cranberries, only adds to the laid-back vibe.
Or consider the ""Blazin' BBQ Rib Sandwich"" promotion at KFC","20-something-year-olds with a penchant for weed and junk food have been a subject of interest for marketers. Now, it seems like fast food chains are courting this demographic with a wave of stoner-themed ads and promotions.
Take, for example, the new Burger King ad campaign featuring a creepy, slow-motion montage of stoners (or at least, people who look like stoners) enjoying the chain's new breakfast sandwiches. The commercial's theme song, ""Lazy Sunday"" by The Cranberries, only adds to the laid-back vibe.
Or consider the ""Blazin' BBQ Rib Sandwich"" promotion at KFC","{""do_sample"": true, ""temperature"": 1.0, ""top_p"": 0.95, ""top_k"": 50, ""repetition_penalty"": 1.0, ""max_new_tokens"": 128}"
hf.generate,0,1,1297,63,63,"Due to Hurricane Irene, parts of New Jersey were declared a federal disaster area this week. Federal funding is available ","Due to Hurricane Irene, parts of New Jersey were declared a federal disaster area this week. Federal funding is available  to help individuals and businesses in those affected areas with various types of disaster-related expenses, such as:
Food, medicine, and other essential items
Temporary housing and travel expenses
Repair or replacement of damaged homes, businesses, and vehicles
In addition, the Federal Emergency Management Agency (FEMA) is providing emergency assistance to survivors, including:
Temporary shelter
Emergency medical services
Counseling and mental health services
If you have questions about the disaster relief process or need assistance with your application, you can contact the FEMA Helpline at 1-800-621-3362 or visit the FEMA website at [www.fema.gov]("," to help individuals and businesses in those affected areas with various types of disaster-related expenses, such as:
Food, medicine, and other essential items
Temporary housing and travel expenses
Repair or replacement of damaged homes, businesses, and vehicles
In addition, the Federal Emergency Management Agency (FEMA) is providing emergency assistance to survivors, including:
Temporary shelter
Emergency medical services
Counseling and mental health services
If you have questions about the disaster relief process or need assistance with your application, you can contact the FEMA Helpline at 1-800-621-3362 or visit the FEMA website at [www.fema.gov](","{""do_sample"": true, ""temperature"": 1.0, ""top_p"": 0.95, ""top_k"": 50, ""repetition_penalty"": 1.0, ""max_new_tokens"": 128}"
hf.generate,0,1,1299,65,65,"As many British visitors to France have learnt to their dismay, if you ask a local, “Parlez-vous anglais?”, the answer ","As many British visitors to France have learnt to their dismay, if you ask a local, “Parlez-vous anglais?”, the answer 99% of the time will be “Non, je ne parle pas anglais”. It seems that the French are not as willing to speak English as we had hoped.
However, there is a silver lining. There are many regions and towns in France that are eager to welcome English speakers and may actually be more likely to speak some English. Here are some of the best places to visit in France where you might find that the locals are more willing to speak English:
1. The French Riviera (Côte d’Azur) - The towns of Nice, Cannes, and Monaco are popular tourist destinations and many locals in the service industry","99% of the time will be “Non, je ne parle pas anglais”. It seems that the French are not as willing to speak English as we had hoped.
However, there is a silver lining. There are many regions and towns in France that are eager to welcome English speakers and may actually be more likely to speak some English. Here are some of the best places to visit in France where you might find that the locals are more willing to speak English:
1. The French Riviera (Côte d’Azur) - The towns of Nice, Cannes, and Monaco are popular tourist destinations and many locals in the service industry","{""do_sample"": true, ""temperature"": 1.0, ""top_p"": 0.95, ""top_k"": 50, ""repetition_penalty"": 1.0, ""max_new_tokens"": 128}"
hf.generate,0,1,1301,67,67,"For professors, publishing in elite journals is an unavoidable part of university life. The grueling process of subjecting work to ","For professors, publishing in elite journals is an unavoidable part of university life. The grueling process of subjecting work to 3-5 rounds of peer review, revisions, and resubmissions is a rite of passage, and the coveted acceptance letter is often the key to tenure, promotions, and even research funding. However, this vaunted system has been under scrutiny in recent years. Many have argued that the dominance of a small group of journals in the scientific community stifles innovation, suppresses alternative perspectives, and perpetuates a culture of exclusivity and competition.
In response to these criticisms, a growing number of researchers have started to question the importance of publishing in the top-tier journals. Some have advocated for a shift in focus towards open-access publishing,","3-5 rounds of peer review, revisions, and resubmissions is a rite of passage, and the coveted acceptance letter is often the key to tenure, promotions, and even research funding. However, this vaunted system has been under scrutiny in recent years. Many have argued that the dominance of a small group of journals in the scientific community stifles innovation, suppresses alternative perspectives, and perpetuates a culture of exclusivity and competition.
In response to these criticisms, a growing number of researchers have started to question the importance of publishing in the top-tier journals. Some have advocated for a shift in focus towards open-access publishing,","{""do_sample"": true, ""temperature"": 1.0, ""top_p"": 0.95, ""top_k"": 50, ""repetition_penalty"": 1.0, ""max_new_tokens"": 128}"
hf.generate,0,1,1303,69,69,"After rebranding from beverages to a blockchain company, Long Blockchain says it is refocusing yet again and launching operations related ","After rebranding from beverages to a blockchain company, Long Blockchain says it is refocusing yet again and launching operations related 4Front Ventures, a cannabis company.
4Front Ventures aims to become a significant player in the burgeoning cannabis industry, providing a range of products and services, including the cultivation, processing, and sale of cannabis and cannabis-derived products.
In a statement, Long Blockchain's CEO, George Schwartz, said, ""We are excited to pivot our company into the rapidly growing cannabis industry, where we believe our expertise in operations and supply chain management can be leveraged to create a successful and sustainable business model.""
Long Blockchain's rebranding and refocusing efforts are a far cry from its origins as a beverage company, which included a failed deal to produce","4Front Ventures, a cannabis company.
4Front Ventures aims to become a significant player in the burgeoning cannabis industry, providing a range of products and services, including the cultivation, processing, and sale of cannabis and cannabis-derived products.
In a statement, Long Blockchain's CEO, George Schwartz, said, ""We are excited to pivot our company into the rapidly growing cannabis industry, where we believe our expertise in operations and supply chain management can be leveraged to create a successful and sustainable business model.""
Long Blockchain's rebranding and refocusing efforts are a far cry from its origins as a beverage company, which included a failed deal to produce","{""do_sample"": true, ""temperature"": 1.0, ""top_p"": 0.95, ""top_k"": 50, ""repetition_penalty"": 1.0, ""max_new_tokens"": 128}"
hf.generate,0,1,1305,71,71,"Noel Gallo, an organ builder who designed a new organ at Xewkija parish church and Paolo Oreni, an international organist ","Noel Gallo, an organ builder who designed a new organ at Xewkija parish church and Paolo Oreni, an international organist 15 years of age, will be among the guests of honour at the Xewkija Folk Festival which is being held on Saturday and Sunday at the village.
Noel Gallo, who is from Austria, has been a guest at the festival in previous years and has always been delighted by the warm welcome he receives from the Maltese public.
Paolo Oreni, on the other hand, is a young Italian organist who has already gained international recognition for his exceptional talent. He will be performing at the festival on Sunday morning, accompanied by the Xewkija Parish Church Choir.
The festival, which is being organized by","15 years of age, will be among the guests of honour at the Xewkija Folk Festival which is being held on Saturday and Sunday at the village.
Noel Gallo, who is from Austria, has been a guest at the festival in previous years and has always been delighted by the warm welcome he receives from the Maltese public.
Paolo Oreni, on the other hand, is a young Italian organist who has already gained international recognition for his exceptional talent. He will be performing at the festival on Sunday morning, accompanied by the Xewkija Parish Church Choir.
The festival, which is being organized by","{""do_sample"": true, ""temperature"": 1.0, ""top_p"": 0.95, ""top_k"": 50, ""repetition_penalty"": 1.0, ""max_new_tokens"": 128}"
hf.generate,0,1,1307,73,73,"Meet Google's Robot Army. It's Growing. Google can't stop buying robotics companies. In the past two months, eight of the ","Meet Google's Robot Army. It's Growing. Google can't stop buying robotics companies. In the past two months, eight of the 13 companies it has acquired have been in the robotics field, reports The New York Times. The company has spent around $400 million on these deals. What's the plan? Google hasn't officially said, but we can make some educated guesses.
Google's robot army has the potential to disrupt various industries. Here are a few possibilities:
1. Healthcare: With a fleet of robots, Google could bring medical care to remote or underserved areas. Robots could perform tasks like telemedicine consultations, patient monitoring, or even assist in surgeries.
2. Manufacturing: Robots could help manufacturing companies increase efficiency, reduce labor costs, and improve product quality.","13 companies it has acquired have been in the robotics field, reports The New York Times. The company has spent around $400 million on these deals. What's the plan? Google hasn't officially said, but we can make some educated guesses.
Google's robot army has the potential to disrupt various industries. Here are a few possibilities:
1. Healthcare: With a fleet of robots, Google could bring medical care to remote or underserved areas. Robots could perform tasks like telemedicine consultations, patient monitoring, or even assist in surgeries.
2. Manufacturing: Robots could help manufacturing companies increase efficiency, reduce labor costs, and improve product quality.","{""do_sample"": true, ""temperature"": 1.0, ""top_p"": 0.95, ""top_k"": 50, ""repetition_penalty"": 1.0, ""max_new_tokens"": 128}"
hf.generate,0,1,1309,75,75,"Michael Schumacher - a seven-time Formula One world champion is ""not bedridden or living on tubes"", it has been reported ","Michael Schumacher - a seven-time Formula One world champion is ""not bedridden or living on tubes"", it has been reported 12 years after a serious skiing accident.
Michael Schumacher is reportedly making progress after a long battle following a skiing accident in 2013. Photo: Getty Images.
The 53-year-old German former racing driver suffered a severe brain injury in a skiing accident in the French Alps on December 29, 2013.
It was initially feared that Schumacher may not survive the accident, but he made a remarkable recovery in the early years after the crash, with his family providing regular updates on his condition.

However, as time went on, updates became less frequent, and Schumacher's condition appeared to plateau.

According to sources","12 years after a serious skiing accident.
Michael Schumacher is reportedly making progress after a long battle following a skiing accident in 2013. Photo: Getty Images.
The 53-year-old German former racing driver suffered a severe brain injury in a skiing accident in the French Alps on December 29, 2013.
It was initially feared that Schumacher may not survive the accident, but he made a remarkable recovery in the early years after the crash, with his family providing regular updates on his condition.

However, as time went on, updates became less frequent, and Schumacher's condition appeared to plateau.

According to sources","{""do_sample"": true, ""temperature"": 1.0, ""top_p"": 0.95, ""top_k"": 50, ""repetition_penalty"": 1.0, ""max_new_tokens"": 128}"
hf.generate,0,1,1311,77,77,"On April 4, 1975, Bill Gates and Paul Allen founded Microsoft. The small firm used to develop and sell BASIC ","On April 4, 1975, Bill Gates and Paul Allen founded Microsoft. The small firm used to develop and sell BASIC 196, an interpreter for the Altair 8800 microcomputer. The BASIC 196 was initially created by Paul Allen and Bill Gates. They sold it for a paltry $3,000 to Micro Instrumentation and Telemetry Systems (MITS). Microsoft's early success led to Microsoft's growth, and the company became a major player in the development of personal computers.
The 1976 year brought Microsoft its first big opportunity. IBM, looking for an operating system for their new personal computer, approached Microsoft. Gates and his team developed a version of the operating system, which they called PC DOS. Microsoft and IBM formed a partnership,","196, an interpreter for the Altair 8800 microcomputer. The BASIC 196 was initially created by Paul Allen and Bill Gates. They sold it for a paltry $3,000 to Micro Instrumentation and Telemetry Systems (MITS). Microsoft's early success led to Microsoft's growth, and the company became a major player in the development of personal computers.
The 1976 year brought Microsoft its first big opportunity. IBM, looking for an operating system for their new personal computer, approached Microsoft. Gates and his team developed a version of the operating system, which they called PC DOS. Microsoft and IBM formed a partnership,","{""do_sample"": true, ""temperature"": 1.0, ""top_p"": 0.95, ""top_k"": 50, ""repetition_penalty"": 1.0, ""max_new_tokens"": 128}"
hf.generate,0,1,1313,79,79,John Beilein and the Michigan Wolverines are one win away from a national title. On Saturday the Wolverines knocked off ,"John Beilein and the Michigan Wolverines are one win away from a national title. On Saturday the Wolverines knocked off 1-seed Oregon 77-70 in the semifinals. The Wolverines are led by their star sophomore, Moe Wagner. Wagner has been incredible throughout the tournament, and he was again tonight. He had 24 points and 15 rebounds to lead the Wolverines to the title game.

Michigan will face 3-seed Villanova in the national championship game. The Wildcats have been dominating teams all tournament, and they'll look to win their second national title in three years. The game will tip off at 9:20 PM ET on Monday night.

Meanwhile, the Kentucky Wildcats had their season come to an end on Friday","1-seed Oregon 77-70 in the semifinals. The Wolverines are led by their star sophomore, Moe Wagner. Wagner has been incredible throughout the tournament, and he was again tonight. He had 24 points and 15 rebounds to lead the Wolverines to the title game.

Michigan will face 3-seed Villanova in the national championship game. The Wildcats have been dominating teams all tournament, and they'll look to win their second national title in three years. The game will tip off at 9:20 PM ET on Monday night.

Meanwhile, the Kentucky Wildcats had their season come to an end on Friday","{""do_sample"": true, ""temperature"": 1.0, ""top_p"": 0.95, ""top_k"": 50, ""repetition_penalty"": 1.0, ""max_new_tokens"": 128}"
hf.generate,0,1,1315,81,81,Two Democratic state representatives from South Florida said Thursday that they've gathered with 33 colleagues to file paperwork with the ,"Two Democratic state representatives from South Florida said Thursday that they've gathered with 33 colleagues to file paperwork with the 2020 Primary Election filing deadline for a proposed constitutional amendment that would automatically register eligible voters in Florida.
Representatives Javier Fernandez, D-South Miami, and Robin Bartleman, D-Weston, held a press conference Thursday to announce their effort. The proposed amendment would automatically register eligible voters in Florida by using existing data from government agencies, such as the Department of Highway Safety and Motor Vehicles, to determine registration eligibility.
The proposed amendment would also allow eligible voters to opt out of registration, provide a mechanism for voters to update their registration information and allow for additional means of verification for voters, according to the representatives.
""This is an important step","2020 Primary Election filing deadline for a proposed constitutional amendment that would automatically register eligible voters in Florida.
Representatives Javier Fernandez, D-South Miami, and Robin Bartleman, D-Weston, held a press conference Thursday to announce their effort. The proposed amendment would automatically register eligible voters in Florida by using existing data from government agencies, such as the Department of Highway Safety and Motor Vehicles, to determine registration eligibility.
The proposed amendment would also allow eligible voters to opt out of registration, provide a mechanism for voters to update their registration information and allow for additional means of verification for voters, according to the representatives.
""This is an important step","{""do_sample"": true, ""temperature"": 1.0, ""top_p"": 0.95, ""top_k"": 50, ""repetition_penalty"": 1.0, ""max_new_tokens"": 128}"
hf.generate,0,1,1317,83,83,"Hospitals are seeking ways to reduce readmissions, due to new penalties from Medicare. Demand for qualified professionals in the health ","Hospitals are seeking ways to reduce readmissions, due to new penalties from Medicare. Demand for qualified professionals in the health  care industry is expected to grow significantly in the coming years. A bachelor's degree in a healthcare-related field, combined with a master's degree in a related field, such as nursing, public health or health administration, can be a very valuable combination in this industry.
There are many healthcare related fields that you can pursue, such as nursing, public health, health administration, medicine, and more. Your degree in healthcare administration can also provide a strong foundation for pursuing a variety of advanced degrees, such as a master's or doctoral degree, in fields like business, education, or the health sciences. With a strong foundation in healthcare administration, you"," care industry is expected to grow significantly in the coming years. A bachelor's degree in a healthcare-related field, combined with a master's degree in a related field, such as nursing, public health or health administration, can be a very valuable combination in this industry.
There are many healthcare related fields that you can pursue, such as nursing, public health, health administration, medicine, and more. Your degree in healthcare administration can also provide a strong foundation for pursuing a variety of advanced degrees, such as a master's or doctoral degree, in fields like business, education, or the health sciences. With a strong foundation in healthcare administration, you","{""do_sample"": true, ""temperature"": 1.0, ""top_p"": 0.95, ""top_k"": 50, ""repetition_penalty"": 1.0, ""max_new_tokens"": 128}"
hf.generate,0,1,1319,85,85,"OK!'s NYC Fashion Week Blog: Gwen Stefani's L.A.M.B. Can’t make it to NYC for Fashion Week? Don’t worry, OK!’s got ","OK!'s NYC Fashion Week Blog: Gwen Stefani's L.A.M.B. Can’t make it to NYC for Fashion Week? Don’t worry, OK!’s got 411! We’re giving you the scoop on the must-see events, hottest trends and most stylish celebs on the streets of New York City. Check back daily for the latest updates from the city that never sleeps! And stay tuned for exclusive interviews and behind-the-scenes peeks at the biggest shows of the season! [ read more ]
OK!'s NYC Fashion Week Blog: Gwen Stefani's L.A.M.B.
OK!'s NYC Fashion Week Blog: Gwen Stefani's L.A.M.B.
OK!'s NYC Fashion Week Blog: Gwen Stefani's L.A.M.B.
OK!'s NYC Fashion Week Blog: Gwen","411! We’re giving you the scoop on the must-see events, hottest trends and most stylish celebs on the streets of New York City. Check back daily for the latest updates from the city that never sleeps! And stay tuned for exclusive interviews and behind-the-scenes peeks at the biggest shows of the season! [ read more ]
OK!'s NYC Fashion Week Blog: Gwen Stefani's L.A.M.B.
OK!'s NYC Fashion Week Blog: Gwen Stefani's L.A.M.B.
OK!'s NYC Fashion Week Blog: Gwen Stefani's L.A.M.B.
OK!'s NYC Fashion Week Blog: Gwen","{""do_sample"": true, ""temperature"": 1.0, ""top_p"": 0.95, ""top_k"": 50, ""repetition_penalty"": 1.0, ""max_new_tokens"": 128}"
hf.generate,0,1,1321,87,87,"FILE - Guinea security forces, center, face people rioting and burning rubbish and other goods in the streets of Conakry, ","FILE - Guinea security forces, center, face people rioting and burning rubbish and other goods in the streets of Conakry, 24 Oct. 2008. A new report has found that the country's security forces have committed widespread human rights abuses, including killings, torture, and arbitrary detentions. (AP Photo/Abdul K. Tambadou)
Conakry - Guinea's security forces have committed widespread human rights abuses, including killings, torture, and arbitrary detentions, according to a new report by Human Rights Watch.
The 114-page report, released Tuesday, documents abuses committed by Guinea's security forces, particularly the presidential guard and police, against protesters, opposition supporters, and journalists during protests and demonstrations since 2017.
The report is","24 Oct. 2008. A new report has found that the country's security forces have committed widespread human rights abuses, including killings, torture, and arbitrary detentions. (AP Photo/Abdul K. Tambadou)
Conakry - Guinea's security forces have committed widespread human rights abuses, including killings, torture, and arbitrary detentions, according to a new report by Human Rights Watch.
The 114-page report, released Tuesday, documents abuses committed by Guinea's security forces, particularly the presidential guard and police, against protesters, opposition supporters, and journalists during protests and demonstrations since 2017.
The report is","{""do_sample"": true, ""temperature"": 1.0, ""top_p"": 0.95, ""top_k"": 50, ""repetition_penalty"": 1.0, ""max_new_tokens"": 128}"
hf.generate,0,1,1323,89,89,Sunday's college basketball roundup: No. 8 N.C. State women stay unbeaten with rout at U.Va. Do conference hoops tournaments hinder ,"Sunday's college basketball roundup: No. 8 N.C. State women stay unbeaten with rout at U.Va. Do conference hoops tournaments hinder 2023 NCAA tournament selections? Sunday's Virginia sports updates: Richmond football adds 2 assistant coaches, Norfolk State hires women's hoops coach; CNU men win NCAA tournament opener; plus more! Sunday's NCAA tournament roundup: U.Va. men win wild game, reach Sweet 16; Men's College Hoops Notebook: CNU's bid falls short, but Ramblers make it to next round; plus more! Monday's NCAA tournament roundup: U.Va. men stun Houston, advance to Elite Eight; CNU women's bid ends; Virginia sports updates: More on U.Va.'s win, plus updates on Virginia","2023 NCAA tournament selections? Sunday's Virginia sports updates: Richmond football adds 2 assistant coaches, Norfolk State hires women's hoops coach; CNU men win NCAA tournament opener; plus more! Sunday's NCAA tournament roundup: U.Va. men win wild game, reach Sweet 16; Men's College Hoops Notebook: CNU's bid falls short, but Ramblers make it to next round; plus more! Monday's NCAA tournament roundup: U.Va. men stun Houston, advance to Elite Eight; CNU women's bid ends; Virginia sports updates: More on U.Va.'s win, plus updates on Virginia","{""do_sample"": true, ""temperature"": 1.0, ""top_p"": 0.95, ""top_k"": 50, ""repetition_penalty"": 1.0, ""max_new_tokens"": 128}"
hf.generate,0,1,1325,91,91,“All the gold names have been pretty much getting hammered both on the credit side and the equity side for ,"“All the gold names have been pretty much getting hammered both on the credit side and the equity side for 2019, but a lot of those names are still trading at 10-15 times earnings, which is still pretty rich for a 2% 10-year Treasury bond,” said Bob Doll, chief equity strategist at Nuveen Asset Management.
Doll suggested that investors should look to more value-oriented names in areas like technology, industrials and healthcare, which are not as highly valued and could benefit from a potential recession.
Another approach is to focus on companies with strong balance sheets, that have a proven ability to weather economic downturns, according to Doll. “You could make the case that some of the consumer staples, some of","2019, but a lot of those names are still trading at 10-15 times earnings, which is still pretty rich for a 2% 10-year Treasury bond,” said Bob Doll, chief equity strategist at Nuveen Asset Management.
Doll suggested that investors should look to more value-oriented names in areas like technology, industrials and healthcare, which are not as highly valued and could benefit from a potential recession.
Another approach is to focus on companies with strong balance sheets, that have a proven ability to weather economic downturns, according to Doll. “You could make the case that some of the consumer staples, some of","{""do_sample"": true, ""temperature"": 1.0, ""top_p"": 0.95, ""top_k"": 50, ""repetition_penalty"": 1.0, ""max_new_tokens"": 128}"
hf.generate,0,1,1327,93,93,"Customers line up to purchase lottery tickets, Monday, Oct. 22, 2018, at La Preferida Superdiscount store in Hialeah, Fla. For ","Customers line up to purchase lottery tickets, Monday, Oct. 22, 2018, at La Preferida Superdiscount store in Hialeah, Fla. For 27 years, the Florida Lottery has paid out more than $33 billion in prizes to players, according to a report released by the state.
Florida's lottery has paid out more than $33 billion in prizes to players over the past 27 years, according to a report released Monday.
The report by the Florida Lottery Research Center shows that since its inception in 1988, the lottery has generated more than $44 billion in revenue for the state. Of that, more than $33 billion has gone to prizes for players, while the remaining amount has gone to retailer commissions, operating expenses and transfers to the State's General Revenue Fund.
The","27 years, the Florida Lottery has paid out more than $33 billion in prizes to players, according to a report released by the state.
Florida's lottery has paid out more than $33 billion in prizes to players over the past 27 years, according to a report released Monday.
The report by the Florida Lottery Research Center shows that since its inception in 1988, the lottery has generated more than $44 billion in revenue for the state. Of that, more than $33 billion has gone to prizes for players, while the remaining amount has gone to retailer commissions, operating expenses and transfers to the State's General Revenue Fund.
The","{""do_sample"": true, ""temperature"": 1.0, ""top_p"": 0.95, ""top_k"": 50, ""repetition_penalty"": 1.0, ""max_new_tokens"": 128}"
hf.generate,0,1,1329,95,95,There're no feet like happy feet and these Rechargeable Heated Slippers will ensure your feet are always happy. Just slip ,"There're no feet like happy feet and these Rechargeable Heated Slippers will ensure your feet are always happy. Just slip 1 or 2 hours into the night and the heat will work its magic. The soft, padded insole will keep your feet cozy and toasty, making them the perfect treat for after a long day. The rechargeable battery provides around 4-6 hours of heat and the easy-to-use controls let you adjust the temperature to your liking.
The slippers are made from soft, comfortable materials and have a slip-resistant sole to prevent slipping and falling. The soft, padded insole will keep your feet cozy and warm, and the heated areas will help to relax your muscles and ease any foot pain. The slippers are also machine","1 or 2 hours into the night and the heat will work its magic. The soft, padded insole will keep your feet cozy and toasty, making them the perfect treat for after a long day. The rechargeable battery provides around 4-6 hours of heat and the easy-to-use controls let you adjust the temperature to your liking.
The slippers are made from soft, comfortable materials and have a slip-resistant sole to prevent slipping and falling. The soft, padded insole will keep your feet cozy and warm, and the heated areas will help to relax your muscles and ease any foot pain. The slippers are also machine","{""do_sample"": true, ""temperature"": 1.0, ""top_p"": 0.95, ""top_k"": 50, ""repetition_penalty"": 1.0, ""max_new_tokens"": 128}"
hf.generate,0,1,1331,97,97,"When Katherine Gotovsky sees a problem, her response is immediate. The gears in her 17-year-old mind start working away, determined ","When Katherine Gotovsky sees a problem, her response is immediate. The gears in her 17-year-old mind start working away, determined 24/7, 365. “I think of solutions all the time,” she says with a smile. This drive and creativity have made Katherine, a junior at Bronx High School of Science, a standout student and budding entrepreneur.
For Katherine, the problem-solving process is a thrill. She loves the feeling of taking on a challenge and working through the various steps to find a solution. Her passion for problem-solving was fueled by her experiences in science fairs, math competitions, and coding camps.
In her free time, Katherine enjoys developing apps and coding games. Her latest project, a to-do list app called Todoist Pro, aims to","24/7, 365. “I think of solutions all the time,” she says with a smile. This drive and creativity have made Katherine, a junior at Bronx High School of Science, a standout student and budding entrepreneur.
For Katherine, the problem-solving process is a thrill. She loves the feeling of taking on a challenge and working through the various steps to find a solution. Her passion for problem-solving was fueled by her experiences in science fairs, math competitions, and coding camps.
In her free time, Katherine enjoys developing apps and coding games. Her latest project, a to-do list app called Todoist Pro, aims to","{""do_sample"": true, ""temperature"": 1.0, ""top_p"": 0.95, ""top_k"": 50, ""repetition_penalty"": 1.0, ""max_new_tokens"": 128}"
hf.generate,0,1,1333,99,99,"A rocket attack by ISIS militants in northern Syria caused symptoms of “chemical gas” in 22 Syrian rebels, state media ","A rocket attack by ISIS militants in northern Syria caused symptoms of “chemical gas” in 22 Syrian rebels, state media  reported.
The attack, which occurred in the rebel-held city of Kafr Nabl, was reportedly carried out by the terrorist group ISIS, which is known for using chemical weapons against civilians.
According to the report, the rocket attack caused symptoms of “chemical gas” in 22 Syrian rebels, including difficulty breathing, dizziness, and skin irritation.
The attack was reportedly launched from the ISIS-controlled city of Manbij, which is located about 30 miles north of Kafr Nabl.
The incident comes as the Syrian government and its allies are pushing to retake the city of Idlib, which is controlled by the Hayat T"," reported.
The attack, which occurred in the rebel-held city of Kafr Nabl, was reportedly carried out by the terrorist group ISIS, which is known for using chemical weapons against civilians.
According to the report, the rocket attack caused symptoms of “chemical gas” in 22 Syrian rebels, including difficulty breathing, dizziness, and skin irritation.
The attack was reportedly launched from the ISIS-controlled city of Manbij, which is located about 30 miles north of Kafr Nabl.
The incident comes as the Syrian government and its allies are pushing to retake the city of Idlib, which is controlled by the Hayat T","{""do_sample"": true, ""temperature"": 1.0, ""top_p"": 0.95, ""top_k"": 50, ""repetition_penalty"": 1.0, ""max_new_tokens"": 128}"
hf.generate,0,1,1335,101,101,And yet the Cardinals are in position to complete a three-game sweep of the Cubs on Sunday night after erasing ,"And yet the Cardinals are in position to complete a three-game sweep of the Cubs on Sunday night after erasing 3-0 and 4-3 deficits with dramatic late-inning rallies in the first two games of the series.
After blowing a two-run lead in the ninth inning in the opener, St. Louis trailed the Cubs 4-3 in the eighth inning of Game 2. But the Cardinals scored five runs in the bottom of the frame to take the lead for good in a 9-4 victory.
The Cardinals will attempt to finish off the sweep on Sunday night behind the pitching of Miles Mikolas, who is 1-2 with a 5.40 ERA in six starts against the Cubs since the start of last season","3-0 and 4-3 deficits with dramatic late-inning rallies in the first two games of the series.
After blowing a two-run lead in the ninth inning in the opener, St. Louis trailed the Cubs 4-3 in the eighth inning of Game 2. But the Cardinals scored five runs in the bottom of the frame to take the lead for good in a 9-4 victory.
The Cardinals will attempt to finish off the sweep on Sunday night behind the pitching of Miles Mikolas, who is 1-2 with a 5.40 ERA in six starts against the Cubs since the start of last season","{""do_sample"": true, ""temperature"": 1.0, ""top_p"": 0.95, ""top_k"": 50, ""repetition_penalty"": 1.0, ""max_new_tokens"": 128}"
hf.generate,0,1,1337,103,103,LUCERNE VALLEY — A motorist on Thursday morning found the body of a bicyclist who had been struck by a ,"LUCERNE VALLEY — A motorist on Thursday morning found the body of a bicyclist who had been struck by a 1997 Toyota pickup truck on Highway 18, authorities said.
The crash occurred about 4:15 a.m. in the northbound lanes of Highway 18, just north of the Lucerne Valley Road overcrossing, according to the California Highway Patrol.
The driver of the Toyota pickup, a 36-year-old San Bernardino man, stopped at the scene and called 911, the CHP said.
The bicyclist, whose identity has not been released, was pronounced dead at the scene, the San Bernardino County Coroner’s Office reported.
The motorist was cooperative with investigators and has not been cited or arrested, the CHP said","1997 Toyota pickup truck on Highway 18, authorities said.
The crash occurred about 4:15 a.m. in the northbound lanes of Highway 18, just north of the Lucerne Valley Road overcrossing, according to the California Highway Patrol.
The driver of the Toyota pickup, a 36-year-old San Bernardino man, stopped at the scene and called 911, the CHP said.
The bicyclist, whose identity has not been released, was pronounced dead at the scene, the San Bernardino County Coroner’s Office reported.
The motorist was cooperative with investigators and has not been cited or arrested, the CHP said","{""do_sample"": true, ""temperature"": 1.0, ""top_p"": 0.95, ""top_k"": 50, ""repetition_penalty"": 1.0, ""max_new_tokens"": 128}"
hf.generate,0,1,1339,105,105,"TOPEKA, Kan. (WIBW) -- With a snowstorm (and possible blizzard) moving, many of us will spend Sunday indoors. And, while ","TOPEKA, Kan. (WIBW) -- With a snowstorm (and possible blizzard) moving, many of us will spend Sunday indoors. And, while 24News and other stations will be keeping you informed of the latest weather updates, we've also got some fun activities to keep you entertained during the day.

First, let's talk about our Snow-Day Bingo challenge. We want to see what you're up to while stuck inside, so grab a bingo card (we've got one below) and mark off the squares as you complete different activities. Share your bingo cards with us on social media using the hashtag #SnowDayBingo, and we might even feature you on our page!

Here are some other fun things to do today:

1. Have a movie marathon: Pick your favorite films","24News and other stations will be keeping you informed of the latest weather updates, we've also got some fun activities to keep you entertained during the day.

First, let's talk about our Snow-Day Bingo challenge. We want to see what you're up to while stuck inside, so grab a bingo card (we've got one below) and mark off the squares as you complete different activities. Share your bingo cards with us on social media using the hashtag #SnowDayBingo, and we might even feature you on our page!

Here are some other fun things to do today:

1. Have a movie marathon: Pick your favorite films","{""do_sample"": true, ""temperature"": 1.0, ""top_p"": 0.95, ""top_k"": 50, ""repetition_penalty"": 1.0, ""max_new_tokens"": 128}"
hf.generate,0,1,1341,107,107,"Rockland — Maine-based nonprofit WindowDressers coordinates community volunteers to build affordable, re-usable, interior insulating window inserts that tighten up existing ","Rockland — Maine-based nonprofit WindowDressers coordinates community volunteers to build affordable, re-usable, interior insulating window inserts that tighten up existing 1x1/2"" and 1x3/4"" wooden window frames.
WindowDressers' mission is to increase energy efficiency, reduce heating costs, and create a more comfortable living space for homeowners, especially those on a fixed income.
To donate or receive a window insert, contact WindowDressers at [info@windowdressers.org](mailto:info@windowdressers.org) or 207-442-6166.
More information is available at windowdressers.org. WindowDressers serves Camden Hills, Midcoast and Western Maine regions. They are always looking for volunteers and donations to help with","1x1/2"" and 1x3/4"" wooden window frames.
WindowDressers' mission is to increase energy efficiency, reduce heating costs, and create a more comfortable living space for homeowners, especially those on a fixed income.
To donate or receive a window insert, contact WindowDressers at [info@windowdressers.org](mailto:info@windowdressers.org) or 207-442-6166.
More information is available at windowdressers.org. WindowDressers serves Camden Hills, Midcoast and Western Maine regions. They are always looking for volunteers and donations to help with","{""do_sample"": true, ""temperature"": 1.0, ""top_p"": 0.95, ""top_k"": 50, ""repetition_penalty"": 1.0, ""max_new_tokens"": 128}"
hf.generate,0,1,1343,109,109,"The Volstead Act was repealed on this date in 1933, returning control of alcohol to the states, and it was ","The Volstead Act was repealed on this date in 1933, returning control of alcohol to the states, and it was 15 years before the United States would see a national prohibition again.
On this date in 1933, the Cullen-Harrison Act was signed into law, which allowed for the manufacture, transportation, and sale of low-alcohol drinks, such as beer and wine, and it was a major step towards the end of Prohibition.
However, it wasn't until December 5, 1933, that Prohibition was officially repealed when the 21st Amendment to the Constitution was ratified, allowing states to regulate alcohol once again. And in 1934, President Franklin D. Roosevelt signed the Federal alcohol Tax Act, which established the","15 years before the United States would see a national prohibition again.
On this date in 1933, the Cullen-Harrison Act was signed into law, which allowed for the manufacture, transportation, and sale of low-alcohol drinks, such as beer and wine, and it was a major step towards the end of Prohibition.
However, it wasn't until December 5, 1933, that Prohibition was officially repealed when the 21st Amendment to the Constitution was ratified, allowing states to regulate alcohol once again. And in 1934, President Franklin D. Roosevelt signed the Federal alcohol Tax Act, which established the","{""do_sample"": true, ""temperature"": 1.0, ""top_p"": 0.95, ""top_k"": 50, ""repetition_penalty"": 1.0, ""max_new_tokens"": 128}"
hf.generate,0,1,1345,111,111,"Ronny Deila blamed a rutted, ploughed Hampden pitch for his side's failure to inflict League Cup embarrassment upon Rangers. Denying ","Ronny Deila blamed a rutted, ploughed Hampden pitch for his side's failure to inflict League Cup embarrassment upon Rangers. Denying 10-man Celtic a chance to win the tie, the Gers' goalkeeper Wes Foderingham claimed the pitch as much as the referee had against his side.
It was no surprise, therefore, that Deila should highlight the pitch as a contributory factor in his team's defeat. He said: ""I think the pitch had a big impact on the game. We played some good football but it was difficult to get the ball down and play our normal way.
""Their goalkeeper had some easy saves because of the condition of the pitch. It was like a ploughed field, it was that bad. We had some decent chances but","10-man Celtic a chance to win the tie, the Gers' goalkeeper Wes Foderingham claimed the pitch as much as the referee had against his side.
It was no surprise, therefore, that Deila should highlight the pitch as a contributory factor in his team's defeat. He said: ""I think the pitch had a big impact on the game. We played some good football but it was difficult to get the ball down and play our normal way.
""Their goalkeeper had some easy saves because of the condition of the pitch. It was like a ploughed field, it was that bad. We had some decent chances but","{""do_sample"": true, ""temperature"": 1.0, ""top_p"": 0.95, ""top_k"": 50, ""repetition_penalty"": 1.0, ""max_new_tokens"": 128}"
hf.generate,0,1,1347,113,113,Why do CEOs need extravagant perks even when they are firing staff and pleading for taxpayer bailouts? It may just ,"Why do CEOs need extravagant perks even when they are firing staff and pleading for taxpayer bailouts? It may just  be because they think they're worth it. After all, someone with a multi-million dollar net worth might justifiably believe they're entitled to a private jet, a golf course, and a personal assistant.
But here's the thing: in times of economic crisis, people aren't just asking for more accountability, they're demanding it. They want to know that those who are entrusted with their hard-earned tax dollars are going to use them wisely and fairly, not squander them on luxury items.
And let's be real: a private jet is not just a perk, it's a symbol of a culture of entitlement and a"," be because they think they're worth it. After all, someone with a multi-million dollar net worth might justifiably believe they're entitled to a private jet, a golf course, and a personal assistant.
But here's the thing: in times of economic crisis, people aren't just asking for more accountability, they're demanding it. They want to know that those who are entrusted with their hard-earned tax dollars are going to use them wisely and fairly, not squander them on luxury items.
And let's be real: a private jet is not just a perk, it's a symbol of a culture of entitlement and a","{""do_sample"": true, ""temperature"": 1.0, ""top_p"": 0.95, ""top_k"": 50, ""repetition_penalty"": 1.0, ""max_new_tokens"": 128}"
hf.generate,0,1,1349,115,115,Northeastern International Airways suspended service on all but one of its routes after an unsuccessful attempt to attract passengers with ,"Northeastern International Airways suspended service on all but one of its routes after an unsuccessful attempt to attract passengers with 5-cent fares.
The Miami-based airline had been struggling to fill its planes since it began offering the low fares in late March. Despite the efforts, the airline's load factors remained low, leading to financial losses.
In a statement, the airline said it was suspending service on all routes except for its Miami-New Orleans route, which has been more profitable. The airline said it would use the time to re-evaluate its operations and marketing strategy.
Northeastern International Airways had operated for about a year, offering service to several cities in the southeastern United States. The airline's 5-cent fare promotion was an attempt to attract passengers and","5-cent fares.
The Miami-based airline had been struggling to fill its planes since it began offering the low fares in late March. Despite the efforts, the airline's load factors remained low, leading to financial losses.
In a statement, the airline said it was suspending service on all routes except for its Miami-New Orleans route, which has been more profitable. The airline said it would use the time to re-evaluate its operations and marketing strategy.
Northeastern International Airways had operated for about a year, offering service to several cities in the southeastern United States. The airline's 5-cent fare promotion was an attempt to attract passengers and","{""do_sample"": true, ""temperature"": 1.0, ""top_p"": 0.95, ""top_k"": 50, ""repetition_penalty"": 1.0, ""max_new_tokens"": 128}"
hf.generate,0,1,1351,117,117,"DAVIDSON, N.C., Jan. 10, 2019 /PRNewswire/ -- Rocus Networks, a managed cybersecurity service provider for business, announced today that it ","DAVIDSON, N.C., Jan. 10, 2019 /PRNewswire/ -- Rocus Networks, a managed cybersecurity service provider for business, announced today that it  has been selected as a Top 10 Cybersecurity Company in North Carolina by The Silicon Review.
The Silicon Review's Top 10 Cybersecurity Companies in North Carolina list recognizes companies that provide innovative and effective cybersecurity solutions to businesses of all sizes. Companies were evaluated based on their ability to provide cutting-edge cybersecurity solutions, their commitment to customer service, and their reputation in the industry.
""We are thrilled to be recognized as one of the top cybersecurity companies in North Carolina,"" said Chris Sturgill, CEO of Rocus Networks. ""At Rocus Networks, our mission is to help businesses protect their data and digital assets from the ever-evolving threat"," has been selected as a Top 10 Cybersecurity Company in North Carolina by The Silicon Review.
The Silicon Review's Top 10 Cybersecurity Companies in North Carolina list recognizes companies that provide innovative and effective cybersecurity solutions to businesses of all sizes. Companies were evaluated based on their ability to provide cutting-edge cybersecurity solutions, their commitment to customer service, and their reputation in the industry.
""We are thrilled to be recognized as one of the top cybersecurity companies in North Carolina,"" said Chris Sturgill, CEO of Rocus Networks. ""At Rocus Networks, our mission is to help businesses protect their data and digital assets from the ever-evolving threat","{""do_sample"": true, ""temperature"": 1.0, ""top_p"": 0.95, ""top_k"": 50, ""repetition_penalty"": 1.0, ""max_new_tokens"": 128}"
hf.generate,0,1,1353,119,119,McDonald’s jumped 5.3 percent after the world’s biggest fast-food chain by revenue topped analysts’ forecasts for profit and sales. Shares ,"McDonald’s jumped 5.3 percent after the world’s biggest fast-food chain by revenue topped analysts’ forecasts for profit and sales. Shares 2022, 2023, and 2024.
The Q4 earnings release on Wednesday, January 25, 2023:
The McDonald's Corporation (MCD) Q4 2022 Earnings Conference Call
Time: 9:30 a.m. EST
To access the call, please dial (800) 458-4121 for US participants, or (323) 794-2598 for international participants, approximately 10 minutes prior to the scheduled start time. The conference ID is 6554544.
Webcast: A live webcast of the call will be available at https://www.mcd","2022, 2023, and 2024.
The Q4 earnings release on Wednesday, January 25, 2023:
The McDonald's Corporation (MCD) Q4 2022 Earnings Conference Call
Time: 9:30 a.m. EST
To access the call, please dial (800) 458-4121 for US participants, or (323) 794-2598 for international participants, approximately 10 minutes prior to the scheduled start time. The conference ID is 6554544.
Webcast: A live webcast of the call will be available at https://www.mcd","{""do_sample"": true, ""temperature"": 1.0, ""top_p"": 0.95, ""top_k"": 50, ""repetition_penalty"": 1.0, ""max_new_tokens"": 128}"
hf.generate,0,1,1355,121,121,Hull - Where the US goes the UK often follows. This is especially true of negatives. If the US has ,"Hull - Where the US goes the UK often follows. This is especially true of negatives. If the US has 2 million vacant homes, then the UK will likely have 1 million vacant homes. The US has seen a significant rise in foreclosures and vacant homes, with many areas having huge surpluses of vacant homes. The UK is not as bad, but is still feeling the effects of the financial crisis. So, the number of vacant homes is likely to continue to rise.
It is also worth noting that the UK's housing market is highly segmented, with different areas having very different housing markets. The South East of England, for example, is a highly sought after area with a very expensive housing market. The North East, on the","2 million vacant homes, then the UK will likely have 1 million vacant homes. The US has seen a significant rise in foreclosures and vacant homes, with many areas having huge surpluses of vacant homes. The UK is not as bad, but is still feeling the effects of the financial crisis. So, the number of vacant homes is likely to continue to rise.
It is also worth noting that the UK's housing market is highly segmented, with different areas having very different housing markets. The South East of England, for example, is a highly sought after area with a very expensive housing market. The North East, on the","{""do_sample"": true, ""temperature"": 1.0, ""top_p"": 0.95, ""top_k"": 50, ""repetition_penalty"": 1.0, ""max_new_tokens"": 128}"
hf.generate,0,1,1357,123,123,"GRANT COUNTY, N.M. - ""Everywhere I go, the kids call me the book lady,"" Dolly Parton said. She may be ","GRANT COUNTY, N.M. - ""Everywhere I go, the kids call me the book lady,"" Dolly Parton said. She may be 71 years old, but she still has a twinkle in her eye and a heart full of kindness.
The Queen of Country Music has always been a bit of a bookworm, and her passion for literacy has led her to create an organization called Imagination Library. The program provides free books to children from birth to age five in participating communities.
""I think that every child should have a book to call their own,"" Dolly said. ""It's not just about having a book, it's about having a friend who will come and visit you every month.""
In Grant County, the Imagination Library has been a huge success. More than","71 years old, but she still has a twinkle in her eye and a heart full of kindness.
The Queen of Country Music has always been a bit of a bookworm, and her passion for literacy has led her to create an organization called Imagination Library. The program provides free books to children from birth to age five in participating communities.
""I think that every child should have a book to call their own,"" Dolly said. ""It's not just about having a book, it's about having a friend who will come and visit you every month.""
In Grant County, the Imagination Library has been a huge success. More than","{""do_sample"": true, ""temperature"": 1.0, ""top_p"": 0.95, ""top_k"": 50, ""repetition_penalty"": 1.0, ""max_new_tokens"": 128}"
hf.generate,0,1,1359,125,125,"While many restaurants in New York City have close relationships with farmers, and boast unimpeachable farm-to-table ethics, far fewer have ","While many restaurants in New York City have close relationships with farmers, and boast unimpeachable farm-to-table ethics, far fewer have 500 acres of their own farmland. But that's exactly what the folks at Blue Hill have managed to do, with the opening of Stone Barns Center for Food and Agriculture in Pocantico Hills, New York.
The farm is an extension of the Blue Hill restaurant in Manhattan, which has long been a hub for farm-to-table cuisine. Chef and owner Dan Barber, who has been a pioneer in the farm-to-table movement, wanted to take the concept to the next level by creating a sustainable, organic farm that would provide the freshest ingredients for his restaurant, as well as serve as a model for sustainable agriculture.
The ","500 acres of their own farmland. But that's exactly what the folks at Blue Hill have managed to do, with the opening of Stone Barns Center for Food and Agriculture in Pocantico Hills, New York.
The farm is an extension of the Blue Hill restaurant in Manhattan, which has long been a hub for farm-to-table cuisine. Chef and owner Dan Barber, who has been a pioneer in the farm-to-table movement, wanted to take the concept to the next level by creating a sustainable, organic farm that would provide the freshest ingredients for his restaurant, as well as serve as a model for sustainable agriculture.
The ","{""do_sample"": true, ""temperature"": 1.0, ""top_p"": 0.95, ""top_k"": 50, ""repetition_penalty"": 1.0, ""max_new_tokens"": 128}"
hf.generate,0,1,1361,127,127,T-Mobile has just rolled out a service called HotSpot @Homethat allows you to use a WiFi-enabled cell phone to make ,"T-Mobile has just rolled out a service called HotSpot @Homethat allows you to use a WiFi-enabled cell phone to make 3G calls on your home network. The service is available to T-Mobile customers with a 3G-enabled phone and a qualifying rate plan, and it doesn’t require any additional hardware or setup.

With HotSpot @Home, you can take your 3G call anywhere in your home using your WiFi-enabled cell phone. This means you can make calls from anywhere in your home without having to worry about roaming fees or finding a good cell signal. You can also use the service to make calls on your home phone number, just like you would with a landline.

Here are the details of the service:

* Available to T-Mobile customers","3G calls on your home network. The service is available to T-Mobile customers with a 3G-enabled phone and a qualifying rate plan, and it doesn’t require any additional hardware or setup.

With HotSpot @Home, you can take your 3G call anywhere in your home using your WiFi-enabled cell phone. This means you can make calls from anywhere in your home without having to worry about roaming fees or finding a good cell signal. You can also use the service to make calls on your home phone number, just like you would with a landline.

Here are the details of the service:

* Available to T-Mobile customers","{""do_sample"": true, ""temperature"": 1.0, ""top_p"": 0.95, ""top_k"": 50, ""repetition_penalty"": 1.0, ""max_new_tokens"": 128}"
hf.generate,0,1,1363,129,129,"""Oh, you are stuck on homework problem number 13? I found a solution on YouTube. That helped a lot. Just ","""Oh, you are stuck on homework problem number 13? I found a solution on YouTube. That helped a lot. Just 15 minutes of my time and I was ready to move on to the next challenge!""
This student's comment highlights a common theme in today's learning landscape: digital assistance. Many students rely on online resources, such as YouTube videos, Khan Academy lessons, and online forums, to help them with their homework and studies.

As educators, we are often concerned about the quality of these resources and their potential impact on students' learning. On one hand, digital assistance can provide immediate support and make learning more engaging and fun. On the other hand, it can also distract students, create misinformation, and undermine their ability to develop critical thinking and problem-solving","15 minutes of my time and I was ready to move on to the next challenge!""
This student's comment highlights a common theme in today's learning landscape: digital assistance. Many students rely on online resources, such as YouTube videos, Khan Academy lessons, and online forums, to help them with their homework and studies.

As educators, we are often concerned about the quality of these resources and their potential impact on students' learning. On one hand, digital assistance can provide immediate support and make learning more engaging and fun. On the other hand, it can also distract students, create misinformation, and undermine their ability to develop critical thinking and problem-solving","{""do_sample"": true, ""temperature"": 1.0, ""top_p"": 0.95, ""top_k"": 50, ""repetition_penalty"": 1.0, ""max_new_tokens"": 128}"
hf.generate,0,1,1365,131,131,Up to an inch of snow is likely on the Eastern Shore and up into Sussex County Friday afternoon. Below-freezing ,"Up to an inch of snow is likely on the Eastern Shore and up into Sussex County Friday afternoon. Below-freezing  temperatures overnight will leave some areas with icy patches. (Source: NWS)
A Winter Weather Advisory has been issued for the Eastern Shore and parts of Delaware ahead of a winter storm expected to bring snow and icy conditions on Friday.
The National Weather Service (NWS) issued the advisory early Friday morning, calling for up to an inch of snow and a light glaze of ice to form on roads and bridges.
“Snowfall rates will be light to moderate, but the low-elevation areas and coastal regions will likely see the highest totals,” the NWS said in a statement. “The snow will fall during the afternoon and evening hours"," temperatures overnight will leave some areas with icy patches. (Source: NWS)
A Winter Weather Advisory has been issued for the Eastern Shore and parts of Delaware ahead of a winter storm expected to bring snow and icy conditions on Friday.
The National Weather Service (NWS) issued the advisory early Friday morning, calling for up to an inch of snow and a light glaze of ice to form on roads and bridges.
“Snowfall rates will be light to moderate, but the low-elevation areas and coastal regions will likely see the highest totals,” the NWS said in a statement. “The snow will fall during the afternoon and evening hours","{""do_sample"": true, ""temperature"": 1.0, ""top_p"": 0.95, ""top_k"": 50, ""repetition_penalty"": 1.0, ""max_new_tokens"": 128}"
hf.generate,0,1,1367,133,133,"It’s dense, interesting, weird and funny, but what it’s all wrapped around is another “Chosen One” story that really feels ","It’s dense, interesting, weird and funny, but what it’s all wrapped around is another “Chosen One” story that really feels 100% overdone. The world-building is intriguing, especially when it comes to the mystical forces at play, but it feels like we’ve seen it all before. Our hero is a familiar archetype, with a somewhat interesting twist, but we don’t get to see him grow or evolve much throughout the story. The side characters are more interesting, but they’re not fully fleshed out either. The plot is complex, but it’s also overly long and meandering. The pacing is slow, and the story feels like it’s dragging on for far too long.
I think what ultimately keeps this book from being a full-on failure is that","100% overdone. The world-building is intriguing, especially when it comes to the mystical forces at play, but it feels like we’ve seen it all before. Our hero is a familiar archetype, with a somewhat interesting twist, but we don’t get to see him grow or evolve much throughout the story. The side characters are more interesting, but they’re not fully fleshed out either. The plot is complex, but it’s also overly long and meandering. The pacing is slow, and the story feels like it’s dragging on for far too long.
I think what ultimately keeps this book from being a full-on failure is that","{""do_sample"": true, ""temperature"": 1.0, ""top_p"": 0.95, ""top_k"": 50, ""repetition_penalty"": 1.0, ""max_new_tokens"": 128}"
hf.generate,0,1,1369,135,135,"Maddie Hinch and her England team-mates should be proud of their Hockey Women’s World Cup exploits, according to their head ","Maddie Hinch and her England team-mates should be proud of their Hockey Women’s World Cup exploits, according to their head  coach Mark Hager.
Hager’s side fell to a 2-1 defeat to Netherlands in the bronze medal match, but they still finish the tournament in seventh place.
Hinch, who is England’s captain, has been outstanding throughout the competition and was praised by Hager for her performances.
The England coach said: “Maddie has been incredible, she’s been our best player throughout this tournament. She’s been amazing in goal and has made some huge saves for us.
“I think she’s had a phenomenal tournament, but it’s not just about her. The whole team has been great and we should be proud"," coach Mark Hager.
Hager’s side fell to a 2-1 defeat to Netherlands in the bronze medal match, but they still finish the tournament in seventh place.
Hinch, who is England’s captain, has been outstanding throughout the competition and was praised by Hager for her performances.
The England coach said: “Maddie has been incredible, she’s been our best player throughout this tournament. She’s been amazing in goal and has made some huge saves for us.
“I think she’s had a phenomenal tournament, but it’s not just about her. The whole team has been great and we should be proud","{""do_sample"": true, ""temperature"": 1.0, ""top_p"": 0.95, ""top_k"": 50, ""repetition_penalty"": 1.0, ""max_new_tokens"": 128}"
hf.generate,0,1,1371,137,137,"Anna C. Christensen has been a supporter of family planning since high school, when she stuffed envelopes as a volunteer ","Anna C. Christensen has been a supporter of family planning since high school, when she stuffed envelopes as a volunteer 4-H representative for Planned Parenthood. Today, as the executive director of the National Coalition of STD Directors (NCSD), she continues to advocate for affordable, accessible, and comprehensive sexual and reproductive health services.
As executive director, Christensen oversees the national organization that represents the interests of state and local STD program directors. NCSD promotes evidence-based policies, provides technical assistance, and supports research and education initiatives to address the growing public health threats posed by sexually transmitted diseases (STDs).
Christensen has spent her career working in the fields of public health, non-profit management, and advocacy. Before joining NCSD, she served as the executive director","4-H representative for Planned Parenthood. Today, as the executive director of the National Coalition of STD Directors (NCSD), she continues to advocate for affordable, accessible, and comprehensive sexual and reproductive health services.
As executive director, Christensen oversees the national organization that represents the interests of state and local STD program directors. NCSD promotes evidence-based policies, provides technical assistance, and supports research and education initiatives to address the growing public health threats posed by sexually transmitted diseases (STDs).
Christensen has spent her career working in the fields of public health, non-profit management, and advocacy. Before joining NCSD, she served as the executive director","{""do_sample"": true, ""temperature"": 1.0, ""top_p"": 0.95, ""top_k"": 50, ""repetition_penalty"": 1.0, ""max_new_tokens"": 128}"
hf.generate,0,1,1373,139,139,Jesse Winker will undergo season-ending shoulder surgery. He was batting .299 this year with 7 homers and 43 RBI. Throughout ,"Jesse Winker will undergo season-ending shoulder surgery. He was batting.299 this year with 7 homers and 43 RBI. Throughout 2022, he struggled with shoulder pain, and despite his best efforts, he couldn't shake it off. The Reds will be losing a solid bat from their lineup, as Winker was having a good year despite the injury issues. He's expected to make a full recovery for the 2023 season, so this is just a short-term setback for him. Source: ESPN
Dylan Floro has been placed on the 15-day injured list with a right elbow strain. Floro has been a reliable reliever for the Reds this season, posting a 2.59 ERA and 1.08 WHIP over 24","2022, he struggled with shoulder pain, and despite his best efforts, he couldn't shake it off. The Reds will be losing a solid bat from their lineup, as Winker was having a good year despite the injury issues. He's expected to make a full recovery for the 2023 season, so this is just a short-term setback for him. Source: ESPN
Dylan Floro has been placed on the 15-day injured list with a right elbow strain. Floro has been a reliable reliever for the Reds this season, posting a 2.59 ERA and 1.08 WHIP over 24","{""do_sample"": true, ""temperature"": 1.0, ""top_p"": 0.95, ""top_k"": 50, ""repetition_penalty"": 1.0, ""max_new_tokens"": 128}"
hf.generate,0,1,1375,141,141,Combined company will make Chevron second-largest petroleum producer in the world. The combined company will remain far behind Exxon Mobil ,"Combined company will make Chevron second-largest petroleum producer in the world. The combined company will remain far behind Exxon Mobil 3rd in the ranking of the world's largest companies in terms of revenue.
Chevron and Anadarko Petroleum Corporation announced on April 12, 2019, that they have entered into a definitive agreement under which Chevron will acquire Anadarko Petroleum Corporation for $33 billion in cash and stock. The acquisition, subject to approval by regulators and Anadarko's shareholders, would create the second-largest petroleum producer in the world, with a combined output of approximately 3.3 million barrels of crude oil per day. The deal is expected to close in mid-2019.
As part of the agreement, Anad","3rd in the ranking of the world's largest companies in terms of revenue.
Chevron and Anadarko Petroleum Corporation announced on April 12, 2019, that they have entered into a definitive agreement under which Chevron will acquire Anadarko Petroleum Corporation for $33 billion in cash and stock. The acquisition, subject to approval by regulators and Anadarko's shareholders, would create the second-largest petroleum producer in the world, with a combined output of approximately 3.3 million barrels of crude oil per day. The deal is expected to close in mid-2019.
As part of the agreement, Anad","{""do_sample"": true, ""temperature"": 1.0, ""top_p"": 0.95, ""top_k"": 50, ""repetition_penalty"": 1.0, ""max_new_tokens"": 128}"
hf.generate,0,1,1377,143,143,"YOKOHAMA, Japan – Nissan Motor Co. announced it has licensed its Around View Monitor and Moving Object Detection technology, jointly ","YOKOHAMA, Japan – Nissan Motor Co. announced it has licensed its Around View Monitor and Moving Object Detection technology, jointly  developed with Murata Manufacturing Co., to other automakers.
The Around View Monitor provides a 360-degree, top-down view of the vehicle's surroundings, making it easier for drivers to park and maneuver in tight spaces. The Moving Object Detection technology, which is integrated with the Around View Monitor, can detect moving objects within the vehicle's blind spots and alert the driver.
Nissan, which first introduced these technologies in its production vehicles in 2007, has received numerous awards and recognition for its innovative safety features. The company has now licensed these technologies to other automakers, enabling them to integrate these features into their own vehicles and enhance the"," developed with Murata Manufacturing Co., to other automakers.
The Around View Monitor provides a 360-degree, top-down view of the vehicle's surroundings, making it easier for drivers to park and maneuver in tight spaces. The Moving Object Detection technology, which is integrated with the Around View Monitor, can detect moving objects within the vehicle's blind spots and alert the driver.
Nissan, which first introduced these technologies in its production vehicles in 2007, has received numerous awards and recognition for its innovative safety features. The company has now licensed these technologies to other automakers, enabling them to integrate these features into their own vehicles and enhance the","{""do_sample"": true, ""temperature"": 1.0, ""top_p"": 0.95, ""top_k"": 50, ""repetition_penalty"": 1.0, ""max_new_tokens"": 128}"
hf.generate,0,1,1379,145,145,A concrete slab and 10-foot high block walls with exposed rebar sit behind a chain link fence as an ugly ,"A concrete slab and 10-foot high block walls with exposed rebar sit behind a chain link fence as an ugly 15,000 square foot structure on 4.5 acres of land. The building once housed a factory that made car parts. Photo by Karen Garcia.
A concrete slab and 10-foot high block walls with exposed rebar sit behind a chain link fence as an ugly 15,000 square foot structure on 4.5 acres of land. The building once housed a factory that made car parts.
Photo by Karen Garcia. [To read the full story, click here.]
Tags: abandoned, car parts, concrete, factory, Karen Garcia, rebar, warehouse
← ‘The Forgotten’ – A Study of Abandoned Buildings","15,000 square foot structure on 4.5 acres of land. The building once housed a factory that made car parts. Photo by Karen Garcia.
A concrete slab and 10-foot high block walls with exposed rebar sit behind a chain link fence as an ugly 15,000 square foot structure on 4.5 acres of land. The building once housed a factory that made car parts.
Photo by Karen Garcia. [To read the full story, click here.]
Tags: abandoned, car parts, concrete, factory, Karen Garcia, rebar, warehouse
← ‘The Forgotten’ – A Study of Abandoned Buildings","{""do_sample"": true, ""temperature"": 1.0, ""top_p"": 0.95, ""top_k"": 50, ""repetition_penalty"": 1.0, ""max_new_tokens"": 128}"
hf.generate,0,1,1381,147,147,It may be noted that Air India's was the only service that plied between Madurai and Mumbai. Some passengers pointed ,"It may be noted that Air India's was the only service that plied between Madurai and Mumbai. Some passengers pointed outhat it was a significant inconvenience and a burden on their pocket as they had to pay a high ticket fare to get to Mumbai from Madurai. The service was available for nearly a decade, and it was mainly catering to the business and commercial passengers. However, the airline industry has witnessed many changes, and now, Air India has stopped flying between Madurai and Mumbai. The airline has stopped its Madurai-Mumbai service effective from November 2, 2018. It means the passengers would have to find alternative routes to get to Mumbai from Madurai. It may be noted that the airline industry is highly competitive, and the demand","outhat it was a significant inconvenience and a burden on their pocket as they had to pay a high ticket fare to get to Mumbai from Madurai. The service was available for nearly a decade, and it was mainly catering to the business and commercial passengers. However, the airline industry has witnessed many changes, and now, Air India has stopped flying between Madurai and Mumbai. The airline has stopped its Madurai-Mumbai service effective from November 2, 2018. It means the passengers would have to find alternative routes to get to Mumbai from Madurai. It may be noted that the airline industry is highly competitive, and the demand","{""do_sample"": true, ""temperature"": 1.0, ""top_p"": 0.95, ""top_k"": 50, ""repetition_penalty"": 1.0, ""max_new_tokens"": 128}"
hf.generate,0,1,1383,149,149,"Initiated by Joint Chiefs of Staff Chairman General Nathan Twining and Chief of Naval Operations Admiral Arleigh Burke, and then ","Initiated by Joint Chiefs of Staff Chairman General Nathan Twining and Chief of Naval Operations Admiral Arleigh Burke, and then 4-Star Air Force General Curtis LeMay, Operation Looking Glass was put into place to provide a “real-time” alternative command and control center for the United States’ Strategic Air Command (SAC) forces in the event of a national emergency or surprise attack on the US.
The name “Looking Glass” was chosen because it sounded like a high-tech, futuristic concept. The operation was designed to allow the President, the Secretary of Defense, and the Joint Chiefs to remotely control the SAC, which would, in turn, ensure the nation’s nuclear deterrent remained effective and maintained stability in the event of a crisis.
The Looking Glass operation was launched","4-Star Air Force General Curtis LeMay, Operation Looking Glass was put into place to provide a “real-time” alternative command and control center for the United States’ Strategic Air Command (SAC) forces in the event of a national emergency or surprise attack on the US.
The name “Looking Glass” was chosen because it sounded like a high-tech, futuristic concept. The operation was designed to allow the President, the Secretary of Defense, and the Joint Chiefs to remotely control the SAC, which would, in turn, ensure the nation’s nuclear deterrent remained effective and maintained stability in the event of a crisis.
The Looking Glass operation was launched","{""do_sample"": true, ""temperature"": 1.0, ""top_p"": 0.95, ""top_k"": 50, ""repetition_penalty"": 1.0, ""max_new_tokens"": 128}"
hf.generate,0,1,1385,151,151,"DAVENPORT - Don Skipper, an administrative assistant at Ridge Community High School, was named the school's head boys basketball coach ","DAVENPORT - Don Skipper, an administrative assistant at Ridge Community High School, was named the school's head boys basketball coach 12 years ago. Since then, he has led the Bolts to three district titles, two regional finals and a state tournament appearance.
Skipper, 54, a Davenport native and Ridge graduate, took over the program when it was in disarray. At the time, the team was struggling to find consistency and was in danger of being shut down due to low participation.
Under Skipper's guidance, the Bolts have become a force to be reckoned with in Class 6A, District 11. He has helped develop several talented players who have gone on to play at the next level, including Tyler Barnes, who is","12 years ago. Since then, he has led the Bolts to three district titles, two regional finals and a state tournament appearance.
Skipper, 54, a Davenport native and Ridge graduate, took over the program when it was in disarray. At the time, the team was struggling to find consistency and was in danger of being shut down due to low participation.
Under Skipper's guidance, the Bolts have become a force to be reckoned with in Class 6A, District 11. He has helped develop several talented players who have gone on to play at the next level, including Tyler Barnes, who is","{""do_sample"": true, ""temperature"": 1.0, ""top_p"": 0.95, ""top_k"": 50, ""repetition_penalty"": 1.0, ""max_new_tokens"": 128}"
hf.generate,0,1,1387,153,153,Still image of Lisa Sharon Harper from YouTube. Pastors and lay leaders who represent minority and multiethnic communities and are ,"Still image of Lisa Sharon Harper from YouTube. Pastors and lay leaders who represent minority and multiethnic communities and are 21st-century social media savvy are often the ones who are leading the charge in building bridges and creating cultural shifts within their denominations and communities.
Lisa Sharon Harper, a pastor at The Gathering Oasis in New York City and a prominent Christian social justice activist, is one such leader. On her YouTube channel, ""Speaking Truth in Love,"" Harper shares compelling messages about social justice, racial reconciliation, and Christian living. Her content has gone viral and has reached millions of people around the world.
Recently, Harper wrote an op-ed for The Christian Post, ""Rethinking 'Christian' and 'Culture,'"" in which she highlighted the need for the","21st-century social media savvy are often the ones who are leading the charge in building bridges and creating cultural shifts within their denominations and communities.
Lisa Sharon Harper, a pastor at The Gathering Oasis in New York City and a prominent Christian social justice activist, is one such leader. On her YouTube channel, ""Speaking Truth in Love,"" Harper shares compelling messages about social justice, racial reconciliation, and Christian living. Her content has gone viral and has reached millions of people around the world.
Recently, Harper wrote an op-ed for The Christian Post, ""Rethinking 'Christian' and 'Culture,'"" in which she highlighted the need for the","{""do_sample"": true, ""temperature"": 1.0, ""top_p"": 0.95, ""top_k"": 50, ""repetition_penalty"": 1.0, ""max_new_tokens"": 128}"
hf.generate,0,1,1389,155,155,"It’s amazing what a difference time can make in the way we perceive certain technologies. A few years ago, the ","It’s amazing what a difference time can make in the way we perceive certain technologies. A few years ago, the 3D printer was seen as a futuristic tool for niche industries, but nowadays, it seems like a staple in many makerspaces and even some mainstream retailers.
One such retailer is Staples, which has been selling 3D printers online since 2013. Now, the office supply company is taking its 3D printing capabilities to the next level by offering a new line of 3D printing services in its physical stores.
Staples’ new 3D printing services will allow customers to bring in their own files and have them printed using various materials and technologies. The company says that this service will be available in select stores across the","3D printer was seen as a futuristic tool for niche industries, but nowadays, it seems like a staple in many makerspaces and even some mainstream retailers.
One such retailer is Staples, which has been selling 3D printers online since 2013. Now, the office supply company is taking its 3D printing capabilities to the next level by offering a new line of 3D printing services in its physical stores.
Staples’ new 3D printing services will allow customers to bring in their own files and have them printed using various materials and technologies. The company says that this service will be available in select stores across the","{""do_sample"": true, ""temperature"": 1.0, ""top_p"": 0.95, ""top_k"": 50, ""repetition_penalty"": 1.0, ""max_new_tokens"": 128}"
hf.generate,0,1,1391,157,157,"Boston Marathon Bombing Suspect Enters Not Guilty Pleas In 1st Public Court HearingFor the first plea, Dzhokhar Tsarnaev leaned toward ","Boston Marathon Bombing Suspect Enters Not Guilty Pleas In 1st Public Court HearingFor the first plea, Dzhokhar Tsarnaev leaned toward 27-year-old defense lawyer Judy Clarke, who whispered in his ear. Tsarnaev, 20, responded in a strong voice, ""Not guilty."" He again pleaded not guilty during a second proceeding.
Suspects In Boston Marathon Bombing IndictedBy the U.S. District Court in Boston, Dzhokhar Tsarnaev and his brother, Tamerlan Tsarnaev, were indicted on charges of conspiracy to use a weapon of mass destruction and 12 counts of aiding and abetting the use of a weapon of mass destruction in the bombing, which killed three people and injured more than 260 others.
FBI Releases Photos","27-year-old defense lawyer Judy Clarke, who whispered in his ear. Tsarnaev, 20, responded in a strong voice, ""Not guilty."" He again pleaded not guilty during a second proceeding.
Suspects In Boston Marathon Bombing IndictedBy the U.S. District Court in Boston, Dzhokhar Tsarnaev and his brother, Tamerlan Tsarnaev, were indicted on charges of conspiracy to use a weapon of mass destruction and 12 counts of aiding and abetting the use of a weapon of mass destruction in the bombing, which killed three people and injured more than 260 others.
FBI Releases Photos","{""do_sample"": true, ""temperature"": 1.0, ""top_p"": 0.95, ""top_k"": 50, ""repetition_penalty"": 1.0, ""max_new_tokens"": 128}"
hf.generate,0,1,1393,159,159,"Chee Wei Wong, professor of electrical and computer engineering in the UCLA Samueli School of Engineering, was named a fellow ","Chee Wei Wong, professor of electrical and computer engineering in the UCLA Samueli School of Engineering, was named a fellow  of the Institute of Electrical and Electronics Engineers (IEEE) for his outstanding contributions to the development of advanced materials and devices for electronic and photonic applications.
Wong is a renowned expert in the fields of nanotechnology, materials science, and photonics. His research focuses on the design, synthesis, and characterization of novel materials and devices for applications in areas such as optoelectronics, photovoltaics, and biosensing.
As a fellow of IEEE, Wong will be recognized for his significant technical achievements and his contributions to the advancement of IEEE's technical fields. He will also have the opportunity to participate in IEEE's governing boards and committees"," of the Institute of Electrical and Electronics Engineers (IEEE) for his outstanding contributions to the development of advanced materials and devices for electronic and photonic applications.
Wong is a renowned expert in the fields of nanotechnology, materials science, and photonics. His research focuses on the design, synthesis, and characterization of novel materials and devices for applications in areas such as optoelectronics, photovoltaics, and biosensing.
As a fellow of IEEE, Wong will be recognized for his significant technical achievements and his contributions to the advancement of IEEE's technical fields. He will also have the opportunity to participate in IEEE's governing boards and committees","{""do_sample"": true, ""temperature"": 1.0, ""top_p"": 0.95, ""top_k"": 50, ""repetition_penalty"": 1.0, ""max_new_tokens"": 128}"
hf.generate,0,1,1395,161,161,Viewers will not want to miss Friday’s episode of General Hospital. Spoilers tease that everybody will see lots of juicy ,"Viewers will not want to miss Friday’s episode of General Hospital. Spoilers tease that everybody will see lots of juicy  action, with new developments in the Anna/Robert/Duke triangle. Meanwhile, Sonny Corinthos and Jason Morgan are in danger, and things are heating up for Spencer Cassadine.
Anna Devane (played by Finola Hughes) and Robert Scorpio (played by Tristan Rogers) are getting closer, but so is Duke Lavery (played by Ian Buchanan). Fans know that Duke has been in the shadows, watching Anna, and it seems that he may make a move soon. The situation could get complicated, as Robert has feelings for Anna too, and Duke’s motives are not entirely pure.
In other General Hospital news,"," action, with new developments in the Anna/Robert/Duke triangle. Meanwhile, Sonny Corinthos and Jason Morgan are in danger, and things are heating up for Spencer Cassadine.
Anna Devane (played by Finola Hughes) and Robert Scorpio (played by Tristan Rogers) are getting closer, but so is Duke Lavery (played by Ian Buchanan). Fans know that Duke has been in the shadows, watching Anna, and it seems that he may make a move soon. The situation could get complicated, as Robert has feelings for Anna too, and Duke’s motives are not entirely pure.
In other General Hospital news,","{""do_sample"": true, ""temperature"": 1.0, ""top_p"": 0.95, ""top_k"": 50, ""repetition_penalty"": 1.0, ""max_new_tokens"": 128}"
hf.generate,0,1,1397,163,163,"Tue., May 29, 2018, 10:20 a.m. CAGUAS, Puerto Rico – At least 4,645 people died as a result of Hurricane ","Tue., May 29, 2018, 10:20 a.m. CAGUAS, Puerto Rico – At least 4,645 people died as a result of Hurricane  …
Hurricane Maria devastated Puerto Rico last year, and the island is still recovering from the damage. A report by George Washington University's Milken Institute School of Public Health, along with the Centers for Disease Control and Prevention (CDC), has estimated that at least 4,645 people died in Puerto Rico as a direct result of the storm.
The study was conducted to determine the total number of deaths attributed to the storm and the factors that contributed to them. The researchers analyzed mortality data from the Puerto Rican government, as well as demographic data, and used statistical models to estimate the excess deaths caused by the hurricane.
The study found that"," …
Hurricane Maria devastated Puerto Rico last year, and the island is still recovering from the damage. A report by George Washington University's Milken Institute School of Public Health, along with the Centers for Disease Control and Prevention (CDC), has estimated that at least 4,645 people died in Puerto Rico as a direct result of the storm.
The study was conducted to determine the total number of deaths attributed to the storm and the factors that contributed to them. The researchers analyzed mortality data from the Puerto Rican government, as well as demographic data, and used statistical models to estimate the excess deaths caused by the hurricane.
The study found that","{""do_sample"": true, ""temperature"": 1.0, ""top_p"": 0.95, ""top_k"": 50, ""repetition_penalty"": 1.0, ""max_new_tokens"": 128}"
hf.generate,0,1,1399,165,165,"Kyle Schwarber may be out for the season, but the home run ball he hit during the Cubs-Cardinals National League ","Kyle Schwarber may be out for the season, but the home run ball he hit during the Cubs-Cardinals National League 5th Place Playoffs game will live on in infamy.
The Cubs won the game 8-0, but it was Schwarber's moonshot off St. Louis Cardinals pitcher Jack Flaherty that was the highlight of the game. The blast traveled an estimated 442 feet and left the yard at a 34-degree angle, according to Statcast.
Schwarber's home run was his 21st of the season, and it was a fitting way to end his season, which was cut short due to a knee injury.
Despite the injury, Schwarber finished the season with a.250 batting average, 21 home","5th Place Playoffs game will live on in infamy.
The Cubs won the game 8-0, but it was Schwarber's moonshot off St. Louis Cardinals pitcher Jack Flaherty that was the highlight of the game. The blast traveled an estimated 442 feet and left the yard at a 34-degree angle, according to Statcast.
Schwarber's home run was his 21st of the season, and it was a fitting way to end his season, which was cut short due to a knee injury.
Despite the injury, Schwarber finished the season with a.250 batting average, 21 home","{""do_sample"": true, ""temperature"": 1.0, ""top_p"": 0.95, ""top_k"": 50, ""repetition_penalty"": 1.0, ""max_new_tokens"": 128}"
hf.generate,0,1,1401,167,167,Only former Israeli President Shimon Peres could pull off something like organizing a friendly football (soccer) match between Israeli and ,"Only former Israeli President Shimon Peres could pull off something like organizing a friendly football (soccer) match between Israeli and  Palestinian youth teams, bringing together rivals in a spirit of unity and peace. The match, held last week, aimed to promote cross-cultural understanding and coexistence in a region known for conflict.
The event was organized by the Peres Center for Peace and Innovation, founded by Peres in 1996. The match, held at the soccer stadium in the northern Israeli city of Haifa, featured two teams of young players, aged 16-18, from Israel and the West Bank.
The game was a close and enthusiastic match, with both teams showing great skill and sportsmanship. The Israeli team won the match 2-"," Palestinian youth teams, bringing together rivals in a spirit of unity and peace. The match, held last week, aimed to promote cross-cultural understanding and coexistence in a region known for conflict.
The event was organized by the Peres Center for Peace and Innovation, founded by Peres in 1996. The match, held at the soccer stadium in the northern Israeli city of Haifa, featured two teams of young players, aged 16-18, from Israel and the West Bank.
The game was a close and enthusiastic match, with both teams showing great skill and sportsmanship. The Israeli team won the match 2-","{""do_sample"": true, ""temperature"": 1.0, ""top_p"": 0.95, ""top_k"": 50, ""repetition_penalty"": 1.0, ""max_new_tokens"": 128}"
hf.generate,0,1,1403,169,169,Katie Price and her new baby return home after holidaying in Europe. Alex Reid has tweeted a message of support ,"Katie Price and her new baby return home after holidaying in Europe. Alex Reid has tweeted a message of support 20/04/2014
Katie Price and her new baby return home after holidaying in Europe. Alex Reid has tweeted a message of support 20/04/2014
Katie Price and her new baby return home after holidaying in Europe. Alex Reid has tweeted a message of support 20/04/2014
Katie Price and her new baby return home after holidaying in Europe. Alex Reid has tweeted a message of support 20/04/2014
Katie Price and her new baby return home after holidaying in Europe. Alex Reid has tweeted a message of support 20/04/","20/04/2014
Katie Price and her new baby return home after holidaying in Europe. Alex Reid has tweeted a message of support 20/04/2014
Katie Price and her new baby return home after holidaying in Europe. Alex Reid has tweeted a message of support 20/04/2014
Katie Price and her new baby return home after holidaying in Europe. Alex Reid has tweeted a message of support 20/04/2014
Katie Price and her new baby return home after holidaying in Europe. Alex Reid has tweeted a message of support 20/04/","{""do_sample"": true, ""temperature"": 1.0, ""top_p"": 0.95, ""top_k"": 50, ""repetition_penalty"": 1.0, ""max_new_tokens"": 128}"
hf.generate,0,1,1405,171,171,"Stopping nearsightedness in kids and more. This week, Dr. Sydney Spiesel discusses a way to stop the progression of nearsightedness ","Stopping nearsightedness in kids and more. This week, Dr. Sydney Spiesel discusses a way to stop the progression of nearsightedness  (mydriasis) in kids, as well as answers questions about how to avoid getting a sunburn  and the importance of regular check-ups for children. More on the latest research and health tips.
Stopping Nearsightedness in Kids:
Q: My 8-year-old child is nearsighted and I've heard that there's a way to stop it from getting worse. Is that true?
A: Yes, there is a way to slow down the progression of nearsightedness (myopia) in kids. It's called mydriasis. Mydriasis is a treatment that involves dilating the"," (mydriasis) in kids, as well as answers questions about how to avoid getting a sunburn  and the importance of regular check-ups for children. More on the latest research and health tips.
Stopping Nearsightedness in Kids:
Q: My 8-year-old child is nearsighted and I've heard that there's a way to stop it from getting worse. Is that true?
A: Yes, there is a way to slow down the progression of nearsightedness (myopia) in kids. It's called mydriasis. Mydriasis is a treatment that involves dilating the","{""do_sample"": true, ""temperature"": 1.0, ""top_p"": 0.95, ""top_k"": 50, ""repetition_penalty"": 1.0, ""max_new_tokens"": 128}"
hf.generate,0,1,1407,173,173,"In this Sept. 1, 2014 photo released by the U.S. Geological Survey, fluid lava streams from the June 27 lava ","In this Sept. 1, 2014 photo released by the U.S. Geological Survey, fluid lava streams from the June 27 lava 1st flow of the 61g lava flow, Kilauea Volcano, Hawaii. The United States Geological Survey says a lava lake has formed at the summit of Hawaii's Kilauea volcano, a first in nearly 40 years. The lake began to form on Friday, June 17, 2016, and has been growing slowly since then. (AP Photo/U.S. Geological Survey) In this Sept. 1, 2014 photo released by the U.S. Geological Survey, fluid lava streams from the June 27 lava 1st flow of the 61g lava flow, Kilaue","1st flow of the 61g lava flow, Kilauea Volcano, Hawaii. The United States Geological Survey says a lava lake has formed at the summit of Hawaii's Kilauea volcano, a first in nearly 40 years. The lake began to form on Friday, June 17, 2016, and has been growing slowly since then. (AP Photo/U.S. Geological Survey) In this Sept. 1, 2014 photo released by the U.S. Geological Survey, fluid lava streams from the June 27 lava 1st flow of the 61g lava flow, Kilaue","{""do_sample"": true, ""temperature"": 1.0, ""top_p"": 0.95, ""top_k"": 50, ""repetition_penalty"": 1.0, ""max_new_tokens"": 128}"
hf.generate,0,1,1409,175,175,The air ambulance was mobilised following reports that a man had fallen on a tree branch and impaled his neck ,"The air ambulance was mobilised following reports that a man had fallen on a tree branch and impaled his neck 6 inches deep.
The incident occurred on Sunday afternoon at a farm near Grantham, Lincolnshire.
Crews from the East Midlands Ambulance Service (EMAS) attended the scene, along with the Lincolnshire Air Ambulance (LincsAAM).
The man, who has not been named, was airlifted to the Queen's Medical Centre in Nottingham for treatment.
LincsAAM's Twitter account posted: ""We were called to a report of a man who had fallen and become impaled on a tree branch.
""Our medical team assessed the patient and, due to the severity of the injury, we were","6 inches deep.
The incident occurred on Sunday afternoon at a farm near Grantham, Lincolnshire.
Crews from the East Midlands Ambulance Service (EMAS) attended the scene, along with the Lincolnshire Air Ambulance (LincsAAM).
The man, who has not been named, was airlifted to the Queen's Medical Centre in Nottingham for treatment.
LincsAAM's Twitter account posted: ""We were called to a report of a man who had fallen and become impaled on a tree branch.
""Our medical team assessed the patient and, due to the severity of the injury, we were","{""do_sample"": true, ""temperature"": 1.0, ""top_p"": 0.95, ""top_k"": 50, ""repetition_penalty"": 1.0, ""max_new_tokens"": 128}"
hf.generate,0,1,1411,177,177,The University of Maryland President Wallace Loh. University of Maryland President Wallace Loh stood before reporters Aug. 14 and apologized ,"The University of Maryland President Wallace Loh. University of Maryland President Wallace Loh stood before reporters Aug. 14 and apologized  for his handling of the Jordan McNair case, in which the 19-year-old football player died after a heat stroke during an offseason workout.
""I apologize for my part in this tragedy,"" Loh said. ""I know that my decision to let Coach [D.J.] Durkin continue in his position for several months after the death of Jordan McNair was a mistake.""
Loh also announced that he has recommended that the university terminate Durkin's employment, which the Board of Regents will consider at its meeting Friday.
McNair, a sophomore offensive lineman, died June 13, 2018, after suffering a heat stroke"," for his handling of the Jordan McNair case, in which the 19-year-old football player died after a heat stroke during an offseason workout.
""I apologize for my part in this tragedy,"" Loh said. ""I know that my decision to let Coach [D.J.] Durkin continue in his position for several months after the death of Jordan McNair was a mistake.""
Loh also announced that he has recommended that the university terminate Durkin's employment, which the Board of Regents will consider at its meeting Friday.
McNair, a sophomore offensive lineman, died June 13, 2018, after suffering a heat stroke","{""do_sample"": true, ""temperature"": 1.0, ""top_p"": 0.95, ""top_k"": 50, ""repetition_penalty"": 1.0, ""max_new_tokens"": 128}"
hf.generate,0,1,1413,179,179,"in French). Nov. 19 at 3:30: ""Walkabout"" (1971, Nicolas Roeg). Nov. 20 at 1 and Nov. 22 at 4:40: ""Mean ","in French). Nov. 19 at 3:30: ""Walkabout"" (1971, Nicolas Roeg). Nov. 20 at 1 and Nov. 22 at 4:40: ""Mean 31"" (1992, Sam Raimi). Nov. 20 at 3:30: ""Dial M for Murder"" (1954, Alfred Hitchcock). Nov. 21 at 1 and Nov. 23 at 4:40: ""E.T."" (1982, Steven Spielberg). Nov. 22 at 1: ""The Great Train Robbery"" (1903, Edwin S. Porter).
**New York University's Institute of Fine Arts**
(Filmmuseum at Lincoln Center, 65th St. and Broadway, New York City). Nov. 14 at 2: ""","31"" (1992, Sam Raimi). Nov. 20 at 3:30: ""Dial M for Murder"" (1954, Alfred Hitchcock). Nov. 21 at 1 and Nov. 23 at 4:40: ""E.T."" (1982, Steven Spielberg). Nov. 22 at 1: ""The Great Train Robbery"" (1903, Edwin S. Porter).
**New York University's Institute of Fine Arts**
(Filmmuseum at Lincoln Center, 65th St. and Broadway, New York City). Nov. 14 at 2: ""","{""do_sample"": true, ""temperature"": 1.0, ""top_p"": 0.95, ""top_k"": 50, ""repetition_penalty"": 1.0, ""max_new_tokens"": 128}"
hf.generate,0,1,1415,181,181,(Reuters) - U.S. ride services firm Lyft Inc is in talks with an advisor for a targeted March or April ,"(Reuters) - U.S. ride services firm Lyft Inc is in talks with an advisor for a targeted March or April 2022 initial public offering (IPO), people familiar with the matter said on Monday.
The IPO is expected to value the company at around $15 billion to $20 billion, the sources said, although the exact valuation could vary depending on market conditions and other factors.
Lyft's IPO plans have been widely reported, but the exact timing and valuation were previously unclear. The company's main rival, Uber Technologies Inc, went public in May 2019 at a valuation of around $82 billion.
Lyft has hired JPMorgan Chase & Co and Credit Suisse Group AG to lead the IPO, with other banks expected to be added","2022 initial public offering (IPO), people familiar with the matter said on Monday.
The IPO is expected to value the company at around $15 billion to $20 billion, the sources said, although the exact valuation could vary depending on market conditions and other factors.
Lyft's IPO plans have been widely reported, but the exact timing and valuation were previously unclear. The company's main rival, Uber Technologies Inc, went public in May 2019 at a valuation of around $82 billion.
Lyft has hired JPMorgan Chase & Co and Credit Suisse Group AG to lead the IPO, with other banks expected to be added","{""do_sample"": true, ""temperature"": 1.0, ""top_p"": 0.95, ""top_k"": 50, ""repetition_penalty"": 1.0, ""max_new_tokens"": 128}"
hf.generate,0,1,1417,183,183,Advocates for government accountability were alarmed to learn Gov. Jared Polis was undecided on whether to veto a bill to ,"Advocates for government accountability were alarmed to learn Gov. Jared Polis was undecided on whether to veto a bill to 911 calls to the office of the attorney general.
The bill, which passed the House on a 41-23 vote and the Senate on a 16-17 vote, would require 911 calls to be directed to the office of the attorney general, rather than local law enforcement, in cases involving potential police misconduct.
Polis, a Democrat, has until May 29 to make a decision on the bill, which is a priority for many advocates who say the current system can lead to cases of police brutality and other forms of misconduct going unreported and unpunished.
While the bill’s passage was hailed as a major victory by advocates","911 calls to the office of the attorney general.
The bill, which passed the House on a 41-23 vote and the Senate on a 16-17 vote, would require 911 calls to be directed to the office of the attorney general, rather than local law enforcement, in cases involving potential police misconduct.
Polis, a Democrat, has until May 29 to make a decision on the bill, which is a priority for many advocates who say the current system can lead to cases of police brutality and other forms of misconduct going unreported and unpunished.
While the bill’s passage was hailed as a major victory by advocates","{""do_sample"": true, ""temperature"": 1.0, ""top_p"": 0.95, ""top_k"": 50, ""repetition_penalty"": 1.0, ""max_new_tokens"": 128}"
hf.generate,0,1,1419,185,185,"MADRID: As Cristiano Ronaldo enjoyed his time off at the French Riviera, his Portugal team-mates were busy handing Italy another ","MADRID: As Cristiano Ronaldo enjoyed his time off at the French Riviera, his Portugal team-mates were busy handing Italy another 3-0 defeat in their opening Euro 2020 match.
After a goalless first half, Diogo Jota netted a 48th-minute opener with a deflected shot, followed by a 79th-minute header from Ronaldo's replacement Joao Felix.
Ramos then sealed the win with a 90th-minute strike, giving Portugal a dominant 3-0 victory.
It's their first win over Italy since 1940, and Portugal's first at the European Championship since 1996.
""We wanted to start the tournament well and we've done that,"" Portugal coach Fernando Santos said.
""Today, we showed a","3-0 defeat in their opening Euro 2020 match.
After a goalless first half, Diogo Jota netted a 48th-minute opener with a deflected shot, followed by a 79th-minute header from Ronaldo's replacement Joao Felix.
Ramos then sealed the win with a 90th-minute strike, giving Portugal a dominant 3-0 victory.
It's their first win over Italy since 1940, and Portugal's first at the European Championship since 1996.
""We wanted to start the tournament well and we've done that,"" Portugal coach Fernando Santos said.
""Today, we showed a","{""do_sample"": true, ""temperature"": 1.0, ""top_p"": 0.95, ""top_k"": 50, ""repetition_penalty"": 1.0, ""max_new_tokens"": 128}"
hf.generate,0,1,1421,187,187,"Florida Institute of Technology quarterback Brandon Ziarno. MELBOURNE, Fla. - Florida Institute of Technology quarterback Brandon Ziarno was arrested Friday ","Florida Institute of Technology quarterback Brandon Ziarno. MELBOURNE, Fla. - Florida Institute of Technology quarterback Brandon Ziarno was arrested Friday  morning after a campus police officer said he was involved in a fight at an off-campus apartment complex.
Ziarno, 23, was charged with battery and disorderly conduct. He was taken to the Brevard County Jail and released on $2,000 bail.
According to police reports, Ziarno was involved in a fight at the Palm Bay Gardens Apartments around 2:30 a.m. Friday. The victim in the fight, who is also a student at Florida Tech, told police that Ziarno punched him in the face during the altercation.
The victim said that he and Ziarno had been"," morning after a campus police officer said he was involved in a fight at an off-campus apartment complex.
Ziarno, 23, was charged with battery and disorderly conduct. He was taken to the Brevard County Jail and released on $2,000 bail.
According to police reports, Ziarno was involved in a fight at the Palm Bay Gardens Apartments around 2:30 a.m. Friday. The victim in the fight, who is also a student at Florida Tech, told police that Ziarno punched him in the face during the altercation.
The victim said that he and Ziarno had been","{""do_sample"": true, ""temperature"": 1.0, ""top_p"": 0.95, ""top_k"": 50, ""repetition_penalty"": 1.0, ""max_new_tokens"": 128}"
hf.generate,0,1,1423,189,189,Runaway Entertainment is looking for an experienced Associate General Manager to work across all their productions. Runaway Entertainment Ltd is ,"Runaway Entertainment is looking for an experienced Associate General Manager to work across all their productions. Runaway Entertainment Ltd is 2-time BAFTA and multi-award winning independent production company specializing in factual and observational documentary programming. They are seeking an experienced and skilled Associate General Manager to support the General Manager in the day-to-day running of the company.
* Assist the General Manager in the overall strategy and direction of the company.
* Co-ordinate and manage the administration of the company, including budgeting, scheduling, personnel management and office logistics.
* Work closely with the productions and other departments to ensure smooth operation and delivery of projects.
* Manage and maintain accurate financial records, including accounts payable and receivable, payroll and invoicing.
* Assist in the recruitment and","2-time BAFTA and multi-award winning independent production company specializing in factual and observational documentary programming. They are seeking an experienced and skilled Associate General Manager to support the General Manager in the day-to-day running of the company.
* Assist the General Manager in the overall strategy and direction of the company.
* Co-ordinate and manage the administration of the company, including budgeting, scheduling, personnel management and office logistics.
* Work closely with the productions and other departments to ensure smooth operation and delivery of projects.
* Manage and maintain accurate financial records, including accounts payable and receivable, payroll and invoicing.
* Assist in the recruitment and","{""do_sample"": true, ""temperature"": 1.0, ""top_p"": 0.95, ""top_k"": 50, ""repetition_penalty"": 1.0, ""max_new_tokens"": 128}"
hf.generate,0,1,1425,191,191,The New York Times on Thursday printed a special section featuring portraits of nearly every member of the record number ,"The New York Times on Thursday printed a special section featuring portraits of nearly every member of the record number 435 U.S. House members.
The special section, titled ""The House of Representatives,"" includes portraits and brief profiles of each member, as well as information on their committee assignments, states and districts they represent and other statistics.
The publication marks a significant milestone for the newspaper, as it has not published such a comprehensive guide to the House members in nearly 30 years.
According to the Times, the special section is a testament to the importance of the House of Representatives in American democracy, which plays a crucial role in the legislative process and represents the interests of the American people.
The portraits were shot by several photographers, including Bill Cunningham, who","435 U.S. House members.
The special section, titled ""The House of Representatives,"" includes portraits and brief profiles of each member, as well as information on their committee assignments, states and districts they represent and other statistics.
The publication marks a significant milestone for the newspaper, as it has not published such a comprehensive guide to the House members in nearly 30 years.
According to the Times, the special section is a testament to the importance of the House of Representatives in American democracy, which plays a crucial role in the legislative process and represents the interests of the American people.
The portraits were shot by several photographers, including Bill Cunningham, who","{""do_sample"": true, ""temperature"": 1.0, ""top_p"": 0.95, ""top_k"": 50, ""repetition_penalty"": 1.0, ""max_new_tokens"": 128}"
hf.generate,0,1,1427,193,193,"Equipped with their own factory, they make different kinds of outstanding fish cake. Fish cake in Busan is the most ","Equipped with their own factory, they make different kinds of outstanding fish cake. Fish cake in Busan is the most 2015.11.13. It is the best place to taste the traditional Korean-style fish cake in Korea. The ingredients are different from those of a traditional Korean-style fish cake, and the taste is also unique. The most popular fish cake variety is the ""Korean-style fish cake"" made with a mixture of pollack fish, wheat flour, and Korean chili pepper flakes (gochugaru). Fish cake made from surimi fish paste, a mixture of fish meat, and other ingredients, is also popular. These fish cakes are often served as an appetizer or snack, and they are also used in various dishes, such","2015.11.13. It is the best place to taste the traditional Korean-style fish cake in Korea. The ingredients are different from those of a traditional Korean-style fish cake, and the taste is also unique. The most popular fish cake variety is the ""Korean-style fish cake"" made with a mixture of pollack fish, wheat flour, and Korean chili pepper flakes (gochugaru). Fish cake made from surimi fish paste, a mixture of fish meat, and other ingredients, is also popular. These fish cakes are often served as an appetizer or snack, and they are also used in various dishes, such","{""do_sample"": true, ""temperature"": 1.0, ""top_p"": 0.95, ""top_k"": 50, ""repetition_penalty"": 1.0, ""max_new_tokens"": 128}"
hf.generate,0,1,1429,195,195,An Alsip police officer seriously wounded a man in an on-duty shooting early Wednesday after tracking a Cadillac suspected of ,"An Alsip police officer seriously wounded a man in an on-duty shooting early Wednesday after tracking a Cadillac suspected of 16 carjackings across the South Side, authorities said.
The officer, a 5-year veteran of the Alsip Police Department, fired multiple rounds at the fleeing vehicle, striking the driver, who was taken to a hospital in critical condition, police said.
The shooting occurred about 1:45 a.m. in the 7400 block of South Harlem Avenue, where the Cadillac, with a flat tire, crashed into a parked car.
Alsip police had been tracking the vehicle for several hours after it was linked to a string of carjackings, including 16 reported in the Chicago area.
The officer, whose identity has not","16 carjackings across the South Side, authorities said.
The officer, a 5-year veteran of the Alsip Police Department, fired multiple rounds at the fleeing vehicle, striking the driver, who was taken to a hospital in critical condition, police said.
The shooting occurred about 1:45 a.m. in the 7400 block of South Harlem Avenue, where the Cadillac, with a flat tire, crashed into a parked car.
Alsip police had been tracking the vehicle for several hours after it was linked to a string of carjackings, including 16 reported in the Chicago area.
The officer, whose identity has not","{""do_sample"": true, ""temperature"": 1.0, ""top_p"": 0.95, ""top_k"": 50, ""repetition_penalty"": 1.0, ""max_new_tokens"": 128}"
hf.generate,0,1,1431,197,197,"If you would like to support the Down Syndrome Association of West Michigan's campaign of kindness, you may visit the ","If you would like to support the Down Syndrome Association of West Michigan's campaign of kindness, you may visit the 16th Street Market in Grand Rapids on Saturday, February 9th. On that day, 10% of all sales will be donated back to the Down Syndrome Association of West Michigan. The Down Syndrome Association of West Michigan is dedicated to enhancing the lives of individuals with Down syndrome and their families. The organization provides advocacy, support, and education for individuals with Down syndrome, as well as opportunities for socialization, recreation, and personal growth. Your support will help the organization continue to provide these vital services and programs. For more information, visit their website at www.dsawm.org.
The 16th Street Market is a local,","16th Street Market in Grand Rapids on Saturday, February 9th. On that day, 10% of all sales will be donated back to the Down Syndrome Association of West Michigan. The Down Syndrome Association of West Michigan is dedicated to enhancing the lives of individuals with Down syndrome and their families. The organization provides advocacy, support, and education for individuals with Down syndrome, as well as opportunities for socialization, recreation, and personal growth. Your support will help the organization continue to provide these vital services and programs. For more information, visit their website at www.dsawm.org.
The 16th Street Market is a local,","{""do_sample"": true, ""temperature"": 1.0, ""top_p"": 0.95, ""top_k"": 50, ""repetition_penalty"": 1.0, ""max_new_tokens"": 128}"
hf.generate,0,1,1433,199,199,Jan. 22 will be here before agencies know it. So will Feb. 6. Here’s betting that even April 16 will ,"Jan. 22 will be here before agencies know it. So will Feb. 6. Here’s betting that even April 16 will  roll around all too quickly.
The dates in question are the next three deadlines for government agencies to publish final rules implementing major reforms mandated by the Affordable Care Act (ACA), the sweeping health care law that was signed into law on March 23, 2010.
The first deadline, Jan. 22, is for the Department of Health and Human Services (HHS) to issue a final rule implementing the medical loss ratio (MLR) requirement. The MLR provision, Section 1003 of the ACA, requires health insurers to spend at least 80-85% of premiums on medical care rather than administrative expenses. The"," roll around all too quickly.
The dates in question are the next three deadlines for government agencies to publish final rules implementing major reforms mandated by the Affordable Care Act (ACA), the sweeping health care law that was signed into law on March 23, 2010.
The first deadline, Jan. 22, is for the Department of Health and Human Services (HHS) to issue a final rule implementing the medical loss ratio (MLR) requirement. The MLR provision, Section 1003 of the ACA, requires health insurers to spend at least 80-85% of premiums on medical care rather than administrative expenses. The","{""do_sample"": true, ""temperature"": 1.0, ""top_p"": 0.95, ""top_k"": 50, ""repetition_penalty"": 1.0, ""max_new_tokens"": 128}"
