algo,delta,device,seed,prompt_index,prompt_id,prompt_text,full_text,continuation_text,gen_params_json
kgw,4.0,1,1235,1,1,"""Whoever gets him, they'll be getting a good one,"" David Montgomery said. INDIANAPOLIS — Hakeem Butler has been surrounded by ","""Whoever gets him, they'll be getting a good one,"" David Montgomery said. INDIANAPOLIS — Hakeem Butler has been surrounded by 12 men in jerseys almost as often as he has seen the outside during his college football career. Butler is one of the most productive receivers in FCS history, with a total of 2,908 receiving yards over three seasons at Iowa State. In the past two seasons, he has recorded at least 70 receptions both campaigns, including a school-record 91 catches in 2017. The Cyclones’ offense, led by quarterback Jacob Park, has been highly successful with Butler on the field.
But don’t just take Montgomery’s word for it. Other college football analysts are also high on Butler’s potential.
""He is incredibly physical.","12 men in jerseys almost as often as he has seen the outside during his college football career. Butler is one of the most productive receivers in FCS history, with a total of 2,908 receiving yards over three seasons at Iowa State. In the past two seasons, he has recorded at least 70 receptions both campaigns, including a school-record 91 catches in 2017. The Cyclones’ offense, led by quarterback Jacob Park, has been highly successful with Butler on the field.
But don’t just take Montgomery’s word for it. Other college football analysts are also high on Butler’s potential.
""He is incredibly physical.","{""do_sample"": true, ""temperature"": 1.0, ""top_p"": 0.95, ""top_k"": 50, ""repetition_penalty"": 1.0, ""max_new_tokens"": 128}"
kgw,4.0,1,1237,3,3,The Arlington County Board plans to vote Saturday afternoon on giving Amazon $23 million and other incentives to build a ,"The Arlington County Board plans to vote Saturday afternoon on giving Amazon $23 million and other incentives to build a 4-million-square-foot "" HQ2"" complex in the Virginia Square area.
Amazon announced earlier this year that Arlington had beaten out dozens of other cities and states to land the company's highly prized second headquarters. The deal is a major coup for the county and its economic development agency, which promised a package of incentives including tax breaks and infrastructure improvements.
But not everyone is happy about the deal. Opponents say that the incentives may not be worth the cost to the county and its taxpayers, and that they could undermine the character of the Virginia Square neighborhood.
In a report to the county board, staff say that the deal will create an estimated ","4-million-square-foot "" HQ2"" complex in the Virginia Square area.
Amazon announced earlier this year that Arlington had beaten out dozens of other cities and states to land the company's highly prized second headquarters. The deal is a major coup for the county and its economic development agency, which promised a package of incentives including tax breaks and infrastructure improvements.
But not everyone is happy about the deal. Opponents say that the incentives may not be worth the cost to the county and its taxpayers, and that they could undermine the character of the Virginia Square neighborhood.
In a report to the county board, staff say that the deal will create an estimated ","{""do_sample"": true, ""temperature"": 1.0, ""top_p"": 0.95, ""top_k"": 50, ""repetition_penalty"": 1.0, ""max_new_tokens"": 128}"
kgw,4.0,1,1239,5,5,The Hawaii man who was fired after issuing the false ballistic missile alert in mid-January told reporters Friday that he ,"The Hawaii man who was fired after issuing the false ballistic missile alert in mid-January told reporters Friday that he  is  taking responsibility  for the crisis, according to various news outlets.
Haleakala Garner, the warning system supervisor for the Hawaiians Emergency Management Agency, told Hawaii News Now in an exclusive interview that he made a huge mistake, and he knows he did something wrong. He also expressed his deepest apologies to those who were scared, worried and traumatized by the false alert.
""I'm taking full responsibility for it. I was the one who pushed that button. I was the one who should have known what the protocol was, and I didn't do it. And for that, I am truly sorry,"" Garner said"," is  taking responsibility  for the crisis, according to various news outlets.
Haleakala Garner, the warning system supervisor for the Hawaiians Emergency Management Agency, told Hawaii News Now in an exclusive interview that he made a huge mistake, and he knows he did something wrong. He also expressed his deepest apologies to those who were scared, worried and traumatized by the false alert.
""I'm taking full responsibility for it. I was the one who pushed that button. I was the one who should have known what the protocol was, and I didn't do it. And for that, I am truly sorry,"" Garner said","{""do_sample"": true, ""temperature"": 1.0, ""top_p"": 0.95, ""top_k"": 50, ""repetition_penalty"": 1.0, ""max_new_tokens"": 128}"
kgw,4.0,1,1241,7,7,"A version of this article appeared in the print edition of The Daily Star on July 12, 2018, on page ","A version of this article appeared in the print edition of The Daily Star on July 12, 2018, on page 8.
The Lebanese government has signed a major deal with Siemens to generate electricity from oil-fired and natural gas-fired power plants over the next 15 years, the German engineering company and a government minister announced Monday.
The deal aims to increase the availability of electricity nationwide to 23 hours a day, compared to the current average of 15-18 hours a day, and to provide a more reliable and affordable supply.
The agreement was signed by Prime Minister Saad Hariri, Lebanese Electricity Minister Cesar Abi Khalil, and CEO of Siemens Power Generation Division, Rainer Süßenbach.
Under the deal, the new power plants will","8.
The Lebanese government has signed a major deal with Siemens to generate electricity from oil-fired and natural gas-fired power plants over the next 15 years, the German engineering company and a government minister announced Monday.
The deal aims to increase the availability of electricity nationwide to 23 hours a day, compared to the current average of 15-18 hours a day, and to provide a more reliable and affordable supply.
The agreement was signed by Prime Minister Saad Hariri, Lebanese Electricity Minister Cesar Abi Khalil, and CEO of Siemens Power Generation Division, Rainer Süßenbach.
Under the deal, the new power plants will","{""do_sample"": true, ""temperature"": 1.0, ""top_p"": 0.95, ""top_k"": 50, ""repetition_penalty"": 1.0, ""max_new_tokens"": 128}"
kgw,4.0,1,1243,9,9,"After Kevin’s horrific leg injury, everyone is asking: will he ever play basketball again? Dr. Glashow, co-chief of sports medicine ","After Kevin’s horrific leg injury, everyone is asking: will he ever play basketball again? Dr. Glashow, co-chief of sports medicine 2, is the expert who can offer a glimpse into what the future might hold for our young athlete.
Sports Illustrated – Kevin Durant and Dr. Glashow on Recovery and Rehabilitation
By: Mike Wise
(From the March edition of SI)
In the wake of Kevin Durant’s devastating leg injury, basketball enthusiasts are left to wonder: will the Golden State Warriors star ever take the court again? We caught up with Dr. Charles Glashow, the preeminent expert in sports medicine and orthopedic surgery at NewYork-Presbyterian Hospital/Weill Cornell Medicine. Dr. Glashow shed light on the road to","2, is the expert who can offer a glimpse into what the future might hold for our young athlete.
Sports Illustrated – Kevin Durant and Dr. Glashow on Recovery and Rehabilitation
By: Mike Wise
(From the March edition of SI)
In the wake of Kevin Durant’s devastating leg injury, basketball enthusiasts are left to wonder: will the Golden State Warriors star ever take the court again? We caught up with Dr. Charles Glashow, the preeminent expert in sports medicine and orthopedic surgery at NewYork-Presbyterian Hospital/Weill Cornell Medicine. Dr. Glashow shed light on the road to","{""do_sample"": true, ""temperature"": 1.0, ""top_p"": 0.95, ""top_k"": 50, ""repetition_penalty"": 1.0, ""max_new_tokens"": 128}"
kgw,4.0,1,1245,11,11,University of Utah track and field athlete Lauren McCluskey was found shot dead Monday night in the backseat of a ,"University of Utah track and field athlete Lauren McCluskey was found shot dead Monday night in the backseat of a 2014 Chevrolet Impala in a parking garage at Rice-Eccles Stadium, the university police department reported.
According to the Salt Lake Tribune, police received a call around 9:30 p.m. Monday night regarding a shooting at the university’s athletic facility. When they arrived, they found McCluskey dead in the car with multiple shots to the abdomen.
The Salt Lake City Police Department is leading the investigation, with assistance from the Utah Department of Public Safety and other law enforcement agencies.
So far, no arrests have been made, but police have identified a suspect, later revealed to be Melinda Sutton Herr, a 45-year","2014 Chevrolet Impala in a parking garage at Rice-Eccles Stadium, the university police department reported.
According to the Salt Lake Tribune, police received a call around 9:30 p.m. Monday night regarding a shooting at the university’s athletic facility. When they arrived, they found McCluskey dead in the car with multiple shots to the abdomen.
The Salt Lake City Police Department is leading the investigation, with assistance from the Utah Department of Public Safety and other law enforcement agencies.
So far, no arrests have been made, but police have identified a suspect, later revealed to be Melinda Sutton Herr, a 45-year","{""do_sample"": true, ""temperature"": 1.0, ""top_p"": 0.95, ""top_k"": 50, ""repetition_penalty"": 1.0, ""max_new_tokens"": 128}"
kgw,4.0,1,1247,13,13,"The location of the July 15, 2002 flare is shown at left. The other panels compare the scale of Earth ","The location of the July 15, 2002 flare is shown at left. The other panels compare the scale of Earth 1.3 million km (800,000 miles) from the blast to that of Venus, which comes within 0.2 million km (0.12 million miles) of Earth. Image courtesy NASA.
The Sun is a relatively stable star, but it can produce massive solar flares that can affect life on Earth and even the entire solar system. A strong flare released on July 15, 2002, was an extreme example of this, and astronomers have just finished analyzing all the data from the event, allowing for a better understanding of these powerful phenomena.
Solar flares are sudden releases of energy in the solar atmosphere. The","1.3 million km (800,000 miles) from the blast to that of Venus, which comes within 0.2 million km (0.12 million miles) of Earth. Image courtesy NASA.
The Sun is a relatively stable star, but it can produce massive solar flares that can affect life on Earth and even the entire solar system. A strong flare released on July 15, 2002, was an extreme example of this, and astronomers have just finished analyzing all the data from the event, allowing for a better understanding of these powerful phenomena.
Solar flares are sudden releases of energy in the solar atmosphere. The","{""do_sample"": true, ""temperature"": 1.0, ""top_p"": 0.95, ""top_k"": 50, ""repetition_penalty"": 1.0, ""max_new_tokens"": 128}"
kgw,4.0,1,1249,15,15,"Larry checks in with KPCC reporter Sharon McNary, who’s been hitting up several polling stations in Orange County and Los ","Larry checks in with KPCC reporter Sharon McNary, who’s been hitting up several polling stations in Orange County and Los 5:12
KPFK | KPCC | KUSC
From : kpacall | 5 months ago | LA News | 0 comments
What's happening in your neighborhood? We want to hear about local news stories that might not be making headlines elsewhere. Share your stories and photos: https... 1:23
KPCC's Sharon McNary reports on the city's decision to rename a park named for Confederate General Pico. The park, which has borne the name for over 60 years, has been... 6:29
KPCC's Sharon McNary reports on the controversy surrounding the naming of","5:12
KPFK | KPCC | KUSC
From : kpacall | 5 months ago | LA News | 0 comments
What's happening in your neighborhood? We want to hear about local news stories that might not be making headlines elsewhere. Share your stories and photos: https... 1:23
KPCC's Sharon McNary reports on the city's decision to rename a park named for Confederate General Pico. The park, which has borne the name for over 60 years, has been... 6:29
KPCC's Sharon McNary reports on the controversy surrounding the naming of","{""do_sample"": true, ""temperature"": 1.0, ""top_p"": 0.95, ""top_k"": 50, ""repetition_penalty"": 1.0, ""max_new_tokens"": 128}"
kgw,4.0,1,1251,17,17,Health authorities in New Zealand said that about 200 passengers on the Dawn Princess ship became infected with the norovirus. ,"Health authorities in New Zealand said that about 200 passengers on the Dawn Princess ship became infected with the norovirus.  This comes a week after the cruise ship was granted permission to return to Auckland due to concerns over the number of cases and outbreaks on board. 
According to a report published by New Zealand's Ministry for Primary Industries, the ship's passengers suffered from diarrhea, vomiting, fever, and stomach cramps, while some also experienced headaches and muscle pain. Furthermore, several passengers were reported to require hospital treatment.

Despite these concerns, it appears that the ship is no longer a health risk, according to health authorities.

Crew members were thoroughly inspected and most were found to be free from the infection, although some were placed in self-isolation as a"," This comes a week after the cruise ship was granted permission to return to Auckland due to concerns over the number of cases and outbreaks on board. 
According to a report published by New Zealand's Ministry for Primary Industries, the ship's passengers suffered from diarrhea, vomiting, fever, and stomach cramps, while some also experienced headaches and muscle pain. Furthermore, several passengers were reported to require hospital treatment.

Despite these concerns, it appears that the ship is no longer a health risk, according to health authorities.

Crew members were thoroughly inspected and most were found to be free from the infection, although some were placed in self-isolation as a","{""do_sample"": true, ""temperature"": 1.0, ""top_p"": 0.95, ""top_k"": 50, ""repetition_penalty"": 1.0, ""max_new_tokens"": 128}"
kgw,4.0,1,1253,19,19,NEW YORK (AP) — Could the U.S. lose its top credit rating even if a deal is reached to raise ,"NEW YORK (AP) — Could the U.S. lose its top credit rating even if a deal is reached to raise  ...
WASHINGTON (AP) — President Barack Obama and congressional leaders are working to avoid a  ...
NEW YORK (AP) — It's not just Greece that's in trouble. The global economy is facing another bout of uncertainty as a  ...
NEW YORK (AP) — It's not just Greece that's in trouble. The global economy is facing another bout of uncertainty as a default crisis spreads across Europe  ...
WASHINGTON (AP) — President Barack Obama is accusing House Speaker John Boehner of reneging on a  ...
WASHINGTON (AP) — President Barack Obama is accusing House Speaker John Boehner of reneging on"," ...
WASHINGTON (AP) — President Barack Obama and congressional leaders are working to avoid a  ...
NEW YORK (AP) — It's not just Greece that's in trouble. The global economy is facing another bout of uncertainty as a  ...
NEW YORK (AP) — It's not just Greece that's in trouble. The global economy is facing another bout of uncertainty as a default crisis spreads across Europe  ...
WASHINGTON (AP) — President Barack Obama is accusing House Speaker John Boehner of reneging on a  ...
WASHINGTON (AP) — President Barack Obama is accusing House Speaker John Boehner of reneging on","{""do_sample"": true, ""temperature"": 1.0, ""top_p"": 0.95, ""top_k"": 50, ""repetition_penalty"": 1.0, ""max_new_tokens"": 128}"
kgw,4.0,1,1255,21,21,"IHS Markit INFO, -0.02% a world leader in critical information, analytics and solutions, expanded its alternative data offering for asset ","IHS Markit INFO, -0.02% a world leader in critical information, analytics and solutions, expanded its alternative data offering for asset 2020-09-28
Investing in the right assets at the right time is crucial for investors. But identifying potential opportunities and avoiding potential pitfalls is often challenging, particularly when market conditions are uncertain. To help navigate this complexity, IHS Markit INFO, -0.02% a world leader in critical information, analytics and solutions, has 2020-09-28
We are pleased to announce that today, IHS Markit INFO, -0.02% launched its new alternative data offering, expanding its capabilities in providing critical insights to investors and financial professionals.
2020-09-28 | Nasdaq | News","2020-09-28
Investing in the right assets at the right time is crucial for investors. But identifying potential opportunities and avoiding potential pitfalls is often challenging, particularly when market conditions are uncertain. To help navigate this complexity, IHS Markit INFO, -0.02% a world leader in critical information, analytics and solutions, has 2020-09-28
We are pleased to announce that today, IHS Markit INFO, -0.02% launched its new alternative data offering, expanding its capabilities in providing critical insights to investors and financial professionals.
2020-09-28 | Nasdaq | News","{""do_sample"": true, ""temperature"": 1.0, ""top_p"": 0.95, ""top_k"": 50, ""repetition_penalty"": 1.0, ""max_new_tokens"": 128}"
kgw,4.0,1,1257,23,23,SOUND FORGE Audio Cleaning Lab can be used to record any sound you can hear on your computer - from ,"SOUND FORGE Audio Cleaning Lab can be used to record any sound you can hear on your computer - from 3.5mm line in on your sound card, to USB, Firewire and other interface connections.

• **Step 1:** Connect your source to your computer. If you're using an external microphone or instrument, connect it to your audio interface (or the line in on your sound card).

• **Step 2:** Open SOUND FORGE Audio Cleaning Lab and click on the **Record** button (or press the F9 function key).

• **Step 3:** The Record window opens, displaying the settings for your recording. In most cases, the default settings (such as 16-bit/44,100 Hz and two","3.5mm line in on your sound card, to USB, Firewire and other interface connections.

• **Step 1:** Connect your source to your computer. If you're using an external microphone or instrument, connect it to your audio interface (or the line in on your sound card).

• **Step 2:** Open SOUND FORGE Audio Cleaning Lab and click on the **Record** button (or press the F9 function key).

• **Step 3:** The Record window opens, displaying the settings for your recording. In most cases, the default settings (such as 16-bit/44,100 Hz and two","{""do_sample"": true, ""temperature"": 1.0, ""top_p"": 0.95, ""top_k"": 50, ""repetition_penalty"": 1.0, ""max_new_tokens"": 128}"
kgw,4.0,1,1259,25,25,"President Donald Trump returned to Washington, DC on Monday for a very important event. It was not for a meeting ","President Donald Trump returned to Washington, DC on Monday for a very important event. It was not for a meeting  with lawmakers or foreign leaders, but to visit the new Trump International Hotel located on Pennsylvania Avenue.
The event was supposed to be a grand opening ceremony for the hotel's new restaurant and was expected to be attended by several high-level officials. The hotel is located in the historic Old Post Office Building, which has been restored by Trump and features a 16-story luxury hotel and a 37,000-square-foot ballroom.
According to reports, the hotel is doing very well and is already filling the rooms with guests on a daily basis. The new restaurant, which was designed to look like the lobby of the hotel, serves up modern American"," with lawmakers or foreign leaders, but to visit the new Trump International Hotel located on Pennsylvania Avenue.
The event was supposed to be a grand opening ceremony for the hotel's new restaurant and was expected to be attended by several high-level officials. The hotel is located in the historic Old Post Office Building, which has been restored by Trump and features a 16-story luxury hotel and a 37,000-square-foot ballroom.
According to reports, the hotel is doing very well and is already filling the rooms with guests on a daily basis. The new restaurant, which was designed to look like the lobby of the hotel, serves up modern American","{""do_sample"": true, ""temperature"": 1.0, ""top_p"": 0.95, ""top_k"": 50, ""repetition_penalty"": 1.0, ""max_new_tokens"": 128}"
kgw,4.0,1,1261,27,27,"ST. JOHNS COUNTY, Fla. - Commissioners in St. Johns County voted unanimously to postpone any legislative action against a localized ","ST. JOHNS COUNTY, Fla. - Commissioners in St. Johns County voted unanimously to postpone any legislative action against a localized 30-minute parking enforcement plan in Vilano Beach. | |.
Commissioners received 150 public comments in support of the initiative during a June 28 hearing, according to News4Jax.
During a July 20 hearing, St. Johns County commissioners voted to postpone the discussion until their September 27 meeting, deferring any legislative action.
The initiative aims to reduce traffic congestion and improve parking conditions in the small coastal community by implementing a localized 30-minute parking enforcement plan in Vilano Beach.
The proposed plan entails installing time limits on some of the parking spaces along Vilano Beach Road and the adjacent parking lot.
Vilano Beach","30-minute parking enforcement plan in Vilano Beach. | |.
Commissioners received 150 public comments in support of the initiative during a June 28 hearing, according to News4Jax.
During a July 20 hearing, St. Johns County commissioners voted to postpone the discussion until their September 27 meeting, deferring any legislative action.
The initiative aims to reduce traffic congestion and improve parking conditions in the small coastal community by implementing a localized 30-minute parking enforcement plan in Vilano Beach.
The proposed plan entails installing time limits on some of the parking spaces along Vilano Beach Road and the adjacent parking lot.
Vilano Beach","{""do_sample"": true, ""temperature"": 1.0, ""top_p"": 0.95, ""top_k"": 50, ""repetition_penalty"": 1.0, ""max_new_tokens"": 128}"
kgw,4.0,1,1263,29,29,This was Reinsdorf's reply on Friday when asked whether the preseason announcement that Phil Jackson will not return as coach ,"This was Reinsdorf's reply on Friday when asked whether the preseason announcement that Phil Jackson will not return as coach  was indeed the end of the road for his tenure with the Bulls.
So while there's no confirmation on that just yet, it's hard to imagine a path forward with Jackson, who has been the franchise's identity and guiding presence since his arrival in 2005-2006.
In that same 10-minute response, Reinsdorf discussed the importance of next year being a defining period for the Bulls as they move forward without Derrick Rose and rebuild the roster.
Reinsdorf noted that while Jackson's return would have been welcome, the team's long-term success must take precedence. And given their situation with Rose, the Hall of Fame"," was indeed the end of the road for his tenure with the Bulls.
So while there's no confirmation on that just yet, it's hard to imagine a path forward with Jackson, who has been the franchise's identity and guiding presence since his arrival in 2005-2006.
In that same 10-minute response, Reinsdorf discussed the importance of next year being a defining period for the Bulls as they move forward without Derrick Rose and rebuild the roster.
Reinsdorf noted that while Jackson's return would have been welcome, the team's long-term success must take precedence. And given their situation with Rose, the Hall of Fame","{""do_sample"": true, ""temperature"": 1.0, ""top_p"": 0.95, ""top_k"": 50, ""repetition_penalty"": 1.0, ""max_new_tokens"": 128}"
kgw,4.0,1,1265,31,31,This is the news you’re looking for. Carrie Fisher has seemingly confirmed to Palm Beach Illustrated magazine that she will ,"This is the news you’re looking for. Carrie Fisher has seemingly confirmed to Palm Beach Illustrated magazine that she will 100% be in the next Star Wars movie. You heard it here (and there). Carrie, the original Princess Leia, says she’s ready for action:
Carrie Fisher on making a comeback: “It will be a little challenging, physically and emotionally,” she said. “But I will do my best and I will do it with dignity and intelligence. I hope my performance will transcend any physical challenges and really bring my character to life in the way that the fans want and expect.”
As an aside, it seems like there might have been some misunderstanding between Carrie and the media, in the past. Good thing for us, she set","100% be in the next Star Wars movie. You heard it here (and there). Carrie, the original Princess Leia, says she’s ready for action:
Carrie Fisher on making a comeback: “It will be a little challenging, physically and emotionally,” she said. “But I will do my best and I will do it with dignity and intelligence. I hope my performance will transcend any physical challenges and really bring my character to life in the way that the fans want and expect.”
As an aside, it seems like there might have been some misunderstanding between Carrie and the media, in the past. Good thing for us, she set","{""do_sample"": true, ""temperature"": 1.0, ""top_p"": 0.95, ""top_k"": 50, ""repetition_penalty"": 1.0, ""max_new_tokens"": 128}"
kgw,4.0,1,1267,33,33,In the market for a low-cost networked storage solution? You may want to take a look at the Netgear ReadyNAS ,"In the market for a low-cost networked storage solution? You may want to take a look at the Netgear ReadyNAS 104, a compact, easy-to-use NAS (Network-Attached Storage) system that offers 1- or 2-bay configurations with a range of storage options.
The Netgear ReadyNAS 104 is designed to be a simple, plug-and-play NAS for the home or small business. Setup is a breeze, with step-by-step instructions on the device and online setup utility. We found setting up the NAS to be easy, with only about 10 minutes spent on the entire process.
One of the key benefits of this NAS is its compact size. The device measures just 6.3x5.1x2.2","104, a compact, easy-to-use NAS (Network-Attached Storage) system that offers 1- or 2-bay configurations with a range of storage options.
The Netgear ReadyNAS 104 is designed to be a simple, plug-and-play NAS for the home or small business. Setup is a breeze, with step-by-step instructions on the device and online setup utility. We found setting up the NAS to be easy, with only about 10 minutes spent on the entire process.
One of the key benefits of this NAS is its compact size. The device measures just 6.3x5.1x2.2","{""do_sample"": true, ""temperature"": 1.0, ""top_p"": 0.95, ""top_k"": 50, ""repetition_penalty"": 1.0, ""max_new_tokens"": 128}"
kgw,4.0,1,1269,35,35,"MANILA, Philippines — The state-run Land Bank of the Philippines (Landbank) has extended by one more month or until Jan. ","MANILA, Philippines — The state-run Land Bank of the Philippines (Landbank) has extended by one more month or until Jan. 31 the special term financing program for the purchase of farm-to-market roads under the farm-to-market road (FMR) development program.
In a circular issued by Landbank, the program aims to improve the rural infrastructure and agricultural productivity in rural areas by providing financing assistance to local government units (LGUs), private contractors, and private entities to implement FMR development projects.
Under the extended program, qualified borrowers can apply for a term financing of up to five years with a fixed interest rate of 6 percent per annum, a service charge of 1 percent per annum, and an insurance premium of 0.4 percent per annum.
Land","31 the special term financing program for the purchase of farm-to-market roads under the farm-to-market road (FMR) development program.
In a circular issued by Landbank, the program aims to improve the rural infrastructure and agricultural productivity in rural areas by providing financing assistance to local government units (LGUs), private contractors, and private entities to implement FMR development projects.
Under the extended program, qualified borrowers can apply for a term financing of up to five years with a fixed interest rate of 6 percent per annum, a service charge of 1 percent per annum, and an insurance premium of 0.4 percent per annum.
Land","{""do_sample"": true, ""temperature"": 1.0, ""top_p"": 0.95, ""top_k"": 50, ""repetition_penalty"": 1.0, ""max_new_tokens"": 128}"
kgw,4.0,1,1271,37,37,It’s a continuation of a trend they have seen over the last several years. “It’s been almost three years of ,"It’s a continuation of a trend they have seen over the last several years. “It’s been almost three years of 24% (annual increase) in the industry, and I think it’s sustainable. There’s just been a pent-up demand and now people are coming back, but I think the numbers will stabilize and we won’t...
The US Federal Highway Administration (FHWA) and the Department of Transportation (DOT) will continue to be critical players in the development of emerging transportation technologies. “The USDOT and FHWA have been instrumental in shaping the environment for the growth of emerging transportation technologies. They have...
It’s an opportunity to position your organization for long-term success. “By being proactive, organizations are positioning themselves for long-term success and embracing","24% (annual increase) in the industry, and I think it’s sustainable. There’s just been a pent-up demand and now people are coming back, but I think the numbers will stabilize and we won’t...
The US Federal Highway Administration (FHWA) and the Department of Transportation (DOT) will continue to be critical players in the development of emerging transportation technologies. “The USDOT and FHWA have been instrumental in shaping the environment for the growth of emerging transportation technologies. They have...
It’s an opportunity to position your organization for long-term success. “By being proactive, organizations are positioning themselves for long-term success and embracing","{""do_sample"": true, ""temperature"": 1.0, ""top_p"": 0.95, ""top_k"": 50, ""repetition_penalty"": 1.0, ""max_new_tokens"": 128}"
kgw,4.0,1,1273,39,39,"Originally Published: September 24, 2018 8 p.m. Soledad O’Brien, 10 to 11:30 a.m., Yavapai College Performing Arts Center, 1100 E ","Originally Published: September 24, 2018 8 p.m. Soledad O’Brien, 10 to 11:30 a.m., Yavapai College Performing Arts Center, 1100 E 3rd St. in Prescott, $10.50 to $19.90, yavapaicollege.edu/scc/special-events.
Originally Published: August 29, 2018 10:37 p.m. Soledad O’Brien has been a household name in journalism for over two decades, covering breaking news, politics and issues related to social justice. Now, she is coming to Yavapai County to share her insights and experiences with audiences. The former NBC correspondent will speak from 10:30 to 11:30 am.... Read More
Originally Published: August 29, 2018 ","3rd St. in Prescott, $10.50 to $19.90, yavapaicollege.edu/scc/special-events.
Originally Published: August 29, 2018 10:37 p.m. Soledad O’Brien has been a household name in journalism for over two decades, covering breaking news, politics and issues related to social justice. Now, she is coming to Yavapai County to share her insights and experiences with audiences. The former NBC correspondent will speak from 10:30 to 11:30 am.... Read More
Originally Published: August 29, 2018 ","{""do_sample"": true, ""temperature"": 1.0, ""top_p"": 0.95, ""top_k"": 50, ""repetition_penalty"": 1.0, ""max_new_tokens"": 128}"
kgw,4.0,1,1275,41,41,"Attendees visit the Vodafone Group pavilion at the Mobile World Congress in Barcelona, Spain, March 4, 2015. Vodafone, one of ","Attendees visit the Vodafone Group pavilion at the Mobile World Congress in Barcelona, Spain, March 4, 2015. Vodafone, one of 12 major mobile phone companies, announced it would cut its dividend payout to investors, as earnings fall amid increasing competition and roaming fees. (REUTERS/Gonzalo Fuentes)
In an increasingly competitive industry where margins are being squeezed, mobile operators are looking to diversify their revenue streams, innovate their offerings and boost their digital presence to remain relevant.
Vodafone, for example, has been focused on expanding its digital services, such as its online banking app in Africa, and exploring opportunities in IoT and fintech.
Telefonica has also been investing heavily in digital transformation, including the acquisition of E-Plus in Germany and the launch of a","12 major mobile phone companies, announced it would cut its dividend payout to investors, as earnings fall amid increasing competition and roaming fees. (REUTERS/Gonzalo Fuentes)
In an increasingly competitive industry where margins are being squeezed, mobile operators are looking to diversify their revenue streams, innovate their offerings and boost their digital presence to remain relevant.
Vodafone, for example, has been focused on expanding its digital services, such as its online banking app in Africa, and exploring opportunities in IoT and fintech.
Telefonica has also been investing heavily in digital transformation, including the acquisition of E-Plus in Germany and the launch of a","{""do_sample"": true, ""temperature"": 1.0, ""top_p"": 0.95, ""top_k"": 50, ""repetition_penalty"": 1.0, ""max_new_tokens"": 128}"
kgw,4.0,1,1277,43,43,The Congress of South African Trade Unions has noted the latest cabinet reshuffle by President Jacob Zuma. We can confirm ,"The Congress of South African Trade Unions has noted the latest cabinet reshuffle by President Jacob Zuma. We can confirm 3 new ministers, including Mrs. Faith Muthambi, Minister of Communication and Mr. Derek Hanekom, Minister of Tourism. Mrs. Naledi Pandor will take over the position of Minister of Communications.
We also noted that both Mineral Resources Minister, Ngoako Ramatlhodi, and Deputy Mineral Resource Minister, Cde. Ellen Khosa, were relieved of their duties. Cde. Mosebenzi Zwane has taken over as Minister of Mineral Resources and Water Affairs, while Mr. Buti Manamela will be the new Minister of Water and Sanitation.
The Congress of South African Trade Unions","3 new ministers, including Mrs. Faith Muthambi, Minister of Communication and Mr. Derek Hanekom, Minister of Tourism. Mrs. Naledi Pandor will take over the position of Minister of Communications.
We also noted that both Mineral Resources Minister, Ngoako Ramatlhodi, and Deputy Mineral Resource Minister, Cde. Ellen Khosa, were relieved of their duties. Cde. Mosebenzi Zwane has taken over as Minister of Mineral Resources and Water Affairs, while Mr. Buti Manamela will be the new Minister of Water and Sanitation.
The Congress of South African Trade Unions","{""do_sample"": true, ""temperature"": 1.0, ""top_p"": 0.95, ""top_k"": 50, ""repetition_penalty"": 1.0, ""max_new_tokens"": 128}"
kgw,4.0,1,1279,45,45,"After much anticipation, Melania Trump has finally given the world a glimpse of her platform. Like those before her, Trump ","After much anticipation, Melania Trump has finally given the world a glimpse of her platform. Like those before her, Trump 85 has announced hers. Mrs.
On May 29, the Trump administration officially launched Be Best, the first lady's initiative to help children. The campaign focuses on well-being, social media, and ""obesity."" Melania Trump is the 47th First Lady of the US. Here are some of the key points that she has shared:
1. Well-Being: Encouraging Americans to prioritize the health of their children is a pressing issue for Be Best. She will work closely with various agencies such as USDA's USDA, the Centers for Disease Prevention Control Prevention (CDC) and other institutions.
2. Online Safety: The First","85 has announced hers. Mrs.
On May 29, the Trump administration officially launched Be Best, the first lady's initiative to help children. The campaign focuses on well-being, social media, and ""obesity."" Melania Trump is the 47th First Lady of the US. Here are some of the key points that she has shared:
1. Well-Being: Encouraging Americans to prioritize the health of their children is a pressing issue for Be Best. She will work closely with various agencies such as USDA's USDA, the Centers for Disease Prevention Control Prevention (CDC) and other institutions.
2. Online Safety: The First","{""do_sample"": true, ""temperature"": 1.0, ""top_p"": 0.95, ""top_k"": 50, ""repetition_penalty"": 1.0, ""max_new_tokens"": 128}"
kgw,4.0,1,1281,47,47,We build our students up only to encourage them to flee. Why? Combining advertising campaigns handled by pros along with ,"We build our students up only to encourage them to flee. Why? Combining advertising campaigns handled by pros along with 5 to 10 years of knowledge and expertise, our crew delivers the best and the most appropriate online business ideas for you. We offer a variety of writing, reporting, and editing services, offering customers with professional high-quality.
Our company will help you with your essay creating, providing you with a well-researched and written essays on your preferred niche. When we begin a new project, we take notice of the clients requirements and goals, by producing high quality content that is tailored to your needs. We will help you write an excellent, well-researched and fascinating essay that will grab your reader's interest and keep them from beginning to","5 to 10 years of knowledge and expertise, our crew delivers the best and the most appropriate online business ideas for you. We offer a variety of writing, reporting, and editing services, offering customers with professional high-quality.
Our company will help you with your essay creating, providing you with a well-researched and written essays on your preferred niche. When we begin a new project, we take notice of the clients requirements and goals, by producing high quality content that is tailored to your needs. We will help you write an excellent, well-researched and fascinating essay that will grab your reader's interest and keep them from beginning to","{""do_sample"": true, ""temperature"": 1.0, ""top_p"": 0.95, ""top_k"": 50, ""repetition_penalty"": 1.0, ""max_new_tokens"": 128}"
kgw,4.0,1,1283,49,49,Federal Reserve Bank of Minneapolis President Narayana Kocherlakota will step down when his current term ends in February 2016. The ,"Federal Reserve Bank of Minneapolis President Narayana Kocherlakota will step down when his current term ends in February 2016. The 54-year-old economist has served as a Federal Open Market Committee (FOMC) voting member since 2008.

The announcement was made in an interview published on Friday in the Minneapolis Star Tribune, in which Kocherlakota discussed a variety of topics related to monetary policy.

Kocherlakota, known for his unconventional views on monetary policy, has repeatedly called for the Federal Reserve to raise its interest rate target as long as inflation remains low. He believes that the economy is already strong enough for interest rates to be higher.

He has been critical of the Federal Reserve's asset-purchase programs, arguing that the central bank's policies","54-year-old economist has served as a Federal Open Market Committee (FOMC) voting member since 2008.

The announcement was made in an interview published on Friday in the Minneapolis Star Tribune, in which Kocherlakota discussed a variety of topics related to monetary policy.

Kocherlakota, known for his unconventional views on monetary policy, has repeatedly called for the Federal Reserve to raise its interest rate target as long as inflation remains low. He believes that the economy is already strong enough for interest rates to be higher.

He has been critical of the Federal Reserve's asset-purchase programs, arguing that the central bank's policies","{""do_sample"": true, ""temperature"": 1.0, ""top_p"": 0.95, ""top_k"": 50, ""repetition_penalty"": 1.0, ""max_new_tokens"": 128}"
kgw,4.0,1,1285,51,51,Roger Federer of Switzerland and Bill Gates shake hands at the Match For Africa 4 exhibition match at KeyArena on ,"Roger Federer of Switzerland and Bill Gates shake hands at the Match For Africa 4 exhibition match at KeyArena on 7/28/2019.
Federer and Gates have collaborated on several philanthropic projects over the years, and this match marks the fifth installment in their “Match for Africa” series. Previous matches have raised money for various charitable initiatives in Africa, and Thursday night's match is expected to follow suit.
The exhibition match will be played in support of Roger Federer Foundation and other charitable initiatives, with a focus on improving education for disadvantaged children. The event will be streamed live on Amazon Prime Video, providing global audiences with a glimpse of the unique match.
In related news, Bill Gates will be honored at the ceremony for his continued support","7/28/2019.
Federer and Gates have collaborated on several philanthropic projects over the years, and this match marks the fifth installment in their “Match for Africa” series. Previous matches have raised money for various charitable initiatives in Africa, and Thursday night's match is expected to follow suit.
The exhibition match will be played in support of Roger Federer Foundation and other charitable initiatives, with a focus on improving education for disadvantaged children. The event will be streamed live on Amazon Prime Video, providing global audiences with a glimpse of the unique match.
In related news, Bill Gates will be honored at the ceremony for his continued support","{""do_sample"": true, ""temperature"": 1.0, ""top_p"": 0.95, ""top_k"": 50, ""repetition_penalty"": 1.0, ""max_new_tokens"": 128}"
kgw,4.0,1,1287,53,53,"BAGHDAD, Iraq -- Fighting in the Shiite stronghold of Sadr City killed 23 Iraqis yesterday, hospital officials said, and the ","BAGHDAD, Iraq -- Fighting in the Shiite stronghold of Sadr City killed 23 Iraqis yesterday, hospital officials said, and the 10-day-old government offensive against the city seemed to be stuck in a bloody stalemate.
Clashes between government forces and loyalists of anti-American cleric Muqtada al-Sadr raged on in the crowded districts of Sadr City, as both sides dug in for a long and bloody battle.
Hospital officials reported that 14 civilians had been killed, as well as seven militiamen. At least 65 people were wounded.
The fighting has caused chaos and displacement in Sadr City, home to 2.5 million people, and many have fled their neighborhoods in search of safer areas.
The government, supported by American airstrikes,","10-day-old government offensive against the city seemed to be stuck in a bloody stalemate.
Clashes between government forces and loyalists of anti-American cleric Muqtada al-Sadr raged on in the crowded districts of Sadr City, as both sides dug in for a long and bloody battle.
Hospital officials reported that 14 civilians had been killed, as well as seven militiamen. At least 65 people were wounded.
The fighting has caused chaos and displacement in Sadr City, home to 2.5 million people, and many have fled their neighborhoods in search of safer areas.
The government, supported by American airstrikes,","{""do_sample"": true, ""temperature"": 1.0, ""top_p"": 0.95, ""top_k"": 50, ""repetition_penalty"": 1.0, ""max_new_tokens"": 128}"
kgw,4.0,1,1289,55,55,"Tulsa race riot survivor: ""Learn how to forgive, but never forget"" SAN FRANCISCO, California (CNN) -- A 100-inch, high definition ","Tulsa race riot survivor: ""Learn how to forgive, but never forget"" SAN FRANCISCO, California (CNN) -- A 100-inch, high definition 64 inch screen to be installed at the World Museum in the city.
The Tulsa race riots: ""I'll never forget what happened, I'll never forgive""
This is the story of how Tulsa, a city in the United States, experienced some of the darkest moments of its history when a race riot broke out, resulting in the death of hundreds and the displacement of thousands, many of whom were African Americans. Today, survivor, Clara Luper...
I am still filled with anger, frustration and guilt, said Ms Luper. But what I am now is more determined than ever to spread the word, to educate, to share my story","64 inch screen to be installed at the World Museum in the city.
The Tulsa race riots: ""I'll never forget what happened, I'll never forgive""
This is the story of how Tulsa, a city in the United States, experienced some of the darkest moments of its history when a race riot broke out, resulting in the death of hundreds and the displacement of thousands, many of whom were African Americans. Today, survivor, Clara Luper...
I am still filled with anger, frustration and guilt, said Ms Luper. But what I am now is more determined than ever to spread the word, to educate, to share my story","{""do_sample"": true, ""temperature"": 1.0, ""top_p"": 0.95, ""top_k"": 50, ""repetition_penalty"": 1.0, ""max_new_tokens"": 128}"
kgw,4.0,1,1291,57,57,When Cait and I found out how easy it is to make ravioli–and with such completely impressive and delicious results!–we ,"When Cait and I found out how easy it is to make ravioli–and with such completely impressive and delicious results!–we  decided to give it a try at our Christmas dinner party last year.  It was a huge hit with all our friends who were a bit surprised and delighted by homemade pasta and fillings made from scratch.
But let’s back up a bit. Before you start making ravioli from scratch, you’ll need some basic ingredients and tools:

**Ingredients:**

For the dough:

* 2 cups all-purpose flour
* 2 eggs
* Salt (optional)

For the filling:

* Your favorite filling ingredients (we used ricotta, spinach, garlic, salt, and pepper)
* Optional: grated Parmesan,"," decided to give it a try at our Christmas dinner party last year.  It was a huge hit with all our friends who were a bit surprised and delighted by homemade pasta and fillings made from scratch.
But let’s back up a bit. Before you start making ravioli from scratch, you’ll need some basic ingredients and tools:

**Ingredients:**

For the dough:

* 2 cups all-purpose flour
* 2 eggs
* Salt (optional)

For the filling:

* Your favorite filling ingredients (we used ricotta, spinach, garlic, salt, and pepper)
* Optional: grated Parmesan,","{""do_sample"": true, ""temperature"": 1.0, ""top_p"": 0.95, ""top_k"": 50, ""repetition_penalty"": 1.0, ""max_new_tokens"": 128}"
kgw,4.0,1,1293,59,59,"It may not have been enough to bring out the skis, but Wood River Valley residents woke up with a ","It may not have been enough to bring out the skis, but Wood River Valley residents woke up with a 4-7 inch coating of new snow on Sunday morning, with snowfall continuing throughout the day.
By Sunday afternoon, many areas around Hailey, Ketchum and Sun Valley received 8-12 inches or more of fresh snow. Ski resort operators, who had been worried about drought, were thrilled to see the snowfall return.
Ski resort officials said Sunday's snowfall marked a welcome change, but they will continue to monitor conditions and plan for potential snowmaking if needed.
""We're really thrilled to see the snow return,"" said Sun Valley Resort spokesman, Aaron Saletore. ""It looks like the big picture is that","4-7 inch coating of new snow on Sunday morning, with snowfall continuing throughout the day.
By Sunday afternoon, many areas around Hailey, Ketchum and Sun Valley received 8-12 inches or more of fresh snow. Ski resort operators, who had been worried about drought, were thrilled to see the snowfall return.
Ski resort officials said Sunday's snowfall marked a welcome change, but they will continue to monitor conditions and plan for potential snowmaking if needed.
""We're really thrilled to see the snow return,"" said Sun Valley Resort spokesman, Aaron Saletore. ""It looks like the big picture is that","{""do_sample"": true, ""temperature"": 1.0, ""top_p"": 0.95, ""top_k"": 50, ""repetition_penalty"": 1.0, ""max_new_tokens"": 128}"
kgw,4.0,1,1295,61,61,"Are stoners now a target advertising demographic for fast food companies? Ever since Harold and Kumar went to White Castle, ","Are stoners now a target advertising demographic for fast food companies? Ever since Harold and Kumar went to White Castle, 20-something-year-olds with questionable hygiene have been synonymous with the concept of ""hungry after a long night."" Fast food chains, it seems, are capitalizing on this stigma.
At least three fast-food brands — Pizza Hut, Taco Bell, and Sonic — are now targeting stoners with specialized menus and advertising campaigns. They are counting on your munchie-filled good (and not-so-good) decisions.
Here's how they're cashing in on your high:
Pizza Hut:
1. Their new campaign, ""Stoner Tuesday,"" offers discounted pizzas and free wings with a promo code. We're not sure who came up with","20-something-year-olds with questionable hygiene have been synonymous with the concept of ""hungry after a long night."" Fast food chains, it seems, are capitalizing on this stigma.
At least three fast-food brands — Pizza Hut, Taco Bell, and Sonic — are now targeting stoners with specialized menus and advertising campaigns. They are counting on your munchie-filled good (and not-so-good) decisions.
Here's how they're cashing in on your high:
Pizza Hut:
1. Their new campaign, ""Stoner Tuesday,"" offers discounted pizzas and free wings with a promo code. We're not sure who came up with","{""do_sample"": true, ""temperature"": 1.0, ""top_p"": 0.95, ""top_k"": 50, ""repetition_penalty"": 1.0, ""max_new_tokens"": 128}"
kgw,4.0,1,1297,63,63,"Due to Hurricane Irene, parts of New Jersey were declared a federal disaster area this week. Federal funding is available ","Due to Hurricane Irene, parts of New Jersey were declared a federal disaster area this week. Federal funding is available  to help residents, businesses and communities affected  by  the hurricane. (Photo courtesy of the National Weather Service)
Due to Hurricane Irene, parts of New Jersey were declared a federal disaster area this week. Federal funding is available  to help residents, businesses and communities affected  by  the hurricane. (Photo courtesy of the National Weather Service)
TRENTON, N.J. (AP) — President Barack Obama has designated several counties in New Jersey as major disaster areas following the damage caused by Hurricane Irene.
The designation was made Friday by the Federal Emergency Management Agency. It will make federal funding available for individual assistance and hazard mitigation,"," to help residents, businesses and communities affected  by  the hurricane. (Photo courtesy of the National Weather Service)
Due to Hurricane Irene, parts of New Jersey were declared a federal disaster area this week. Federal funding is available  to help residents, businesses and communities affected  by  the hurricane. (Photo courtesy of the National Weather Service)
TRENTON, N.J. (AP) — President Barack Obama has designated several counties in New Jersey as major disaster areas following the damage caused by Hurricane Irene.
The designation was made Friday by the Federal Emergency Management Agency. It will make federal funding available for individual assistance and hazard mitigation,","{""do_sample"": true, ""temperature"": 1.0, ""top_p"": 0.95, ""top_k"": 50, ""repetition_penalty"": 1.0, ""max_new_tokens"": 128}"
kgw,4.0,1,1299,65,65,"As many British visitors to France have learnt to their dismay, if you ask a local, “Parlez-vous anglais?”, the answer ","As many British visitors to France have learnt to their dismay, if you ask a local, “Parlez-vous anglais?”, the answer 75% of the time is: “Oui, un peu”. Which roughly translates to “Yes, not really” or “Yes, a bit”… i.e. not enough to have a meaningful conversation!
This is where Google Translate comes to our rescue. While not perfect, it can help us to communicate with non-English speaking locals, especially when we venture outside of tourist areas. So, for the sake of convenience, let me show you how Google Translate can be a useful tool in your pocket.

### How Google Translate works

Google Translate is a free mobile app (for iOS and Android) and a web application that can","75% of the time is: “Oui, un peu”. Which roughly translates to “Yes, not really” or “Yes, a bit”… i.e. not enough to have a meaningful conversation!
This is where Google Translate comes to our rescue. While not perfect, it can help us to communicate with non-English speaking locals, especially when we venture outside of tourist areas. So, for the sake of convenience, let me show you how Google Translate can be a useful tool in your pocket.

### How Google Translate works

Google Translate is a free mobile app (for iOS and Android) and a web application that can","{""do_sample"": true, ""temperature"": 1.0, ""top_p"": 0.95, ""top_k"": 50, ""repetition_penalty"": 1.0, ""max_new_tokens"": 128}"
kgw,4.0,1,1301,67,67,"For professors, publishing in elite journals is an unavoidable part of university life. The grueling process of subjecting work to ","For professors, publishing in elite journals is an unavoidable part of university life. The grueling process of subjecting work to 3-7 levels of scrutiny, rewriting, resubmitting, and dealing with the inevitable rejections may seem like the best way to demonstrate one's academic prowess. But what is the actual benefit of publishing in these prestige journals, and is there an alternative way to achieve recognition in one's field? The author of an influential recent study on the matter, which analyzed data of the publishing habits of over 10,000 professors in the fields of economics, business, and law, discusses its findings. Prof. Xin (Ivy) Shi of the Kellogg School of Management joins the show to shed light on her research, and the","3-7 levels of scrutiny, rewriting, resubmitting, and dealing with the inevitable rejections may seem like the best way to demonstrate one's academic prowess. But what is the actual benefit of publishing in these prestige journals, and is there an alternative way to achieve recognition in one's field? The author of an influential recent study on the matter, which analyzed data of the publishing habits of over 10,000 professors in the fields of economics, business, and law, discusses its findings. Prof. Xin (Ivy) Shi of the Kellogg School of Management joins the show to shed light on her research, and the","{""do_sample"": true, ""temperature"": 1.0, ""top_p"": 0.95, ""top_k"": 50, ""repetition_penalty"": 1.0, ""max_new_tokens"": 128}"
kgw,4.0,1,1303,69,69,"After rebranding from beverages to a blockchain company, Long Blockchain says it is refocusing yet again and launching operations related ","After rebranding from beverages to a blockchain company, Long Blockchain says it is refocusing yet again and launching operations related 3D printing technology and artificial intelligence.
That's a lot of pivots for a company that once touted itself as a pioneer in the CBD tea industry.
The company, which had previously changed its name from Long Island Iced Tea Corporation to Long Blockchain Corporation in 2017, announced its plan to shift gears again in a filing with the Securities and Exchange Commission (SEC) Wednesday.
Under its new direction, the company plans to pursue various applications of 3D printing technology and artificial intelligence. This includes researching and developing applications of these technologies across a range of industries, from healthcare and manufacturing to aerospace and education.
To achieve these goals,","3D printing technology and artificial intelligence.
That's a lot of pivots for a company that once touted itself as a pioneer in the CBD tea industry.
The company, which had previously changed its name from Long Island Iced Tea Corporation to Long Blockchain Corporation in 2017, announced its plan to shift gears again in a filing with the Securities and Exchange Commission (SEC) Wednesday.
Under its new direction, the company plans to pursue various applications of 3D printing technology and artificial intelligence. This includes researching and developing applications of these technologies across a range of industries, from healthcare and manufacturing to aerospace and education.
To achieve these goals,","{""do_sample"": true, ""temperature"": 1.0, ""top_p"": 0.95, ""top_k"": 50, ""repetition_penalty"": 1.0, ""max_new_tokens"": 128}"
kgw,4.0,1,1305,71,71,"Noel Gallo, an organ builder who designed a new organ at Xewkija parish church and Paolo Oreni, an international organist ","Noel Gallo, an organ builder who designed a new organ at Xewkija parish church and Paolo Oreni, an international organist  Photo by Vincent Grech
Noel Gallo, an organ builder, and Paolo Oreni, an international organist
Noel Gallo, a renowned organ builder from Austria, and Paolo Oreni, a talented organist from Italy, paid a visit to the Xewkija parish church in Gozo, Malta, recently.
They came to inspect the new organ that Noel Gallo had designed and built, in an effort to enhance the church’s liturgical celebrations. Paolo Oreni, who is an expert in organ music, was invited to give a recital to launch the new organ.
The visit took place"," Photo by Vincent Grech
Noel Gallo, an organ builder, and Paolo Oreni, an international organist
Noel Gallo, a renowned organ builder from Austria, and Paolo Oreni, a talented organist from Italy, paid a visit to the Xewkija parish church in Gozo, Malta, recently.
They came to inspect the new organ that Noel Gallo had designed and built, in an effort to enhance the church’s liturgical celebrations. Paolo Oreni, who is an expert in organ music, was invited to give a recital to launch the new organ.
The visit took place","{""do_sample"": true, ""temperature"": 1.0, ""top_p"": 0.95, ""top_k"": 50, ""repetition_penalty"": 1.0, ""max_new_tokens"": 128}"
kgw,4.0,1,1307,73,73,"Meet Google's Robot Army. It's Growing. Google can't stop buying robotics companies. In the past two months, eight of the ","Meet Google's Robot Army. It's Growing. Google can't stop buying robotics companies. In the past two months, eight of the 11 companies it has acquired have gone public. The dealmaking binge has left many in the industry asking: What is Google after, and how will it reshape the world of artificial intelligence (AI)? Answering those questions is a robot by the name of Sophia. This humanoid robot, created by Hong Kong-based company Hanson Robotics, made her debut at a Google event in San Francisco on Tuesday. Sophia has a face made from more than 60 different types of silicone parts; she can recognize her ""mother,"" Chen Chen, who created her; and she can even show emotions by moving her facial muscles. Sophia is just the first taste of the","11 companies it has acquired have gone public. The dealmaking binge has left many in the industry asking: What is Google after, and how will it reshape the world of artificial intelligence (AI)? Answering those questions is a robot by the name of Sophia. This humanoid robot, created by Hong Kong-based company Hanson Robotics, made her debut at a Google event in San Francisco on Tuesday. Sophia has a face made from more than 60 different types of silicone parts; she can recognize her ""mother,"" Chen Chen, who created her; and she can even show emotions by moving her facial muscles. Sophia is just the first taste of the","{""do_sample"": true, ""temperature"": 1.0, ""top_p"": 0.95, ""top_k"": 50, ""repetition_penalty"": 1.0, ""max_new_tokens"": 128}"
kgw,4.0,1,1309,75,75,"Michael Schumacher - a seven-time Formula One world champion is ""not bedridden or living on tubes"", it has been reported ","Michael Schumacher - a seven-time Formula One world champion is ""not bedridden or living on tubes"", it has been reported 12 months since a skiing accident, the Ferrari legend is continuing rehabilitation at home.
According to an official statement, Michael Schumacher is not responding to verbal commands and cannot conduct simple routines such as brushing teeth or taking a shower independently. But the statement has also clarified that Schumacher's condition has improved since his initial diagnosis.
The official statement from Jean Todt's office read ""Michael has not made a lot of progress, but what has been achieved is not to be expected in a person with an injury of the kind that he had.""
The seven-time Formula One champion has been recovering at his home in Geneva, Switzerland, since the","12 months since a skiing accident, the Ferrari legend is continuing rehabilitation at home.
According to an official statement, Michael Schumacher is not responding to verbal commands and cannot conduct simple routines such as brushing teeth or taking a shower independently. But the statement has also clarified that Schumacher's condition has improved since his initial diagnosis.
The official statement from Jean Todt's office read ""Michael has not made a lot of progress, but what has been achieved is not to be expected in a person with an injury of the kind that he had.""
The seven-time Formula One champion has been recovering at his home in Geneva, Switzerland, since the","{""do_sample"": true, ""temperature"": 1.0, ""top_p"": 0.95, ""top_k"": 50, ""repetition_penalty"": 1.0, ""max_new_tokens"": 128}"
kgw,4.0,1,1311,77,77,"On April 4, 1975, Bill Gates and Paul Allen founded Microsoft. The small firm used to develop and sell BASIC ","On April 4, 1975, Bill Gates and Paul Allen founded Microsoft. The small firm used to develop and sell BASIC  interpreter, an interpreter that could run on the first commercial personal computer, Apple I. The development effort for the BASIC programming language led to the formation of Microsoft and Gates' relationship with the first microprocessor maker.
The early days were crucial, where the Gates- Allen duo, both from Lakeside High School, Seattle, initially began the venture as Micro-Soft, an abbreviation of microcomputers and software.
Gates, the youngest in the family, took over his older siblings' home, where his fellow schoolmate, Allen, would often visit. They spent countless hours learning to code, utilizing the Altair 8800, a"," interpreter, an interpreter that could run on the first commercial personal computer, Apple I. The development effort for the BASIC programming language led to the formation of Microsoft and Gates' relationship with the first microprocessor maker.
The early days were crucial, where the Gates- Allen duo, both from Lakeside High School, Seattle, initially began the venture as Micro-Soft, an abbreviation of microcomputers and software.
Gates, the youngest in the family, took over his older siblings' home, where his fellow schoolmate, Allen, would often visit. They spent countless hours learning to code, utilizing the Altair 8800, a","{""do_sample"": true, ""temperature"": 1.0, ""top_p"": 0.95, ""top_k"": 50, ""repetition_penalty"": 1.0, ""max_new_tokens"": 128}"
kgw,4.0,1,1313,79,79,John Beilein and the Michigan Wolverines are one win away from a national title. On Saturday the Wolverines knocked off ,"John Beilein and the Michigan Wolverines are one win away from a national title. On Saturday the Wolverines knocked off 9-seed Florida 49-47 in the Elite Eight to advance to their first Final Four since 1993. Beilein, who is known for his tough defensive teams, had to adapt to Florida's quick tempo to get the win.
""I'm so proud of these guys, you know. They did a tremendous job of fighting back and making big plays. We wanted to make it hard for them to get easy baskets, especially in the paint. We did a lot of good things defensively and we got a lot of tough rebounds. I think we were plus-five or plus-six on the glass and that was big,"" Beile","9-seed Florida 49-47 in the Elite Eight to advance to their first Final Four since 1993. Beilein, who is known for his tough defensive teams, had to adapt to Florida's quick tempo to get the win.
""I'm so proud of these guys, you know. They did a tremendous job of fighting back and making big plays. We wanted to make it hard for them to get easy baskets, especially in the paint. We did a lot of good things defensively and we got a lot of tough rebounds. I think we were plus-five or plus-six on the glass and that was big,"" Beile","{""do_sample"": true, ""temperature"": 1.0, ""top_p"": 0.95, ""top_k"": 50, ""repetition_penalty"": 1.0, ""max_new_tokens"": 128}"
kgw,4.0,1,1315,81,81,Two Democratic state representatives from South Florida said Thursday that they've gathered with 33 colleagues to file paperwork with the ,"Two Democratic state representatives from South Florida said Thursday that they've gathered with 33 colleagues to file paperwork with the 25th congressional district Democratic Party executive committee in advance of next year's election, setting the stage for potential redistricting challenges.
Rep. Ana Maria Rodriguez, D-Miami, and Rep. Dotie Joseph, D-North Miami Beach, announced their intent to run for the newly redrawn 25th Congressional District during a press conference Thursday morning.
If successful in the primary, they'll face off against incumbent U.S. Rep. Debbie Wasserman Schultz, a Democrat from Davie who has represented the area in Congress since 2005.
Thursday's move comes amid ongoing disputes over the redistricting process and a possibility of court","25th congressional district Democratic Party executive committee in advance of next year's election, setting the stage for potential redistricting challenges.
Rep. Ana Maria Rodriguez, D-Miami, and Rep. Dotie Joseph, D-North Miami Beach, announced their intent to run for the newly redrawn 25th Congressional District during a press conference Thursday morning.
If successful in the primary, they'll face off against incumbent U.S. Rep. Debbie Wasserman Schultz, a Democrat from Davie who has represented the area in Congress since 2005.
Thursday's move comes amid ongoing disputes over the redistricting process and a possibility of court","{""do_sample"": true, ""temperature"": 1.0, ""top_p"": 0.95, ""top_k"": 50, ""repetition_penalty"": 1.0, ""max_new_tokens"": 128}"
kgw,4.0,1,1317,83,83,"Hospitals are seeking ways to reduce readmissions, due to new penalties from Medicare. Demand for qualified professionals in the health ","Hospitals are seeking ways to reduce readmissions, due to new penalties from Medicare. Demand for qualified professionals in the health  care industry has increased, as the Affordable Care Act (ACA) and the shift to value-based  payment models has created a need for better population health  management and patient-centered care. With the aging of the  population and the increasing prevalence of chronic diseases,  there is a growing need for health care professionals who can  effectively address the needs of diverse patient populations. As  the population grows and becomes more diverse, the demand for qualified health care workers continues to rise. Here's a list of some of the  in-demand healthcare careers that can help"," care industry has increased, as the Affordable Care Act (ACA) and the shift to value-based  payment models has created a need for better population health  management and patient-centered care. With the aging of the  population and the increasing prevalence of chronic diseases,  there is a growing need for health care professionals who can  effectively address the needs of diverse patient populations. As  the population grows and becomes more diverse, the demand for qualified health care workers continues to rise. Here's a list of some of the  in-demand healthcare careers that can help","{""do_sample"": true, ""temperature"": 1.0, ""top_p"": 0.95, ""top_k"": 50, ""repetition_penalty"": 1.0, ""max_new_tokens"": 128}"
kgw,4.0,1,1319,85,85,"OK!'s NYC Fashion Week Blog: Gwen Stefani's L.A.M.B. Can’t make it to NYC for Fashion Week? Don’t worry, OK!’s got ","OK!'s NYC Fashion Week Blog: Gwen Stefani's L.A.M.B. Can’t make it to NYC for Fashion Week? Don’t worry, OK!’s got 411! We’re bringing you...
OK!'s NYC Fashion Week Blog: Anne Hathaway's Dior Anne Hathaway's Dior gown got everyone talking on Saturday night, and OK! is bringing the fashion...
OK!'s NYC Fashion Week Blog: Olivia Palermo's Stuart Weitzman Stuart Weitzman and Olivia Palermo made a stunning team on Sunday! The model was spotted walking the...
OK!'s NYC Fashion Week Blog: Mary-Kate Olsen's Alaia Alaia is the go-to brand for the Olsen sisters, and their mom, and it seems designer Azzedine...
OK!'s NYC Fashion Week Blog","411! We’re bringing you...
OK!'s NYC Fashion Week Blog: Anne Hathaway's Dior Anne Hathaway's Dior gown got everyone talking on Saturday night, and OK! is bringing the fashion...
OK!'s NYC Fashion Week Blog: Olivia Palermo's Stuart Weitzman Stuart Weitzman and Olivia Palermo made a stunning team on Sunday! The model was spotted walking the...
OK!'s NYC Fashion Week Blog: Mary-Kate Olsen's Alaia Alaia is the go-to brand for the Olsen sisters, and their mom, and it seems designer Azzedine...
OK!'s NYC Fashion Week Blog","{""do_sample"": true, ""temperature"": 1.0, ""top_p"": 0.95, ""top_k"": 50, ""repetition_penalty"": 1.0, ""max_new_tokens"": 128}"
kgw,4.0,1,1321,87,87,"FILE - Guinea security forces, center, face people rioting and burning rubbish and other goods in the streets of Conakry, ","FILE - Guinea security forces, center, face people rioting and burning rubbish and other goods in the streets of Conakry, 24 Oct. 2020. A proposed change to Guinea's constitution could pave the way for military ruler Mamady Doumbouya to extend his rule.
A proposed amendment to Guinea's constitution, which is likely to pass due to the country's military-backed government, is raising concerns among politicians, civil society groups and some African leaders.
The amendment aims to extend the presidency from a single seven-year term to a maximum of two terms, effectively allowing military ruler Mamady Doumbouya to stay in power for 10 years instead of the current five.
If passed, Doumbouya, who has been ruling the West African nation","24 Oct. 2020. A proposed change to Guinea's constitution could pave the way for military ruler Mamady Doumbouya to extend his rule.
A proposed amendment to Guinea's constitution, which is likely to pass due to the country's military-backed government, is raising concerns among politicians, civil society groups and some African leaders.
The amendment aims to extend the presidency from a single seven-year term to a maximum of two terms, effectively allowing military ruler Mamady Doumbouya to stay in power for 10 years instead of the current five.
If passed, Doumbouya, who has been ruling the West African nation","{""do_sample"": true, ""temperature"": 1.0, ""top_p"": 0.95, ""top_k"": 50, ""repetition_penalty"": 1.0, ""max_new_tokens"": 128}"
kgw,4.0,1,1323,89,89,Sunday's college basketball roundup: No. 8 N.C. State women stay unbeaten with rout at U.Va. Do conference hoops tournaments hinder ,"Sunday's college basketball roundup: No. 8 N.C. State women stay unbeaten with rout at U.Va. Do conference hoops tournaments hinder 2-3 zone defense?
Tuesday's local interest college basketball recaps:
No. 8 N.C. State 82, Virginia 44
The Wolfpack improved to 12-0 with a dominating performance at John Paul Jones Arena. N.C. State led 37-18 at halftime and outscored Virginia 45-26 in the second half. Elisa Penna scored 14 points, and Jakayla Zenon added 12 for N.C. State. Brennan McGrade had 12 points for Virginia (3-9).
No. 24 DePaul 87, St. John's 81 (OT","2-3 zone defense?
Tuesday's local interest college basketball recaps:
No. 8 N.C. State 82, Virginia 44
The Wolfpack improved to 12-0 with a dominating performance at John Paul Jones Arena. N.C. State led 37-18 at halftime and outscored Virginia 45-26 in the second half. Elisa Penna scored 14 points, and Jakayla Zenon added 12 for N.C. State. Brennan McGrade had 12 points for Virginia (3-9).
No. 24 DePaul 87, St. John's 81 (OT","{""do_sample"": true, ""temperature"": 1.0, ""top_p"": 0.95, ""top_k"": 50, ""repetition_penalty"": 1.0, ""max_new_tokens"": 128}"
kgw,4.0,1,1325,91,91,“All the gold names have been pretty much getting hammered both on the credit side and the equity side for ,"“All the gold names have been pretty much getting hammered both on the credit side and the equity side for 5, 6 years,”
Here are some quotes on the topic from market experts:

1. “All the gold names have been pretty much getting hammered both on the credit side and the equity side for 5, 6 years,”
Source: Citigroup Inc. analyst Edward Jones.
Context: Edward Jones highlighted that gold miners have been facing a tough market for several years, which has led to a sell-off. The analyst added that the recent gold rally has been quite strong, but the miners have not kept pace due to production challenges and other issues.

2. “The gold miners have been held back by a number of factors","5, 6 years,”
Here are some quotes on the topic from market experts:

1. “All the gold names have been pretty much getting hammered both on the credit side and the equity side for 5, 6 years,”
Source: Citigroup Inc. analyst Edward Jones.
Context: Edward Jones highlighted that gold miners have been facing a tough market for several years, which has led to a sell-off. The analyst added that the recent gold rally has been quite strong, but the miners have not kept pace due to production challenges and other issues.

2. “The gold miners have been held back by a number of factors","{""do_sample"": true, ""temperature"": 1.0, ""top_p"": 0.95, ""top_k"": 50, ""repetition_penalty"": 1.0, ""max_new_tokens"": 128}"
kgw,4.0,1,1327,93,93,"Customers line up to purchase lottery tickets, Monday, Oct. 22, 2018, at La Preferida Superdiscount store in Hialeah, Fla. For ","Customers line up to purchase lottery tickets, Monday, Oct. 22, 2018, at La Preferida Superdiscount store in Hialeah, Fla. For 13 days, some lucky numbers in Florida have become the biggest jackpot winners in Powerball's history. (AP Photo/Alan Diaz)
The latest Mega Millions and Powerball drawings took place on Tuesday, October 23, and while there was no jackpot winner in either drawing, some lucky tick...
The Mega Millions drawing took place on Tuesday, October 23, at 11:00 PM ET, and no player matched the six numbers drawn to win the $667 million jackpot.
The winning Mega Millions numbers were:
Main Numbers: 5-15-28-32-35
 Mega Ball: 11
The prize for matching the","13 days, some lucky numbers in Florida have become the biggest jackpot winners in Powerball's history. (AP Photo/Alan Diaz)
The latest Mega Millions and Powerball drawings took place on Tuesday, October 23, and while there was no jackpot winner in either drawing, some lucky tick...
The Mega Millions drawing took place on Tuesday, October 23, at 11:00 PM ET, and no player matched the six numbers drawn to win the $667 million jackpot.
The winning Mega Millions numbers were:
Main Numbers: 5-15-28-32-35
 Mega Ball: 11
The prize for matching the","{""do_sample"": true, ""temperature"": 1.0, ""top_p"": 0.95, ""top_k"": 50, ""repetition_penalty"": 1.0, ""max_new_tokens"": 128}"
kgw,4.0,1,1329,95,95,There're no feet like happy feet and these Rechargeable Heated Slippers will ensure your feet are always happy. Just slip ,"There're no feet like happy feet and these Rechargeable Heated Slippers will ensure your feet are always happy. Just slip 1.5 hours at a time into a warm bath of soothing warmth, recharge and repeat as needed (max. 10 hours).
The soft, plush interior with extra padding and a grippy outsole provide ultimate comfort and support. Perfect for cold, hard office floors, chilly winter nights or anytime your feet could use a warm hug.
BUT WAIT, there's more! These adorable heated slippers have a rechargeable battery that lasts for hours, adjustable heat control, anti-scald protection and extra-large sizes for maximum comfort. Treat your feet to the blissful warmth and happiness they deserve. Order your pair now!
I purchased these","1.5 hours at a time into a warm bath of soothing warmth, recharge and repeat as needed (max. 10 hours).
The soft, plush interior with extra padding and a grippy outsole provide ultimate comfort and support. Perfect for cold, hard office floors, chilly winter nights or anytime your feet could use a warm hug.
BUT WAIT, there's more! These adorable heated slippers have a rechargeable battery that lasts for hours, adjustable heat control, anti-scald protection and extra-large sizes for maximum comfort. Treat your feet to the blissful warmth and happiness they deserve. Order your pair now!
I purchased these","{""do_sample"": true, ""temperature"": 1.0, ""top_p"": 0.95, ""top_k"": 50, ""repetition_penalty"": 1.0, ""max_new_tokens"": 128}"
kgw,4.0,1,1331,97,97,"When Katherine Gotovsky sees a problem, her response is immediate. The gears in her 17-year-old mind start working away, determined ","When Katherine Gotovsky sees a problem, her response is immediate. The gears in her 17-year-old mind start working away, determined 24-hour-a-day to come up with innovative solutions. Her parents describe it as her ""constant motion,"" as if her mind is always whirring and ticking along, seeking out a challenge to overcome.
Gotovsky, a rising junior at the Bronx's Bronx High School of Science, has been hooked on problem-solving for as long as she can remember. In elementary school, she'd use her recess time to build Rube Goldberg contraptions in the playgrounds. As she grew older, she began to tackle more complex projects – like developing a low-cost, DIY device to monitor water quality in her local community's drinking fountains.
","24-hour-a-day to come up with innovative solutions. Her parents describe it as her ""constant motion,"" as if her mind is always whirring and ticking along, seeking out a challenge to overcome.
Gotovsky, a rising junior at the Bronx's Bronx High School of Science, has been hooked on problem-solving for as long as she can remember. In elementary school, she'd use her recess time to build Rube Goldberg contraptions in the playgrounds. As she grew older, she began to tackle more complex projects – like developing a low-cost, DIY device to monitor water quality in her local community's drinking fountains.
","{""do_sample"": true, ""temperature"": 1.0, ""top_p"": 0.95, ""top_k"": 50, ""repetition_penalty"": 1.0, ""max_new_tokens"": 128}"
kgw,4.0,1,1333,99,99,"A rocket attack by ISIS militants in northern Syria caused symptoms of “chemical gas” in 22 Syrian rebels, state media ","A rocket attack by ISIS militants in northern Syria caused symptoms of “chemical gas” in 22 Syrian rebels, state media  ...
The world was on high alert yesterday after a rocket attack in Syria's north left 22 rebels suffering symptoms resembling those caused by...
Rebels in Syria were exposed to a mysterious gas yesterday, following a rocket attack by Islamic State (IS) militants on their positions in northern Aleppo.
The attack, which came as a surprise to the Syrian government and foreign backers, left the rebels and civilians suffering from symptoms...
In Northern Syria, a Rocket Attack By ISIS Left 22 Rebels with Gas Symptoms, including difficulty breathing and numbness, said...
A rocket attack by ISIS on northern Syria, left 22 rebels with symptoms resembling those of"," ...
The world was on high alert yesterday after a rocket attack in Syria's north left 22 rebels suffering symptoms resembling those caused by...
Rebels in Syria were exposed to a mysterious gas yesterday, following a rocket attack by Islamic State (IS) militants on their positions in northern Aleppo.
The attack, which came as a surprise to the Syrian government and foreign backers, left the rebels and civilians suffering from symptoms...
In Northern Syria, a Rocket Attack By ISIS Left 22 Rebels with Gas Symptoms, including difficulty breathing and numbness, said...
A rocket attack by ISIS on northern Syria, left 22 rebels with symptoms resembling those of","{""do_sample"": true, ""temperature"": 1.0, ""top_p"": 0.95, ""top_k"": 50, ""repetition_penalty"": 1.0, ""max_new_tokens"": 128}"
kgw,4.0,1,1335,101,101,And yet the Cardinals are in position to complete a three-game sweep of the Cubs on Sunday night after erasing ,"And yet the Cardinals are in position to complete a three-game sweep of the Cubs on Sunday night after erasing 3-0 deficit in the eighth inning of Game 2. They scored eight runs in the eighth inning and won 9-6, courtesy of Paul Goldschmidt's go-ahead three-run homer off Hector Rondon.
The Cubs are just hoping they can survive this series and avoid a sweep behind a strong performance by Kyle Hendricks in Game 3. Hendricks was 3-1 in four postseason starts a year ago, and he's been one of the most consistent starters in the Cubs' rotation all season.
The Cubs will need someone to step up on the mound in place of Jon Lester, who left Game 2 after","3-0 deficit in the eighth inning of Game 2. They scored eight runs in the eighth inning and won 9-6, courtesy of Paul Goldschmidt's go-ahead three-run homer off Hector Rondon.
The Cubs are just hoping they can survive this series and avoid a sweep behind a strong performance by Kyle Hendricks in Game 3. Hendricks was 3-1 in four postseason starts a year ago, and he's been one of the most consistent starters in the Cubs' rotation all season.
The Cubs will need someone to step up on the mound in place of Jon Lester, who left Game 2 after","{""do_sample"": true, ""temperature"": 1.0, ""top_p"": 0.95, ""top_k"": 50, ""repetition_penalty"": 1.0, ""max_new_tokens"": 128}"
kgw,4.0,1,1337,103,103,LUCERNE VALLEY — A motorist on Thursday morning found the body of a bicyclist who had been struck by a ,"LUCERNE VALLEY — A motorist on Thursday morning found the body of a bicyclist who had been struck by a 53-year-old truck in Lucerne Valley, according to authorities.
The crash was reported about 9:30 a.m. on Highway 18, about 2.5 miles east of the town of Lucerne Valley, said California Highway Patrol Officer Monica Posada.
The driver, whose name was not released, was traveling east on Highway 18 in the 2020 GMC Sierra truck when the collision occurred, Posada said.
The bicycle rider, whose name was also not released pending notification of the next of kin, was pronounced dead at the scene.
CHP officers, San Bernardino County firefighters and San Bernardino County Coroner's Office","53-year-old truck in Lucerne Valley, according to authorities.
The crash was reported about 9:30 a.m. on Highway 18, about 2.5 miles east of the town of Lucerne Valley, said California Highway Patrol Officer Monica Posada.
The driver, whose name was not released, was traveling east on Highway 18 in the 2020 GMC Sierra truck when the collision occurred, Posada said.
The bicycle rider, whose name was also not released pending notification of the next of kin, was pronounced dead at the scene.
CHP officers, San Bernardino County firefighters and San Bernardino County Coroner's Office","{""do_sample"": true, ""temperature"": 1.0, ""top_p"": 0.95, ""top_k"": 50, ""repetition_penalty"": 1.0, ""max_new_tokens"": 128}"
kgw,4.0,1,1339,105,105,"TOPEKA, Kan. (WIBW) -- With a snowstorm (and possible blizzard) moving, many of us will spend Sunday indoors. And, while ","TOPEKA, Kan. (WIBW) -- With a snowstorm (and possible blizzard) moving, many of us will spend Sunday indoors. And, while 13 News meteorologists will continue to watch that storm, I’ll take a few moments to talk about some of the most significant snowstorms in K-12 state history. So, grab a warm cup of coffee and let me take you back in time!

1. The Topeka Snow (1901): January 11, 1901 – That winter had seen plenty of snow before, but this was a behemoth! 15 inches! Yes! 15 inches of snow, yes, INCHes, fell in 12 hours! Folks were stuck indoors and transportation came to a halt. Talk about a winter adventure...","13 News meteorologists will continue to watch that storm, I’ll take a few moments to talk about some of the most significant snowstorms in K-12 state history. So, grab a warm cup of coffee and let me take you back in time!

1. The Topeka Snow (1901): January 11, 1901 – That winter had seen plenty of snow before, but this was a behemoth! 15 inches! Yes! 15 inches of snow, yes, INCHes, fell in 12 hours! Folks were stuck indoors and transportation came to a halt. Talk about a winter adventure...","{""do_sample"": true, ""temperature"": 1.0, ""top_p"": 0.95, ""top_k"": 50, ""repetition_penalty"": 1.0, ""max_new_tokens"": 128}"
kgw,4.0,1,1341,107,107,"Rockland — Maine-based nonprofit WindowDressers coordinates community volunteers to build affordable, re-usable, interior insulating window inserts that tighten up existing ","Rockland — Maine-based nonprofit WindowDressers coordinates community volunteers to build affordable, re-usable, interior insulating window inserts that tighten up existing 1-by-4 foot single-pane vinyl windows. This project is beneficial for low-income residents, helping reduce heat loss and save energy.
Volunteers from the region can get involved by signing up for a window-building workshop or donating supplies. They'll learn the simple steps to build the window inserts using recycled materials.
For WindowDressers, sustainability is a key goal. The recycled plastic inserts keep existing windows from ending up in landfills, reducing waste and preserving resources. With over 700,000 low-income households in Maine alone, this program addresses the most vulnerable populations.
To learn more, visit [www.windowdressers.org](http","1-by-4 foot single-pane vinyl windows. This project is beneficial for low-income residents, helping reduce heat loss and save energy.
Volunteers from the region can get involved by signing up for a window-building workshop or donating supplies. They'll learn the simple steps to build the window inserts using recycled materials.
For WindowDressers, sustainability is a key goal. The recycled plastic inserts keep existing windows from ending up in landfills, reducing waste and preserving resources. With over 700,000 low-income households in Maine alone, this program addresses the most vulnerable populations.
To learn more, visit [www.windowdressers.org](http","{""do_sample"": true, ""temperature"": 1.0, ""top_p"": 0.95, ""top_k"": 50, ""repetition_penalty"": 1.0, ""max_new_tokens"": 128}"
kgw,4.0,1,1343,109,109,"The Volstead Act was repealed on this date in 1933, returning control of alcohol to the states, and it was ","The Volstead Act was repealed on this date in 1933, returning control of alcohol to the states, and it was 15 months before Prohibition would be officially repealed on December 5, 1933. Prohibition was the 18th Amendment to the US Constitution, and it had been adopted on January 16, 1919 with the goal of “to prohibit the manufacture, sale, and transportation of intoxicating liquors within, the importation thereof into, or the exportation thereof from the United States and all territory subject to the jurisdiction thereof.
The Volstead Act, which enforced Prohibition, was signed into law by President Herbert Hoover on October 28, 1919. The law defined intoxicating liquors as those that contained over","15 months before Prohibition would be officially repealed on December 5, 1933. Prohibition was the 18th Amendment to the US Constitution, and it had been adopted on January 16, 1919 with the goal of “to prohibit the manufacture, sale, and transportation of intoxicating liquors within, the importation thereof into, or the exportation thereof from the United States and all territory subject to the jurisdiction thereof.
The Volstead Act, which enforced Prohibition, was signed into law by President Herbert Hoover on October 28, 1919. The law defined intoxicating liquors as those that contained over","{""do_sample"": true, ""temperature"": 1.0, ""top_p"": 0.95, ""top_k"": 50, ""repetition_penalty"": 1.0, ""max_new_tokens"": 128}"
kgw,4.0,1,1345,111,111,"Ronny Deila blamed a rutted, ploughed Hampden pitch for his side's failure to inflict League Cup embarrassment upon Rangers. Denying ","Ronny Deila blamed a rutted, ploughed Hampden pitch for his side's failure to inflict League Cup embarrassment upon Rangers. Denying 10-man Thistle had been “parked bus”, the Celtic head coach felt his players were hindered by the underprepared surface in the 2-0 semi-final defeat.
The Easter Road manager, Mixu Paatelainen, admitted it was not ideal conditions, but that had no impact on the outcome. Thistle's resilience and Rangers' superior quality ultimately saw the visitors reach the final, where they will face the winner of tomorrow's other semi between Aberdeen and St Johnstone.
Deila conceded Celtic were not dominant enough and failed to create clear-cut chances. He bemoaned his team's inability to play their natural game on","10-man Thistle had been “parked bus”, the Celtic head coach felt his players were hindered by the underprepared surface in the 2-0 semi-final defeat.
The Easter Road manager, Mixu Paatelainen, admitted it was not ideal conditions, but that had no impact on the outcome. Thistle's resilience and Rangers' superior quality ultimately saw the visitors reach the final, where they will face the winner of tomorrow's other semi between Aberdeen and St Johnstone.
Deila conceded Celtic were not dominant enough and failed to create clear-cut chances. He bemoaned his team's inability to play their natural game on","{""do_sample"": true, ""temperature"": 1.0, ""top_p"": 0.95, ""top_k"": 50, ""repetition_penalty"": 1.0, ""max_new_tokens"": 128}"
kgw,4.0,1,1347,113,113,Why do CEOs need extravagant perks even when they are firing staff and pleading for taxpayer bailouts? It may just ,"Why do CEOs need extravagant perks even when they are firing staff and pleading for taxpayer bailouts? It may just  seem unfair that some CEOs are getting rich, while others are struggling to survive. But, let's put it in a different frame. Here's my rant...
Why are we surprised? In a system where profit and shareholder return are prioritized over people and social welfare, CEOs can be expected to fight tooth and nail for every dollar. Their job, after all, is to deliver value to their shareholders and their boards.
We should be more surprised that some CEOs have any sense of social responsibility or empathy. In fact, many would argue that a CEO who cares too much about their people is often seen as soft or weak. A"," seem unfair that some CEOs are getting rich, while others are struggling to survive. But, let's put it in a different frame. Here's my rant...
Why are we surprised? In a system where profit and shareholder return are prioritized over people and social welfare, CEOs can be expected to fight tooth and nail for every dollar. Their job, after all, is to deliver value to their shareholders and their boards.
We should be more surprised that some CEOs have any sense of social responsibility or empathy. In fact, many would argue that a CEO who cares too much about their people is often seen as soft or weak. A","{""do_sample"": true, ""temperature"": 1.0, ""top_p"": 0.95, ""top_k"": 50, ""repetition_penalty"": 1.0, ""max_new_tokens"": 128}"
kgw,4.0,1,1349,115,115,Northeastern International Airways suspended service on all but one of its routes after an unsuccessful attempt to attract passengers with ,"Northeastern International Airways suspended service on all but one of its routes after an unsuccessful attempt to attract passengers with 1960s-inspired branding and retro-themed plane decorations. The airline, based in Michigan, had been marketing its brand with nods to the era of flower power and peace signs, but it seems passengers just aren't biting.
The airline's CEO, John Hamilton, attributed the lack of interest to the ""current climate of low demand and intense competition"" in the industry, but admitted that the retro branding may have also played a factor. In a statement, he noted, ""While we thought our nostalgic branding and retro-themed aircraft would generate excitement and buzz, it didn't quite resonate with our target audience.""
The airline will continue to operate at least","1960s-inspired branding and retro-themed plane decorations. The airline, based in Michigan, had been marketing its brand with nods to the era of flower power and peace signs, but it seems passengers just aren't biting.
The airline's CEO, John Hamilton, attributed the lack of interest to the ""current climate of low demand and intense competition"" in the industry, but admitted that the retro branding may have also played a factor. In a statement, he noted, ""While we thought our nostalgic branding and retro-themed aircraft would generate excitement and buzz, it didn't quite resonate with our target audience.""
The airline will continue to operate at least","{""do_sample"": true, ""temperature"": 1.0, ""top_p"": 0.95, ""top_k"": 50, ""repetition_penalty"": 1.0, ""max_new_tokens"": 128}"
kgw,4.0,1,1351,117,117,"DAVIDSON, N.C., Jan. 10, 2019 /PRNewswire/ -- Rocus Networks, a managed cybersecurity service provider for business, announced today that it ","DAVIDSON, N.C., Jan. 10, 2019 /PRNewswire/ -- Rocus Networks, a managed cybersecurity service provider for business, announced today that it  has been recognized as one of North Carolina's fastest-growing private companies by the Charlotte Business Journal.
For 20 years, the Charlotte Business Journal's Fast 50 Awards have recognized the top companies in Charlotte and the surrounding areas that have achieved significant revenue growth over the previous year. The winners were honored at a dinner event held on December 6, 2018.
""This recognition is a testament to our talented team and our commitment to delivering exceptional managed cybersecurity services to our customers,"" said Chris Bredesen, founder and CEO of Rocus Networks. ""We are thrilled to join the ranks of this elite group of fast-growing companies, and we"," has been recognized as one of North Carolina's fastest-growing private companies by the Charlotte Business Journal.
For 20 years, the Charlotte Business Journal's Fast 50 Awards have recognized the top companies in Charlotte and the surrounding areas that have achieved significant revenue growth over the previous year. The winners were honored at a dinner event held on December 6, 2018.
""This recognition is a testament to our talented team and our commitment to delivering exceptional managed cybersecurity services to our customers,"" said Chris Bredesen, founder and CEO of Rocus Networks. ""We are thrilled to join the ranks of this elite group of fast-growing companies, and we","{""do_sample"": true, ""temperature"": 1.0, ""top_p"": 0.95, ""top_k"": 50, ""repetition_penalty"": 1.0, ""max_new_tokens"": 128}"
kgw,4.0,1,1353,119,119,McDonald’s jumped 5.3 percent after the world’s biggest fast-food chain by revenue topped analysts’ forecasts for profit and sales. Shares ,"McDonald’s jumped 5.3 percent after the world’s biggest fast-food chain by revenue topped analysts’ forecasts for profit and sales. Shares 4.2 percent higher at an all-time high. Goldman Sachs added the stock to its “conviction buy” list, citing strong growth and a promising business strategy.
McDonald's Corp. (MCD) climbed 5.3% in after-hours trading after reporting quarterly profits that beat estimates
The world's biggest fast-food chain by revenue delivered better-than-expected sales and profit results for the fourth quarter
The firm reported adjusted Q4 earnings per share of $1.72 per share vs $1.57 estimated by Wall Street
The shares have surged more than 15 percent in the past month
In addition, the","4.2 percent higher at an all-time high. Goldman Sachs added the stock to its “conviction buy” list, citing strong growth and a promising business strategy.
McDonald's Corp. (MCD) climbed 5.3% in after-hours trading after reporting quarterly profits that beat estimates
The world's biggest fast-food chain by revenue delivered better-than-expected sales and profit results for the fourth quarter
The firm reported adjusted Q4 earnings per share of $1.72 per share vs $1.57 estimated by Wall Street
The shares have surged more than 15 percent in the past month
In addition, the","{""do_sample"": true, ""temperature"": 1.0, ""top_p"": 0.95, ""top_k"": 50, ""repetition_penalty"": 1.0, ""max_new_tokens"": 128}"
kgw,4.0,1,1355,121,121,Hull - Where the US goes the UK often follows. This is especially true of negatives. If the US has ,"Hull - Where the US goes the UK often follows. This is especially true of negatives. If the US has 2 million vacant homes it's no surprise that the UK has 700,000 or so.
But while there are no doubt similarities it's foolish to assume there are no differences. The US has an estimated 1.2 million abandoned buildings, something we don't really have over here (yet?). Vacant housing can also be a byproduct of the private rental sector in the UK, with some 1.2 million second homes not being used as such.
And then there's gentrification. If a UK area gets a bit too popular the resulting rise in property prices and rents can lead to a surge in vacancies as long-term","2 million vacant homes it's no surprise that the UK has 700,000 or so.
But while there are no doubt similarities it's foolish to assume there are no differences. The US has an estimated 1.2 million abandoned buildings, something we don't really have over here (yet?). Vacant housing can also be a byproduct of the private rental sector in the UK, with some 1.2 million second homes not being used as such.
And then there's gentrification. If a UK area gets a bit too popular the resulting rise in property prices and rents can lead to a surge in vacancies as long-term","{""do_sample"": true, ""temperature"": 1.0, ""top_p"": 0.95, ""top_k"": 50, ""repetition_penalty"": 1.0, ""max_new_tokens"": 128}"
kgw,4.0,1,1357,123,123,"GRANT COUNTY, N.M. - ""Everywhere I go, the kids call me the book lady,"" Dolly Parton said. She may be ","GRANT COUNTY, N.M. - ""Everywhere I go, the kids call me the book lady,"" Dolly Parton said. She may be 71 years old, but her love for literacy still inspires her.
And it's exactly that passion for reading that led her to open Imagination Library, an organization in Grant County, New Mexico that provides free books to children's libraries.
Parton, a well-known singer, actress, and songwriter, started this organization in Tennessee, where she was born and raised. Over the years, the program has grown and now reaches children in all 50 states in the U.S., and even internationally.
The organization has a simple premise: every month, children receive a free book, selected especially for their age group. The goal is to foster a","71 years old, but her love for literacy still inspires her.
And it's exactly that passion for reading that led her to open Imagination Library, an organization in Grant County, New Mexico that provides free books to children's libraries.
Parton, a well-known singer, actress, and songwriter, started this organization in Tennessee, where she was born and raised. Over the years, the program has grown and now reaches children in all 50 states in the U.S., and even internationally.
The organization has a simple premise: every month, children receive a free book, selected especially for their age group. The goal is to foster a","{""do_sample"": true, ""temperature"": 1.0, ""top_p"": 0.95, ""top_k"": 50, ""repetition_penalty"": 1.0, ""max_new_tokens"": 128}"
kgw,4.0,1,1359,125,125,"While many restaurants in New York City have close relationships with farmers, and boast unimpeachable farm-to-table ethics, far fewer have ","While many restaurants in New York City have close relationships with farmers, and boast unimpeachable farm-to-table ethics, far fewer have 500 acres of organic farmland and a 20,000-acre sustainable meat program. But Carbone, the retro Italian restaurant in Greenwich Village, does, in fact, have all of that – at least partially. And it’s this unique combination that sets Carbone apart from other top-tier eateries.
On a recent lunch visit to Carbone, I spoke with Brian Young, the chef and culinary operations manager. Before joining the Carbone team in 2012, Young gained experience working with top chefs like Mario Battali and Marcus Samuelsson. Under the guidance of Carbone co-chef Mario Fortunato (son of Italian culinary","500 acres of organic farmland and a 20,000-acre sustainable meat program. But Carbone, the retro Italian restaurant in Greenwich Village, does, in fact, have all of that – at least partially. And it’s this unique combination that sets Carbone apart from other top-tier eateries.
On a recent lunch visit to Carbone, I spoke with Brian Young, the chef and culinary operations manager. Before joining the Carbone team in 2012, Young gained experience working with top chefs like Mario Battali and Marcus Samuelsson. Under the guidance of Carbone co-chef Mario Fortunato (son of Italian culinary","{""do_sample"": true, ""temperature"": 1.0, ""top_p"": 0.95, ""top_k"": 50, ""repetition_penalty"": 1.0, ""max_new_tokens"": 128}"
kgw,4.0,1,1361,127,127,T-Mobile has just rolled out a service called HotSpot @Homethat allows you to use a WiFi-enabled cell phone to make ,"T-Mobile has just rolled out a service called HotSpot @Homethat allows you to use a WiFi-enabled cell phone to make 3G internet connections at home. This new service is part of T-Mobile's aim to help customers save money by allowing them use a single, highly portable device for all of their internet and voice needs.
The HotSpot @Home service is compatible with any T-Mobile smartphone that has WiFi capabilities. Customers can use the service to make voice calls, check email, access online content, and do pretty much anything else they can do on the internet.
Here's the best part: with HotSpot @Home, customers can use their smartphones for internet-only devices at home for no extra charge, saving money compared to traditional internet service providers. T-Mobile","3G internet connections at home. This new service is part of T-Mobile's aim to help customers save money by allowing them use a single, highly portable device for all of their internet and voice needs.
The HotSpot @Home service is compatible with any T-Mobile smartphone that has WiFi capabilities. Customers can use the service to make voice calls, check email, access online content, and do pretty much anything else they can do on the internet.
Here's the best part: with HotSpot @Home, customers can use their smartphones for internet-only devices at home for no extra charge, saving money compared to traditional internet service providers. T-Mobile","{""do_sample"": true, ""temperature"": 1.0, ""top_p"": 0.95, ""top_k"": 50, ""repetition_penalty"": 1.0, ""max_new_tokens"": 128}"
kgw,4.0,1,1363,129,129,"""Oh, you are stuck on homework problem number 13? I found a solution on YouTube. That helped a lot. Just ","""Oh, you are stuck on homework problem number 13? I found a solution on YouTube. That helped a lot. Just 15 minute commute this week, I was stuck on that math problem.""

""I spent an hour trying to solve it but then I saw a video that did the whole problem step by step. That was super helpful.""

""Your solution is really clear and helpful. I had been struggling for weeks to understand the concept and now with your clear explanations, I have a better understanding of it.""

These are all examples of students discussing the value they get from using online resources, specifically YouTube, to support their learning. These quotes highlight how the online platforms can:

1. Help students overcome challenges they face with homework and assignments.
2. Provide alternative solutions when","15 minute commute this week, I was stuck on that math problem.""

""I spent an hour trying to solve it but then I saw a video that did the whole problem step by step. That was super helpful.""

""Your solution is really clear and helpful. I had been struggling for weeks to understand the concept and now with your clear explanations, I have a better understanding of it.""

These are all examples of students discussing the value they get from using online resources, specifically YouTube, to support their learning. These quotes highlight how the online platforms can:

1. Help students overcome challenges they face with homework and assignments.
2. Provide alternative solutions when","{""do_sample"": true, ""temperature"": 1.0, ""top_p"": 0.95, ""top_k"": 50, ""repetition_penalty"": 1.0, ""max_new_tokens"": 128}"
kgw,4.0,1,1365,131,131,Up to an inch of snow is likely on the Eastern Shore and up into Sussex County Friday afternoon. Below-freezing ,"Up to an inch of snow is likely on the Eastern Shore and up into Sussex County Friday afternoon. Below-freezing  temperatures are also in the forecast through the weekend. You can expect rain tonight, but as it moves east on Saturday, it should change over to snow, according to WMDT’s forecast meteorologist Tom Johnston.
There is a chance for freezing rain and sleet, but as we move into late Saturday morning and afternoon, the snow should take over. By Sunday, snow showers will be possible and it could snow on through Tuesday.
Johnston urges everyone to keep an eye on the forecast and be prepared for winter-like driving conditions and potential power outages.
Here is the latest forecast for your area:
Friday: Rain and"," temperatures are also in the forecast through the weekend. You can expect rain tonight, but as it moves east on Saturday, it should change over to snow, according to WMDT’s forecast meteorologist Tom Johnston.
There is a chance for freezing rain and sleet, but as we move into late Saturday morning and afternoon, the snow should take over. By Sunday, snow showers will be possible and it could snow on through Tuesday.
Johnston urges everyone to keep an eye on the forecast and be prepared for winter-like driving conditions and potential power outages.
Here is the latest forecast for your area:
Friday: Rain and","{""do_sample"": true, ""temperature"": 1.0, ""top_p"": 0.95, ""top_k"": 50, ""repetition_penalty"": 1.0, ""max_new_tokens"": 128}"
kgw,4.0,1,1367,133,133,"It’s dense, interesting, weird and funny, but what it’s all wrapped around is another “Chosen One” story that really feels ","It’s dense, interesting, weird and funny, but what it’s all wrapped around is another “Chosen One” story that really feels 50 years old.
– Christopher Orr (The New Republic) on Guillermo del Toro and Chuck Hogan’s novel, “The Strain” on its release in 2009.
From the moment this review was posted, I can imagine the wheels starting to turn in Del Toro’s mind. The idea of taking a traditional tale and turning it into something fresh and innovative has long driven the Spanish-Mexican filmmaker. And in the case of “The Strain,” it seemed like the perfect opportunity to do just that.
First, he transformed a straightforward horror novel into a triptych. The three-part miniseries brought together a talented","50 years old.
– Christopher Orr (The New Republic) on Guillermo del Toro and Chuck Hogan’s novel, “The Strain” on its release in 2009.
From the moment this review was posted, I can imagine the wheels starting to turn in Del Toro’s mind. The idea of taking a traditional tale and turning it into something fresh and innovative has long driven the Spanish-Mexican filmmaker. And in the case of “The Strain,” it seemed like the perfect opportunity to do just that.
First, he transformed a straightforward horror novel into a triptych. The three-part miniseries brought together a talented","{""do_sample"": true, ""temperature"": 1.0, ""top_p"": 0.95, ""top_k"": 50, ""repetition_penalty"": 1.0, ""max_new_tokens"": 128}"
kgw,4.0,1,1369,135,135,"Maddie Hinch and her England team-mates should be proud of their Hockey Women’s World Cup exploits, according to their head ","Maddie Hinch and her England team-mates should be proud of their Hockey Women’s World Cup exploits, according to their head  coach.
Mark Hager praised his side after they suffered a 2-1 penalty shootout defeat to the Netherlands in the World Cup final on Sunday.
England reached the final for the first time in the 44-year history of the tournament and have had their best ever finish in the competition.
“The girls have been fantastic throughout the tournament, we said at the start we wanted to be proud of what we did here, and we definitely should be proud,” Hager said.
“We made history, becoming the first ever English women’s team to make a World Cup final, and we can hold our heads high after that performance.
“The girls"," coach.
Mark Hager praised his side after they suffered a 2-1 penalty shootout defeat to the Netherlands in the World Cup final on Sunday.
England reached the final for the first time in the 44-year history of the tournament and have had their best ever finish in the competition.
“The girls have been fantastic throughout the tournament, we said at the start we wanted to be proud of what we did here, and we definitely should be proud,” Hager said.
“We made history, becoming the first ever English women’s team to make a World Cup final, and we can hold our heads high after that performance.
“The girls","{""do_sample"": true, ""temperature"": 1.0, ""top_p"": 0.95, ""top_k"": 50, ""repetition_penalty"": 1.0, ""max_new_tokens"": 128}"
kgw,4.0,1,1371,137,137,"Anna C. Christensen has been a supporter of family planning since high school, when she stuffed envelopes as a volunteer ","Anna C. Christensen has been a supporter of family planning since high school, when she stuffed envelopes as a volunteer 4-H representative with the Planned Parenthood affiliate in her home state of Iowa. After pursuing higher education in journalism and women’s studies, Christensen moved to the nation’s capital to work at the Women’s National Organization for Life Birth (NOW). She later worked with groups advocating for reproductive rights and women’s health, such as the National Organization for Women’s (NOW) Washington, D.C., chapter, the Washington D.C. Abortion Fund, and the National Campaign to Prevent Teen Pregnancy.
After graduating from college, Christensen moved to the nation’s capital to work at the Women’s National Organization for Life Birth (NOW). As a staff","4-H representative with the Planned Parenthood affiliate in her home state of Iowa. After pursuing higher education in journalism and women’s studies, Christensen moved to the nation’s capital to work at the Women’s National Organization for Life Birth (NOW). She later worked with groups advocating for reproductive rights and women’s health, such as the National Organization for Women’s (NOW) Washington, D.C., chapter, the Washington D.C. Abortion Fund, and the National Campaign to Prevent Teen Pregnancy.
After graduating from college, Christensen moved to the nation’s capital to work at the Women’s National Organization for Life Birth (NOW). As a staff","{""do_sample"": true, ""temperature"": 1.0, ""top_p"": 0.95, ""top_k"": 50, ""repetition_penalty"": 1.0, ""max_new_tokens"": 128}"
kgw,4.0,1,1373,139,139,Jesse Winker will undergo season-ending shoulder surgery. He was batting .299 this year with 7 homers and 43 RBI. Throughout ,"Jesse Winker will undergo season-ending shoulder surgery. He was batting.299 this year with 7 homers and 43 RBI. Throughout 133 games for...
Tyler Stephenson will make a rehab appearance with Double-A Chattanooga tonight, marking his second appearance with the team this season. His main purpose is to...
Brayden Webb makes professional debut with Class-A Charleston tonight. He batted.314 with 23 homers and 63 RBIs, while hitting.396 with 7 home...
Dylan Duell makes professional debut in today's start for the Rookie-level Arizona League Reds. He is ranked number 20 on the Red’s top-30 prospects......
Elly De La Cruz, the Reds' top-ranked prospect, has been placed on the minor league disabled list","133 games for...
Tyler Stephenson will make a rehab appearance with Double-A Chattanooga tonight, marking his second appearance with the team this season. His main purpose is to...
Brayden Webb makes professional debut with Class-A Charleston tonight. He batted.314 with 23 homers and 63 RBIs, while hitting.396 with 7 home...
Dylan Duell makes professional debut in today's start for the Rookie-level Arizona League Reds. He is ranked number 20 on the Red’s top-30 prospects......
Elly De La Cruz, the Reds' top-ranked prospect, has been placed on the minor league disabled list","{""do_sample"": true, ""temperature"": 1.0, ""top_p"": 0.95, ""top_k"": 50, ""repetition_penalty"": 1.0, ""max_new_tokens"": 128}"
kgw,4.0,1,1375,141,141,Combined company will make Chevron second-largest petroleum producer in the world. The combined company will remain far behind Exxon Mobil ,"Combined company will make Chevron second-largest petroleum producer in the world. The combined company will remain far behind Exxon Mobil 3rd in the ranking of revenue.
San Francisco (USA) | Chevron Corp on Wednesday announced that it has agreed to sell a significant portion of its shares of Noble Energy Inc. of $4.1 billion in cash to acquire the oil and gas exploration and production assets, which the company values at $13 billion in assets.
The transaction makes it the world's second largest oil and gas producer, after Saudi Aramco, with a combined production of more than 3.3 million barrels of oil per day (mb/d).
Combined, the company will produce around 3.4 trillion cubic feet per year and has oil and natural","3rd in the ranking of revenue.
San Francisco (USA) | Chevron Corp on Wednesday announced that it has agreed to sell a significant portion of its shares of Noble Energy Inc. of $4.1 billion in cash to acquire the oil and gas exploration and production assets, which the company values at $13 billion in assets.
The transaction makes it the world's second largest oil and gas producer, after Saudi Aramco, with a combined production of more than 3.3 million barrels of oil per day (mb/d).
Combined, the company will produce around 3.4 trillion cubic feet per year and has oil and natural","{""do_sample"": true, ""temperature"": 1.0, ""top_p"": 0.95, ""top_k"": 50, ""repetition_penalty"": 1.0, ""max_new_tokens"": 128}"
kgw,4.0,1,1377,143,143,"YOKOHAMA, Japan – Nissan Motor Co. announced it has licensed its Around View Monitor and Moving Object Detection technology, jointly ","YOKOHAMA, Japan – Nissan Motor Co. announced it has licensed its Around View Monitor and Moving Object Detection technology, jointly  developed with its partner, Microvision, Inc. of Redmond, Washington, for use in various automotive, commercial and industrial applications beyond the vehicle market.
These technologies enable a driver's eye view from multiple angles to enhance navigation and safety while driving, and can detect moving objects, such as pedestrians, bicycles or carts, to warn the driver of potential hazards.
The licenses granted by Nissan to several undisclosed global automotive manufacturers, will allow the companies to incorporate the Around View Monitor and Moving Object Detection technologies in their vehicles and other applications, such as:
• Navigation systems in construction or warehouse vehicles, enabling improved visibility and safer maneuvering;
• Industrial"," developed with its partner, Microvision, Inc. of Redmond, Washington, for use in various automotive, commercial and industrial applications beyond the vehicle market.
These technologies enable a driver's eye view from multiple angles to enhance navigation and safety while driving, and can detect moving objects, such as pedestrians, bicycles or carts, to warn the driver of potential hazards.
The licenses granted by Nissan to several undisclosed global automotive manufacturers, will allow the companies to incorporate the Around View Monitor and Moving Object Detection technologies in their vehicles and other applications, such as:
• Navigation systems in construction or warehouse vehicles, enabling improved visibility and safer maneuvering;
• Industrial","{""do_sample"": true, ""temperature"": 1.0, ""top_p"": 0.95, ""top_k"": 50, ""repetition_penalty"": 1.0, ""max_new_tokens"": 128}"
kgw,4.0,1,1379,145,145,A concrete slab and 10-foot high block walls with exposed rebar sit behind a chain link fence as an ugly ,"A concrete slab and 10-foot high block walls with exposed rebar sit behind a chain link fence as an ugly 15-acre plot in the middle of Los Angeles. The property, also known as “Site IVE-IV-VI, “has been vacant and unused for decades.
At some point in the future, a private developer plans to build a residential project on the property. In the absence of any known development timeline, local artists and activists are taking advantage of the property’s current state and using the space as an unconventional art gallery.
The work of various artists, including paintings, sculptures, and murals, covers the walls and fences. Vandalism, weathering, and the wear and tear of years have added an unpredictable layer of character","15-acre plot in the middle of Los Angeles. The property, also known as “Site IVE-IV-VI, “has been vacant and unused for decades.
At some point in the future, a private developer plans to build a residential project on the property. In the absence of any known development timeline, local artists and activists are taking advantage of the property’s current state and using the space as an unconventional art gallery.
The work of various artists, including paintings, sculptures, and murals, covers the walls and fences. Vandalism, weathering, and the wear and tear of years have added an unpredictable layer of character","{""do_sample"": true, ""temperature"": 1.0, ""top_p"": 0.95, ""top_k"": 50, ""repetition_penalty"": 1.0, ""max_new_tokens"": 128}"
kgw,4.0,1,1381,147,147,It may be noted that Air India's was the only service that plied between Madurai and Mumbai. Some passengers pointed ,"It may be noted that Air India's was the only service that plied between Madurai and Mumbai. Some passengers pointed 6-8 (six to eight and, respectively. The aircraft, registered as VT-AEI, was being used as a charter flight when. ""Airbus A320-232: Air India's VT-AEI crashes at Dubai Airport, 62 killed"" Check-in baggage claim belt was out of order and passengers were forced to. A320-232: Air India's VT-AEI crashes at Dubai Airport, 62 killed. Airbus A320-232: Air India's VT-AEI crashes at Dubai Airport, 62 killed. The aircraft was operating a. 0: 0; Related Articles. The crash, which happened","6-8 (six to eight and, respectively. The aircraft, registered as VT-AEI, was being used as a charter flight when. ""Airbus A320-232: Air India's VT-AEI crashes at Dubai Airport, 62 killed"" Check-in baggage claim belt was out of order and passengers were forced to. A320-232: Air India's VT-AEI crashes at Dubai Airport, 62 killed. Airbus A320-232: Air India's VT-AEI crashes at Dubai Airport, 62 killed. The aircraft was operating a. 0: 0; Related Articles. The crash, which happened","{""do_sample"": true, ""temperature"": 1.0, ""top_p"": 0.95, ""top_k"": 50, ""repetition_penalty"": 1.0, ""max_new_tokens"": 128}"
kgw,4.0,1,1383,149,149,"Initiated by Joint Chiefs of Staff Chairman General Nathan Twining and Chief of Naval Operations Admiral Arleigh Burke, and then ","Initiated by Joint Chiefs of Staff Chairman General Nathan Twining and Chief of Naval Operations Admiral Arleigh Burke, and then 1954, Project Vela Uniform, conducted tests of high-altitude nuclear explosions to determine feasibility of using these weapons against targets in the atmosphere.
Vela was given the uniform number U-10 because of fear of public opposition to the development of hydrogen bombs. From October to December 1945, the first nuclear bomb (Little Boy) was detonated in the Pacific, while the other three (Fat Man, Gaseous Diffusion, and Implosion) were detonated on Japanese cities (, Hiroshima) in the following years.
This has led many to speculate on possible alternative causes for these seemingly random events.
The most well","1954, Project Vela Uniform, conducted tests of high-altitude nuclear explosions to determine feasibility of using these weapons against targets in the atmosphere.
Vela was given the uniform number U-10 because of fear of public opposition to the development of hydrogen bombs. From October to December 1945, the first nuclear bomb (Little Boy) was detonated in the Pacific, while the other three (Fat Man, Gaseous Diffusion, and Implosion) were detonated on Japanese cities (, Hiroshima) in the following years.
This has led many to speculate on possible alternative causes for these seemingly random events.
The most well","{""do_sample"": true, ""temperature"": 1.0, ""top_p"": 0.95, ""top_k"": 50, ""repetition_penalty"": 1.0, ""max_new_tokens"": 128}"
kgw,4.0,1,1385,151,151,"DAVENPORT - Don Skipper, an administrative assistant at Ridge Community High School, was named the school's head boys basketball coach ","DAVENPORT - Don Skipper, an administrative assistant at Ridge Community High School, was named the school's head boys basketball coach 12 years ago.
Since then, he has led the Bolts to three District titles, three Final Four appearances, and a Class 6A state runner-up finish in 2007-08.
But the winning and accolades don't hold a candle to the memories and relationships Skipper has formed throughout his coaching career.
""It's not about the wins and losses,"" Skipper said. ""It's about the relationships you build with your players, your assistant coaches, and the parents. That's what makes this game special.""
Skipper, who played college basketball at Central Community College and later earned his master's degree in educational leadership from","12 years ago.
Since then, he has led the Bolts to three District titles, three Final Four appearances, and a Class 6A state runner-up finish in 2007-08.
But the winning and accolades don't hold a candle to the memories and relationships Skipper has formed throughout his coaching career.
""It's not about the wins and losses,"" Skipper said. ""It's about the relationships you build with your players, your assistant coaches, and the parents. That's what makes this game special.""
Skipper, who played college basketball at Central Community College and later earned his master's degree in educational leadership from","{""do_sample"": true, ""temperature"": 1.0, ""top_p"": 0.95, ""top_k"": 50, ""repetition_penalty"": 1.0, ""max_new_tokens"": 128}"
kgw,4.0,1,1387,153,153,Still image of Lisa Sharon Harper from YouTube. Pastors and lay leaders who represent minority and multiethnic communities and are ,"Still image of Lisa Sharon Harper from YouTube. Pastors and lay leaders who represent minority and multiethnic communities and are 40+ years old, please complete the following quick survey to help inform our research. Your input will contribute to better serving your communities! https://t.co/GQGJ9h1oVz #MulticulturalMinistries #MissionalResearch [1]
Still image of Lisa Sharon Harper from YouTube. Pastors and lay leaders who represent minority and multiethnic communities and are 40+ years old, please complete the following quick survey to help inform our research. Your input will contribute to better serving your communities! #MulticulturalMinistries #MissionalResearch [1]
Still image of Lisa Sharon Harper from a YouTube video","40+ years old, please complete the following quick survey to help inform our research. Your input will contribute to better serving your communities! https://t.co/GQGJ9h1oVz #MulticulturalMinistries #MissionalResearch [1]
Still image of Lisa Sharon Harper from YouTube. Pastors and lay leaders who represent minority and multiethnic communities and are 40+ years old, please complete the following quick survey to help inform our research. Your input will contribute to better serving your communities! #MulticulturalMinistries #MissionalResearch [1]
Still image of Lisa Sharon Harper from a YouTube video","{""do_sample"": true, ""temperature"": 1.0, ""top_p"": 0.95, ""top_k"": 50, ""repetition_penalty"": 1.0, ""max_new_tokens"": 128}"
kgw,4.0,1,1389,155,155,"It’s amazing what a difference time can make in the way we perceive certain technologies. A few years ago, the ","It’s amazing what a difference time can make in the way we perceive certain technologies. A few years ago, the 3D printing industry was mostly composed of hobbyists and small-scale makers tinkering with printers and producing simple parts. Today, the field has exploded with major players entering the market and a wide variety of advanced applications becoming viable.

One area seeing significant growth is dental technology, where additive manufacturing (3D printing) has become an integral tool for creating customized prostheses, models, and implants. This post explores the current state of dental 3D printing, its applications, and what the future may hold.

**Current State of Dental 3D Printing:**
--------------------------------

In recent years, dental 3D printing has gained popularity due","3D printing industry was mostly composed of hobbyists and small-scale makers tinkering with printers and producing simple parts. Today, the field has exploded with major players entering the market and a wide variety of advanced applications becoming viable.

One area seeing significant growth is dental technology, where additive manufacturing (3D printing) has become an integral tool for creating customized prostheses, models, and implants. This post explores the current state of dental 3D printing, its applications, and what the future may hold.

**Current State of Dental 3D Printing:**
--------------------------------

In recent years, dental 3D printing has gained popularity due","{""do_sample"": true, ""temperature"": 1.0, ""top_p"": 0.95, ""top_k"": 50, ""repetition_penalty"": 1.0, ""max_new_tokens"": 128}"
kgw,4.0,1,1391,157,157,"Boston Marathon Bombing Suspect Enters Not Guilty Pleas In 1st Public Court HearingFor the first plea, Dzhokhar Tsarnaev leaned toward ","Boston Marathon Bombing Suspect Enters Not Guilty Pleas In 1st Public Court HearingFor the first plea, Dzhokhar Tsarnaev leaned toward 27-year-old defense lawyer Judy Clarke.
Boston Marathon Bombers Said To Be Angry Over U.S. Wars, PovertyThe brothers, accused of the Boston Marathon bombing, reportedly said they carried out the attack because of the U.S.'s foreign policies in Muslim lands.
Boston Marathon Bombers Charged With Using Weapons of Mass Destruction, MurderTwo Boston Marathon bombing suspects, accused of killing three and maiming hundreds with homemade bombs, are facing federal charges that carry the possibility of life imprisonment or death.
FBI Says Marathon Bomber Left Behind Clues In Dying NoteA defense team for one of the Boston Marathon bombing suspects has argued that","27-year-old defense lawyer Judy Clarke.
Boston Marathon Bombers Said To Be Angry Over U.S. Wars, PovertyThe brothers, accused of the Boston Marathon bombing, reportedly said they carried out the attack because of the U.S.'s foreign policies in Muslim lands.
Boston Marathon Bombers Charged With Using Weapons of Mass Destruction, MurderTwo Boston Marathon bombing suspects, accused of killing three and maiming hundreds with homemade bombs, are facing federal charges that carry the possibility of life imprisonment or death.
FBI Says Marathon Bomber Left Behind Clues In Dying NoteA defense team for one of the Boston Marathon bombing suspects has argued that","{""do_sample"": true, ""temperature"": 1.0, ""top_p"": 0.95, ""top_k"": 50, ""repetition_penalty"": 1.0, ""max_new_tokens"": 128}"
kgw,4.0,1,1393,159,159,"Chee Wei Wong, professor of electrical and computer engineering in the UCLA Samueli School of Engineering, was named a fellow ","Chee Wei Wong, professor of electrical and computer engineering in the UCLA Samueli School of Engineering, was named a fellow  of the Institute of Electrical and Electronics Engineers (IEEE).
Wong was recognized by the IEEE for his technical contributions to the field of power electronics. His research focuses on the design and development of new power electronics systems, such as DC-DC converters and AC-DC converters, that are more efficient and environmentally friendly.
""Chee Wei is an exceptional researcher, and I am thrilled that his contributions to the field of power electronics have been recognized by his peers with this esteemed honor,"" said Vaidyanathan Sundararajan, chair of the Electrical and Computer Engineering Department at UCLA. ""His research has the potential to make a significant"," of the Institute of Electrical and Electronics Engineers (IEEE).
Wong was recognized by the IEEE for his technical contributions to the field of power electronics. His research focuses on the design and development of new power electronics systems, such as DC-DC converters and AC-DC converters, that are more efficient and environmentally friendly.
""Chee Wei is an exceptional researcher, and I am thrilled that his contributions to the field of power electronics have been recognized by his peers with this esteemed honor,"" said Vaidyanathan Sundararajan, chair of the Electrical and Computer Engineering Department at UCLA. ""His research has the potential to make a significant","{""do_sample"": true, ""temperature"": 1.0, ""top_p"": 0.95, ""top_k"": 50, ""repetition_penalty"": 1.0, ""max_new_tokens"": 128}"
kgw,4.0,1,1395,161,161,Viewers will not want to miss Friday’s episode of General Hospital. Spoilers tease that everybody will see lots of juicy ,"Viewers will not want to miss Friday’s episode of General Hospital. Spoilers tease that everybody will see lots of juicy  action going on, and we can already get you prepared!
General Hospital – What Happens In This Week’s New Episodes!
In the upcoming episodes, it seems that things are about to escalate! Here are some spoilers and rumors that might make your Friday extra thrilling:

• Robert Scorpio, (played by Tristan Rogers), will reappear in Port Charles! You can expect drama and intrigue, as this enigmatic figure is known to bring, especially with his connections to Nina Clay and the Cassadines!
• The battle between Mike and Drew is getting hotter by the minute! Their rivalry is reaching a boiling point, and you can anticipate"," action going on, and we can already get you prepared!
General Hospital – What Happens In This Week’s New Episodes!
In the upcoming episodes, it seems that things are about to escalate! Here are some spoilers and rumors that might make your Friday extra thrilling:

• Robert Scorpio, (played by Tristan Rogers), will reappear in Port Charles! You can expect drama and intrigue, as this enigmatic figure is known to bring, especially with his connections to Nina Clay and the Cassadines!
• The battle between Mike and Drew is getting hotter by the minute! Their rivalry is reaching a boiling point, and you can anticipate","{""do_sample"": true, ""temperature"": 1.0, ""top_p"": 0.95, ""top_k"": 50, ""repetition_penalty"": 1.0, ""max_new_tokens"": 128}"
kgw,4.0,1,1397,163,163,"Tue., May 29, 2018, 10:20 a.m. CAGUAS, Puerto Rico – At least 4,645 people died as a result of Hurricane ","Tue., May 29, 2018, 10:20 a.m. CAGUAS, Puerto Rico – At least 4,645 people died as a result of Hurricane  Maria, which smashed into Puerto Rico in September last year. That is the estimate from the Puerto Rican government after a report from the Hispanic Federation, a non-profit organization. It is much higher than an earlier estimate of 64 from the island’s governor, and highlights the devastating impact the storm had on the island’s infrastructure and people. Maria was the deadliest hurricane to strike the United States last year, causing estimated damages of $94.9 billion and leaving millions without electricity, clean water, and other basic necessities. Full article: https://www.bbc.com/news/world-latin-america-44235439 #PuertoR"," Maria, which smashed into Puerto Rico in September last year. That is the estimate from the Puerto Rican government after a report from the Hispanic Federation, a non-profit organization. It is much higher than an earlier estimate of 64 from the island’s governor, and highlights the devastating impact the storm had on the island’s infrastructure and people. Maria was the deadliest hurricane to strike the United States last year, causing estimated damages of $94.9 billion and leaving millions without electricity, clean water, and other basic necessities. Full article: https://www.bbc.com/news/world-latin-america-44235439 #PuertoR","{""do_sample"": true, ""temperature"": 1.0, ""top_p"": 0.95, ""top_k"": 50, ""repetition_penalty"": 1.0, ""max_new_tokens"": 128}"
kgw,4.0,1,1399,165,165,"Kyle Schwarber may be out for the season, but the home run ball he hit during the Cubs-Cardinals National League ","Kyle Schwarber may be out for the season, but the home run ball he hit during the Cubs-Cardinals National League  wild card game last October still lives on through social media.
Schwarber hit a dramatic game-ending, walk-off three-run homer in extra innings off St. Louis reliever Jonathan Broxton to give the Cubs an 8-6 victory and send them to the NL Division Series.
On October 7, 2015, Schwarber's home run was met with a mix of euphoria and chaos, with Cubs players and fans alike going crazy at Busch Stadium.
And even months later, the impact of that home run still resonates.
On Monday, Schwarber himself tweeted out his famous home run, saying, ""#Throw"," wild card game last October still lives on through social media.
Schwarber hit a dramatic game-ending, walk-off three-run homer in extra innings off St. Louis reliever Jonathan Broxton to give the Cubs an 8-6 victory and send them to the NL Division Series.
On October 7, 2015, Schwarber's home run was met with a mix of euphoria and chaos, with Cubs players and fans alike going crazy at Busch Stadium.
And even months later, the impact of that home run still resonates.
On Monday, Schwarber himself tweeted out his famous home run, saying, ""#Throw","{""do_sample"": true, ""temperature"": 1.0, ""top_p"": 0.95, ""top_k"": 50, ""repetition_penalty"": 1.0, ""max_new_tokens"": 128}"
kgw,4.0,1,1401,167,167,Only former Israeli President Shimon Peres could pull off something like organizing a friendly football (soccer) match between Israeli and ,"Only former Israeli President Shimon Peres could pull off something like organizing a friendly football (soccer) match between Israeli and 3 Palestinian teams.
Israel's The Times of Israel reports that a friendly football match between Israeli teams and 3 Palestinian teams will take place on Sunday, August 27 in Tel Aviv.
The match was organized by former Israeli President Shimon Peres, in the spirit of peace and sportsmanship. The Israeli teams that will be participating are the Israel national team, Maccabi Tel Aviv, and Hapoel Be'er Sheva, while the Palestinian teams are the Gaza Strip's Shabab Rafah, the West Bank's Ahli Al-Khalil, and Jerusalem's Al-Istiqal.
The match is part of the","3 Palestinian teams.
Israel's The Times of Israel reports that a friendly football match between Israeli teams and 3 Palestinian teams will take place on Sunday, August 27 in Tel Aviv.
The match was organized by former Israeli President Shimon Peres, in the spirit of peace and sportsmanship. The Israeli teams that will be participating are the Israel national team, Maccabi Tel Aviv, and Hapoel Be'er Sheva, while the Palestinian teams are the Gaza Strip's Shabab Rafah, the West Bank's Ahli Al-Khalil, and Jerusalem's Al-Istiqal.
The match is part of the","{""do_sample"": true, ""temperature"": 1.0, ""top_p"": 0.95, ""top_k"": 50, ""repetition_penalty"": 1.0, ""max_new_tokens"": 128}"
kgw,4.0,1,1403,169,169,Katie Price and her new baby return home after holidaying in Europe. Alex Reid has tweeted a message of support ,"Katie Price and her new baby return home after holidaying in Europe. Alex Reid has tweeted a message of support 29/08/11.
Katie Price, the glamour model and reality TV star, and her new baby have returned to England after holidaying in Europe. Katie, 33, welcomed a baby daughter, Harper Seven, earlier this week and she has shared pictures of her holiday on the social networking site Twitter.
The star and her daughter were spotted landing in Gatwick Airport yesterday (Friday, August 26) where they were met by waiting paparazzi.
As she prepared to return to her family life, Katie shared a message with her followers on Twitter: ""Just landed back in the UK can't wait to spend time with my","29/08/11.
Katie Price, the glamour model and reality TV star, and her new baby have returned to England after holidaying in Europe. Katie, 33, welcomed a baby daughter, Harper Seven, earlier this week and she has shared pictures of her holiday on the social networking site Twitter.
The star and her daughter were spotted landing in Gatwick Airport yesterday (Friday, August 26) where they were met by waiting paparazzi.
As she prepared to return to her family life, Katie shared a message with her followers on Twitter: ""Just landed back in the UK can't wait to spend time with my","{""do_sample"": true, ""temperature"": 1.0, ""top_p"": 0.95, ""top_k"": 50, ""repetition_penalty"": 1.0, ""max_new_tokens"": 128}"
kgw,4.0,1,1405,171,171,"Stopping nearsightedness in kids and more. This week, Dr. Sydney Spiesel discusses a way to stop the progression of nearsightedness ","Stopping nearsightedness in kids and more. This week, Dr. Sydney Spiesel discusses a way to stop the progression of nearsightedness 60% of the time. He’s Dr. Spiesel from the New Haven Ear and Eye Institute, our eye care center. Welcome to Eye on Health. I’m your host, Deborah Overdorf, here on the radio show. We appreciate our listeners.
Dr. Sydney Spiesel:
Thank you, Deborah, I'm glad to be here.
So, you mentioned stopping nearsightedness. Can you tell me more about that?

Dr. Sydney Spiesel:
Nearsightedness is very common, and the rate of nearsightedness is increasing. In fact, the American Academy of Ophthalmology says that more than ","60% of the time. He’s Dr. Spiesel from the New Haven Ear and Eye Institute, our eye care center. Welcome to Eye on Health. I’m your host, Deborah Overdorf, here on the radio show. We appreciate our listeners.
Dr. Sydney Spiesel:
Thank you, Deborah, I'm glad to be here.
So, you mentioned stopping nearsightedness. Can you tell me more about that?

Dr. Sydney Spiesel:
Nearsightedness is very common, and the rate of nearsightedness is increasing. In fact, the American Academy of Ophthalmology says that more than ","{""do_sample"": true, ""temperature"": 1.0, ""top_p"": 0.95, ""top_k"": 50, ""repetition_penalty"": 1.0, ""max_new_tokens"": 128}"
kgw,4.0,1,1407,173,173,"In this Sept. 1, 2014 photo released by the U.S. Geological Survey, fluid lava streams from the June 27 lava ","In this Sept. 1, 2014 photo released by the U.S. Geological Survey, fluid lava streams from the June 27 lava 1st flow, which is burning in the landscape, in Hilo, Hawaii.
The US Geological Survey (USGS) says a slow-moving lava flow in Hawaii's Kilauea volcano is moving towards populated areas, forcing the evacuation of hundreds of people.
The USGS says the flow is about a mile (1.6 kilometers) long and moving south towards the town of Hawaiian Paradise Park.
About 300 people have voluntarily evacuated their homes, but the county has ordered anyone in the flow's path to leave.
Lava flows have been oozing from Kilauea volcano since August, and the current flow is a","1st flow, which is burning in the landscape, in Hilo, Hawaii.
The US Geological Survey (USGS) says a slow-moving lava flow in Hawaii's Kilauea volcano is moving towards populated areas, forcing the evacuation of hundreds of people.
The USGS says the flow is about a mile (1.6 kilometers) long and moving south towards the town of Hawaiian Paradise Park.
About 300 people have voluntarily evacuated their homes, but the county has ordered anyone in the flow's path to leave.
Lava flows have been oozing from Kilauea volcano since August, and the current flow is a","{""do_sample"": true, ""temperature"": 1.0, ""top_p"": 0.95, ""top_k"": 50, ""repetition_penalty"": 1.0, ""max_new_tokens"": 128}"
kgw,4.0,1,1409,175,175,The air ambulance was mobilised following reports that a man had fallen on a tree branch and impaled his neck ,"The air ambulance was mobilised following reports that a man had fallen on a tree branch and impaled his neck 6 inches deep.
Paramedics, police and firefighters responded to the emergency at around 5.30am on Tuesday and worked together to extricate the man from the tree.
Despite the serious nature of his injuries, he is understood to be in a stable condition and has been airlifted to a major trauma centre for further treatment.
The exact circumstances of the incident are still not clear, but it is believed that the man had been out walking when he fell.
The air ambulance team, from the Welsh Air Ambulance, were called to the scene along with paramedics from the Welsh Ambulance Service.
Once they arrived, they assessed the","6 inches deep.
Paramedics, police and firefighters responded to the emergency at around 5.30am on Tuesday and worked together to extricate the man from the tree.
Despite the serious nature of his injuries, he is understood to be in a stable condition and has been airlifted to a major trauma centre for further treatment.
The exact circumstances of the incident are still not clear, but it is believed that the man had been out walking when he fell.
The air ambulance team, from the Welsh Air Ambulance, were called to the scene along with paramedics from the Welsh Ambulance Service.
Once they arrived, they assessed the","{""do_sample"": true, ""temperature"": 1.0, ""top_p"": 0.95, ""top_k"": 50, ""repetition_penalty"": 1.0, ""max_new_tokens"": 128}"
kgw,4.0,1,1411,177,177,The University of Maryland President Wallace Loh. University of Maryland President Wallace Loh stood before reporters Aug. 14 and apologized ,"The University of Maryland President Wallace Loh. University of Maryland President Wallace Loh stood before reporters Aug. 14 and apologized  for his role in the decision to invite former President Richard Trumka of the AFL-CIO to campus, only to cancel him three times before finally removing his invitation. Loh said that he is committed to free speech on campus, but that he has a fiduciary duty to protect the health, safety and well-being of students. (Baltimoresun.com) 
    A 3 judge panel of the Court of Appeals of Maryland has found that Free Speech Movement icon, and University of Maryland alumni,  Henry Winston will have to wait to challenge a 2010 federal jury verdict requiring the University to pay him for"," for his role in the decision to invite former President Richard Trumka of the AFL-CIO to campus, only to cancel him three times before finally removing his invitation. Loh said that he is committed to free speech on campus, but that he has a fiduciary duty to protect the health, safety and well-being of students. (Baltimoresun.com) 
    A 3 judge panel of the Court of Appeals of Maryland has found that Free Speech Movement icon, and University of Maryland alumni,  Henry Winston will have to wait to challenge a 2010 federal jury verdict requiring the University to pay him for","{""do_sample"": true, ""temperature"": 1.0, ""top_p"": 0.95, ""top_k"": 50, ""repetition_penalty"": 1.0, ""max_new_tokens"": 128}"
kgw,4.0,1,1413,179,179,"in French). Nov. 19 at 3:30: ""Walkabout"" (1971, Nicolas Roeg). Nov. 20 at 1 and Nov. 22 at 4:40: ""Mean ","in French). Nov. 19 at 3:30: ""Walkabout"" (1971, Nicolas Roeg). Nov. 20 at 1 and Nov. 22 at 4:40: ""Mean 15"" segment of ""Variety"" film festival, a compilation of short films by European filmmakers. Nov. 21 and 25 at 8 pm and Nov.
_--Rebecca L. Davis University of California at Los Angeles_The same season also saw an increase in film studies scholarship. For example, a special issue of the _Cultural Critique_ (Vol. 13, Fall 1990) brought together several articles examining film noir and its cultural significance.
The growing recognition of film as an important area of study is evident not only in the rise in academic production but also in the increased attention paid to film by","15"" segment of ""Variety"" film festival, a compilation of short films by European filmmakers. Nov. 21 and 25 at 8 pm and Nov.
_--Rebecca L. Davis University of California at Los Angeles_The same season also saw an increase in film studies scholarship. For example, a special issue of the _Cultural Critique_ (Vol. 13, Fall 1990) brought together several articles examining film noir and its cultural significance.
The growing recognition of film as an important area of study is evident not only in the rise in academic production but also in the increased attention paid to film by","{""do_sample"": true, ""temperature"": 1.0, ""top_p"": 0.95, ""top_k"": 50, ""repetition_penalty"": 1.0, ""max_new_tokens"": 128}"
kgw,4.0,1,1415,181,181,(Reuters) - U.S. ride services firm Lyft Inc is in talks with an advisor for a targeted March or April ,"(Reuters) - U.S. ride services firm Lyft Inc is in talks with an advisor for a targeted March or April 2023 stock listing, people familiar with the matter said, as it takes a cautious approach to its planned public listing.
Lyft had initially targeted a listing for late 2022, but has pushed back its timeline amid volatile markets and a broader reassessment of its financial plans, the sources told Reuters, speaking on condition of anonymity as they were not authorized to discuss internal decisions.

FILE PHOTO: The Lyft logo is seen on a Lyft ride service vehicle in New York City, U.S., September 15, 2020. REUTERS/Carlo Allegri

The company is said to be working with Morgan Stanley and Goldman Sachs to prepare","2023 stock listing, people familiar with the matter said, as it takes a cautious approach to its planned public listing.
Lyft had initially targeted a listing for late 2022, but has pushed back its timeline amid volatile markets and a broader reassessment of its financial plans, the sources told Reuters, speaking on condition of anonymity as they were not authorized to discuss internal decisions.

FILE PHOTO: The Lyft logo is seen on a Lyft ride service vehicle in New York City, U.S., September 15, 2020. REUTERS/Carlo Allegri

The company is said to be working with Morgan Stanley and Goldman Sachs to prepare","{""do_sample"": true, ""temperature"": 1.0, ""top_p"": 0.95, ""top_k"": 50, ""repetition_penalty"": 1.0, ""max_new_tokens"": 128}"
kgw,4.0,1,1417,183,183,Advocates for government accountability were alarmed to learn Gov. Jared Polis was undecided on whether to veto a bill to ,"Advocates for government accountability were alarmed to learn Gov. Jared Polis was undecided on whether to veto a bill to 911 calls in Colorado and provide funding for the emergency response.
In a news conference on Wednesday, Colorado House Republicans announced the proposed legislation, which was approved by the Senate and the House, is the result of a long-standing effort to provide funding for the emergency response.
According to opponents, the bill would increase taxes on cell phone bills by about $0.55 to provide $17 million annually to 911 emergency services. They say it's essential to fund the service, particularly in rural Colorado where cell coverage and internet connectivity are limited.
The bill's backers claim it would also help ensure timely emergency response for people who call 911.
The","911 calls in Colorado and provide funding for the emergency response.
In a news conference on Wednesday, Colorado House Republicans announced the proposed legislation, which was approved by the Senate and the House, is the result of a long-standing effort to provide funding for the emergency response.
According to opponents, the bill would increase taxes on cell phone bills by about $0.55 to provide $17 million annually to 911 emergency services. They say it's essential to fund the service, particularly in rural Colorado where cell coverage and internet connectivity are limited.
The bill's backers claim it would also help ensure timely emergency response for people who call 911.
The","{""do_sample"": true, ""temperature"": 1.0, ""top_p"": 0.95, ""top_k"": 50, ""repetition_penalty"": 1.0, ""max_new_tokens"": 128}"
kgw,4.0,1,1419,185,185,"MADRID: As Cristiano Ronaldo enjoyed his time off at the French Riviera, his Portugal team-mates were busy handing Italy another ","MADRID: As Cristiano Ronaldo enjoyed his time off at the French Riviera, his Portugal team-mates were busy handing Italy another 4-0 thrashing in the Nations League.
A goal apiece from Almeida, Rafael Leao and Diogo Jota and a second-half penalty from Cristiano Ronaldo’s replacement, Joao Felix, gave Portugal a comfortable win over Italy.
The victory lifted Portugal top of their Nations League A group, level with defending champions Italy but with a slightly better goal difference.
Portugal has become accustomed to playing attractive football, but this was a dominant display that saw them control the game and hit Italy with pace and precision.
It wasn't a surprise given the teams met each other at the Euro Championship last year, where Italy fell apart in","4-0 thrashing in the Nations League.
A goal apiece from Almeida, Rafael Leao and Diogo Jota and a second-half penalty from Cristiano Ronaldo’s replacement, Joao Felix, gave Portugal a comfortable win over Italy.
The victory lifted Portugal top of their Nations League A group, level with defending champions Italy but with a slightly better goal difference.
Portugal has become accustomed to playing attractive football, but this was a dominant display that saw them control the game and hit Italy with pace and precision.
It wasn't a surprise given the teams met each other at the Euro Championship last year, where Italy fell apart in","{""do_sample"": true, ""temperature"": 1.0, ""top_p"": 0.95, ""top_k"": 50, ""repetition_penalty"": 1.0, ""max_new_tokens"": 128}"
kgw,4.0,1,1421,187,187,"Florida Institute of Technology quarterback Brandon Ziarno. MELBOURNE, Fla. - Florida Institute of Technology quarterback Brandon Ziarno was arrested Friday ","Florida Institute of Technology quarterback Brandon Ziarno. MELBOURNE, Fla. - Florida Institute of Technology quarterback Brandon Ziarno was arrested Friday  night for a domestic dispute, according to the police report.
Ziarno was taken into custody and charged with domestic violence-related crimes after he and his ex-girlfriend had a disturbance at his apartment in the 7000 block of West Kennedy Boulevard, just off I-4.
An arrest report states the victim, also a Florida Tech student, told officers that she and Ziarno were involved in a heated argument that turned physical.
According to the report, Ziarno pushed and slapped his ex-girlfriend, who had red marks and scratches on her cheek.
Florida Tech Athletics issued a statement saying, ""We take any form"," night for a domestic dispute, according to the police report.
Ziarno was taken into custody and charged with domestic violence-related crimes after he and his ex-girlfriend had a disturbance at his apartment in the 7000 block of West Kennedy Boulevard, just off I-4.
An arrest report states the victim, also a Florida Tech student, told officers that she and Ziarno were involved in a heated argument that turned physical.
According to the report, Ziarno pushed and slapped his ex-girlfriend, who had red marks and scratches on her cheek.
Florida Tech Athletics issued a statement saying, ""We take any form","{""do_sample"": true, ""temperature"": 1.0, ""top_p"": 0.95, ""top_k"": 50, ""repetition_penalty"": 1.0, ""max_new_tokens"": 128}"
kgw,4.0,1,1423,189,189,Runaway Entertainment is looking for an experienced Associate General Manager to work across all their productions. Runaway Entertainment Ltd is ,"Runaway Entertainment is looking for an experienced Associate General Manager to work across all their productions. Runaway Entertainment Ltd is 2 x BAFTA award winning TV production and distribution company with offices in Bristol and Leeds.
The ideal candidate should have experience as an AGM or in a similar role, have a strong understanding of production and distribution, and be able to work closely with all levels of the business to drive growth and development.

Key responsibilities for the Associate General Manager role:

* Support the company's senior management team to drive growth, profitability and development across all productions
* Assist in budgeting, planning, scheduling and cost control for all productions
* Develop and implement business strategy and operational plans for specific productions
* Manage the relationships with clients, partners and third","2 x BAFTA award winning TV production and distribution company with offices in Bristol and Leeds.
The ideal candidate should have experience as an AGM or in a similar role, have a strong understanding of production and distribution, and be able to work closely with all levels of the business to drive growth and development.

Key responsibilities for the Associate General Manager role:

* Support the company's senior management team to drive growth, profitability and development across all productions
* Assist in budgeting, planning, scheduling and cost control for all productions
* Develop and implement business strategy and operational plans for specific productions
* Manage the relationships with clients, partners and third","{""do_sample"": true, ""temperature"": 1.0, ""top_p"": 0.95, ""top_k"": 50, ""repetition_penalty"": 1.0, ""max_new_tokens"": 128}"
kgw,4.0,1,1425,191,191,The New York Times on Thursday printed a special section featuring portraits of nearly every member of the record number ,"The New York Times on Thursday printed a special section featuring portraits of nearly every member of the record number 116th Congress. The portraits were taken at the historic Hart Building by photographer Jonathan West and were featured with stories about the members, their work in the House, their interests and their hopes for the future. The portraits and accompanying articles provided an unprecedented look into the lives and backgrounds of these lawmakers.
The section was a reflection of the growing diversity in the Congress, with 95 members being the first to join Congress without having attended college. Additionally, 16% of the members are Asian, African or Native American. The women in the Congress made up 27.3% of the total, the highest representation ever. Furthermore, the section","116th Congress. The portraits were taken at the historic Hart Building by photographer Jonathan West and were featured with stories about the members, their work in the House, their interests and their hopes for the future. The portraits and accompanying articles provided an unprecedented look into the lives and backgrounds of these lawmakers.
The section was a reflection of the growing diversity in the Congress, with 95 members being the first to join Congress without having attended college. Additionally, 16% of the members are Asian, African or Native American. The women in the Congress made up 27.3% of the total, the highest representation ever. Furthermore, the section","{""do_sample"": true, ""temperature"": 1.0, ""top_p"": 0.95, ""top_k"": 50, ""repetition_penalty"": 1.0, ""max_new_tokens"": 128}"
kgw,4.0,1,1427,193,193,"Equipped with their own factory, they make different kinds of outstanding fish cake. Fish cake in Busan is the most ","Equipped with their own factory, they make different kinds of outstanding fish cake. Fish cake in Busan is the most 2015.12.13. There are many types of Busan's specialties such as, a type of black bean sauce made with fermented soybeans and 14, No. This can be found in any food market in Busan. Busan is the second largest city in South Korea and has a long and vibrant history of seafood consumption and preparation. A popular dish is the spicy, chewy rice cake known as, The best time to enjoy the city's seafood market is in the morning, when the fresh catch is brought in. A must-have meal for locals and tourists alike, the Busan Fish Market is one of the most","2015.12.13. There are many types of Busan's specialties such as, a type of black bean sauce made with fermented soybeans and 14, No. This can be found in any food market in Busan. Busan is the second largest city in South Korea and has a long and vibrant history of seafood consumption and preparation. A popular dish is the spicy, chewy rice cake known as, The best time to enjoy the city's seafood market is in the morning, when the fresh catch is brought in. A must-have meal for locals and tourists alike, the Busan Fish Market is one of the most","{""do_sample"": true, ""temperature"": 1.0, ""top_p"": 0.95, ""top_k"": 50, ""repetition_penalty"": 1.0, ""max_new_tokens"": 128}"
kgw,4.0,1,1429,195,195,An Alsip police officer seriously wounded a man in an on-duty shooting early Wednesday after tracking a Cadillac suspected of ,"An Alsip police officer seriously wounded a man in an on-duty shooting early Wednesday after tracking a Cadillac suspected of 16 robberies, authorities said.
The man shot, who was taken to Christ Medical Center in Oak Lawn and listed in critical condition, was identified as 35-year-old Ricardo F. Delgado Jr. He sustained a gunshot wound to the stomach area, police officials said.
Alsip Police Commander Michael Billingsley said the officer fired at least two shots through a rear window of the Cadillac around 2 a.m. after Delgado failed to respond to verbal commands. The officer, who has four years of experience, did not know at the time if someone else was in the vehicle.
Police had received a dispatch report of a potential robbery","16 robberies, authorities said.
The man shot, who was taken to Christ Medical Center in Oak Lawn and listed in critical condition, was identified as 35-year-old Ricardo F. Delgado Jr. He sustained a gunshot wound to the stomach area, police officials said.
Alsip Police Commander Michael Billingsley said the officer fired at least two shots through a rear window of the Cadillac around 2 a.m. after Delgado failed to respond to verbal commands. The officer, who has four years of experience, did not know at the time if someone else was in the vehicle.
Police had received a dispatch report of a potential robbery","{""do_sample"": true, ""temperature"": 1.0, ""top_p"": 0.95, ""top_k"": 50, ""repetition_penalty"": 1.0, ""max_new_tokens"": 128}"
kgw,4.0,1,1431,197,197,"If you would like to support the Down Syndrome Association of West Michigan's campaign of kindness, you may visit the ","If you would like to support the Down Syndrome Association of West Michigan's campaign of kindness, you may visit the 50/50 raffle. The winner will receive 50% of the proceeds!
Be a part of something special and help make a difference in the lives of those affected by Down syndrome! Tickets are $5 each and are available through September 26th.
Come visit the Down Syndrome Association of West Michigan's booth during the festival and purchase your tickets to support this wonderful cause! A representative from the Down Syndrome Association of West Michigan will be there to help you get started and answer any questions you may have.
Don't miss out on the fun and excitement of the 50/50 raffle! All proceeds benefit the Down Syndrome Association of","50/50 raffle. The winner will receive 50% of the proceeds!
Be a part of something special and help make a difference in the lives of those affected by Down syndrome! Tickets are $5 each and are available through September 26th.
Come visit the Down Syndrome Association of West Michigan's booth during the festival and purchase your tickets to support this wonderful cause! A representative from the Down Syndrome Association of West Michigan will be there to help you get started and answer any questions you may have.
Don't miss out on the fun and excitement of the 50/50 raffle! All proceeds benefit the Down Syndrome Association of","{""do_sample"": true, ""temperature"": 1.0, ""top_p"": 0.95, ""top_k"": 50, ""repetition_penalty"": 1.0, ""max_new_tokens"": 128}"
kgw,4.0,1,1433,199,199,Jan. 22 will be here before agencies know it. So will Feb. 6. Here’s betting that even April 16 will ,"Jan. 22 will be here before agencies know it. So will Feb. 6. Here’s betting that even April 16 will  arrive sooner rather than later.
But as for now, let's take a deep dive into what’s coming our way – in terms of major regulatory events in the world of health IT.
First up is the Office of the National Coordinator for Health IT (ONC) proposed rule releasing the 2017 Edition health IT standards. ONC wants feedback from the health IT community on the standards for electronic health record (EHR) certification.
This could get interesting, given the shift towards APIs and data blocking being a key concern for healthcare providers. ONC is also looking to eliminate the certification criteria for MU 3 – that’s"," arrive sooner rather than later.
But as for now, let's take a deep dive into what’s coming our way – in terms of major regulatory events in the world of health IT.
First up is the Office of the National Coordinator for Health IT (ONC) proposed rule releasing the 2017 Edition health IT standards. ONC wants feedback from the health IT community on the standards for electronic health record (EHR) certification.
This could get interesting, given the shift towards APIs and data blocking being a key concern for healthcare providers. ONC is also looking to eliminate the certification criteria for MU 3 – that’s","{""do_sample"": true, ""temperature"": 1.0, ""top_p"": 0.95, ""top_k"": 50, ""repetition_penalty"": 1.0, ""max_new_tokens"": 128}"
