algo,delta,device,seed,prompt_index,prompt_id,prompt_text,full_text,continuation_text,gen_params_json
kgw,3.0,1,1235,1,1,"""Whoever gets him, they'll be getting a good one,"" David Montgomery said. INDIANAPOLIS — Hakeem Butler has been surrounded by ","""Whoever gets him, they'll be getting a good one,"" David Montgomery said. INDIANAPOLIS — Hakeem Butler has been surrounded by 12 men in jerseys almost as often as he has seen the outside of an opponent's stadium. The big, physical receiver from Iowa State has been a coveted prospect in the eyes of scouts and NFL coaches, but he's also faced questions about his consistency on the field. At 6-4 and 227 pounds, Butler is a massive target with excellent ball skills and the ability to dominate smaller defenders. In his last two seasons with the Cyclones, Butler has hauled in 110 passes for over 1,700 yards and 12 touchdowns, proving he has the production and physicality that NFL scouts crave. But inconsistency is an","12 men in jerseys almost as often as he has seen the outside of an opponent's stadium. The big, physical receiver from Iowa State has been a coveted prospect in the eyes of scouts and NFL coaches, but he's also faced questions about his consistency on the field. At 6-4 and 227 pounds, Butler is a massive target with excellent ball skills and the ability to dominate smaller defenders. In his last two seasons with the Cyclones, Butler has hauled in 110 passes for over 1,700 yards and 12 touchdowns, proving he has the production and physicality that NFL scouts crave. But inconsistency is an","{""do_sample"": true, ""temperature"": 1.0, ""top_p"": 0.95, ""top_k"": 50, ""repetition_penalty"": 1.0, ""max_new_tokens"": 128}"
kgw,3.0,1,1237,3,3,The Arlington County Board plans to vote Saturday afternoon on giving Amazon $23 million and other incentives to build a ,"The Arlington County Board plans to vote Saturday afternoon on giving Amazon $23 million and other incentives to build a 4-million-square-foot "" HQ2"" complex in the Virginia suburbs.
Board members are expected to consider a resolution approving a package of economic development incentives to support Amazon’s proposal to establish a major corporate campus in Arlington County, according to the county’s website.
Earlier this week, Arlington County released details of the proposed incentives, which include a direct grant of $23 million, property tax relief, infrastructure improvements and a promise to assist Amazon with obtaining a Special Exception Use Permit from the County Board.
The incentives are part of a larger effort by the state of Virginia and local jurisdictions to persuade Amazon to choose the Arlington County site for its second headquarters,","4-million-square-foot "" HQ2"" complex in the Virginia suburbs.
Board members are expected to consider a resolution approving a package of economic development incentives to support Amazon’s proposal to establish a major corporate campus in Arlington County, according to the county’s website.
Earlier this week, Arlington County released details of the proposed incentives, which include a direct grant of $23 million, property tax relief, infrastructure improvements and a promise to assist Amazon with obtaining a Special Exception Use Permit from the County Board.
The incentives are part of a larger effort by the state of Virginia and local jurisdictions to persuade Amazon to choose the Arlington County site for its second headquarters,","{""do_sample"": true, ""temperature"": 1.0, ""top_p"": 0.95, ""top_k"": 50, ""repetition_penalty"": 1.0, ""max_new_tokens"": 128}"
kgw,3.0,1,1239,5,5,The Hawaii man who was fired after issuing the false ballistic missile alert in mid-January told reporters Friday that he ,"The Hawaii man who was fired after issuing the false ballistic missile alert in mid-January told reporters Friday that he  is  ""sincerely sorry"" and ""accepts full responsibility"" for the incident.
""We knew immediately that it was going to be bad,"" said Dennis Yamamoto, the warning sirens officer. ""We were trying to save lives.""
Yamamoto and another employee, Abexx Ooi, were terminated after an investigation into the false alert found they failed to properly follow protocol when issuing the January 13 alert, which sent panic throughout the state and led to concerns about the credibility of the Emergency Management Agency (EMA) and the state government.
""I take full responsibility,"" Yamamoto said outside an office building in Honolulu, """," is  ""sincerely sorry"" and ""accepts full responsibility"" for the incident.
""We knew immediately that it was going to be bad,"" said Dennis Yamamoto, the warning sirens officer. ""We were trying to save lives.""
Yamamoto and another employee, Abexx Ooi, were terminated after an investigation into the false alert found they failed to properly follow protocol when issuing the January 13 alert, which sent panic throughout the state and led to concerns about the credibility of the Emergency Management Agency (EMA) and the state government.
""I take full responsibility,"" Yamamoto said outside an office building in Honolulu, ""","{""do_sample"": true, ""temperature"": 1.0, ""top_p"": 0.95, ""top_k"": 50, ""repetition_penalty"": 1.0, ""max_new_tokens"": 128}"
kgw,3.0,1,1241,7,7,"A version of this article appeared in the print edition of The Daily Star on July 12, 2018, on page ","A version of this article appeared in the print edition of The Daily Star on July 12, 2018, on page 8.
The Lebanese government has signed a deal with France’s Vinci SA to build a $4 billion metro line in Beirut, the state-run news agency reported on Friday.
The 26-kilometer metro line will have 21 stations and is expected to reduce traffic congestion and pollution in the capital, the National News Agency (NNA) said.
The project is part of Lebanon’s plans to modernize its infrastructure and overcome a severe financial crisis. The country has struggled to pay for the development of its infrastructure since the end of its 15-year civil war in 1990.
The deal with Vinci SA was signed by Public Works and","8.
The Lebanese government has signed a deal with France’s Vinci SA to build a $4 billion metro line in Beirut, the state-run news agency reported on Friday.
The 26-kilometer metro line will have 21 stations and is expected to reduce traffic congestion and pollution in the capital, the National News Agency (NNA) said.
The project is part of Lebanon’s plans to modernize its infrastructure and overcome a severe financial crisis. The country has struggled to pay for the development of its infrastructure since the end of its 15-year civil war in 1990.
The deal with Vinci SA was signed by Public Works and","{""do_sample"": true, ""temperature"": 1.0, ""top_p"": 0.95, ""top_k"": 50, ""repetition_penalty"": 1.0, ""max_new_tokens"": 128}"
kgw,3.0,1,1243,9,9,"After Kevin’s horrific leg injury, everyone is asking: will he ever play basketball again? Dr. Glashow, co-chief of sports medicine ","After Kevin’s horrific leg injury, everyone is asking: will he ever play basketball again? Dr. Glashow, co-chief of sports medicine 2, is the expert who can offer a glimpse into Kevin’s future. And I had the opportunity to ask her the tough questions, both at the hospital and on her show.
It was Dr. Glashow on the air, with a microphone and a straightforward approach to answering the questions plaguing everyone.
Her show, ""Game-Changer,"" tackles the tough topics in the world of sports medicine, making it a great resource for athletes and sports enthusiasts alike.
I was nervous as I walked into the studio. This was a big opportunity to get answers, and I didn’t want to mess it up. The camera crew gave me a","2, is the expert who can offer a glimpse into Kevin’s future. And I had the opportunity to ask her the tough questions, both at the hospital and on her show.
It was Dr. Glashow on the air, with a microphone and a straightforward approach to answering the questions plaguing everyone.
Her show, ""Game-Changer,"" tackles the tough topics in the world of sports medicine, making it a great resource for athletes and sports enthusiasts alike.
I was nervous as I walked into the studio. This was a big opportunity to get answers, and I didn’t want to mess it up. The camera crew gave me a","{""do_sample"": true, ""temperature"": 1.0, ""top_p"": 0.95, ""top_k"": 50, ""repetition_penalty"": 1.0, ""max_new_tokens"": 128}"
kgw,3.0,1,1245,11,11,University of Utah track and field athlete Lauren McCluskey was found shot dead Monday night in the backseat of a ,"University of Utah track and field athlete Lauren McCluskey was found shot dead Monday night in the backseat of a 2014 Chevrolet Impala in a parking garage at the Campus Village apartment complex on the university's campus in Salt Lake City, Utah.
Police are investigating the murder of Lauren McCluskey, a University of Utah track and field athlete, who was found shot dead in a parking garage on the university's campus in Salt Lake City, Utah, on Monday.
Utah Utes' Lauren McCluskey at the NCAA West Preliminary Rounds on May 24, 2017. (USA Today)
Lauren McCluskey is shown running during the NCAA West Preliminary Rounds on May 24, 2017. (USA Today)
","2014 Chevrolet Impala in a parking garage at the Campus Village apartment complex on the university's campus in Salt Lake City, Utah.
Police are investigating the murder of Lauren McCluskey, a University of Utah track and field athlete, who was found shot dead in a parking garage on the university's campus in Salt Lake City, Utah, on Monday.
Utah Utes' Lauren McCluskey at the NCAA West Preliminary Rounds on May 24, 2017. (USA Today)
Lauren McCluskey is shown running during the NCAA West Preliminary Rounds on May 24, 2017. (USA Today)
","{""do_sample"": true, ""temperature"": 1.0, ""top_p"": 0.95, ""top_k"": 50, ""repetition_penalty"": 1.0, ""max_new_tokens"": 128}"
kgw,3.0,1,1247,13,13,"The location of the July 15, 2002 flare is shown at left. The other panels compare the scale of Earth ","The location of the July 15, 2002 flare is shown at left. The other panels compare the scale of Earth 1.3 million km (800,000 miles) from the blast to that of other objects in the solar system. At right, a portion of the Sun from July 16, 2002, taken by the SOHO spacecraft.
The July 15, 2002, coronal mass ejection, or CME, produced an X-17.9 flare, one of the strongest ever observed. The CME was visible from both Earth and the Sun's south pole as seen from Earth. It was also the strongest solar event in over a decade.
Solar flares are sudden releases of energy in the solar atmosphere. The","1.3 million km (800,000 miles) from the blast to that of other objects in the solar system. At right, a portion of the Sun from July 16, 2002, taken by the SOHO spacecraft.
The July 15, 2002, coronal mass ejection, or CME, produced an X-17.9 flare, one of the strongest ever observed. The CME was visible from both Earth and the Sun's south pole as seen from Earth. It was also the strongest solar event in over a decade.
Solar flares are sudden releases of energy in the solar atmosphere. The","{""do_sample"": true, ""temperature"": 1.0, ""top_p"": 0.95, ""top_k"": 50, ""repetition_penalty"": 1.0, ""max_new_tokens"": 128}"
kgw,3.0,1,1249,15,15,"Larry checks in with KPCC reporter Sharon McNary, who’s been hitting up several polling stations in Orange County and Los ","Larry checks in with KPCC reporter Sharon McNary, who’s been hitting up several polling stations in Orange County and Los 5:12
KPFK: KPCC reporter Sharon McNary checks in from the polls in Orange County, providing an update on the election so far. 1:45
Larry checks in again with KPCC reporter Sharon McNary, who’s been monitoring the vote count in Orange County and says the numbers 4:43
KPCC reporter Sharon McNary checks in from the polls in Orange County, providing an update on the election so far. 1:45
Larry is joined by Los Angeles Times columnist Steve Lopez, discussing his thoughts on the election thus far. 7:15
KPFK: KPCC","5:12
KPFK: KPCC reporter Sharon McNary checks in from the polls in Orange County, providing an update on the election so far. 1:45
Larry checks in again with KPCC reporter Sharon McNary, who’s been monitoring the vote count in Orange County and says the numbers 4:43
KPCC reporter Sharon McNary checks in from the polls in Orange County, providing an update on the election so far. 1:45
Larry is joined by Los Angeles Times columnist Steve Lopez, discussing his thoughts on the election thus far. 7:15
KPFK: KPCC","{""do_sample"": true, ""temperature"": 1.0, ""top_p"": 0.95, ""top_k"": 50, ""repetition_penalty"": 1.0, ""max_new_tokens"": 128}"
kgw,3.0,1,1251,17,17,Health authorities in New Zealand said that about 200 passengers on the Dawn Princess ship became infected with the norovirus. ,"Health authorities in New Zealand said that about 200 passengers on the Dawn Princess ship became infected with the norovirus.  This information was shared on Monday, April 15, 2019, according to various news outlets.

The norovirus infection affected several ships in the region, and the New Zealand authorities are working to trace the origin of the outbreak.

According to reports, the affected ships include the Ovation of the Seas, which was also in New Zealand for shore excursions, as well as several smaller boats in the Auckland area.

Health authorities warned that norovirus can be highly contagious, and that frequent handwashing is crucial to preventing its spread. They also warned that the norovirus infection can be transmitted to others, even if a person"," This information was shared on Monday, April 15, 2019, according to various news outlets.

The norovirus infection affected several ships in the region, and the New Zealand authorities are working to trace the origin of the outbreak.

According to reports, the affected ships include the Ovation of the Seas, which was also in New Zealand for shore excursions, as well as several smaller boats in the Auckland area.

Health authorities warned that norovirus can be highly contagious, and that frequent handwashing is crucial to preventing its spread. They also warned that the norovirus infection can be transmitted to others, even if a person","{""do_sample"": true, ""temperature"": 1.0, ""top_p"": 0.95, ""top_k"": 50, ""repetition_penalty"": 1.0, ""max_new_tokens"": 128}"
kgw,3.0,1,1253,19,19,NEW YORK (AP) — Could the U.S. lose its top credit rating even if a deal is reached to raise ,"NEW YORK (AP) — Could the U.S. lose its top credit rating even if a deal is reached to raise  ...
WASHINGTON (AP) — President Barack Obama and congressional leaders are working to avoid a  ...
NEW YORK (AP) — The Dow Jones industrial average rose Monday, helped by strong earnings reports  ...
WASHINGTON (AP) — President Barack Obama is making a last-minute push to win over skeptical  ...
By Andrew Taylor ASSOCIATED PRESS WASHINGTON — Congress is headed for a chaotic end of  ...
By Donna Borak ASSOCIATED PRESS WASHINGTON — House Speaker John Boehner is urging Senate Majority  ...
WASHINGTON (AP) — President Barack Obama is meeting with Senate Democrats as Congress hurtles  ...
WASHINGTON"," ...
WASHINGTON (AP) — President Barack Obama and congressional leaders are working to avoid a  ...
NEW YORK (AP) — The Dow Jones industrial average rose Monday, helped by strong earnings reports  ...
WASHINGTON (AP) — President Barack Obama is making a last-minute push to win over skeptical  ...
By Andrew Taylor ASSOCIATED PRESS WASHINGTON — Congress is headed for a chaotic end of  ...
By Donna Borak ASSOCIATED PRESS WASHINGTON — House Speaker John Boehner is urging Senate Majority  ...
WASHINGTON (AP) — President Barack Obama is meeting with Senate Democrats as Congress hurtles  ...
WASHINGTON","{""do_sample"": true, ""temperature"": 1.0, ""top_p"": 0.95, ""top_k"": 50, ""repetition_penalty"": 1.0, ""max_new_tokens"": 128}"
kgw,3.0,1,1255,21,21,"IHS Markit INFO, -0.02% a world leader in critical information, analytics and solutions, expanded its alternative data offering for asset ","IHS Markit INFO, -0.02% a world leader in critical information, analytics and solutions, expanded its alternative data offering for asset 2020-09-28
Investing in the right assets at the right time is crucial for investors. But identifying potential winners and losers can be challenging. 2020-09-23
What role can ESG in fixed income play in sustainable investing? We spoke to Jason Pride, Principal & Head of Equity Portfolio Strategy, 2020-09-21
The world of sustainable finance is becoming increasingly popular. But what are the main drivers and what does the future hold? We spoke 2020-09-18
Investors have long been drawn to the stability and returns of fixed income investments, such as bonds and","2020-09-28
Investing in the right assets at the right time is crucial for investors. But identifying potential winners and losers can be challenging. 2020-09-23
What role can ESG in fixed income play in sustainable investing? We spoke to Jason Pride, Principal & Head of Equity Portfolio Strategy, 2020-09-21
The world of sustainable finance is becoming increasingly popular. But what are the main drivers and what does the future hold? We spoke 2020-09-18
Investors have long been drawn to the stability and returns of fixed income investments, such as bonds and","{""do_sample"": true, ""temperature"": 1.0, ""top_p"": 0.95, ""top_k"": 50, ""repetition_penalty"": 1.0, ""max_new_tokens"": 128}"
kgw,3.0,1,1257,23,23,SOUND FORGE Audio Cleaning Lab can be used to record any sound you can hear on your computer - from ,"SOUND FORGE Audio Cleaning Lab can be used to record any sound you can hear on your computer - from 3.5mm line-in, microphone, or even a webcam!
SOUND FORGE Audio Cleaning Lab can be used to record any sound you can hear on your computer - from 3.5mm line-in, microphone, or even a webcam!
Record your audio files with ease!
SOUND FORGE Audio Cleaning Lab makes it easy to record any sound you can hear on your computer - from 3.5mm line-in, microphone, or even a webcam!
Step 1: Choose Your Recording Device
Select the recording device you want to use from the list:
3.5mm line-in: This allows you to connect","3.5mm line-in, microphone, or even a webcam!
SOUND FORGE Audio Cleaning Lab can be used to record any sound you can hear on your computer - from 3.5mm line-in, microphone, or even a webcam!
Record your audio files with ease!
SOUND FORGE Audio Cleaning Lab makes it easy to record any sound you can hear on your computer - from 3.5mm line-in, microphone, or even a webcam!
Step 1: Choose Your Recording Device
Select the recording device you want to use from the list:
3.5mm line-in: This allows you to connect","{""do_sample"": true, ""temperature"": 1.0, ""top_p"": 0.95, ""top_k"": 50, ""repetition_penalty"": 1.0, ""max_new_tokens"": 128}"
kgw,3.0,1,1259,25,25,"President Donald Trump returned to Washington, DC on Monday for a very important event. It was not for a meeting ","President Donald Trump returned to Washington, DC on Monday for a very important event. It was not for a meeting  with lawmakers or foreign leaders, but to visit the new Trump International Hotel located on Pennsylvania Avenue.
The event was supposed to be a grand opening ceremony for the hotel, which was fully renovated by Trump and his son Donald Trump Jr. In fact, the ceremony was expected to be a celebration of Trump’s hospitality business empire, with several of his celebrity friends attending.
But the ceremony did not go as planned. According to various reports, only a handful of people attended the ceremony, which was scheduled to be held at 11 am. Trump, along with his family members, including his wife Melania, were present, but there was a noticeable"," with lawmakers or foreign leaders, but to visit the new Trump International Hotel located on Pennsylvania Avenue.
The event was supposed to be a grand opening ceremony for the hotel, which was fully renovated by Trump and his son Donald Trump Jr. In fact, the ceremony was expected to be a celebration of Trump’s hospitality business empire, with several of his celebrity friends attending.
But the ceremony did not go as planned. According to various reports, only a handful of people attended the ceremony, which was scheduled to be held at 11 am. Trump, along with his family members, including his wife Melania, were present, but there was a noticeable","{""do_sample"": true, ""temperature"": 1.0, ""top_p"": 0.95, ""top_k"": 50, ""repetition_penalty"": 1.0, ""max_new_tokens"": 128}"
kgw,3.0,1,1261,27,27,"ST. JOHNS COUNTY, Fla. - Commissioners in St. Johns County voted unanimously to postpone any legislative action against a localized ","ST. JOHNS COUNTY, Fla. - Commissioners in St. Johns County voted unanimously to postpone any legislative action against a localized 30-minute parking enforcement plan in Vilano Beach. | |.
Commissioners received 150 public comments in support of the initiative during a June 28 hearing, according to News4Jax.
During a July 20 hearing, St. Johns County commissioners voted to postpone the discussion until their September 27 meeting, deferring any decision to the end of their meeting.
""I understand the concerns and benefits of the concept, but we need to make sure that we understand all the implications and impact this will have on our visitors, residents, and businesses,"" Commissioner Paula Willey said, according to News4Jax.
Vilano Beach was","30-minute parking enforcement plan in Vilano Beach. | |.
Commissioners received 150 public comments in support of the initiative during a June 28 hearing, according to News4Jax.
During a July 20 hearing, St. Johns County commissioners voted to postpone the discussion until their September 27 meeting, deferring any decision to the end of their meeting.
""I understand the concerns and benefits of the concept, but we need to make sure that we understand all the implications and impact this will have on our visitors, residents, and businesses,"" Commissioner Paula Willey said, according to News4Jax.
Vilano Beach was","{""do_sample"": true, ""temperature"": 1.0, ""top_p"": 0.95, ""top_k"": 50, ""repetition_penalty"": 1.0, ""max_new_tokens"": 128}"
kgw,3.0,1,1263,29,29,This was Reinsdorf's reply on Friday when asked whether the preseason announcement that Phil Jackson will not return as coach ,"This was Reinsdorf's reply on Friday when asked whether the preseason announcement that Phil Jackson will not return as coach  was indeed the end of the road for his tenure with the Bulls.
So while there's no confirmation on that just yet, it's hard to imagine a scenario in which Jackson returns to the bench, given the emotional and logistical implications of such a decision.
Reinsdorf did acknowledge, however, that Jackson's departure does create a sense of uncertainty for the team, which is looking at a challenging rebuild ahead.
""The uncertainty is certainly real,"" Reinsdorf said. ""I think that's something that we're all going to have to deal with. We're not going to have a coach who's been here 13 years, who's"," was indeed the end of the road for his tenure with the Bulls.
So while there's no confirmation on that just yet, it's hard to imagine a scenario in which Jackson returns to the bench, given the emotional and logistical implications of such a decision.
Reinsdorf did acknowledge, however, that Jackson's departure does create a sense of uncertainty for the team, which is looking at a challenging rebuild ahead.
""The uncertainty is certainly real,"" Reinsdorf said. ""I think that's something that we're all going to have to deal with. We're not going to have a coach who's been here 13 years, who's","{""do_sample"": true, ""temperature"": 1.0, ""top_p"": 0.95, ""top_k"": 50, ""repetition_penalty"": 1.0, ""max_new_tokens"": 128}"
kgw,3.0,1,1265,31,31,This is the news you’re looking for. Carrie Fisher has seemingly confirmed to Palm Beach Illustrated magazine that she will ,"This is the news you’re looking for. Carrie Fisher has seemingly confirmed to Palm Beach Illustrated magazine that she will 100% be in the next Star Wars movie. You heard it here (and there). Carrie Fisher, who plays the iconic character Princess Leia in the Star Wars franchise, has been absent from the recent Star Wars films, but in her most recent interview with Palm Beach Illustrated magazine (in this month’s issue), she gives the scoop on her involvement in the highly anticipated Star Wars: Episode VIII. Fisher revealed her thoughts on reprising her legendary role in the upcoming film: ""Princess Leia is not in [Rogue One: A Star Wars Story], she was never in it, and I'm going to be in the next one.","100% be in the next Star Wars movie. You heard it here (and there). Carrie Fisher, who plays the iconic character Princess Leia in the Star Wars franchise, has been absent from the recent Star Wars films, but in her most recent interview with Palm Beach Illustrated magazine (in this month’s issue), she gives the scoop on her involvement in the highly anticipated Star Wars: Episode VIII. Fisher revealed her thoughts on reprising her legendary role in the upcoming film: ""Princess Leia is not in [Rogue One: A Star Wars Story], she was never in it, and I'm going to be in the next one.","{""do_sample"": true, ""temperature"": 1.0, ""top_p"": 0.95, ""top_k"": 50, ""repetition_penalty"": 1.0, ""max_new_tokens"": 128}"
kgw,3.0,1,1267,33,33,In the market for a low-cost networked storage solution? You may want to take a look at the Netgear ReadyNAS ,"In the market for a low-cost networked storage solution? You may want to take a look at the Netgear ReadyNAS 104, a compact, easy-to-use NAS (Network-Attached Storage) device that offers a lot of value for a very competitive price. Here's a brief review of the Netgear ReadyNAS 104 to help you decide if it's the right choice for you.

Design and Build
----------------

The ReadyNAS 104 is a small, cube-shaped device that measures 4.33 x 4.33 x 8.27 inches (11 cm x 11 cm x 21 cm) and weighs just 2.2 pounds (1 kg). It has a simple, matte black plastic design that looks attractive in most home","104, a compact, easy-to-use NAS (Network-Attached Storage) device that offers a lot of value for a very competitive price. Here's a brief review of the Netgear ReadyNAS 104 to help you decide if it's the right choice for you.

Design and Build
----------------

The ReadyNAS 104 is a small, cube-shaped device that measures 4.33 x 4.33 x 8.27 inches (11 cm x 11 cm x 21 cm) and weighs just 2.2 pounds (1 kg). It has a simple, matte black plastic design that looks attractive in most home","{""do_sample"": true, ""temperature"": 1.0, ""top_p"": 0.95, ""top_k"": 50, ""repetition_penalty"": 1.0, ""max_new_tokens"": 128}"
kgw,3.0,1,1269,35,35,"MANILA, Philippines — The state-run Land Bank of the Philippines (Landbank) has extended by one more month or until Jan. ","MANILA, Philippines — The state-run Land Bank of the Philippines (Landbank) has extended by one more month or until Jan. 31 the special term loan assistance to low-income farmers and fishermen affected by typhoons and other calamities this year.

In a disclosure to the Philippine Stock Exchange, Landbank said it has approved the extension of the special term loan assistance to eligible borrowers who were previously granted loan extensions due to the calamities that hit the country this year.

The special term loan assistance was originally extended until December, and the bank has decided to further extend it to help the affected borrowers overcome their temporary difficulties.

Landbank said eligible borrowers can continue to enjoy the following benefits under the special term loan assistance:
* Extension of amortization payment period for one year or","31 the special term loan assistance to low-income farmers and fishermen affected by typhoons and other calamities this year.

In a disclosure to the Philippine Stock Exchange, Landbank said it has approved the extension of the special term loan assistance to eligible borrowers who were previously granted loan extensions due to the calamities that hit the country this year.

The special term loan assistance was originally extended until December, and the bank has decided to further extend it to help the affected borrowers overcome their temporary difficulties.

Landbank said eligible borrowers can continue to enjoy the following benefits under the special term loan assistance:
* Extension of amortization payment period for one year or","{""do_sample"": true, ""temperature"": 1.0, ""top_p"": 0.95, ""top_k"": 50, ""repetition_penalty"": 1.0, ""max_new_tokens"": 128}"
kgw,3.0,1,1271,37,37,It’s a continuation of a trend they have seen over the last several years. “It’s been almost three years of ,"It’s a continuation of a trend they have seen over the last several years. “It’s been almost three years of 24% (annual increase) in the industry, and I think it’s sustainable. There are a lot of factors driving that growth, from the increasing recognition of mental health services, to the growing need for telehealth services, especially in rural areas, and also just the simple fact that more and more people are seeking out these services,” says Dr. David Fleming, the chief medical officer at BetterHelp, an online therapy platform.
Dr. Fleming notes that many people who might not have been comfortable seeking out therapy in the past because of stigma or lack of access are now more likely to seek out online therapy, which has made it more accessible","24% (annual increase) in the industry, and I think it’s sustainable. There are a lot of factors driving that growth, from the increasing recognition of mental health services, to the growing need for telehealth services, especially in rural areas, and also just the simple fact that more and more people are seeking out these services,” says Dr. David Fleming, the chief medical officer at BetterHelp, an online therapy platform.
Dr. Fleming notes that many people who might not have been comfortable seeking out therapy in the past because of stigma or lack of access are now more likely to seek out online therapy, which has made it more accessible","{""do_sample"": true, ""temperature"": 1.0, ""top_p"": 0.95, ""top_k"": 50, ""repetition_penalty"": 1.0, ""max_new_tokens"": 128}"
kgw,3.0,1,1273,39,39,"Originally Published: September 24, 2018 8 p.m. Soledad O’Brien, 10 to 11:30 a.m., Yavapai College Performing Arts Center, 1100 E ","Originally Published: September 24, 2018 8 p.m. Soledad O’Brien, 10 to 11:30 a.m., Yavapai College Performing Arts Center, 1100 E 3rd St. in Prescott, $10.50 to $19.50. The award-winning journalist and correspondent talks about her life and work in a program called ""The Journalist's Journey."" Read more here.
Originally Published: September 24, 2018 7:46 a.m.
Get ready to learn from one of the most respected journalists in the country.
Soledad O’Brien, an award-winning journalist and correspondent, will be coming to the Yavapai College Performing Arts Center on Sept. 28 for a program called ""The Journalist's Journey.""
During the program, O'Brien will talk about her","3rd St. in Prescott, $10.50 to $19.50. The award-winning journalist and correspondent talks about her life and work in a program called ""The Journalist's Journey."" Read more here.
Originally Published: September 24, 2018 7:46 a.m.
Get ready to learn from one of the most respected journalists in the country.
Soledad O’Brien, an award-winning journalist and correspondent, will be coming to the Yavapai College Performing Arts Center on Sept. 28 for a program called ""The Journalist's Journey.""
During the program, O'Brien will talk about her","{""do_sample"": true, ""temperature"": 1.0, ""top_p"": 0.95, ""top_k"": 50, ""repetition_penalty"": 1.0, ""max_new_tokens"": 128}"
kgw,3.0,1,1275,41,41,"Attendees visit the Vodafone Group pavilion at the Mobile World Congress in Barcelona, Spain, March 4, 2015. Vodafone, one of ","Attendees visit the Vodafone Group pavilion at the Mobile World Congress in Barcelona, Spain, March 4, 2015. Vodafone, one of 12 major mobile operators that have signed up for the European Union's ambitious project, aims to deploy a secure, decentralized blockchain-based identity verification system. (Bartosz Wiatry / Shutterstock)
A new pilot project is being launched in Europe to enable mobile operators to create secure, decentralized identity verification systems using blockchain technology.
The project, called “Identity on Blockchain” (IoB) is a collaboration between the European Union Agency for Network and Information Security (ENISA) and 12 major mobile operators, including Vodafone, Deutsche Telekom, and Orange.
The project aims to create an open-source, blockchain-based identity verification system that","12 major mobile operators that have signed up for the European Union's ambitious project, aims to deploy a secure, decentralized blockchain-based identity verification system. (Bartosz Wiatry / Shutterstock)
A new pilot project is being launched in Europe to enable mobile operators to create secure, decentralized identity verification systems using blockchain technology.
The project, called “Identity on Blockchain” (IoB) is a collaboration between the European Union Agency for Network and Information Security (ENISA) and 12 major mobile operators, including Vodafone, Deutsche Telekom, and Orange.
The project aims to create an open-source, blockchain-based identity verification system that","{""do_sample"": true, ""temperature"": 1.0, ""top_p"": 0.95, ""top_k"": 50, ""repetition_penalty"": 1.0, ""max_new_tokens"": 128}"
kgw,3.0,1,1277,43,43,The Congress of South African Trade Unions has noted the latest cabinet reshuffle by President Jacob Zuma. We can confirm ,"The Congress of South African Trade Unions has noted the latest cabinet reshuffle by President Jacob Zuma. We can confirm 3 new ministers, including Mrs. Faith Muthambi, Minister of Communication and Mr. Derek Hanekom, Minister of Tourism. Mrs. Naledi Pandor will now head the Department of Home Affairs.
We must say we are disappointed with the lack of women and youth in the new cabinet, a trend that is inconsistent with the country’s need to build a nation that is inclusive and representative of all its citizens.
As COSATU, we also believe that this reshuffle is merely a cosmetic exercise, aimed at addressing symptoms rather than the root causes of the country’s problems. The real issues that affect the majority of South Africans","3 new ministers, including Mrs. Faith Muthambi, Minister of Communication and Mr. Derek Hanekom, Minister of Tourism. Mrs. Naledi Pandor will now head the Department of Home Affairs.
We must say we are disappointed with the lack of women and youth in the new cabinet, a trend that is inconsistent with the country’s need to build a nation that is inclusive and representative of all its citizens.
As COSATU, we also believe that this reshuffle is merely a cosmetic exercise, aimed at addressing symptoms rather than the root causes of the country’s problems. The real issues that affect the majority of South Africans","{""do_sample"": true, ""temperature"": 1.0, ""top_p"": 0.95, ""top_k"": 50, ""repetition_penalty"": 1.0, ""max_new_tokens"": 128}"
kgw,3.0,1,1279,45,45,"After much anticipation, Melania Trump has finally given the world a glimpse of her platform. Like those before her, Trump ","After much anticipation, Melania Trump has finally given the world a glimpse of her platform. Like those before her, Trump 85 has announced a list of initiatives she plans to focus on during her presidency, which has left many wondering what exactly is the new first lady all about.
Melania Trump's new ""Be Best"" campaign aims to support three key areas: ""children, online safety and combating bullying."" Yes, you read that right, a whole campaign dedicated to being good. The new first lady wants to spread kindness, empathy, and respect, hoping to make the world a better place for all.
While her husband, Donald Trump, is known for his bombastic, combative rhetoric, Mrs. Trump has taken a distinctly more positive and soft-spoken","85 has announced a list of initiatives she plans to focus on during her presidency, which has left many wondering what exactly is the new first lady all about.
Melania Trump's new ""Be Best"" campaign aims to support three key areas: ""children, online safety and combating bullying."" Yes, you read that right, a whole campaign dedicated to being good. The new first lady wants to spread kindness, empathy, and respect, hoping to make the world a better place for all.
While her husband, Donald Trump, is known for his bombastic, combative rhetoric, Mrs. Trump has taken a distinctly more positive and soft-spoken","{""do_sample"": true, ""temperature"": 1.0, ""top_p"": 0.95, ""top_k"": 50, ""repetition_penalty"": 1.0, ""max_new_tokens"": 128}"
kgw,3.0,1,1281,47,47,We build our students up only to encourage them to flee. Why? Combining advertising campaigns handled by pros along with ,"We build our students up only to encourage them to flee. Why? Combining advertising campaigns handled by pros along with 5 to 10 years of knowledge and expertise, our crew delivers the best and the most appropriate online business ideas for you. We offer a variety of writing, reporting, and editing services, offering customers with professional high-quality.
Our company will help you with your essay creating, providing you with a well-researched and written essays on your preferred niche. When we begin a new project, we take notice of the clients requirements and goals, work with them, and supply them with a comprehensive report of.
Business Idea Generation: Developing innovative Business Ideas from Scratch?
Our company is always eager to provide high-quality educational writing services to our students.","5 to 10 years of knowledge and expertise, our crew delivers the best and the most appropriate online business ideas for you. We offer a variety of writing, reporting, and editing services, offering customers with professional high-quality.
Our company will help you with your essay creating, providing you with a well-researched and written essays on your preferred niche. When we begin a new project, we take notice of the clients requirements and goals, work with them, and supply them with a comprehensive report of.
Business Idea Generation: Developing innovative Business Ideas from Scratch?
Our company is always eager to provide high-quality educational writing services to our students.","{""do_sample"": true, ""temperature"": 1.0, ""top_p"": 0.95, ""top_k"": 50, ""repetition_penalty"": 1.0, ""max_new_tokens"": 128}"
kgw,3.0,1,1283,49,49,Federal Reserve Bank of Minneapolis President Narayana Kocherlakota will step down when his current term ends in February 2016. The ,"Federal Reserve Bank of Minneapolis President Narayana Kocherlakota will step down when his current term ends in February 2016. The 54-year-old economist has served as a Federal Reserve Bank of Minneapolis president since 2009, according to Bloomberg.
Kocherlakota has been a vocal critic of the Fed’s quantitative-easing programs and has advocated for a more orthodox approach to monetary policy. He is widely expected to be succeeded by Neel Kashkari, a former Treasury official and investment manager who was nominated by the White House to replace Kocherlakota.
Kocherlakota has been a consistent advocate for fiscal policy to take the lead in addressing economic slack, and has criticized the Fed for waiting too long to start monetary easing during the financial crisis.","54-year-old economist has served as a Federal Reserve Bank of Minneapolis president since 2009, according to Bloomberg.
Kocherlakota has been a vocal critic of the Fed’s quantitative-easing programs and has advocated for a more orthodox approach to monetary policy. He is widely expected to be succeeded by Neel Kashkari, a former Treasury official and investment manager who was nominated by the White House to replace Kocherlakota.
Kocherlakota has been a consistent advocate for fiscal policy to take the lead in addressing economic slack, and has criticized the Fed for waiting too long to start monetary easing during the financial crisis.","{""do_sample"": true, ""temperature"": 1.0, ""top_p"": 0.95, ""top_k"": 50, ""repetition_penalty"": 1.0, ""max_new_tokens"": 128}"
kgw,3.0,1,1285,51,51,Roger Federer of Switzerland and Bill Gates shake hands at the Match For Africa 4 exhibition match at KeyArena on ,"Roger Federer of Switzerland and Bill Gates shake hands at the Match For Africa 4 exhibition match at KeyArena on 7/28/2019.
Federer and Gates have collaborated on several philanthropic projects over the years, and this match marks the fifth installment in their “Match for Africa” series. All proceeds will go towards supporting the education of underprivileged children in Africa.
Federer and Gates have worked together on various initiatives through the Roger Federer Foundation and the Bill and Melinda Gates Foundation. Their collaboration has helped support education initiatives for marginalized children around the world, including in Africa. Federer is a key advocate for improving access to education for all children, and Gates has been a long-time supporter of this effort.
The match will","7/28/2019.
Federer and Gates have collaborated on several philanthropic projects over the years, and this match marks the fifth installment in their “Match for Africa” series. All proceeds will go towards supporting the education of underprivileged children in Africa.
Federer and Gates have worked together on various initiatives through the Roger Federer Foundation and the Bill and Melinda Gates Foundation. Their collaboration has helped support education initiatives for marginalized children around the world, including in Africa. Federer is a key advocate for improving access to education for all children, and Gates has been a long-time supporter of this effort.
The match will","{""do_sample"": true, ""temperature"": 1.0, ""top_p"": 0.95, ""top_k"": 50, ""repetition_penalty"": 1.0, ""max_new_tokens"": 128}"
kgw,3.0,1,1287,53,53,"BAGHDAD, Iraq -- Fighting in the Shiite stronghold of Sadr City killed 23 Iraqis yesterday, hospital officials said, and the ","BAGHDAD, Iraq -- Fighting in the Shiite stronghold of Sadr City killed 23 Iraqis yesterday, hospital officials said, and the 10-day-old government offensive against the city showed little signs of slowing.
Iraq's security forces have been trying to dislodge followers of anti-American cleric Muqtada al-Sadr from the densely populated district, which is home to about 2.5 million people.
Mortars and rocket-propelled grenades have been fired into government positions from multiple locations in the neighborhood. The fighting has sent thousands of civilians fleeing in search of safety.
A car bomb in the city of Kirkuk, north of Baghdad, also exploded yesterday, killing at least three people, police said.
In Washington, a senior official said that the U.S. government","10-day-old government offensive against the city showed little signs of slowing.
Iraq's security forces have been trying to dislodge followers of anti-American cleric Muqtada al-Sadr from the densely populated district, which is home to about 2.5 million people.
Mortars and rocket-propelled grenades have been fired into government positions from multiple locations in the neighborhood. The fighting has sent thousands of civilians fleeing in search of safety.
A car bomb in the city of Kirkuk, north of Baghdad, also exploded yesterday, killing at least three people, police said.
In Washington, a senior official said that the U.S. government","{""do_sample"": true, ""temperature"": 1.0, ""top_p"": 0.95, ""top_k"": 50, ""repetition_penalty"": 1.0, ""max_new_tokens"": 128}"
kgw,3.0,1,1289,55,55,"Tulsa race riot survivor: ""Learn how to forgive, but never forget"" SAN FRANCISCO, California (CNN) -- A 100-inch, high definition ","Tulsa race riot survivor: ""Learn how to forgive, but never forget"" SAN FRANCISCO, California (CNN) -- A 100-inch, high definition 64 inch screen to be installed at the World Museum in the city.
The Tulsa race riot survivor, Rosie McCutheon, said ""Learn how to forgive, but never forget"" in an interview with CNN on Thursday.
McCutheon was just 8 years old in 1921 when a series of violent incidents, known as the Tulsa race riot, broke out in Tulsa, Oklahoma, resulting in the deaths of over 300 people and the destruction of a thriving black business and entertainment district, known as the Greenwood District. ( more )
1 2 3 4 5... 14 Next →
Tulsa","64 inch screen to be installed at the World Museum in the city.
The Tulsa race riot survivor, Rosie McCutheon, said ""Learn how to forgive, but never forget"" in an interview with CNN on Thursday.
McCutheon was just 8 years old in 1921 when a series of violent incidents, known as the Tulsa race riot, broke out in Tulsa, Oklahoma, resulting in the deaths of over 300 people and the destruction of a thriving black business and entertainment district, known as the Greenwood District. ( more )
1 2 3 4 5... 14 Next →
Tulsa","{""do_sample"": true, ""temperature"": 1.0, ""top_p"": 0.95, ""top_k"": 50, ""repetition_penalty"": 1.0, ""max_new_tokens"": 128}"
kgw,3.0,1,1291,57,57,When Cait and I found out how easy it is to make ravioli–and with such completely impressive and delicious results!–we ,"When Cait and I found out how easy it is to make ravioli–and with such completely impressive and delicious results!–we  decided to give it a try at our Christmas dinner party last year.  It was a huge hit!  In fact, many guests requested the recipe, so I'm happy to share it with you all here.

Make a Day Ahead

This recipe makes a lot of ravioli, so be prepared to do some extra work to package and store it for your dinner party. You can make the dough, stuffing, and assemble the ravioli a day ahead, then just cook and serve on the day you plan to eat. (And trust me, it's worth it!)

**Pasta Dough**

Ingredients:

"," decided to give it a try at our Christmas dinner party last year.  It was a huge hit!  In fact, many guests requested the recipe, so I'm happy to share it with you all here.

Make a Day Ahead

This recipe makes a lot of ravioli, so be prepared to do some extra work to package and store it for your dinner party. You can make the dough, stuffing, and assemble the ravioli a day ahead, then just cook and serve on the day you plan to eat. (And trust me, it's worth it!)

**Pasta Dough**

Ingredients:

","{""do_sample"": true, ""temperature"": 1.0, ""top_p"": 0.95, ""top_k"": 50, ""repetition_penalty"": 1.0, ""max_new_tokens"": 128}"
kgw,3.0,1,1293,59,59,"It may not have been enough to bring out the skis, but Wood River Valley residents woke up with a ","It may not have been enough to bring out the skis, but Wood River Valley residents woke up with a 4-7 inch blanket of new snow on Sunday morning, leaving many giddy and eager to hit the trails.
The snow, which fell during the night, came with reports of heavy bursts of activity from late Saturday into early Sunday morning. By Sunday afternoon, the area had seen the biggest single-day snowfall since November, when a storm dumped around 6-8 inches.
Local snowboarders and skiers took advantage of the fresh powder on Sunday, with some even making a special trip out to Soldier Mountain to catch a glimpse of the new snow.
""I heard there was some fresh snow out at Soldier, and I had to come","4-7 inch blanket of new snow on Sunday morning, leaving many giddy and eager to hit the trails.
The snow, which fell during the night, came with reports of heavy bursts of activity from late Saturday into early Sunday morning. By Sunday afternoon, the area had seen the biggest single-day snowfall since November, when a storm dumped around 6-8 inches.
Local snowboarders and skiers took advantage of the fresh powder on Sunday, with some even making a special trip out to Soldier Mountain to catch a glimpse of the new snow.
""I heard there was some fresh snow out at Soldier, and I had to come","{""do_sample"": true, ""temperature"": 1.0, ""top_p"": 0.95, ""top_k"": 50, ""repetition_penalty"": 1.0, ""max_new_tokens"": 128}"
kgw,3.0,1,1295,61,61,"Are stoners now a target advertising demographic for fast food companies? Ever since Harold and Kumar went to White Castle, ","Are stoners now a target advertising demographic for fast food companies? Ever since Harold and Kumar went to White Castle, 20-something-year-olds with questionable hygiene have been synonymous with the concept of fast food. And now, some companies are cashing in on this demographic.
The latest example is Taco Bell, which is targeting stoners with its latest marketing campaign, dubbed ""Live Más"" (which means ""live more"" in Spanish). The fast food chain is leveraging its existing reputation as a late-night go-to spot for, shall we say, ""marijuana enthusiasts,"" and building on its brand's long history of stoner-friendly commercials, like its iconic ad featuring a guy eating Doritos while watching TV.
In an effort to appeal to the","20-something-year-olds with questionable hygiene have been synonymous with the concept of fast food. And now, some companies are cashing in on this demographic.
The latest example is Taco Bell, which is targeting stoners with its latest marketing campaign, dubbed ""Live Más"" (which means ""live more"" in Spanish). The fast food chain is leveraging its existing reputation as a late-night go-to spot for, shall we say, ""marijuana enthusiasts,"" and building on its brand's long history of stoner-friendly commercials, like its iconic ad featuring a guy eating Doritos while watching TV.
In an effort to appeal to the","{""do_sample"": true, ""temperature"": 1.0, ""top_p"": 0.95, ""top_k"": 50, ""repetition_penalty"": 1.0, ""max_new_tokens"": 128}"
kgw,3.0,1,1297,63,63,"Due to Hurricane Irene, parts of New Jersey were declared a federal disaster area this week. Federal funding is available ","Due to Hurricane Irene, parts of New Jersey were declared a federal disaster area this week. Federal funding is available  to help residents, businesses and communities affected by the hurricane. But with the rain and wind subsiding, what are you doing to recover? Are you looking for help finding debris removal services, repairing your home, or finding resources to support your community? Share your recovery efforts with us! We want to help you share your stories and provide the best available information to get you back on your feet as quickly as possible.
What steps have you taken to begin recovering from Hurricane Irene? Have you received any help or support from government agencies or non-profit organizations? Tell us your story and we'll work to connect you with the resources you need.
By"," to help residents, businesses and communities affected by the hurricane. But with the rain and wind subsiding, what are you doing to recover? Are you looking for help finding debris removal services, repairing your home, or finding resources to support your community? Share your recovery efforts with us! We want to help you share your stories and provide the best available information to get you back on your feet as quickly as possible.
What steps have you taken to begin recovering from Hurricane Irene? Have you received any help or support from government agencies or non-profit organizations? Tell us your story and we'll work to connect you with the resources you need.
By","{""do_sample"": true, ""temperature"": 1.0, ""top_p"": 0.95, ""top_k"": 50, ""repetition_penalty"": 1.0, ""max_new_tokens"": 128}"
kgw,3.0,1,1299,65,65,"As many British visitors to France have learnt to their dismay, if you ask a local, “Parlez-vous anglais?”, the answer ","As many British visitors to France have learnt to their dismay, if you ask a local, “Parlez-vous anglais?”, the answer 75% of the time is: “Oui, un peu”. Which roughly translates to “Yes, a bit”. This can be frustrating for those expecting a fluent English speaker.
However, the French do not generally use this phrase to boast about their language abilities. Instead, it is usually a polite way to acknowledge that, although they might understand and speak some English, it is not their mother tongue, and they might struggle to converse fluently.
A more accurate response would be something like: “Je comprends un peu d’anglais”, which means “I understand a bit of English”, implying a basic level of comprehension but limited","75% of the time is: “Oui, un peu”. Which roughly translates to “Yes, a bit”. This can be frustrating for those expecting a fluent English speaker.
However, the French do not generally use this phrase to boast about their language abilities. Instead, it is usually a polite way to acknowledge that, although they might understand and speak some English, it is not their mother tongue, and they might struggle to converse fluently.
A more accurate response would be something like: “Je comprends un peu d’anglais”, which means “I understand a bit of English”, implying a basic level of comprehension but limited","{""do_sample"": true, ""temperature"": 1.0, ""top_p"": 0.95, ""top_k"": 50, ""repetition_penalty"": 1.0, ""max_new_tokens"": 128}"
kgw,3.0,1,1301,67,67,"For professors, publishing in elite journals is an unavoidable part of university life. The grueling process of subjecting work to ","For professors, publishing in elite journals is an unavoidable part of university life. The grueling process of subjecting work to 3-7 levels of scrutiny, rewriting, resubmitting, and dealing with the inevitable rejections may seem like the best way to demonstrate one's academic prowess. But what is the actual impact of such a system on research, innovation, and society?

### 1. Overemphasis on publication over discovery

While academic journals are meant to share new knowledge, the emphasis on publishing in elite journals can overshadow the value of actual scientific discovery. The focus on quantity of publications can lead researchers to sacrifice the quality of their work, compromising the accuracy and reliability of their findings. 

### 2. Limited innovation

The emphasis on publishing in","3-7 levels of scrutiny, rewriting, resubmitting, and dealing with the inevitable rejections may seem like the best way to demonstrate one's academic prowess. But what is the actual impact of such a system on research, innovation, and society?

### 1. Overemphasis on publication over discovery

While academic journals are meant to share new knowledge, the emphasis on publishing in elite journals can overshadow the value of actual scientific discovery. The focus on quantity of publications can lead researchers to sacrifice the quality of their work, compromising the accuracy and reliability of their findings. 

### 2. Limited innovation

The emphasis on publishing in","{""do_sample"": true, ""temperature"": 1.0, ""top_p"": 0.95, ""top_k"": 50, ""repetition_penalty"": 1.0, ""max_new_tokens"": 128}"
kgw,3.0,1,1303,69,69,"After rebranding from beverages to a blockchain company, Long Blockchain says it is refocusing yet again and launching operations related ","After rebranding from beverages to a blockchain company, Long Blockchain says it is refocusing yet again and launching operations related 3D printing technology and artificial intelligence.
That's a lot of pivots for a company that initially focused on beverages!
In a statement yesterday, Long Blockchain said it had changed its name to LongFin Corp and will focus on the emerging technologies of 3D printing and artificial intelligence.
""We believe that LongFin is poised to take advantage of two of the most transformative technologies of our time and become a leader in their adoption across industries,"" said CEO Ratan Nath. ""Our new direction is a result of a thorough review of the market landscape and a determination to capitalize on opportunities that have significant growth potential.""
Long Blockchain raised eyebrows earlier this year","3D printing technology and artificial intelligence.
That's a lot of pivots for a company that initially focused on beverages!
In a statement yesterday, Long Blockchain said it had changed its name to LongFin Corp and will focus on the emerging technologies of 3D printing and artificial intelligence.
""We believe that LongFin is poised to take advantage of two of the most transformative technologies of our time and become a leader in their adoption across industries,"" said CEO Ratan Nath. ""Our new direction is a result of a thorough review of the market landscape and a determination to capitalize on opportunities that have significant growth potential.""
Long Blockchain raised eyebrows earlier this year","{""do_sample"": true, ""temperature"": 1.0, ""top_p"": 0.95, ""top_k"": 50, ""repetition_penalty"": 1.0, ""max_new_tokens"": 128}"
kgw,3.0,1,1305,71,71,"Noel Gallo, an organ builder who designed a new organ at Xewkija parish church and Paolo Oreni, an international organist ","Noel Gallo, an organ builder who designed a new organ at Xewkija parish church and Paolo Oreni, an international organist  Photo by Vincent Grech
Noel Gallo, an organ builder, and Paolo Oreni, an international organist
Noel Gallo, an organ builder, has designed and installed a new organ at Xewkija parish church. The project has been funded by the parish and supported by the Malta Art Council and the island's Government. Gallo who is a European expert in organ restoration and construction has over 30 years of experience in the field.
Paolo Oreni, an internationally renowned organist, performed at Xewkija parish church for the official opening of the new organ on the 24th May"," Photo by Vincent Grech
Noel Gallo, an organ builder, and Paolo Oreni, an international organist
Noel Gallo, an organ builder, has designed and installed a new organ at Xewkija parish church. The project has been funded by the parish and supported by the Malta Art Council and the island's Government. Gallo who is a European expert in organ restoration and construction has over 30 years of experience in the field.
Paolo Oreni, an internationally renowned organist, performed at Xewkija parish church for the official opening of the new organ on the 24th May","{""do_sample"": true, ""temperature"": 1.0, ""top_p"": 0.95, ""top_k"": 50, ""repetition_penalty"": 1.0, ""max_new_tokens"": 128}"
kgw,3.0,1,1307,73,73,"Meet Google's Robot Army. It's Growing. Google can't stop buying robotics companies. In the past two months, eight of the ","Meet Google's Robot Army. It's Growing. Google can't stop buying robotics companies. In the past two months, eight of the 11 companies it has acquired have gone public. The dealmaking binge has left many in the industry asking: What is Google after, and how will it use its growing robot army?
Google's acquisition of eight robotics companies, announced since late January, includes Boston Dynamics, makers of robots that can jump, climb, and run. It also includes Schaft Inc., a Japanese robotics company known for its humanoid robots.
The spree has expanded Google's roster of robotics firms to nearly a dozen, with some estimates suggesting the company may have more than 200 robotics-related projects in development. Google did not respond to requests to discuss the scope of its robotics","11 companies it has acquired have gone public. The dealmaking binge has left many in the industry asking: What is Google after, and how will it use its growing robot army?
Google's acquisition of eight robotics companies, announced since late January, includes Boston Dynamics, makers of robots that can jump, climb, and run. It also includes Schaft Inc., a Japanese robotics company known for its humanoid robots.
The spree has expanded Google's roster of robotics firms to nearly a dozen, with some estimates suggesting the company may have more than 200 robotics-related projects in development. Google did not respond to requests to discuss the scope of its robotics","{""do_sample"": true, ""temperature"": 1.0, ""top_p"": 0.95, ""top_k"": 50, ""repetition_penalty"": 1.0, ""max_new_tokens"": 128}"
kgw,3.0,1,1309,75,75,"Michael Schumacher - a seven-time Formula One world champion is ""not bedridden or living on tubes"", it has been reported ","Michael Schumacher - a seven-time Formula One world champion is ""not bedridden or living on tubes"", it has been reported 12 months since a skiing accident, the Ferrari legend is continuing to receive treatment.
His wife, Corinna, and the Schumacher family are said to be working closely with the medical professionals treating the former F1 driver, with the aim of helping him to recover and regain some degree of physical function.
However, it has been reported that Schumacher's recovery is an ongoing and long-term process, and that there is still much work to be done before he can make any significant progress.
It's 12 months since the skiing accident near Meribel in the French Alps that left Schumacher in a coma, where he spent","12 months since a skiing accident, the Ferrari legend is continuing to receive treatment.
His wife, Corinna, and the Schumacher family are said to be working closely with the medical professionals treating the former F1 driver, with the aim of helping him to recover and regain some degree of physical function.
However, it has been reported that Schumacher's recovery is an ongoing and long-term process, and that there is still much work to be done before he can make any significant progress.
It's 12 months since the skiing accident near Meribel in the French Alps that left Schumacher in a coma, where he spent","{""do_sample"": true, ""temperature"": 1.0, ""top_p"": 0.95, ""top_k"": 50, ""repetition_penalty"": 1.0, ""max_new_tokens"": 128}"
kgw,3.0,1,1311,77,77,"On April 4, 1975, Bill Gates and Paul Allen founded Microsoft. The small firm used to develop and sell BASIC ","On April 4, 1975, Bill Gates and Paul Allen founded Microsoft. The small firm used to develop and sell BASIC  interpreter, an interpreter that could run on the first commercial personal computer, Altair 8800. During this period, Microsoft worked closely with MITS (Micro Instrumentation and Telemetry Systems), the manufacturers of Altair 8800, to create software that could run on the machine.
Microsoft, at that point, wasn't the name most people would associate with software giant today. Back then, Microsoft was a very small company, almost a startup, and it struggled to gain traction. However, with the help of MITS, the firm got their big break, and it paved the way for their growth and ultimately, their success.

"," interpreter, an interpreter that could run on the first commercial personal computer, Altair 8800. During this period, Microsoft worked closely with MITS (Micro Instrumentation and Telemetry Systems), the manufacturers of Altair 8800, to create software that could run on the machine.
Microsoft, at that point, wasn't the name most people would associate with software giant today. Back then, Microsoft was a very small company, almost a startup, and it struggled to gain traction. However, with the help of MITS, the firm got their big break, and it paved the way for their growth and ultimately, their success.

","{""do_sample"": true, ""temperature"": 1.0, ""top_p"": 0.95, ""top_k"": 50, ""repetition_penalty"": 1.0, ""max_new_tokens"": 128}"
kgw,3.0,1,1313,79,79,John Beilein and the Michigan Wolverines are one win away from a national title. On Saturday the Wolverines knocked off ,"John Beilein and the Michigan Wolverines are one win away from a national title. On Saturday the Wolverines knocked off 9-seed Florida 49-47 in the Elite Eight to advance to their first Final Four since 1993. Beilein, who is known for his tough defensive teams, had to adapt to Florida's quick tempo to get the win.
""I'm so proud of these guys, you know, we knew it was going to be tough,"" Beilein said in an interview after the game. ""We knew Florida was going to press, we knew they were going to try to get out and get easy baskets, but our kids really held strong and were able to make some adjustments to make it work.""
The Wolverines held Florida","9-seed Florida 49-47 in the Elite Eight to advance to their first Final Four since 1993. Beilein, who is known for his tough defensive teams, had to adapt to Florida's quick tempo to get the win.
""I'm so proud of these guys, you know, we knew it was going to be tough,"" Beilein said in an interview after the game. ""We knew Florida was going to press, we knew they were going to try to get out and get easy baskets, but our kids really held strong and were able to make some adjustments to make it work.""
The Wolverines held Florida","{""do_sample"": true, ""temperature"": 1.0, ""top_p"": 0.95, ""top_k"": 50, ""repetition_penalty"": 1.0, ""max_new_tokens"": 128}"
kgw,3.0,1,1315,81,81,Two Democratic state representatives from South Florida said Thursday that they've gathered with 33 colleagues to file paperwork with the ,"Two Democratic state representatives from South Florida said Thursday that they've gathered with 33 colleagues to file paperwork with the 2022 Primary Election filing deadline for the office of Governor.
The group, which included 14 Democrats from Miami-Dade and 19 Democrats from Broward County, said they believe they have a strong chance of defeating Ron DeSantis, a Republican who's seeking re-election.
""We have assembled a diverse group of candidates who will not only provide a viable alternative for voters but also bring a new level of energy and enthusiasm to the primary process,"" said Rep. Richard Stark (D-Weston). ""Our candidates come from all walks of life, and we believe our collective vision for Florida's future will resonate with voters.""
The candidate group includes","2022 Primary Election filing deadline for the office of Governor.
The group, which included 14 Democrats from Miami-Dade and 19 Democrats from Broward County, said they believe they have a strong chance of defeating Ron DeSantis, a Republican who's seeking re-election.
""We have assembled a diverse group of candidates who will not only provide a viable alternative for voters but also bring a new level of energy and enthusiasm to the primary process,"" said Rep. Richard Stark (D-Weston). ""Our candidates come from all walks of life, and we believe our collective vision for Florida's future will resonate with voters.""
The candidate group includes","{""do_sample"": true, ""temperature"": 1.0, ""top_p"": 0.95, ""top_k"": 50, ""repetition_penalty"": 1.0, ""max_new_tokens"": 128}"
kgw,3.0,1,1317,83,83,"Hospitals are seeking ways to reduce readmissions, due to new penalties from Medicare. Demand for qualified professionals in the health ","Hospitals are seeking ways to reduce readmissions, due to new penalties from Medicare. Demand for qualified professionals in the health  care industry has increased, as the Affordable Care Act (ACA) and the shift to value-based  payment models have created a greater need for skilled workers.  The ACA is expected to increase the number of uninsured patients seeking medical  attention at hospitals, which could further exacerbate readmission rates. To address  these challenges, hospitals are looking for professionals who are qualified to coordinate care,  manage patient flow, and improve patient outcomes.
The Institute of Medicine 2010 report, “To Err is Human,” identified the need for a more  collaborative approach to"," care industry has increased, as the Affordable Care Act (ACA) and the shift to value-based  payment models have created a greater need for skilled workers.  The ACA is expected to increase the number of uninsured patients seeking medical  attention at hospitals, which could further exacerbate readmission rates. To address  these challenges, hospitals are looking for professionals who are qualified to coordinate care,  manage patient flow, and improve patient outcomes.
The Institute of Medicine 2010 report, “To Err is Human,” identified the need for a more  collaborative approach to","{""do_sample"": true, ""temperature"": 1.0, ""top_p"": 0.95, ""top_k"": 50, ""repetition_penalty"": 1.0, ""max_new_tokens"": 128}"
kgw,3.0,1,1319,85,85,"OK!'s NYC Fashion Week Blog: Gwen Stefani's L.A.M.B. Can’t make it to NYC for Fashion Week? Don’t worry, OK!’s got ","OK!'s NYC Fashion Week Blog: Gwen Stefani's L.A.M.B. Can’t make it to NYC for Fashion Week? Don’t worry, OK!’s got 411! We’re bringing you...
OK!'s NYC Fashion Week Blog: Anne Hathaway's Dior Anne Hathaway's Dior gown got everyone talking on the red carpet at NYC Fashion Week. OK! got the scoop from the...
OK!'s NYC Fashion Week Blog: Diane Von Furstenberg's Rockstar Goddess Diane von Furstenberg's designs are all about embracing womanhood and empowerment. OK! caught up with the fashion icon backstage...
OK!'s NYC Fashion Week Blog: Christian Siriano's Love of Diversity Christian Siriano is known for his stunning designs and inclusive runways. OK! got the scoop from the designer","411! We’re bringing you...
OK!'s NYC Fashion Week Blog: Anne Hathaway's Dior Anne Hathaway's Dior gown got everyone talking on the red carpet at NYC Fashion Week. OK! got the scoop from the...
OK!'s NYC Fashion Week Blog: Diane Von Furstenberg's Rockstar Goddess Diane von Furstenberg's designs are all about embracing womanhood and empowerment. OK! caught up with the fashion icon backstage...
OK!'s NYC Fashion Week Blog: Christian Siriano's Love of Diversity Christian Siriano is known for his stunning designs and inclusive runways. OK! got the scoop from the designer","{""do_sample"": true, ""temperature"": 1.0, ""top_p"": 0.95, ""top_k"": 50, ""repetition_penalty"": 1.0, ""max_new_tokens"": 128}"
kgw,3.0,1,1321,87,87,"FILE - Guinea security forces, center, face people rioting and burning rubbish and other goods in the streets of Conakry, ","FILE - Guinea security forces, center, face people rioting and burning rubbish and other goods in the streets of Conakry, 24 Oct. 2020. A proposed change to Guinea's constitution could pave the way for military ruler Mamady Doumbouya to extend his rule.
A proposed amendment to Guinea's constitution, which is likely to be put to a vote later this year, has sparked concerns about the potential for President Mamady Doumbouya, the military ruler, to extend his grip on power beyond 2025, the end of his current transitional period.
Doumbouya, 40, came to power in a bloodless coup in September 2021 after accusing then-President Alpha Condé of attempting to change the constitution to prolong his","24 Oct. 2020. A proposed change to Guinea's constitution could pave the way for military ruler Mamady Doumbouya to extend his rule.
A proposed amendment to Guinea's constitution, which is likely to be put to a vote later this year, has sparked concerns about the potential for President Mamady Doumbouya, the military ruler, to extend his grip on power beyond 2025, the end of his current transitional period.
Doumbouya, 40, came to power in a bloodless coup in September 2021 after accusing then-President Alpha Condé of attempting to change the constitution to prolong his","{""do_sample"": true, ""temperature"": 1.0, ""top_p"": 0.95, ""top_k"": 50, ""repetition_penalty"": 1.0, ""max_new_tokens"": 128}"
kgw,3.0,1,1323,89,89,Sunday's college basketball roundup: No. 8 N.C. State women stay unbeaten with rout at U.Va. Do conference hoops tournaments hinder ,"Sunday's college basketball roundup: No. 8 N.C. State women stay unbeaten with rout at U.Va. Do conference hoops tournaments hinder 2nd-round NIT appearances?
Do conference tournaments hinder second-round NIT appearances?
It was a popular thought among some observers before Sunday's games: Would the NCAA conference tournament setup hinder some teams from advancing deeper into the National Invitation Tournament? Read on for some analysis and reactions from around the web.
The NCAA permits automatic bids to conference champions, but each league is allowed to structure its tournaments as it sees fit. Some conferences stage a single-elimination, winner-take-all championship game, while others have a multiple-game bracket. This creates various obstacles for teams seeking a deep NIT run.
Case in point: For some second-round","2nd-round NIT appearances?
Do conference tournaments hinder second-round NIT appearances?
It was a popular thought among some observers before Sunday's games: Would the NCAA conference tournament setup hinder some teams from advancing deeper into the National Invitation Tournament? Read on for some analysis and reactions from around the web.
The NCAA permits automatic bids to conference champions, but each league is allowed to structure its tournaments as it sees fit. Some conferences stage a single-elimination, winner-take-all championship game, while others have a multiple-game bracket. This creates various obstacles for teams seeking a deep NIT run.
Case in point: For some second-round","{""do_sample"": true, ""temperature"": 1.0, ""top_p"": 0.95, ""top_k"": 50, ""repetition_penalty"": 1.0, ""max_new_tokens"": 128}"
kgw,3.0,1,1325,91,91,“All the gold names have been pretty much getting hammered both on the credit side and the equity side for ,"“All the gold names have been pretty much getting hammered both on the credit side and the equity side for 5-6 years,” says Ryan Vlastelica, co-founder and portfolio manager of Wescott Financial Advisory Group. “And we’re seeing this [recent rise in stocks] as a bit of a rebound.” Vlastelica notes that these firms have been “built for value” and were trading at “dirt cheap levels” during much of the last decade, suggesting that the recent price increases may be more of a recovery than a bubble. While he is skeptical about the sustainability of current stock prices in the long term, Vlastelica sees the recent rally as a “return to mean” rather than a speculative bubble","5-6 years,” says Ryan Vlastelica, co-founder and portfolio manager of Wescott Financial Advisory Group. “And we’re seeing this [recent rise in stocks] as a bit of a rebound.” Vlastelica notes that these firms have been “built for value” and were trading at “dirt cheap levels” during much of the last decade, suggesting that the recent price increases may be more of a recovery than a bubble. While he is skeptical about the sustainability of current stock prices in the long term, Vlastelica sees the recent rally as a “return to mean” rather than a speculative bubble","{""do_sample"": true, ""temperature"": 1.0, ""top_p"": 0.95, ""top_k"": 50, ""repetition_penalty"": 1.0, ""max_new_tokens"": 128}"
kgw,3.0,1,1327,93,93,"Customers line up to purchase lottery tickets, Monday, Oct. 22, 2018, at La Preferida Superdiscount store in Hialeah, Fla. For ","Customers line up to purchase lottery tickets, Monday, Oct. 22, 2018, at La Preferida Superdiscount store in Hialeah, Fla. For 13 days, some lucky numbers in Florida have become the biggest jackpot winners in Powerball's history. (AP Photo/Alan Diaz)
The latest Mega Millions and Powerball drawings took place on Tuesday, October 23, and Friday, October 26. Here are the results:
Mega Millions:
* Draw Date: Tuesday, October 23
* Jackpot: $1.6 Billion
* Winning Numbers: 47, 62, 63, 65, 75
* Mega Ball: 5
Powerball:
* Draw Date: Friday, October 26
* Jackpot: $790.5 Million","13 days, some lucky numbers in Florida have become the biggest jackpot winners in Powerball's history. (AP Photo/Alan Diaz)
The latest Mega Millions and Powerball drawings took place on Tuesday, October 23, and Friday, October 26. Here are the results:
Mega Millions:
* Draw Date: Tuesday, October 23
* Jackpot: $1.6 Billion
* Winning Numbers: 47, 62, 63, 65, 75
* Mega Ball: 5
Powerball:
* Draw Date: Friday, October 26
* Jackpot: $790.5 Million","{""do_sample"": true, ""temperature"": 1.0, ""top_p"": 0.95, ""top_k"": 50, ""repetition_penalty"": 1.0, ""max_new_tokens"": 128}"
kgw,3.0,1,1329,95,95,There're no feet like happy feet and these Rechargeable Heated Slippers will ensure your feet are always happy. Just slip ,"There're no feet like happy feet and these Rechargeable Heated Slippers will ensure your feet are always happy. Just slip 1.5 hours at a time into a warm bath of soothing warmth, recharge and repeat as needed. Say goodbye to cold feet and hello to cozy toes! 100-240V, AC, 20W. Batteries Included. One Size Fits Most. Note: These are not waterproof. Avoid exposure to water or wet environments. Colors may vary due to screen settings. Packaging may vary. 1 Year warranty. Made in USA. Free shipping. Order now and keep your feet happy! Please make sure to check your local electrical requirements before ordering. If you have a question, just shoot us an email at [service@co","1.5 hours at a time into a warm bath of soothing warmth, recharge and repeat as needed. Say goodbye to cold feet and hello to cozy toes! 100-240V, AC, 20W. Batteries Included. One Size Fits Most. Note: These are not waterproof. Avoid exposure to water or wet environments. Colors may vary due to screen settings. Packaging may vary. 1 Year warranty. Made in USA. Free shipping. Order now and keep your feet happy! Please make sure to check your local electrical requirements before ordering. If you have a question, just shoot us an email at [service@co","{""do_sample"": true, ""temperature"": 1.0, ""top_p"": 0.95, ""top_k"": 50, ""repetition_penalty"": 1.0, ""max_new_tokens"": 128}"
kgw,3.0,1,1331,97,97,"When Katherine Gotovsky sees a problem, her response is immediate. The gears in her 17-year-old mind start working away, determined ","When Katherine Gotovsky sees a problem, her response is immediate. The gears in her 17-year-old mind start working away, determined 24-hour-a-day to come up with a creative solution.
That’s what got her involved with the 2019 Future Engineers Challenge, an international competition sponsored by NASA and Lockheed Martin. Gotovsky, a junior at Canyon Crest Academy in San Diego, saw the challenge as a way to use her skills as a designer, artist, and tinkerer to create innovative solutions for real-world problems.
Her submission, a design concept for a reusable, modular habitat module for future lunar missions, wowed the judges and earned her a spot as one of three finalists from a field of nearly 100,000 contestants.
In an interview, Gotovsky","24-hour-a-day to come up with a creative solution.
That’s what got her involved with the 2019 Future Engineers Challenge, an international competition sponsored by NASA and Lockheed Martin. Gotovsky, a junior at Canyon Crest Academy in San Diego, saw the challenge as a way to use her skills as a designer, artist, and tinkerer to create innovative solutions for real-world problems.
Her submission, a design concept for a reusable, modular habitat module for future lunar missions, wowed the judges and earned her a spot as one of three finalists from a field of nearly 100,000 contestants.
In an interview, Gotovsky","{""do_sample"": true, ""temperature"": 1.0, ""top_p"": 0.95, ""top_k"": 50, ""repetition_penalty"": 1.0, ""max_new_tokens"": 128}"
kgw,3.0,1,1333,99,99,"A rocket attack by ISIS militants in northern Syria caused symptoms of “chemical gas” in 22 Syrian rebels, state media ","A rocket attack by ISIS militants in northern Syria caused symptoms of “chemical gas” in 22 Syrian rebels, state media  reported.
The attack on a base in the rebel-held town of Atma, in the Aleppo governorate, was carried out by ISIS terrorists using rocket-propelled artillery.
The incident occurred on Tuesday evening, according to reports from the Syrian Observatory for Human Rights, a UK-based monitoring group.
The 22 rebels were suffering symptoms of what appeared to be exposure to chemical gases, but it was not clear what substance or substances had been released, according to the Observatory.
The symptoms reported among the wounded included difficulty breathing, nausea and dizziness, according to state news agency SANA.
The base, known as Brigade 51, was a"," reported.
The attack on a base in the rebel-held town of Atma, in the Aleppo governorate, was carried out by ISIS terrorists using rocket-propelled artillery.
The incident occurred on Tuesday evening, according to reports from the Syrian Observatory for Human Rights, a UK-based monitoring group.
The 22 rebels were suffering symptoms of what appeared to be exposure to chemical gases, but it was not clear what substance or substances had been released, according to the Observatory.
The symptoms reported among the wounded included difficulty breathing, nausea and dizziness, according to state news agency SANA.
The base, known as Brigade 51, was a","{""do_sample"": true, ""temperature"": 1.0, ""top_p"": 0.95, ""top_k"": 50, ""repetition_penalty"": 1.0, ""max_new_tokens"": 128}"
kgw,3.0,1,1335,101,101,And yet the Cardinals are in position to complete a three-game sweep of the Cubs on Sunday night after erasing ,"And yet the Cardinals are in position to complete a three-game sweep of the Cubs on Sunday night after erasing 3-0 deficit in the eighth inning of Game 2. They scored eight runs in the eighth, highlighted by a go-ahead three-run homer by Marcell Ozuna, and went on to a 9-4 win at Wrigley Field.
The Cardinals will be looking to complete their first sweep of the season and move above.500 (13-12). The Cubs, on the other hand, will try to avoid a season-worst four-game skid.
The series finale is set for 6:05 p.m. CST, with the Cubs sending rookie righthander Adbert Alzolay to the mound","3-0 deficit in the eighth inning of Game 2. They scored eight runs in the eighth, highlighted by a go-ahead three-run homer by Marcell Ozuna, and went on to a 9-4 win at Wrigley Field.
The Cardinals will be looking to complete their first sweep of the season and move above.500 (13-12). The Cubs, on the other hand, will try to avoid a season-worst four-game skid.
The series finale is set for 6:05 p.m. CST, with the Cubs sending rookie righthander Adbert Alzolay to the mound","{""do_sample"": true, ""temperature"": 1.0, ""top_p"": 0.95, ""top_k"": 50, ""repetition_penalty"": 1.0, ""max_new_tokens"": 128}"
kgw,3.0,1,1337,103,103,LUCERNE VALLEY — A motorist on Thursday morning found the body of a bicyclist who had been struck by a ,"LUCERNE VALLEY — A motorist on Thursday morning found the body of a bicyclist who had been struck by a 53-year-old man driving a white SUV, authorities said.
The collision occurred just before 8:30 a.m. in the area of Highway 18 and Old Hwy 18, California Highway Patrol Officer Peter Manougian said. The bicyclist, described as a 26-year-old man, was pronounced dead at the scene.
According to the CHP, a white SUV was heading west on Highway 18 when it struck the bicyclist, who was also heading west. Witnesses reported seeing a white SUV leaving the scene.
Lucerne Valley Sheriff’s Station deputies and CHP officers responded to the area and located the victim. The suspect vehicle,","53-year-old man driving a white SUV, authorities said.
The collision occurred just before 8:30 a.m. in the area of Highway 18 and Old Hwy 18, California Highway Patrol Officer Peter Manougian said. The bicyclist, described as a 26-year-old man, was pronounced dead at the scene.
According to the CHP, a white SUV was heading west on Highway 18 when it struck the bicyclist, who was also heading west. Witnesses reported seeing a white SUV leaving the scene.
Lucerne Valley Sheriff’s Station deputies and CHP officers responded to the area and located the victim. The suspect vehicle,","{""do_sample"": true, ""temperature"": 1.0, ""top_p"": 0.95, ""top_k"": 50, ""repetition_penalty"": 1.0, ""max_new_tokens"": 128}"
kgw,3.0,1,1339,105,105,"TOPEKA, Kan. (WIBW) -- With a snowstorm (and possible blizzard) moving, many of us will spend Sunday indoors. And, while ","TOPEKA, Kan. (WIBW) -- With a snowstorm (and possible blizzard) moving, many of us will spend Sunday indoors. And, while 13 News meteorologists will keep you updated on any changes, here's some entertainment options for you to consider.

**Local Movie Theaters** 

A visit to the movie theater is always a great way to spend a snow day. You can check showtimes for your favorite films at:

* AMC Dine-In Franklin Town Centre 14
* Cinemark Movie Theater (Lawrence)
* Carmike Hickory 6 Theatre (Topeka)

**Board Games, Card Games, and Video Games** 

Gather the gang and indulge in some friendly competition. Here are a few options:

* Board games: Monopoly, Scrabble","13 News meteorologists will keep you updated on any changes, here's some entertainment options for you to consider.

**Local Movie Theaters** 

A visit to the movie theater is always a great way to spend a snow day. You can check showtimes for your favorite films at:

* AMC Dine-In Franklin Town Centre 14
* Cinemark Movie Theater (Lawrence)
* Carmike Hickory 6 Theatre (Topeka)

**Board Games, Card Games, and Video Games** 

Gather the gang and indulge in some friendly competition. Here are a few options:

* Board games: Monopoly, Scrabble","{""do_sample"": true, ""temperature"": 1.0, ""top_p"": 0.95, ""top_k"": 50, ""repetition_penalty"": 1.0, ""max_new_tokens"": 128}"
kgw,3.0,1,1341,107,107,"Rockland — Maine-based nonprofit WindowDressers coordinates community volunteers to build affordable, re-usable, interior insulating window inserts that tighten up existing ","Rockland — Maine-based nonprofit WindowDressers coordinates community volunteers to build affordable, re-usable, interior insulating window inserts that tighten up existing 1-by-1-foot windows in Rockland, Maine. WindowDressers has partnered with the City of Rockland to help low-income households save on heating costs and reduce energy consumption.
WindowDressers' program is a unique solution to combat the high costs of energy inefficient windows. The nonprofit has a special patent-pending design that creates a custom-fitted insert for each window, which then needs to be installed by a volunteer team. Volunteers, mostly retirees and seniors, install the inserts during a 2-day workshop.
Since the start in 2005, WindowDressers has produced over 10,000 insulating window","1-by-1-foot windows in Rockland, Maine. WindowDressers has partnered with the City of Rockland to help low-income households save on heating costs and reduce energy consumption.
WindowDressers' program is a unique solution to combat the high costs of energy inefficient windows. The nonprofit has a special patent-pending design that creates a custom-fitted insert for each window, which then needs to be installed by a volunteer team. Volunteers, mostly retirees and seniors, install the inserts during a 2-day workshop.
Since the start in 2005, WindowDressers has produced over 10,000 insulating window","{""do_sample"": true, ""temperature"": 1.0, ""top_p"": 0.95, ""top_k"": 50, ""repetition_penalty"": 1.0, ""max_new_tokens"": 128}"
kgw,3.0,1,1343,109,109,"The Volstead Act was repealed on this date in 1933, returning control of alcohol to the states, and it was ","The Volstead Act was repealed on this date in 1933, returning control of alcohol to the states, and it was 15 months before Prohibition would be officially repealed on December 5, 1933. Prohibition was the 18th Amendment to the US Constitution, and it had been adopted on January 16, 1919 with the goal of “to prohibit the manufacture, sale, and transportation of intoxicating liquors within, the importation thereof into, or the exportation thereof from the United States and all territory subject to the jurisdiction thereof.
The Volstead Act, which enforced Prohibition, was signed into law by President Woodrow Wilson on October 28, 1919. The law defined intoxicating liquors as anything with more","15 months before Prohibition would be officially repealed on December 5, 1933. Prohibition was the 18th Amendment to the US Constitution, and it had been adopted on January 16, 1919 with the goal of “to prohibit the manufacture, sale, and transportation of intoxicating liquors within, the importation thereof into, or the exportation thereof from the United States and all territory subject to the jurisdiction thereof.
The Volstead Act, which enforced Prohibition, was signed into law by President Woodrow Wilson on October 28, 1919. The law defined intoxicating liquors as anything with more","{""do_sample"": true, ""temperature"": 1.0, ""top_p"": 0.95, ""top_k"": 50, ""repetition_penalty"": 1.0, ""max_new_tokens"": 128}"
kgw,3.0,1,1345,111,111,"Ronny Deila blamed a rutted, ploughed Hampden pitch for his side's failure to inflict League Cup embarrassment upon Rangers. Denying ","Ronny Deila blamed a rutted, ploughed Hampden pitch for his side's failure to inflict League Cup embarrassment upon Rangers. Denying 10-man Thistle a place in the last four was a priority for the Hoops boss, but Deila expressed frustration after his team's hard-fought 2-1 win.
""I think the pitch was a big problem for both teams, it was terrible,"" said the Norwegian. ""You don't get many games at this level on pitches like that. It was difficult for us to find our flow, we couldn't play our normal game. We had to adapt to the conditions.
""There were a lot of loose passes, mistakes, because of the state of the pitch. It was frustrating, because I know we can play much better","10-man Thistle a place in the last four was a priority for the Hoops boss, but Deila expressed frustration after his team's hard-fought 2-1 win.
""I think the pitch was a big problem for both teams, it was terrible,"" said the Norwegian. ""You don't get many games at this level on pitches like that. It was difficult for us to find our flow, we couldn't play our normal game. We had to adapt to the conditions.
""There were a lot of loose passes, mistakes, because of the state of the pitch. It was frustrating, because I know we can play much better","{""do_sample"": true, ""temperature"": 1.0, ""top_p"": 0.95, ""top_k"": 50, ""repetition_penalty"": 1.0, ""max_new_tokens"": 128}"
kgw,3.0,1,1347,113,113,Why do CEOs need extravagant perks even when they are firing staff and pleading for taxpayer bailouts? It may just ,"Why do CEOs need extravagant perks even when they are firing staff and pleading for taxpayer bailouts? It may just  be because they think they're worth it. After all, they're ""leaders."" But should we really reward their senseless arrogance by allowing it?
CEOs are paid to lead companies and make strategic decisions, not to waste money. When they waste money on luxuries, they are doing so at the expense of shareholders, employees, and the overall well-being of their companies.
CEOs also have a social responsibility to use their companies for the greater good. By hoarding wealth and not sharing their abundance, CEOs are being short-sighted and selfish. This mindset perpetuates income inequality, economic instability, and social unrest.
In conclusion"," be because they think they're worth it. After all, they're ""leaders."" But should we really reward their senseless arrogance by allowing it?
CEOs are paid to lead companies and make strategic decisions, not to waste money. When they waste money on luxuries, they are doing so at the expense of shareholders, employees, and the overall well-being of their companies.
CEOs also have a social responsibility to use their companies for the greater good. By hoarding wealth and not sharing their abundance, CEOs are being short-sighted and selfish. This mindset perpetuates income inequality, economic instability, and social unrest.
In conclusion","{""do_sample"": true, ""temperature"": 1.0, ""top_p"": 0.95, ""top_k"": 50, ""repetition_penalty"": 1.0, ""max_new_tokens"": 128}"
kgw,3.0,1,1349,115,115,Northeastern International Airways suspended service on all but one of its routes after an unsuccessful attempt to attract passengers with ,"Northeastern International Airways suspended service on all but one of its routes after an unsuccessful attempt to attract passengers with 1960s-inspired branding and retro-themed plane decorations. The airline, based in Michigan, had been marketing its brand around the idea of bringing a retro vibe to air travel, with a logo featuring a stylized jet airliner and the tagline ""Retro-Flying at Its Finest."" The airline also decked out its planes with retro-themed decorations, including vintage-style posters and retro-colored seats. However, the airline has been unable to attract significant passenger numbers, with only a small handful of passengers per flight. The airline's leadership says it will temporarily suspend service on most of its routes while it re-evaluates its marketing and","1960s-inspired branding and retro-themed plane decorations. The airline, based in Michigan, had been marketing its brand around the idea of bringing a retro vibe to air travel, with a logo featuring a stylized jet airliner and the tagline ""Retro-Flying at Its Finest."" The airline also decked out its planes with retro-themed decorations, including vintage-style posters and retro-colored seats. However, the airline has been unable to attract significant passenger numbers, with only a small handful of passengers per flight. The airline's leadership says it will temporarily suspend service on most of its routes while it re-evaluates its marketing and","{""do_sample"": true, ""temperature"": 1.0, ""top_p"": 0.95, ""top_k"": 50, ""repetition_penalty"": 1.0, ""max_new_tokens"": 128}"
kgw,3.0,1,1351,117,117,"DAVIDSON, N.C., Jan. 10, 2019 /PRNewswire/ -- Rocus Networks, a managed cybersecurity service provider for business, announced today that it ","DAVIDSON, N.C., Jan. 10, 2019 /PRNewswire/ -- Rocus Networks, a managed cybersecurity service provider for business, announced today that it  has been recognized as one of the most innovative companies in North Carolina by CBNC's prestigious ""Top Innovators List"" in 2018.

The ""Top Innovators List"" recognizes companies that have developed innovative solutions that impact industries and make a positive impact on society. The award highlights innovative companies that are shaping the future through cutting-edge technology and innovative approaches to solving business challenges.

Rocus Networks is honored to be included among the top innovators in the state of North Carolina. ""We are thrilled to be recognized as a top innovator in North Carolina,"" said Ryan Parker, Co-Founder and Chief Innovation Officer at Rocus Networks."," has been recognized as one of the most innovative companies in North Carolina by CBNC's prestigious ""Top Innovators List"" in 2018.

The ""Top Innovators List"" recognizes companies that have developed innovative solutions that impact industries and make a positive impact on society. The award highlights innovative companies that are shaping the future through cutting-edge technology and innovative approaches to solving business challenges.

Rocus Networks is honored to be included among the top innovators in the state of North Carolina. ""We are thrilled to be recognized as a top innovator in North Carolina,"" said Ryan Parker, Co-Founder and Chief Innovation Officer at Rocus Networks.","{""do_sample"": true, ""temperature"": 1.0, ""top_p"": 0.95, ""top_k"": 50, ""repetition_penalty"": 1.0, ""max_new_tokens"": 128}"
kgw,3.0,1,1353,119,119,McDonald’s jumped 5.3 percent after the world’s biggest fast-food chain by revenue topped analysts’ forecasts for profit and sales. Shares ,"McDonald’s jumped 5.3 percent after the world’s biggest fast-food chain by revenue topped analysts’ forecasts for profit and sales. Shares 4.2 percent higher at an all-time high. Goldman Sachs added the stock to its “conviction buy” list, citing strong growth and a promising business strategy.
McDonald’s stock also rose 0.9 percent after a Bloomberg report cited a 60-day delay in its contract negotiations with China, reducing concerns over the potential impact of tariffs on its operations in the country.
The U.S. Federal Trade Commission (FTC) is requiring Qualcomm Inc. to divest some assets as part of a settlement with the agency. The FTC said the chipmaker violated anti-competitive conduct and stifled competition in the market for modem chip","4.2 percent higher at an all-time high. Goldman Sachs added the stock to its “conviction buy” list, citing strong growth and a promising business strategy.
McDonald’s stock also rose 0.9 percent after a Bloomberg report cited a 60-day delay in its contract negotiations with China, reducing concerns over the potential impact of tariffs on its operations in the country.
The U.S. Federal Trade Commission (FTC) is requiring Qualcomm Inc. to divest some assets as part of a settlement with the agency. The FTC said the chipmaker violated anti-competitive conduct and stifled competition in the market for modem chip","{""do_sample"": true, ""temperature"": 1.0, ""top_p"": 0.95, ""top_k"": 50, ""repetition_penalty"": 1.0, ""max_new_tokens"": 128}"
kgw,3.0,1,1355,121,121,Hull - Where the US goes the UK often follows. This is especially true of negatives. If the US has ,"Hull - Where the US goes the UK often follows. This is especially true of negatives. If the US has 2 million vacant homes it's no surprise that the UK has 700,000 or so.
But while the issues may be similar, the UK's response has been quite different.
In the UK, the focus is on supply side solutions such as increasing new housing construction, reducing planning constraints and encouraging more house building. The 2015 UK Budget introduced a Help to Buy Scheme, backed by government guarantee, aimed at encouraging mortgage lending and helping people buy or rent homes.
The UK's focus on increasing the supply of housing is in stark contrast to the US, where the focus is mainly on regulating the demand side of the housing market, particularly","2 million vacant homes it's no surprise that the UK has 700,000 or so.
But while the issues may be similar, the UK's response has been quite different.
In the UK, the focus is on supply side solutions such as increasing new housing construction, reducing planning constraints and encouraging more house building. The 2015 UK Budget introduced a Help to Buy Scheme, backed by government guarantee, aimed at encouraging mortgage lending and helping people buy or rent homes.
The UK's focus on increasing the supply of housing is in stark contrast to the US, where the focus is mainly on regulating the demand side of the housing market, particularly","{""do_sample"": true, ""temperature"": 1.0, ""top_p"": 0.95, ""top_k"": 50, ""repetition_penalty"": 1.0, ""max_new_tokens"": 128}"
kgw,3.0,1,1357,123,123,"GRANT COUNTY, N.M. - ""Everywhere I go, the kids call me the book lady,"" Dolly Parton said. She may be ","GRANT COUNTY, N.M. - ""Everywhere I go, the kids call me the book lady,"" Dolly Parton said. She may be 71 years old, but her love for literacy still inspires her.
And it's exactly that passion for reading that brought Dolly Parton to the small town of Silver City in southwestern New Mexico. She was the guest of honor at the annual Literary Festival hosted by the Grant County Library.
The country superstar spent her Saturday afternoon reading from her new children's book, 'Coat of Many Colors,' at the Silver City School Auditorium. She signed books and hugged fans in a special meet-and-greet session that followed.
""I'm so proud of the work we've done in the Imagination Library. Now, every month, 1.","71 years old, but her love for literacy still inspires her.
And it's exactly that passion for reading that brought Dolly Parton to the small town of Silver City in southwestern New Mexico. She was the guest of honor at the annual Literary Festival hosted by the Grant County Library.
The country superstar spent her Saturday afternoon reading from her new children's book, 'Coat of Many Colors,' at the Silver City School Auditorium. She signed books and hugged fans in a special meet-and-greet session that followed.
""I'm so proud of the work we've done in the Imagination Library. Now, every month, 1.","{""do_sample"": true, ""temperature"": 1.0, ""top_p"": 0.95, ""top_k"": 50, ""repetition_penalty"": 1.0, ""max_new_tokens"": 128}"
kgw,3.0,1,1359,125,125,"While many restaurants in New York City have close relationships with farmers, and boast unimpeachable farm-to-table ethics, far fewer have ","While many restaurants in New York City have close relationships with farmers, and boast unimpeachable farm-to-table ethics, far fewer have 500 acres of organic farmland and a 20,000-acre sustainable meat program. But Carbone, the retro Italian-American supper club on Greenwich Street, has indeed set the standard for farm-to-table culinary excellence. In fact, Carbone has been lauded as one of the most sustainable restaurants in the country by publications such as Forbes, Bon Appetit, and The New York Times.

Carbone's commitment to sustainability begins long before your plate is presented to you. Chef and owner Mario Carbone prides himself on working closely with the farmers who supply the restaurant, and only selects ingredients that are grown and raised using sustainable methods. This","500 acres of organic farmland and a 20,000-acre sustainable meat program. But Carbone, the retro Italian-American supper club on Greenwich Street, has indeed set the standard for farm-to-table culinary excellence. In fact, Carbone has been lauded as one of the most sustainable restaurants in the country by publications such as Forbes, Bon Appetit, and The New York Times.

Carbone's commitment to sustainability begins long before your plate is presented to you. Chef and owner Mario Carbone prides himself on working closely with the farmers who supply the restaurant, and only selects ingredients that are grown and raised using sustainable methods. This","{""do_sample"": true, ""temperature"": 1.0, ""top_p"": 0.95, ""top_k"": 50, ""repetition_penalty"": 1.0, ""max_new_tokens"": 128}"
kgw,3.0,1,1361,127,127,T-Mobile has just rolled out a service called HotSpot @Homethat allows you to use a WiFi-enabled cell phone to make ,"T-Mobile has just rolled out a service called HotSpot @Homethat allows you to use a WiFi-enabled cell phone to make 3G internet connections at home. This new service is part of T-Mobile's aim to help customers save money by allowing them use a single, highly portable device for all of their internet needs.

With the new service, customers will be able to get internet access at their homes, offices, or anywhere they have a 3G signal, without having to set up a separate internet connection using their computer. This will be particularly useful for those who want to stay connected to the internet from anywhere without having to worry about setting up a separate internet connection.

T-Mobile is offering the HotSpot @Home service for free for a year, with no","3G internet connections at home. This new service is part of T-Mobile's aim to help customers save money by allowing them use a single, highly portable device for all of their internet needs.

With the new service, customers will be able to get internet access at their homes, offices, or anywhere they have a 3G signal, without having to set up a separate internet connection using their computer. This will be particularly useful for those who want to stay connected to the internet from anywhere without having to worry about setting up a separate internet connection.

T-Mobile is offering the HotSpot @Home service for free for a year, with no","{""do_sample"": true, ""temperature"": 1.0, ""top_p"": 0.95, ""top_k"": 50, ""repetition_penalty"": 1.0, ""max_new_tokens"": 128}"
kgw,3.0,1,1363,129,129,"""Oh, you are stuck on homework problem number 13? I found a solution on YouTube. That helped a lot. Just ","""Oh, you are stuck on homework problem number 13? I found a solution on YouTube. That helped a lot. Just 15 minutes and you're good. No need to get stressed about it."" said a classmate.

It seems like many students rely more and more on the internet for help with their homework. While some students use online resources to understand a topic better and improve their learning experience, others might use it as a quick fix to complete their homework.

In recent years, there has been increased awareness of the impact of overusing the internet and digital resources on students' learning. The issue is not just about whether online materials can be useful or not, but more about how to strike a balance between technology use and traditional learning methods.

So, is the","15 minutes and you're good. No need to get stressed about it."" said a classmate.

It seems like many students rely more and more on the internet for help with their homework. While some students use online resources to understand a topic better and improve their learning experience, others might use it as a quick fix to complete their homework.

In recent years, there has been increased awareness of the impact of overusing the internet and digital resources on students' learning. The issue is not just about whether online materials can be useful or not, but more about how to strike a balance between technology use and traditional learning methods.

So, is the","{""do_sample"": true, ""temperature"": 1.0, ""top_p"": 0.95, ""top_k"": 50, ""repetition_penalty"": 1.0, ""max_new_tokens"": 128}"
kgw,3.0,1,1365,131,131,Up to an inch of snow is likely on the Eastern Shore and up into Sussex County Friday afternoon. Below-freezing ,"Up to an inch of snow is likely on the Eastern Shore and up into Sussex County Friday afternoon. Below-freezing  temperatures are also in the forecast through the weekend. You can expect rain to turn into snow late Friday afternoon and evening, with a slight chance of lingering flurries Saturday. Sunday will be mostly sunny and cool, but with temperatures warming slightly.
Weather forecast models are in good agreement on the general track of this winter storm.
The European (Euro) model is indicating that snowfall amounts will be limited on the Delaware River, but increase significantly in the northern part of New Jersey, where up to 2-4 inches could fall.
The GFS (Global Forecast System) model is showing a similar pattern, with the greatest"," temperatures are also in the forecast through the weekend. You can expect rain to turn into snow late Friday afternoon and evening, with a slight chance of lingering flurries Saturday. Sunday will be mostly sunny and cool, but with temperatures warming slightly.
Weather forecast models are in good agreement on the general track of this winter storm.
The European (Euro) model is indicating that snowfall amounts will be limited on the Delaware River, but increase significantly in the northern part of New Jersey, where up to 2-4 inches could fall.
The GFS (Global Forecast System) model is showing a similar pattern, with the greatest","{""do_sample"": true, ""temperature"": 1.0, ""top_p"": 0.95, ""top_k"": 50, ""repetition_penalty"": 1.0, ""max_new_tokens"": 128}"
kgw,3.0,1,1367,133,133,"It’s dense, interesting, weird and funny, but what it’s all wrapped around is another “Chosen One” story that really feels ","It’s dense, interesting, weird and funny, but what it’s all wrapped around is another “Chosen One” story that really feels 50 years old.
– Christopher Orr (The New Republic) on Guillermo del Toro and Chuck Hogan’s novel, “The Strain” [5]
You know, every so often, someone will ask me if I have a list of books I want to read someday. Or if I have a TBR (To Be Read) pile. And the truth is, I don't really. I'm a very impulsive reader, so most of the books I end up reading are the ones that strike my fancy at the moment.
Now, with that in mind, I stumbled upon an article by Christopher Orr (at The New Republic)","50 years old.
– Christopher Orr (The New Republic) on Guillermo del Toro and Chuck Hogan’s novel, “The Strain” [5]
You know, every so often, someone will ask me if I have a list of books I want to read someday. Or if I have a TBR (To Be Read) pile. And the truth is, I don't really. I'm a very impulsive reader, so most of the books I end up reading are the ones that strike my fancy at the moment.
Now, with that in mind, I stumbled upon an article by Christopher Orr (at The New Republic)","{""do_sample"": true, ""temperature"": 1.0, ""top_p"": 0.95, ""top_k"": 50, ""repetition_penalty"": 1.0, ""max_new_tokens"": 128}"
kgw,3.0,1,1369,135,135,"Maddie Hinch and her England team-mates should be proud of their Hockey Women’s World Cup exploits, according to their head ","Maddie Hinch and her England team-mates should be proud of their Hockey Women’s World Cup exploits, according to their head  coach.
Mark Hager praised his side after they suffered a 2-1 penalty shootout defeat to the Netherlands in the World Cup final on Sunday.
England reached the final for the first time in the 44-year history of the tournament and have been hailed as heroes for their efforts.
Hager said: “I think they should be incredibly proud. To get to a World Cup final is an incredible achievement and to take the game against one of the world’s best teams to extra time, penalty shoot-outs – it’s an incredible effort from these 16 players.

“To be able to get to the final and push a team like"," coach.
Mark Hager praised his side after they suffered a 2-1 penalty shootout defeat to the Netherlands in the World Cup final on Sunday.
England reached the final for the first time in the 44-year history of the tournament and have been hailed as heroes for their efforts.
Hager said: “I think they should be incredibly proud. To get to a World Cup final is an incredible achievement and to take the game against one of the world’s best teams to extra time, penalty shoot-outs – it’s an incredible effort from these 16 players.

“To be able to get to the final and push a team like","{""do_sample"": true, ""temperature"": 1.0, ""top_p"": 0.95, ""top_k"": 50, ""repetition_penalty"": 1.0, ""max_new_tokens"": 128}"
kgw,3.0,1,1371,137,137,"Anna C. Christensen has been a supporter of family planning since high school, when she stuffed envelopes as a volunteer ","Anna C. Christensen has been a supporter of family planning since high school, when she stuffed envelopes as a volunteer 4-H representative with the Planned Parenthood affiliate in her home state of Iowa. After pursuing higher education in journalism and women's studies, Christensen moved to the nation's capital to work with organizations that advocate for reproductive health and rights.

In the early 1990s, Christensen joined the staff at the Public Welfare Foundation as a program officer, focusing on reproductive health issues and access to care. She later became the director of grants and research for the National Family Planning & Reproductive Health Association.

Anna Christensen was part of a team at the Ford Foundation that was involved in creating the Population Communication Services Program (PCSP) and the","4-H representative with the Planned Parenthood affiliate in her home state of Iowa. After pursuing higher education in journalism and women's studies, Christensen moved to the nation's capital to work with organizations that advocate for reproductive health and rights.

In the early 1990s, Christensen joined the staff at the Public Welfare Foundation as a program officer, focusing on reproductive health issues and access to care. She later became the director of grants and research for the National Family Planning & Reproductive Health Association.

Anna Christensen was part of a team at the Ford Foundation that was involved in creating the Population Communication Services Program (PCSP) and the","{""do_sample"": true, ""temperature"": 1.0, ""top_p"": 0.95, ""top_k"": 50, ""repetition_penalty"": 1.0, ""max_new_tokens"": 128}"
kgw,3.0,1,1373,139,139,Jesse Winker will undergo season-ending shoulder surgery. He was batting .299 this year with 7 homers and 43 RBI. Throughout ,"Jesse Winker will undergo season-ending shoulder surgery. He was batting.299 this year with 7 homers and 43 RBI. Throughout 133 games for...
Tyler Stephenson will make his MLB debut as the starting catcher for the Cincinnati Reds against the Detroit Tigers. He's a catcher from Cincinnati...
The Cincinnati Reds signed two international free agents: OF Julio Pinto and RHP Carlos Peguero Jr. Pinto is from the Dominican Republic, while...
The Cincinnati Reds called up RHP Luis Cessa to replace the injured Tejay Antone. Cessa will make his debut for the Reds, filling the void left...
The Chicago White Sox have claimed LHP Kyle Crick from the Miami Marlins. Crick, an All-Star closer in 2020 with the Giants","133 games for...
Tyler Stephenson will make his MLB debut as the starting catcher for the Cincinnati Reds against the Detroit Tigers. He's a catcher from Cincinnati...
The Cincinnati Reds signed two international free agents: OF Julio Pinto and RHP Carlos Peguero Jr. Pinto is from the Dominican Republic, while...
The Cincinnati Reds called up RHP Luis Cessa to replace the injured Tejay Antone. Cessa will make his debut for the Reds, filling the void left...
The Chicago White Sox have claimed LHP Kyle Crick from the Miami Marlins. Crick, an All-Star closer in 2020 with the Giants","{""do_sample"": true, ""temperature"": 1.0, ""top_p"": 0.95, ""top_k"": 50, ""repetition_penalty"": 1.0, ""max_new_tokens"": 128}"
kgw,3.0,1,1375,141,141,Combined company will make Chevron second-largest petroleum producer in the world. The combined company will remain far behind Exxon Mobil ,"Combined company will make Chevron second-largest petroleum producer in the world. The combined company will remain far behind Exxon Mobil 3rd in the ranking of revenue.
San Francisco (USA) | Chevron Corp on Wednesday announced that it has agreed to buy Anadarko Petroleum Corp for $ 33.2 billion in cash and shares.
This is one of the biggest oil and gas deals in history, the company will be the second-largest petroleum producer in the world, after Exxon Mobil Corp.
The combined company will have operations in more than 180 countries and will have access to large oil and gas reserves. Anadarko’s assets in Africa, including the Greater Plaza Project, will be a major prize for Chevron.
The transaction, which was announced by Chevron","3rd in the ranking of revenue.
San Francisco (USA) | Chevron Corp on Wednesday announced that it has agreed to buy Anadarko Petroleum Corp for $ 33.2 billion in cash and shares.
This is one of the biggest oil and gas deals in history, the company will be the second-largest petroleum producer in the world, after Exxon Mobil Corp.
The combined company will have operations in more than 180 countries and will have access to large oil and gas reserves. Anadarko’s assets in Africa, including the Greater Plaza Project, will be a major prize for Chevron.
The transaction, which was announced by Chevron","{""do_sample"": true, ""temperature"": 1.0, ""top_p"": 0.95, ""top_k"": 50, ""repetition_penalty"": 1.0, ""max_new_tokens"": 128}"
kgw,3.0,1,1377,143,143,"YOKOHAMA, Japan – Nissan Motor Co. announced it has licensed its Around View Monitor and Moving Object Detection technology, jointly ","YOKOHAMA, Japan – Nissan Motor Co. announced it has licensed its Around View Monitor and Moving Object Detection technology, jointly  developed with its partner, Microvision, Inc. of Redmond, Washington, for use in various automotive, commercial and industrial applications.
The license agreement marks a milestone in the collaboration between Nissan and Microvision, which has been working together since 2011 to commercialize innovative driver assistance technologies. The agreement will allow other companies to incorporate this cutting-edge technology into their own products and solutions.
The licensed technologies, also known as AMOLED-based systems, use advanced technology to enhance driver visibility, navigation and hazard perception. The Around View Monitor system uses a unique, high-resolution monitor integrated into the rearview mirror to display a 360-degree"," developed with its partner, Microvision, Inc. of Redmond, Washington, for use in various automotive, commercial and industrial applications.
The license agreement marks a milestone in the collaboration between Nissan and Microvision, which has been working together since 2011 to commercialize innovative driver assistance technologies. The agreement will allow other companies to incorporate this cutting-edge technology into their own products and solutions.
The licensed technologies, also known as AMOLED-based systems, use advanced technology to enhance driver visibility, navigation and hazard perception. The Around View Monitor system uses a unique, high-resolution monitor integrated into the rearview mirror to display a 360-degree","{""do_sample"": true, ""temperature"": 1.0, ""top_p"": 0.95, ""top_k"": 50, ""repetition_penalty"": 1.0, ""max_new_tokens"": 128}"
kgw,3.0,1,1379,145,145,A concrete slab and 10-foot high block walls with exposed rebar sit behind a chain link fence as an ugly ,"A concrete slab and 10-foot high block walls with exposed rebar sit behind a chain link fence as an ugly 15-acre plot in the middle of Los Angeles. The property, also known as “Site IVE-IV-VI, “has been vacant and unused for decades.
At some point in the future, a private developer plans to build a residential project on the property. In the mean time, the site is slowly returning to nature. Local artists have taken to the space, using it as an impromptu art studio and gallery.
Here are some images of what the 15 acres looks like today, in all its desolation and promise.
Abandoned construction equipment lines the edge of the site. Some of it has been there for years","15-acre plot in the middle of Los Angeles. The property, also known as “Site IVE-IV-VI, “has been vacant and unused for decades.
At some point in the future, a private developer plans to build a residential project on the property. In the mean time, the site is slowly returning to nature. Local artists have taken to the space, using it as an impromptu art studio and gallery.
Here are some images of what the 15 acres looks like today, in all its desolation and promise.
Abandoned construction equipment lines the edge of the site. Some of it has been there for years","{""do_sample"": true, ""temperature"": 1.0, ""top_p"": 0.95, ""top_k"": 50, ""repetition_penalty"": 1.0, ""max_new_tokens"": 128}"
kgw,3.0,1,1381,147,147,It may be noted that Air India's was the only service that plied between Madurai and Mumbai. Some passengers pointed ,"It may be noted that Air India's was the only service that plied between Madurai and Mumbai. Some passengers pointed outhat Air India's flight could be full but SpiceJet and Indigo flights from Madurai airport to other cities were available with plenty of seats vacant....read more
Madurai To Mumbai Flight Details....read more
In a statement to the Times of India, Air India spokesperson said that it is considering to restart its daily non-stop flight services between Madurai and Mumbai from April 1, 2023....read more
According to reports, Air India had suspended its daily non-stop flight service between Madurai and Mumbai due to low demand. Air India is considering restarting the flight service with effect from April 1,","outhat Air India's flight could be full but SpiceJet and Indigo flights from Madurai airport to other cities were available with plenty of seats vacant....read more
Madurai To Mumbai Flight Details....read more
In a statement to the Times of India, Air India spokesperson said that it is considering to restart its daily non-stop flight services between Madurai and Mumbai from April 1, 2023....read more
According to reports, Air India had suspended its daily non-stop flight service between Madurai and Mumbai due to low demand. Air India is considering restarting the flight service with effect from April 1,","{""do_sample"": true, ""temperature"": 1.0, ""top_p"": 0.95, ""top_k"": 50, ""repetition_penalty"": 1.0, ""max_new_tokens"": 128}"
kgw,3.0,1,1383,149,149,"Initiated by Joint Chiefs of Staff Chairman General Nathan Twining and Chief of Naval Operations Admiral Arleigh Burke, and then ","Initiated by Joint Chiefs of Staff Chairman General Nathan Twining and Chief of Naval Operations Admiral Arleigh Burke, and then 1955, and later by President Dwight D. Eisenhower in 1956.
Although the US government and the Department of Defense had already been conducting secret studies of UFO sightings and reports since the 1940s, the official government investigation and study into the subject began with the creation of the US Air Force's Project Blue Book in March 1952.
Project Blue Book was an umbrella under which the USAF would collect and investigate UFO (then called ""Flying Discs"" and later, ""Flying Saucers"") sightings, aiming to identify the objects and their origin.
Between March 1952 and December 1969, over ","1955, and later by President Dwight D. Eisenhower in 1956.
Although the US government and the Department of Defense had already been conducting secret studies of UFO sightings and reports since the 1940s, the official government investigation and study into the subject began with the creation of the US Air Force's Project Blue Book in March 1952.
Project Blue Book was an umbrella under which the USAF would collect and investigate UFO (then called ""Flying Discs"" and later, ""Flying Saucers"") sightings, aiming to identify the objects and their origin.
Between March 1952 and December 1969, over ","{""do_sample"": true, ""temperature"": 1.0, ""top_p"": 0.95, ""top_k"": 50, ""repetition_penalty"": 1.0, ""max_new_tokens"": 128}"
kgw,3.0,1,1385,151,151,"DAVENPORT - Don Skipper, an administrative assistant at Ridge Community High School, was named the school's head boys basketball coach ","DAVENPORT - Don Skipper, an administrative assistant at Ridge Community High School, was named the school's head boys basketball coach 12 years ago.
Since then, he has led the Bolts to three District 12 championships, six district runner-up trophies and seven playoff appearances. Skipper's career record as the Bolts' head coach is 233-121.
This season, Skipper's team is 15-5 overall and has a district-record 11-1 mark in Class 7A-District 6. The Bolts have won their last four games and are in the midst of a nine-game winning streak.
""I think we've got a great group of kids this year,"" Skipper said. ""They work hard and have great chemistry.","12 years ago.
Since then, he has led the Bolts to three District 12 championships, six district runner-up trophies and seven playoff appearances. Skipper's career record as the Bolts' head coach is 233-121.
This season, Skipper's team is 15-5 overall and has a district-record 11-1 mark in Class 7A-District 6. The Bolts have won their last four games and are in the midst of a nine-game winning streak.
""I think we've got a great group of kids this year,"" Skipper said. ""They work hard and have great chemistry.","{""do_sample"": true, ""temperature"": 1.0, ""top_p"": 0.95, ""top_k"": 50, ""repetition_penalty"": 1.0, ""max_new_tokens"": 128}"
kgw,3.0,1,1387,153,153,Still image of Lisa Sharon Harper from YouTube. Pastors and lay leaders who represent minority and multiethnic communities and are ,"Still image of Lisa Sharon Harper from YouTube. Pastors and lay leaders who represent minority and multiethnic communities and are 40+ years old, please complete the following quick survey to help inform our research. Your input will contribute to better serving your communities! https://t.co/GQGJ9h1oVz #MulticulturalMinistries #MissionalResearch [1]
Still image of Lisa Sharon Harper from YouTube. Pastors and lay leaders who represent minority and multiethnic communities and are 40+ years old, please complete the following quick survey to help inform our research. Your input will contribute to better serving your communities! https://t.co/GQGJ9h1oVz #MulticulturalMinistries #Missional","40+ years old, please complete the following quick survey to help inform our research. Your input will contribute to better serving your communities! https://t.co/GQGJ9h1oVz #MulticulturalMinistries #MissionalResearch [1]
Still image of Lisa Sharon Harper from YouTube. Pastors and lay leaders who represent minority and multiethnic communities and are 40+ years old, please complete the following quick survey to help inform our research. Your input will contribute to better serving your communities! https://t.co/GQGJ9h1oVz #MulticulturalMinistries #Missional","{""do_sample"": true, ""temperature"": 1.0, ""top_p"": 0.95, ""top_k"": 50, ""repetition_penalty"": 1.0, ""max_new_tokens"": 128}"
kgw,3.0,1,1389,155,155,"It’s amazing what a difference time can make in the way we perceive certain technologies. A few years ago, the ","It’s amazing what a difference time can make in the way we perceive certain technologies. A few years ago, the 3D printing industry was mostly composed of hobbyists and small-scale makers tinkering with printers and producing simple parts. Today, the industry has grown significantly, with many large companies like Stratasys, 3D Systems, and HP investing heavily in 3D printing technology. So, what’s behind this surge in adoption? In this article, we’ll take a closer look at the current state of the 3D printing industry, its potential, and some exciting developments on the horizon.
The Current State of the Industry
In the past few years, 3D printing has made significant progress in both technology and adoption. Here are","3D printing industry was mostly composed of hobbyists and small-scale makers tinkering with printers and producing simple parts. Today, the industry has grown significantly, with many large companies like Stratasys, 3D Systems, and HP investing heavily in 3D printing technology. So, what’s behind this surge in adoption? In this article, we’ll take a closer look at the current state of the 3D printing industry, its potential, and some exciting developments on the horizon.
The Current State of the Industry
In the past few years, 3D printing has made significant progress in both technology and adoption. Here are","{""do_sample"": true, ""temperature"": 1.0, ""top_p"": 0.95, ""top_k"": 50, ""repetition_penalty"": 1.0, ""max_new_tokens"": 128}"
kgw,3.0,1,1391,157,157,"Boston Marathon Bombing Suspect Enters Not Guilty Pleas In 1st Public Court HearingFor the first plea, Dzhokhar Tsarnaev leaned toward ","Boston Marathon Bombing Suspect Enters Not Guilty Pleas In 1st Public Court HearingFor the first plea, Dzhokhar Tsarnaev leaned toward 27-year-old defense lawyer Judy Clarke.
Boston Marathon Bomber May Face Death Penalty If ConvictedDzhokhar Tsarnaev's attorney says he will likely enter a plea to avoid a trial and to preserve his ability to appeal any conviction.
Judge Sets Timeline For Boston Marathon Bomber CaseA federal judge in Boston has set a schedule for the trial of Boston Marathon bomber Dzhokhar Tsarnaev.
Dzhokhar Tsarnaev's Lawyers Want To Question FBI Agent In Boston Marathon Bombing CaseDefense lawyers for Dzhokhar Tsarnaev are seeking to question FBI agent Daniel Genarro, who was involved in the investigation","27-year-old defense lawyer Judy Clarke.
Boston Marathon Bomber May Face Death Penalty If ConvictedDzhokhar Tsarnaev's attorney says he will likely enter a plea to avoid a trial and to preserve his ability to appeal any conviction.
Judge Sets Timeline For Boston Marathon Bomber CaseA federal judge in Boston has set a schedule for the trial of Boston Marathon bomber Dzhokhar Tsarnaev.
Dzhokhar Tsarnaev's Lawyers Want To Question FBI Agent In Boston Marathon Bombing CaseDefense lawyers for Dzhokhar Tsarnaev are seeking to question FBI agent Daniel Genarro, who was involved in the investigation","{""do_sample"": true, ""temperature"": 1.0, ""top_p"": 0.95, ""top_k"": 50, ""repetition_penalty"": 1.0, ""max_new_tokens"": 128}"
kgw,3.0,1,1393,159,159,"Chee Wei Wong, professor of electrical and computer engineering in the UCLA Samueli School of Engineering, was named a fellow ","Chee Wei Wong, professor of electrical and computer engineering in the UCLA Samueli School of Engineering, was named a fellow  of the Institute of Electrical and Electronics Engineers (IEEE).
Wong was recognized by the IEEE for his technical contributions to the field of power electronics, particularly his work on wide bandgap semiconductor devices and power electronics systems.
Wong earned a Ph.D. in electrical engineering from Stanford University in 1992. He joined the UCLA faculty in 1996 and has since focused on developing new power electronics devices and systems. His research group has made significant advances in areas such as wide bandgap power electronics, power electronic conversion systems and interfaces, and electric power distribution and transmission system.
As an IEEE fellow, Wong is considered one of the top"," of the Institute of Electrical and Electronics Engineers (IEEE).
Wong was recognized by the IEEE for his technical contributions to the field of power electronics, particularly his work on wide bandgap semiconductor devices and power electronics systems.
Wong earned a Ph.D. in electrical engineering from Stanford University in 1992. He joined the UCLA faculty in 1996 and has since focused on developing new power electronics devices and systems. His research group has made significant advances in areas such as wide bandgap power electronics, power electronic conversion systems and interfaces, and electric power distribution and transmission system.
As an IEEE fellow, Wong is considered one of the top","{""do_sample"": true, ""temperature"": 1.0, ""top_p"": 0.95, ""top_k"": 50, ""repetition_penalty"": 1.0, ""max_new_tokens"": 128}"
kgw,3.0,1,1395,161,161,Viewers will not want to miss Friday’s episode of General Hospital. Spoilers tease that everybody will see lots of juicy ,"Viewers will not want to miss Friday’s episode of General Hospital. Spoilers tease that everybody will see lots of juicy  action going down on the show.
According to CelebDirtyLaundry, Friday’s General Hospital episode will be filled with drama, twists and turns. Here’s a sneak peek of what to expect:  Kiki Griffin will continue her desperate search for her mom, Ava. Meanwhile, Hayden will try to stop Kiki’s investigation from exposing the truth.
Sam will be facing a difficult situation as she will be forced to make some tough choices. Her biggest challenge will come when she finds herself in a bind and must decide whether to stick with her current situation or make a dramatic move to change her life.
In the meantime, Valentin"," action going down on the show.
According to CelebDirtyLaundry, Friday’s General Hospital episode will be filled with drama, twists and turns. Here’s a sneak peek of what to expect:  Kiki Griffin will continue her desperate search for her mom, Ava. Meanwhile, Hayden will try to stop Kiki’s investigation from exposing the truth.
Sam will be facing a difficult situation as she will be forced to make some tough choices. Her biggest challenge will come when she finds herself in a bind and must decide whether to stick with her current situation or make a dramatic move to change her life.
In the meantime, Valentin","{""do_sample"": true, ""temperature"": 1.0, ""top_p"": 0.95, ""top_k"": 50, ""repetition_penalty"": 1.0, ""max_new_tokens"": 128}"
kgw,3.0,1,1397,163,163,"Tue., May 29, 2018, 10:20 a.m. CAGUAS, Puerto Rico – At least 4,645 people died as a result of Hurricane ","Tue., May 29, 2018, 10:20 a.m. CAGUAS, Puerto Rico – At least 4,645 people died as a result of Hurricane  Maria, which smashed into Puerto Rico in September last year, a researcher announced Tuesday. The study by George Washington University’s Milken Institute School of Public Health  found that the death toll was much higher than the 64 deaths reported  by the official government count. The researchers said they based their count on a household survey of 3,700 Puerto Rico households, and that they found that many deaths went unreported. The survey asked questions about whether household members died in the year following Hurricane Maria, and about the cause of death. The study found  that an estimated 2,975 deaths were attributed to the hurricane and"," Maria, which smashed into Puerto Rico in September last year, a researcher announced Tuesday. The study by George Washington University’s Milken Institute School of Public Health  found that the death toll was much higher than the 64 deaths reported  by the official government count. The researchers said they based their count on a household survey of 3,700 Puerto Rico households, and that they found that many deaths went unreported. The survey asked questions about whether household members died in the year following Hurricane Maria, and about the cause of death. The study found  that an estimated 2,975 deaths were attributed to the hurricane and","{""do_sample"": true, ""temperature"": 1.0, ""top_p"": 0.95, ""top_k"": 50, ""repetition_penalty"": 1.0, ""max_new_tokens"": 128}"
kgw,3.0,1,1399,165,165,"Kyle Schwarber may be out for the season, but the home run ball he hit during the Cubs-Cardinals National League ","Kyle Schwarber may be out for the season, but the home run ball he hit during the Cubs-Cardinals National League  wild card game last October still lives on through social media.
Schwarber hit a dramatic game-ending home run off Seung Hwan Oh in the bottom of the 10th inning to send the Cubs to the NL Division Series with a 6-4 victory. The moment was immortalized on video and has racked up millions of views on social media.
But what made the video even more special was Schwarber's reaction as he rounded third base. The Cubs' outfielder slammed his glove to the ground, flexed his muscles, and pointed to the dugout in celebration.
The video has been viewed more than 4.5"," wild card game last October still lives on through social media.
Schwarber hit a dramatic game-ending home run off Seung Hwan Oh in the bottom of the 10th inning to send the Cubs to the NL Division Series with a 6-4 victory. The moment was immortalized on video and has racked up millions of views on social media.
But what made the video even more special was Schwarber's reaction as he rounded third base. The Cubs' outfielder slammed his glove to the ground, flexed his muscles, and pointed to the dugout in celebration.
The video has been viewed more than 4.5","{""do_sample"": true, ""temperature"": 1.0, ""top_p"": 0.95, ""top_k"": 50, ""repetition_penalty"": 1.0, ""max_new_tokens"": 128}"
kgw,3.0,1,1401,167,167,Only former Israeli President Shimon Peres could pull off something like organizing a friendly football (soccer) match between Israeli and ,"Only former Israeli President Shimon Peres could pull off something like organizing a friendly football (soccer) match between Israeli and 3 Palestinian teams.
Israel's President, Isaac Herzog, met with Palestinian Authority President Mahmoud Abbas and discussed the situation in the Gaza Strip and ways to promote bilateral relations. But let's focus on something more lighthearted... football.
On Friday, Shimon Peres, former President of Israel, organized a friendly football match between the Israeli national team and three Palestinian teams: Wadi Ara FC from the Jenin governorate in the occupied West Bank, Al-Kholoud Women's Team from the Ramallah governorate and Shabab al-Khader from the Ramallah governorate.
The event, called ""One Game","3 Palestinian teams.
Israel's President, Isaac Herzog, met with Palestinian Authority President Mahmoud Abbas and discussed the situation in the Gaza Strip and ways to promote bilateral relations. But let's focus on something more lighthearted... football.
On Friday, Shimon Peres, former President of Israel, organized a friendly football match between the Israeli national team and three Palestinian teams: Wadi Ara FC from the Jenin governorate in the occupied West Bank, Al-Kholoud Women's Team from the Ramallah governorate and Shabab al-Khader from the Ramallah governorate.
The event, called ""One Game","{""do_sample"": true, ""temperature"": 1.0, ""top_p"": 0.95, ""top_k"": 50, ""repetition_penalty"": 1.0, ""max_new_tokens"": 128}"
kgw,3.0,1,1403,169,169,Katie Price and her new baby return home after holidaying in Europe. Alex Reid has tweeted a message of support ,"Katie Price and her new baby return home after holidaying in Europe. Alex Reid has tweeted a message of support 29/08/2013
Katie Price and her new baby return home after holidaying in Europe. Alex Reid has tweeted a message of support 29/08/2013
Katie Price, 36, has returned from her holiday in Europe with her new baby, Junior Savva Andreas Reid, 2 days after giving birth.
The glamour model left the hospital on Friday and embarked on a family holiday to France, Belgium and Amsterdam. On her return, Katie was spotted carrying her new baby and shopping for baby essentials with her partner Kieran Hayler.
Former cage fighter Alex Reid, who was Katie's ex-husband","29/08/2013
Katie Price and her new baby return home after holidaying in Europe. Alex Reid has tweeted a message of support 29/08/2013
Katie Price, 36, has returned from her holiday in Europe with her new baby, Junior Savva Andreas Reid, 2 days after giving birth.
The glamour model left the hospital on Friday and embarked on a family holiday to France, Belgium and Amsterdam. On her return, Katie was spotted carrying her new baby and shopping for baby essentials with her partner Kieran Hayler.
Former cage fighter Alex Reid, who was Katie's ex-husband","{""do_sample"": true, ""temperature"": 1.0, ""top_p"": 0.95, ""top_k"": 50, ""repetition_penalty"": 1.0, ""max_new_tokens"": 128}"
kgw,3.0,1,1405,171,171,"Stopping nearsightedness in kids and more. This week, Dr. Sydney Spiesel discusses a way to stop the progression of nearsightedness ","Stopping nearsightedness in kids and more. This week, Dr. Sydney Spiesel discusses a way to stop the progression of nearsightedness  (nearsightness) in children, as well as how to address common issues that arise during this critical stage of development.
Stopping Nearsightedness in Kids, And More: Q&A with Dr. Spiesel
Q: Dr. Spiesel, can children who start out with mild nearsightedness stop its progression altogether?
A: That's a great question! Yes, studies have shown that early intervention and treatment can actually help stop nearsightedness, or myopia, from getting worse in children. In one study, children who started wearing specialized contact lenses or underwent atropine eye drops showed no further worsening of"," (nearsightness) in children, as well as how to address common issues that arise during this critical stage of development.
Stopping Nearsightedness in Kids, And More: Q&A with Dr. Spiesel
Q: Dr. Spiesel, can children who start out with mild nearsightedness stop its progression altogether?
A: That's a great question! Yes, studies have shown that early intervention and treatment can actually help stop nearsightedness, or myopia, from getting worse in children. In one study, children who started wearing specialized contact lenses or underwent atropine eye drops showed no further worsening of","{""do_sample"": true, ""temperature"": 1.0, ""top_p"": 0.95, ""top_k"": 50, ""repetition_penalty"": 1.0, ""max_new_tokens"": 128}"
kgw,3.0,1,1407,173,173,"In this Sept. 1, 2014 photo released by the U.S. Geological Survey, fluid lava streams from the June 27 lava ","In this Sept. 1, 2014 photo released by the U.S. Geological Survey, fluid lava streams from the June 27 lava 1st flow, which is burning in the landscape, in Hilo, Hawaii.
The US Geological Survey (USGS) says a slow-moving lava flow in Hawaii's Kilauea volcano is moving towards populated areas, forcing the evacuation of hundreds of people.
The USGS says the lava is flowing from Kilauea volcano's East Rift Zone, which has been erupting since August 2018. The agency warns that the flow could impact nearby communities and infrastructure.
The Hawaii County Civil Defense Agency says the mandatory evacuation order affects areas around the Pahoa town, where authorities have been preparing for months for a possible lava flow","1st flow, which is burning in the landscape, in Hilo, Hawaii.
The US Geological Survey (USGS) says a slow-moving lava flow in Hawaii's Kilauea volcano is moving towards populated areas, forcing the evacuation of hundreds of people.
The USGS says the lava is flowing from Kilauea volcano's East Rift Zone, which has been erupting since August 2018. The agency warns that the flow could impact nearby communities and infrastructure.
The Hawaii County Civil Defense Agency says the mandatory evacuation order affects areas around the Pahoa town, where authorities have been preparing for months for a possible lava flow","{""do_sample"": true, ""temperature"": 1.0, ""top_p"": 0.95, ""top_k"": 50, ""repetition_penalty"": 1.0, ""max_new_tokens"": 128}"
kgw,3.0,1,1409,175,175,The air ambulance was mobilised following reports that a man had fallen on a tree branch and impaled his neck ,"The air ambulance was mobilised following reports that a man had fallen on a tree branch and impaled his neck 6 inches deep.
Paramedics, police and firefighters responded to the emergency call-out, which took place at around 11.30am today in Woodcote, Oxfordshire.
When they arrived, they found the 57-year-old man in a critical condition, with a severe injury to his neck.
Paramedics administered emergency treatment at the scene, before the air ambulance crew arrived and flew him to John Radcliffe Hospital in Oxford.
A helicopter from the Oxford Air Ambulance, along with a paramedic, a pilot and a flight doctor were dispatched to the scene.
""We received a call about a 57-year-old man who had fallen","6 inches deep.
Paramedics, police and firefighters responded to the emergency call-out, which took place at around 11.30am today in Woodcote, Oxfordshire.
When they arrived, they found the 57-year-old man in a critical condition, with a severe injury to his neck.
Paramedics administered emergency treatment at the scene, before the air ambulance crew arrived and flew him to John Radcliffe Hospital in Oxford.
A helicopter from the Oxford Air Ambulance, along with a paramedic, a pilot and a flight doctor were dispatched to the scene.
""We received a call about a 57-year-old man who had fallen","{""do_sample"": true, ""temperature"": 1.0, ""top_p"": 0.95, ""top_k"": 50, ""repetition_penalty"": 1.0, ""max_new_tokens"": 128}"
kgw,3.0,1,1411,177,177,The University of Maryland President Wallace Loh. University of Maryland President Wallace Loh stood before reporters Aug. 14 and apologized ,"The University of Maryland President Wallace Loh. University of Maryland President Wallace Loh stood before reporters Aug. 14 and apologized  for his role in the decision to invite former President Richard Trumka of the AFL-CIO to campus, only to cancel the event at the last minute amid a controversy about his labor lawbreaking record. The event, which was to be held Aug. 12, was intended to promote a college course that would allow students to earn college credits while working on a project with the AFL-CIO. President Loh said the decision to invite Mr. Trumka was a mistake, ""and we are truly sorry."" He also announced that the university would re-evaluate the Labor and Worklife course and ensure that it aligns with"," for his role in the decision to invite former President Richard Trumka of the AFL-CIO to campus, only to cancel the event at the last minute amid a controversy about his labor lawbreaking record. The event, which was to be held Aug. 12, was intended to promote a college course that would allow students to earn college credits while working on a project with the AFL-CIO. President Loh said the decision to invite Mr. Trumka was a mistake, ""and we are truly sorry."" He also announced that the university would re-evaluate the Labor and Worklife course and ensure that it aligns with","{""do_sample"": true, ""temperature"": 1.0, ""top_p"": 0.95, ""top_k"": 50, ""repetition_penalty"": 1.0, ""max_new_tokens"": 128}"
kgw,3.0,1,1413,179,179,"in French). Nov. 19 at 3:30: ""Walkabout"" (1971, Nicolas Roeg). Nov. 20 at 1 and Nov. 22 at 4:40: ""Mean ","in French). Nov. 19 at 3:30: ""Walkabout"" (1971, Nicolas Roeg). Nov. 20 at 1 and Nov. 22 at 4:40: ""Mean 15"" (1997, Isaac Julien).
The museum will continue to showcase the films through Jan. 16, 1999.
For the second consecutive year, the Institute of Contemporary Art has selected the French Institute Alliance Francaise for the presentation of its summer film series in New York City. Last year's event attracted an audience of over 15,000.
The films will be screened at the FIAF, located at 22 E. 60th St. For further information, please call (212) 758-3800. The FIAF is an international center dedicated to promoting understanding and cultural exchange between the","15"" (1997, Isaac Julien).
The museum will continue to showcase the films through Jan. 16, 1999.
For the second consecutive year, the Institute of Contemporary Art has selected the French Institute Alliance Francaise for the presentation of its summer film series in New York City. Last year's event attracted an audience of over 15,000.
The films will be screened at the FIAF, located at 22 E. 60th St. For further information, please call (212) 758-3800. The FIAF is an international center dedicated to promoting understanding and cultural exchange between the","{""do_sample"": true, ""temperature"": 1.0, ""top_p"": 0.95, ""top_k"": 50, ""repetition_penalty"": 1.0, ""max_new_tokens"": 128}"
kgw,3.0,1,1415,181,181,(Reuters) - U.S. ride services firm Lyft Inc is in talks with an advisor for a targeted March or April ,"(Reuters) - U.S. ride services firm Lyft Inc is in talks with an advisor for a targeted March or April 2023 stock market listing, sources close to the matter said on Friday, as the company seeks to speed up its growth plans.
The listing is expected to be an initial public offering (IPO), with Lyft likely seeking to raise around $1 billion to help fund its expansion plans, including its efforts to become more competitive in the self-driving car market, the sources said.
The IPO planning follows Lyft's August announcement that it would invest $1 billion in India, where it faces intense competition from local players like Ola and Uber Technologies Inc.
Lyft has also been investing heavily in its self-driving car unit, which is working on developing","2023 stock market listing, sources close to the matter said on Friday, as the company seeks to speed up its growth plans.
The listing is expected to be an initial public offering (IPO), with Lyft likely seeking to raise around $1 billion to help fund its expansion plans, including its efforts to become more competitive in the self-driving car market, the sources said.
The IPO planning follows Lyft's August announcement that it would invest $1 billion in India, where it faces intense competition from local players like Ola and Uber Technologies Inc.
Lyft has also been investing heavily in its self-driving car unit, which is working on developing","{""do_sample"": true, ""temperature"": 1.0, ""top_p"": 0.95, ""top_k"": 50, ""repetition_penalty"": 1.0, ""max_new_tokens"": 128}"
kgw,3.0,1,1417,183,183,Advocates for government accountability were alarmed to learn Gov. Jared Polis was undecided on whether to veto a bill to ,"Advocates for government accountability were alarmed to learn Gov. Jared Polis was undecided on whether to veto a bill to 911 calls in Colorado and provide funding for the emergency response system.
Polis’ decision on House Bill 1301, which cleared the General Assembly last month, has left many in the public health and safety community scrambling to make their voices heard before a potential veto pen could erase their hard work.
That decision could potentially delay the transition to a more efficient and reliable 911 system for Colorado residents, who currently face inconsistencies in how they can access emergency services in various parts of the state.
Critics of the bill have raised concerns about the financial impact of its passage, citing potential increased taxes or costs to jurisdictions that currently maintain their own 911","911 calls in Colorado and provide funding for the emergency response system.
Polis’ decision on House Bill 1301, which cleared the General Assembly last month, has left many in the public health and safety community scrambling to make their voices heard before a potential veto pen could erase their hard work.
That decision could potentially delay the transition to a more efficient and reliable 911 system for Colorado residents, who currently face inconsistencies in how they can access emergency services in various parts of the state.
Critics of the bill have raised concerns about the financial impact of its passage, citing potential increased taxes or costs to jurisdictions that currently maintain their own 911","{""do_sample"": true, ""temperature"": 1.0, ""top_p"": 0.95, ""top_k"": 50, ""repetition_penalty"": 1.0, ""max_new_tokens"": 128}"
kgw,3.0,1,1419,185,185,"MADRID: As Cristiano Ronaldo enjoyed his time off at the French Riviera, his Portugal team-mates were busy handing Italy another ","MADRID: As Cristiano Ronaldo enjoyed his time off at the French Riviera, his Portugal team-mates were busy handing Italy another 4-0 thrashing in the Nations League.
A goal apiece from Joao Félix, Cristiano Ronaldo’s replacement, Ruben Neves, Bernardo Silva, and a late penalty from Gonçalo Guedes sealed the convincing win in the Nations League semi-final on June 6.
The Portuguese squad went into a party mode after their impressive victory and some of the players could not help but tease Ronaldo, who had skipped the match to holiday with family and friends after his domestic campaign in Italy.
Ruben Dias, the Portuguese goalkeepers, posted a photo of his team celebrating the win on Instagram and captioned it: “","4-0 thrashing in the Nations League.
A goal apiece from Joao Félix, Cristiano Ronaldo’s replacement, Ruben Neves, Bernardo Silva, and a late penalty from Gonçalo Guedes sealed the convincing win in the Nations League semi-final on June 6.
The Portuguese squad went into a party mode after their impressive victory and some of the players could not help but tease Ronaldo, who had skipped the match to holiday with family and friends after his domestic campaign in Italy.
Ruben Dias, the Portuguese goalkeepers, posted a photo of his team celebrating the win on Instagram and captioned it: “","{""do_sample"": true, ""temperature"": 1.0, ""top_p"": 0.95, ""top_k"": 50, ""repetition_penalty"": 1.0, ""max_new_tokens"": 128}"
kgw,3.0,1,1421,187,187,"Florida Institute of Technology quarterback Brandon Ziarno. MELBOURNE, Fla. - Florida Institute of Technology quarterback Brandon Ziarno was arrested Friday ","Florida Institute of Technology quarterback Brandon Ziarno. MELBOURNE, Fla. - Florida Institute of Technology quarterback Brandon Ziarno was arrested Friday  on a domestic battery charge in Brevard County, according to the Florida Institute of Technology Police Department.
The 23-year-old player is accused of pushing and hitting his live-in girlfriend at their Melbourne apartment on Friday morning.
Police were called to the scene around 9:30 a.m. and arrested Ziarno after he allegedly resisted and refused to cooperate with them.
He was charged with domestic battery and booked into the Brevard County Jail. His bond is set at $2,000.
Ziarno has played for the Florida Tech Panthers since 2012 and has been the team's starting quarterback for most of"," on a domestic battery charge in Brevard County, according to the Florida Institute of Technology Police Department.
The 23-year-old player is accused of pushing and hitting his live-in girlfriend at their Melbourne apartment on Friday morning.
Police were called to the scene around 9:30 a.m. and arrested Ziarno after he allegedly resisted and refused to cooperate with them.
He was charged with domestic battery and booked into the Brevard County Jail. His bond is set at $2,000.
Ziarno has played for the Florida Tech Panthers since 2012 and has been the team's starting quarterback for most of","{""do_sample"": true, ""temperature"": 1.0, ""top_p"": 0.95, ""top_k"": 50, ""repetition_penalty"": 1.0, ""max_new_tokens"": 128}"
kgw,3.0,1,1423,189,189,Runaway Entertainment is looking for an experienced Associate General Manager to work across all their productions. Runaway Entertainment Ltd is ,"Runaway Entertainment is looking for an experienced Associate General Manager to work across all their productions. Runaway Entertainment Ltd is 2 x BAFTA award winning TV production and distribution company with offices in Bristol and Leeds.
The ideal candidate will be an experienced Production Co-ordinator, Production Manager or Associate General Manager who is well-organized, highly motivated and has excellent communication and team management skills.
Previous experience of working on TV drama or documentary production, preferably with experience of working on large scale or complex productions.
Ability to work closely with the Production Management team, Producers, Directors and other department heads to ensure effective communication and efficient delivery of productions.
Experienced at managing budgets, Schedules, and delivery of multiple productions simultaneously, with attention to detail and ability to problem","2 x BAFTA award winning TV production and distribution company with offices in Bristol and Leeds.
The ideal candidate will be an experienced Production Co-ordinator, Production Manager or Associate General Manager who is well-organized, highly motivated and has excellent communication and team management skills.
Previous experience of working on TV drama or documentary production, preferably with experience of working on large scale or complex productions.
Ability to work closely with the Production Management team, Producers, Directors and other department heads to ensure effective communication and efficient delivery of productions.
Experienced at managing budgets, Schedules, and delivery of multiple productions simultaneously, with attention to detail and ability to problem","{""do_sample"": true, ""temperature"": 1.0, ""top_p"": 0.95, ""top_k"": 50, ""repetition_penalty"": 1.0, ""max_new_tokens"": 128}"
kgw,3.0,1,1425,191,191,The New York Times on Thursday printed a special section featuring portraits of nearly every member of the record number ,"The New York Times on Thursday printed a special section featuring portraits of nearly every member of the record number 116th Congress. The portraits were taken at the historic Hart Building by photographer Andrea Schneider and include over 500 members of Congress, along with several senators and congressional delegates. The portraits will be showcased in the Times’ offices and newsroom for the next two years.
Each of the 500+ portraits is accompanied by a name, title, and a brief biographical description in the newspaper's print edition. They can also be found online, where you can browse through the entire gallery. The project, which took over two years to complete, was the brainchild of The New York Times’ Editor-in-Chief, Dean Baquet.
The","116th Congress. The portraits were taken at the historic Hart Building by photographer Andrea Schneider and include over 500 members of Congress, along with several senators and congressional delegates. The portraits will be showcased in the Times’ offices and newsroom for the next two years.
Each of the 500+ portraits is accompanied by a name, title, and a brief biographical description in the newspaper's print edition. They can also be found online, where you can browse through the entire gallery. The project, which took over two years to complete, was the brainchild of The New York Times’ Editor-in-Chief, Dean Baquet.
The","{""do_sample"": true, ""temperature"": 1.0, ""top_p"": 0.95, ""top_k"": 50, ""repetition_penalty"": 1.0, ""max_new_tokens"": 128}"
kgw,3.0,1,1427,193,193,"Equipped with their own factory, they make different kinds of outstanding fish cake. Fish cake in Busan is the most ","Equipped with their own factory, they make different kinds of outstanding fish cake. Fish cake in Busan is the most 2015.12.13. There are many types of fish cake that people buy at Busan market. Fish Cake 10,000th Anniversary Anniversary 2007 ""I didn't know that fish cakes could be made in so Many types of Korean fish cakes, and all of them are delicious! Busan market offers many fish cakes in variety of shapes, sizes and flavors. - See 10 traveler reviews, 11 photos, and great deals for Busan, South Korea, at TripAdvisor. In Busan, a seafood capital of Korea, fish cakes are a must-try snack. Busan has a variety of fish cakes","2015.12.13. There are many types of fish cake that people buy at Busan market. Fish Cake 10,000th Anniversary Anniversary 2007 ""I didn't know that fish cakes could be made in so Many types of Korean fish cakes, and all of them are delicious! Busan market offers many fish cakes in variety of shapes, sizes and flavors. - See 10 traveler reviews, 11 photos, and great deals for Busan, South Korea, at TripAdvisor. In Busan, a seafood capital of Korea, fish cakes are a must-try snack. Busan has a variety of fish cakes","{""do_sample"": true, ""temperature"": 1.0, ""top_p"": 0.95, ""top_k"": 50, ""repetition_penalty"": 1.0, ""max_new_tokens"": 128}"
kgw,3.0,1,1429,195,195,An Alsip police officer seriously wounded a man in an on-duty shooting early Wednesday after tracking a Cadillac suspected of ,"An Alsip police officer seriously wounded a man in an on-duty shooting early Wednesday after tracking a Cadillac suspected of 16 robberies, authorities said.
The man shot, who was taken to Christ Medical Center in Oak Lawn and listed in critical condition, was identified as 35-year-old Ricardo F. Delgado Jr. He is accused of resisting arrest after the officer chased him on foot.
Alsip police Chief Brian Hackney said officers had been tracking the black Cadillac, which was reported stolen in Bolingbrook, since Tuesday evening. Early Wednesday, they spotted the vehicle on West 159th Street and began pursuing it.
At around 1:15 a.m., the driver, later identified as Delgado Jr., bailed out of the car near","16 robberies, authorities said.
The man shot, who was taken to Christ Medical Center in Oak Lawn and listed in critical condition, was identified as 35-year-old Ricardo F. Delgado Jr. He is accused of resisting arrest after the officer chased him on foot.
Alsip police Chief Brian Hackney said officers had been tracking the black Cadillac, which was reported stolen in Bolingbrook, since Tuesday evening. Early Wednesday, they spotted the vehicle on West 159th Street and began pursuing it.
At around 1:15 a.m., the driver, later identified as Delgado Jr., bailed out of the car near","{""do_sample"": true, ""temperature"": 1.0, ""top_p"": 0.95, ""top_k"": 50, ""repetition_penalty"": 1.0, ""max_new_tokens"": 128}"
kgw,3.0,1,1431,197,197,"If you would like to support the Down Syndrome Association of West Michigan's campaign of kindness, you may visit the ","If you would like to support the Down Syndrome Association of West Michigan's campaign of kindness, you may visit the 50/50 raffle. The winner will receive 50% of the proceeds!
Be sure to keep an eye out for the prize packages and other fun activities happening throughout the day. We're grateful for your presence at this event and we hope you have a wonderful time.
The Down Syndrome Association of West Michigan is grateful for your continued support. This annual event would not be possible without your help. Thank you for your dedication and enthusiasm.
There will be activities for kids and adults alike, such as craft stations, a children's play zone, live music performances, and more! You won't want to miss the silent auction, where you","50/50 raffle. The winner will receive 50% of the proceeds!
Be sure to keep an eye out for the prize packages and other fun activities happening throughout the day. We're grateful for your presence at this event and we hope you have a wonderful time.
The Down Syndrome Association of West Michigan is grateful for your continued support. This annual event would not be possible without your help. Thank you for your dedication and enthusiasm.
There will be activities for kids and adults alike, such as craft stations, a children's play zone, live music performances, and more! You won't want to miss the silent auction, where you","{""do_sample"": true, ""temperature"": 1.0, ""top_p"": 0.95, ""top_k"": 50, ""repetition_penalty"": 1.0, ""max_new_tokens"": 128}"
kgw,3.0,1,1433,199,199,Jan. 22 will be here before agencies know it. So will Feb. 6. Here’s betting that even April 16 will ,"Jan. 22 will be here before agencies know it. So will Feb. 6. Here’s betting that even April 16 will  come all too quickly. And then...
Those are the deadlines for the submissions, respectively, of applications for federal funding under the Americans with Disabilities Act (ADA) Transition Plan, Section 504 Self-Evaluation, and the Section 508 Standards of the Rehabilitation Act.

Will your organization be ready to submit on time? Have you even started yet? I hope you have a plan and a dedicated team working on it. As you begin the submissions process, don't forget that each document requires extensive review, revision and editing to ensure accuracy and compliance.

Here's why these deadlines are important: Federal funding under these regulations will likely depend on"," come all too quickly. And then...
Those are the deadlines for the submissions, respectively, of applications for federal funding under the Americans with Disabilities Act (ADA) Transition Plan, Section 504 Self-Evaluation, and the Section 508 Standards of the Rehabilitation Act.

Will your organization be ready to submit on time? Have you even started yet? I hope you have a plan and a dedicated team working on it. As you begin the submissions process, don't forget that each document requires extensive review, revision and editing to ensure accuracy and compliance.

Here's why these deadlines are important: Federal funding under these regulations will likely depend on","{""do_sample"": true, ""temperature"": 1.0, ""top_p"": 0.95, ""top_k"": 50, ""repetition_penalty"": 1.0, ""max_new_tokens"": 128}"
