algo,delta,device,seed,prompt_index,prompt_id,prompt_text,full_text,continuation_text,gen_params_json
kgw,2.0,1,1235,1,1,"""Whoever gets him, they'll be getting a good one,"" David Montgomery said. INDIANAPOLIS — Hakeem Butler has been surrounded by ","""Whoever gets him, they'll be getting a good one,"" David Montgomery said. INDIANAPOLIS — Hakeem Butler has been surrounded by 12 men in jerseys almost as much as he has seen the inside of an opponent's secondary this season. Indiana State's sophomore wide receiver has been one of the most targeted players in the country, drawing double teams and extra attention from defenses in every game. Despite that, he's had a monster season with 75 receptions for 1,268 yards and nine touchdowns. Montgomery, a former...
Tags: News : Butler Hakeem : Butler State Indiana : Montgomery David
Indianapolis 500: Helio Castroneves becomes oldest winner with fourth Indy 500 victory
Helio Castroneves became the oldest winner in Indianapolis","12 men in jerseys almost as much as he has seen the inside of an opponent's secondary this season. Indiana State's sophomore wide receiver has been one of the most targeted players in the country, drawing double teams and extra attention from defenses in every game. Despite that, he's had a monster season with 75 receptions for 1,268 yards and nine touchdowns. Montgomery, a former...
Tags: News : Butler Hakeem : Butler State Indiana : Montgomery David
Indianapolis 500: Helio Castroneves becomes oldest winner with fourth Indy 500 victory
Helio Castroneves became the oldest winner in Indianapolis","{""do_sample"": true, ""temperature"": 1.0, ""top_p"": 0.95, ""top_k"": 50, ""repetition_penalty"": 1.0, ""max_new_tokens"": 128}"
kgw,2.0,1,1237,3,3,The Arlington County Board plans to vote Saturday afternoon on giving Amazon $23 million and other incentives to build a ,"The Arlington County Board plans to vote Saturday afternoon on giving Amazon $23 million and other incentives to build a 1 million-square-foot fulfillment center in Arlington. Here are the details of the proposal:

* The county will give Amazon a cash grant of $10 million, and another $13 million in infrastructure improvements. The infrastructure improvements will include expanding the intersection of Route 110 and Fairfax County Parkway to accommodate increased traffic.
* The incentives are expected to create 1,000 temporary construction jobs and up to 1,400 permanent jobs at the center.
* The county estimates the center will generate an additional $2.5 million in annual tax revenue, which will help to offset the costs of the incentives.
* The county's Economic Development Director, Victor","1 million-square-foot fulfillment center in Arlington. Here are the details of the proposal:

* The county will give Amazon a cash grant of $10 million, and another $13 million in infrastructure improvements. The infrastructure improvements will include expanding the intersection of Route 110 and Fairfax County Parkway to accommodate increased traffic.
* The incentives are expected to create 1,000 temporary construction jobs and up to 1,400 permanent jobs at the center.
* The county estimates the center will generate an additional $2.5 million in annual tax revenue, which will help to offset the costs of the incentives.
* The county's Economic Development Director, Victor","{""do_sample"": true, ""temperature"": 1.0, ""top_p"": 0.95, ""top_k"": 50, ""repetition_penalty"": 1.0, ""max_new_tokens"": 128}"
kgw,2.0,1,1239,5,5,The Hawaii man who was fired after issuing the false ballistic missile alert in mid-January told reporters Friday that he ,"The Hawaii man who was fired after issuing the false ballistic missile alert in mid-January told reporters Friday that he  is  ""sincerely sorry"" and ""accepts full responsibility"" for the incident.
""We knew immediately that something was wrong, and we should have been more thorough,"" said Lenny Chang, the emergency management worker who was responsible for issuing the alert. ""I take full responsibility, I apologize sincerely, and I accept whatever consequences come my way.""
Chang and his supervisor, Vern Miyagi, were both fired last week after an investigation by the state's Emergency Management Agency found that they had failed to follow proper protocols in issuing the alert.
The incident caused widespread panic on the islands and raised concerns about the reliability of the state's"," is  ""sincerely sorry"" and ""accepts full responsibility"" for the incident.
""We knew immediately that something was wrong, and we should have been more thorough,"" said Lenny Chang, the emergency management worker who was responsible for issuing the alert. ""I take full responsibility, I apologize sincerely, and I accept whatever consequences come my way.""
Chang and his supervisor, Vern Miyagi, were both fired last week after an investigation by the state's Emergency Management Agency found that they had failed to follow proper protocols in issuing the alert.
The incident caused widespread panic on the islands and raised concerns about the reliability of the state's","{""do_sample"": true, ""temperature"": 1.0, ""top_p"": 0.95, ""top_k"": 50, ""repetition_penalty"": 1.0, ""max_new_tokens"": 128}"
kgw,2.0,1,1241,7,7,"A version of this article appeared in the print edition of The Daily Star on July 12, 2018, on page ","A version of this article appeared in the print edition of The Daily Star on July 12, 2018, on page 8.
The Lebanese government has signed a deal with a Turkish company to establish a power station in Tripoli's northern suburbs, the state-run National News Agency (NNA) reported yesterday.
The new power station, set to be built in the area of Jdaideh, is expected to increase the city's electricity generation capacity, according to the NNA.
Under the agreement, Turkish company Kalyon will invest in the construction and operation of the power station, with the Lebanese government providing the necessary land and infrastructure support.
The deal is part of the Lebanese government's efforts to improve the country's electricity sector, which has been plagued","8.
The Lebanese government has signed a deal with a Turkish company to establish a power station in Tripoli's northern suburbs, the state-run National News Agency (NNA) reported yesterday.
The new power station, set to be built in the area of Jdaideh, is expected to increase the city's electricity generation capacity, according to the NNA.
Under the agreement, Turkish company Kalyon will invest in the construction and operation of the power station, with the Lebanese government providing the necessary land and infrastructure support.
The deal is part of the Lebanese government's efforts to improve the country's electricity sector, which has been plagued","{""do_sample"": true, ""temperature"": 1.0, ""top_p"": 0.95, ""top_k"": 50, ""repetition_penalty"": 1.0, ""max_new_tokens"": 128}"
kgw,2.0,1,1243,9,9,"After Kevin’s horrific leg injury, everyone is asking: will he ever play basketball again? Dr. Glashow, co-chief of sports medicine ","After Kevin’s horrific leg injury, everyone is asking: will he ever play basketball again? Dr. Glashow, co-chief of sports medicine 2, is the expert who can offer hope. Will his injury be a career-ending setback, or can he make a miraculous recovery?
Meanwhile, the drama between Coach Ericson and his players continues to escalate, with even more surprising revelations about the team. As the pressure to perform on and off the court mounts, alliances begin to form and old friendships are put to the test.
As tensions rise, secrets are spilled, and relationships are put to the test. Will Kevin find the courage to confront his injuries, and will the team come together to support him, or will the season end in disaster? You won’t want to miss the thrilling","2, is the expert who can offer hope. Will his injury be a career-ending setback, or can he make a miraculous recovery?
Meanwhile, the drama between Coach Ericson and his players continues to escalate, with even more surprising revelations about the team. As the pressure to perform on and off the court mounts, alliances begin to form and old friendships are put to the test.
As tensions rise, secrets are spilled, and relationships are put to the test. Will Kevin find the courage to confront his injuries, and will the team come together to support him, or will the season end in disaster? You won’t want to miss the thrilling","{""do_sample"": true, ""temperature"": 1.0, ""top_p"": 0.95, ""top_k"": 50, ""repetition_penalty"": 1.0, ""max_new_tokens"": 128}"
kgw,2.0,1,1245,11,11,University of Utah track and field athlete Lauren McCluskey was found shot dead Monday night in the backseat of a ,"University of Utah track and field athlete Lauren McCluskey was found shot dead Monday night in the backseat of a 2014 Chevrolet Impala parked on campus.
Lauren McCluskey, a University of Utah track and field athlete, was found shot dead Monday night in the backseat of a 2014 Chevrolet Impala parked on campus.
McCluskey, 21, was a senior majoring in communication and a native of Idaho Falls, Idaho. She was a successful track and field athlete who had been a team captain for the Utes.
The Salt Lake City Police Department responded to a call about a disturbance at 8:20 p.m. Monday night and found McCluskey's body in the parked car. She had been shot","2014 Chevrolet Impala parked on campus.
Lauren McCluskey, a University of Utah track and field athlete, was found shot dead Monday night in the backseat of a 2014 Chevrolet Impala parked on campus.
McCluskey, 21, was a senior majoring in communication and a native of Idaho Falls, Idaho. She was a successful track and field athlete who had been a team captain for the Utes.
The Salt Lake City Police Department responded to a call about a disturbance at 8:20 p.m. Monday night and found McCluskey's body in the parked car. She had been shot","{""do_sample"": true, ""temperature"": 1.0, ""top_p"": 0.95, ""top_k"": 50, ""repetition_penalty"": 1.0, ""max_new_tokens"": 128}"
kgw,2.0,1,1247,13,13,"The location of the July 15, 2002 flare is shown at left. The other panels compare the scale of Earth ","The location of the July 15, 2002 flare is shown at left. The other panels compare the scale of Earth 1.3 million km (800,000 miles) from the blast to that of other objects in the solar system. At right, a portion of the Sun from June 23, 2002, is shown next to a portion of the Sun from July 17, 2002. Credit: NASA
The Solar Dynamics Observatory (SDO) satellite, launched in 2010, has been observing the Sun's magnetic field and radiation for several years, providing scientists with unprecedented data and insights into the Sun's behavior.
SDO has helped researchers better understand the Sun's internal dynamics and the processes that drive space weather. Space weather","1.3 million km (800,000 miles) from the blast to that of other objects in the solar system. At right, a portion of the Sun from June 23, 2002, is shown next to a portion of the Sun from July 17, 2002. Credit: NASA
The Solar Dynamics Observatory (SDO) satellite, launched in 2010, has been observing the Sun's magnetic field and radiation for several years, providing scientists with unprecedented data and insights into the Sun's behavior.
SDO has helped researchers better understand the Sun's internal dynamics and the processes that drive space weather. Space weather","{""do_sample"": true, ""temperature"": 1.0, ""top_p"": 0.95, ""top_k"": 50, ""repetition_penalty"": 1.0, ""max_new_tokens"": 128}"
kgw,2.0,1,1249,15,15,"Larry checks in with KPCC reporter Sharon McNary, who’s been hitting up several polling stations in Orange County and Los ","Larry checks in with KPCC reporter Sharon McNary, who’s been hitting up several polling stations in Orange County and Los 5:12
Larry checks in with KPCC reporter Sharon McNary, who’s been hitting up several polling stations in Orange County and Los
Sharon McNary, KPCC’s Orange County Bureau Chief, returns to the studio after canvassing several polling stations throughout the day, sharing her observations and insights from voters across Orange County. How was the mood at the polls? Were there long lines? What issues were voters most passionate about? Sharon’s got the scoop! 5:12
In this 5-minute audio recording, KPCC reporter Sharon McNary returns to the studio after canvassing several polling stations throughout the day, sharing","5:12
Larry checks in with KPCC reporter Sharon McNary, who’s been hitting up several polling stations in Orange County and Los
Sharon McNary, KPCC’s Orange County Bureau Chief, returns to the studio after canvassing several polling stations throughout the day, sharing her observations and insights from voters across Orange County. How was the mood at the polls? Were there long lines? What issues were voters most passionate about? Sharon’s got the scoop! 5:12
In this 5-minute audio recording, KPCC reporter Sharon McNary returns to the studio after canvassing several polling stations throughout the day, sharing","{""do_sample"": true, ""temperature"": 1.0, ""top_p"": 0.95, ""top_k"": 50, ""repetition_penalty"": 1.0, ""max_new_tokens"": 128}"
kgw,2.0,1,1251,17,17,Health authorities in New Zealand said that about 200 passengers on the Dawn Princess ship became infected with the norovirus. ,"Health authorities in New Zealand said that about 200 passengers on the Dawn Princess ship became infected with the norovirus.  This information was shared on Monday, April 15, 2019.
The ship has been at sea since departing on March 22, and it was expected to return to New Zealand on April 17, 2019. However, the cruise was cancelled on April 13, 2019, due to the outbreak.
Norovirus is a highly contagious and infectious illness that can cause nausea, vomiting, diarrhea, and stomach cramps. It is often spread by person-to-person contact or by consuming contaminated food or water.
According to reports, health officials are conducting an investigation into the outbreak to determine the source and prevent future outbreaks"," This information was shared on Monday, April 15, 2019.
The ship has been at sea since departing on March 22, and it was expected to return to New Zealand on April 17, 2019. However, the cruise was cancelled on April 13, 2019, due to the outbreak.
Norovirus is a highly contagious and infectious illness that can cause nausea, vomiting, diarrhea, and stomach cramps. It is often spread by person-to-person contact or by consuming contaminated food or water.
According to reports, health officials are conducting an investigation into the outbreak to determine the source and prevent future outbreaks","{""do_sample"": true, ""temperature"": 1.0, ""top_p"": 0.95, ""top_k"": 50, ""repetition_penalty"": 1.0, ""max_new_tokens"": 128}"
kgw,2.0,1,1253,19,19,NEW YORK (AP) — Could the U.S. lose its top credit rating even if a deal is reached to raise ,"NEW YORK (AP) — Could the U.S. lose its top credit rating even if a deal is reached to raise  ...
WASHINGTON (AP) — President Barack Obama and congressional leaders are working to avoid a  ...
NEW YORK (AP) — The Dow Jones industrial average rose Monday, helped by strong earnings reports  ...
WASHINGTON (AP) — The White House is signaling that it's open to changing the terms of its  ...
WASHINGTON (AP) — President Barack Obama and House Speaker John Boehner have agreed to hold  ...
WASHINGTON (AP) — The U.S. economy expanded at a 2.8 percent annual rate in the spring, driven  ...
Fitch Downgrades Bank of America to BB+ on Sovereign Risk"," ...
WASHINGTON (AP) — President Barack Obama and congressional leaders are working to avoid a  ...
NEW YORK (AP) — The Dow Jones industrial average rose Monday, helped by strong earnings reports  ...
WASHINGTON (AP) — The White House is signaling that it's open to changing the terms of its  ...
WASHINGTON (AP) — President Barack Obama and House Speaker John Boehner have agreed to hold  ...
WASHINGTON (AP) — The U.S. economy expanded at a 2.8 percent annual rate in the spring, driven  ...
Fitch Downgrades Bank of America to BB+ on Sovereign Risk","{""do_sample"": true, ""temperature"": 1.0, ""top_p"": 0.95, ""top_k"": 50, ""repetition_penalty"": 1.0, ""max_new_tokens"": 128}"
kgw,2.0,1,1255,21,21,"IHS Markit INFO, -0.02% a world leader in critical information, analytics and solutions, expanded its alternative data offering for asset ","IHS Markit INFO, -0.02% a world leader in critical information, analytics and solutions, expanded its alternative data offering for asset 2020-09-28
Investing in the right assets at the right time is crucial for investors. But identifying these opportunities can be difficult, especially in today's fast-changing market environment. That's why IHS Markit INFO, -0.02% is expanding its alternative data offering for asset investors.
IHS Markit Alternative Data is a new suite of data sets that provide insights into various asset classes, including equities, fixed income, and commodities. These data sets are designed to help investors better understand market trends, identify investment opportunities, and make more informed decisions.
The new alternative data offering includes a range of data sets","2020-09-28
Investing in the right assets at the right time is crucial for investors. But identifying these opportunities can be difficult, especially in today's fast-changing market environment. That's why IHS Markit INFO, -0.02% is expanding its alternative data offering for asset investors.
IHS Markit Alternative Data is a new suite of data sets that provide insights into various asset classes, including equities, fixed income, and commodities. These data sets are designed to help investors better understand market trends, identify investment opportunities, and make more informed decisions.
The new alternative data offering includes a range of data sets","{""do_sample"": true, ""temperature"": 1.0, ""top_p"": 0.95, ""top_k"": 50, ""repetition_penalty"": 1.0, ""max_new_tokens"": 128}"
kgw,2.0,1,1257,23,23,SOUND FORGE Audio Cleaning Lab can be used to record any sound you can hear on your computer - from ,"SOUND FORGE Audio Cleaning Lab can be used to record any sound you can hear on your computer - from 3D audio recordings, radio broadcasts, CD tracks, to any other audio signal.
SOUND FORGE Audio Cleaning Lab's powerful audio processing tools let you edit and enhance your recordings. The software includes a range of effects and filters that help to remove noise, hum, hiss, and other unwanted sounds from your recordings.
The audio processing capabilities include noise reduction, de-hiss, de-crackle, and EQ filters. These filters can be used to adjust the frequency response of your recordings and to remove unwanted sounds.
The software also includes a range of visual analysis tools that allow you to see the waveform of your recordings. This makes it easy","3D audio recordings, radio broadcasts, CD tracks, to any other audio signal.
SOUND FORGE Audio Cleaning Lab's powerful audio processing tools let you edit and enhance your recordings. The software includes a range of effects and filters that help to remove noise, hum, hiss, and other unwanted sounds from your recordings.
The audio processing capabilities include noise reduction, de-hiss, de-crackle, and EQ filters. These filters can be used to adjust the frequency response of your recordings and to remove unwanted sounds.
The software also includes a range of visual analysis tools that allow you to see the waveform of your recordings. This makes it easy","{""do_sample"": true, ""temperature"": 1.0, ""top_p"": 0.95, ""top_k"": 50, ""repetition_penalty"": 1.0, ""max_new_tokens"": 128}"
kgw,2.0,1,1259,25,25,"President Donald Trump returned to Washington, DC on Monday for a very important event. It was not for a meeting ","President Donald Trump returned to Washington, DC on Monday for a very important event. It was not for a meeting  with lawmakers or foreign leaders, but to visit the new Trump International Hotel located on Pennsylvania Avenue.
The event was supposed to be a grand opening ceremony, but the hotel officially opened in September. The ceremony was instead an invitation-only affair for friends, family, and dignitaries.
Trump spent several hours at the hotel, chatting with guests and posing for photos. His wife, First Lady Melania Trump, was not in attendance.
The Trump International Hotel is located just a few blocks from the White House, making it a convenient stop for Trump during his presidency. It was a $200 million project, and it is operated by the Trump Organization"," with lawmakers or foreign leaders, but to visit the new Trump International Hotel located on Pennsylvania Avenue.
The event was supposed to be a grand opening ceremony, but the hotel officially opened in September. The ceremony was instead an invitation-only affair for friends, family, and dignitaries.
Trump spent several hours at the hotel, chatting with guests and posing for photos. His wife, First Lady Melania Trump, was not in attendance.
The Trump International Hotel is located just a few blocks from the White House, making it a convenient stop for Trump during his presidency. It was a $200 million project, and it is operated by the Trump Organization","{""do_sample"": true, ""temperature"": 1.0, ""top_p"": 0.95, ""top_k"": 50, ""repetition_penalty"": 1.0, ""max_new_tokens"": 128}"
kgw,2.0,1,1261,27,27,"ST. JOHNS COUNTY, Fla. - Commissioners in St. Johns County voted unanimously to postpone any legislative action against a localized ","ST. JOHNS COUNTY, Fla. - Commissioners in St. Johns County voted unanimously to postpone any legislative action against a localized 30-minute parking enforcement plan in Vilano Beach. | |.
Commissioners received 150 public comments, with opinions ranging from ""it's a good idea"" to ""a complete waste of time,"" said Commissioner Rudy Pepos, who led the meeting. The parking plan aimed to alleviate congestion in the small beachside community.
Now, the plan will go back to the Vilano Beach Community Development Board for revisions. | |.
ST. PETERSBURG, Fla. - The St. Petersburg City Council voted unanimously to move forward with plans for a mixed-use development on the site of a former industrial complex in the 3000 block","30-minute parking enforcement plan in Vilano Beach. | |.
Commissioners received 150 public comments, with opinions ranging from ""it's a good idea"" to ""a complete waste of time,"" said Commissioner Rudy Pepos, who led the meeting. The parking plan aimed to alleviate congestion in the small beachside community.
Now, the plan will go back to the Vilano Beach Community Development Board for revisions. | |.
ST. PETERSBURG, Fla. - The St. Petersburg City Council voted unanimously to move forward with plans for a mixed-use development on the site of a former industrial complex in the 3000 block","{""do_sample"": true, ""temperature"": 1.0, ""top_p"": 0.95, ""top_k"": 50, ""repetition_penalty"": 1.0, ""max_new_tokens"": 128}"
kgw,2.0,1,1263,29,29,This was Reinsdorf's reply on Friday when asked whether the preseason announcement that Phil Jackson will not return as coach ,"This was Reinsdorf's reply on Friday when asked whether the preseason announcement that Phil Jackson will not return as coach  was indeed the end of the road for his Hall of Fame career.
So while there's no guarantee that the 68-year-old Jackson will never return to the NBA sidelines, the odds appear to be against it. And even if he does consider another comeback, it's unclear whether the Bulls would be interested in bringing him back.
Jackson has been at peace with the decision not to return, and his focus has shifted to a new book he's writing and his continued involvement with the Golden State Warriors as a basketball observer and mentor.
Jackson won six NBA championships with the Bulls in two separate stints as coach (1989-1998 and"," was indeed the end of the road for his Hall of Fame career.
So while there's no guarantee that the 68-year-old Jackson will never return to the NBA sidelines, the odds appear to be against it. And even if he does consider another comeback, it's unclear whether the Bulls would be interested in bringing him back.
Jackson has been at peace with the decision not to return, and his focus has shifted to a new book he's writing and his continued involvement with the Golden State Warriors as a basketball observer and mentor.
Jackson won six NBA championships with the Bulls in two separate stints as coach (1989-1998 and","{""do_sample"": true, ""temperature"": 1.0, ""top_p"": 0.95, ""top_k"": 50, ""repetition_penalty"": 1.0, ""max_new_tokens"": 128}"
kgw,2.0,1,1265,31,31,This is the news you’re looking for. Carrie Fisher has seemingly confirmed to Palm Beach Illustrated magazine that she will ,"This is the news you’re looking for. Carrie Fisher has seemingly confirmed to Palm Beach Illustrated magazine that she will 100% be in the next Star Wars movie. You heard it here first, folks!
Carrie said: “It’s done. I’m in ‘Episode VII’.”
This is a major win for fans, who have been wondering if they would get to see Princess Leia (or an older version of her, at the time of the sequel trilogy) on the big screen again. It seems that J.J. Abrams, the director of the upcoming film, has indeed asked Carrie back to reprise her iconic role.

Of course, we can't help but wonder: How will Leia be portrayed in the new film, given her character's","100% be in the next Star Wars movie. You heard it here first, folks!
Carrie said: “It’s done. I’m in ‘Episode VII’.”
This is a major win for fans, who have been wondering if they would get to see Princess Leia (or an older version of her, at the time of the sequel trilogy) on the big screen again. It seems that J.J. Abrams, the director of the upcoming film, has indeed asked Carrie back to reprise her iconic role.

Of course, we can't help but wonder: How will Leia be portrayed in the new film, given her character's","{""do_sample"": true, ""temperature"": 1.0, ""top_p"": 0.95, ""top_k"": 50, ""repetition_penalty"": 1.0, ""max_new_tokens"": 128}"
kgw,2.0,1,1267,33,33,In the market for a low-cost networked storage solution? You may want to take a look at the Netgear ReadyNAS ,"In the market for a low-cost networked storage solution? You may want to take a look at the Netgear ReadyNAS 104, a compact, easy-to-use NAS (Network-Attached Storage) device that offers a lot of value for a very affordable price.

The ReadyNAS 104 is a small, 1-bay NAS device that uses a Marvell ARM processor running Linux. It's a straightforward device to set up and use, with a web-based interface that's easy to navigate. The device is also energy-efficient, consuming only about 8 watts of power when idle.

Storage Capacity
----------------

The ReadyNAS 104 supports a single 3.5-inch hard drive or solid-state drive (SSD), which can be set to RAID ","104, a compact, easy-to-use NAS (Network-Attached Storage) device that offers a lot of value for a very affordable price.

The ReadyNAS 104 is a small, 1-bay NAS device that uses a Marvell ARM processor running Linux. It's a straightforward device to set up and use, with a web-based interface that's easy to navigate. The device is also energy-efficient, consuming only about 8 watts of power when idle.

Storage Capacity
----------------

The ReadyNAS 104 supports a single 3.5-inch hard drive or solid-state drive (SSD), which can be set to RAID ","{""do_sample"": true, ""temperature"": 1.0, ""top_p"": 0.95, ""top_k"": 50, ""repetition_penalty"": 1.0, ""max_new_tokens"": 128}"
kgw,2.0,1,1269,35,35,"MANILA, Philippines — The state-run Land Bank of the Philippines (Landbank) has extended by one more month or until Jan. ","MANILA, Philippines — The state-run Land Bank of the Philippines (Landbank) has extended by one more month or until Jan. 31, 2021, the deadline for farmers and fisherfolk to apply for the “Agri-Agra” loan with a reduced interest rate of six percent per annum.
The loan program is aimed at providing financial assistance to farmers and fisherfolk to increase their production, improve their market access, and help them recover from the economic impacts of the pandemic.
Eligible beneficiaries are farmers, fisherfolk, and agricultural cooperatives with a minimum loan requirement of P100,000 to a maximum of P3 million. The loan term is five years, with an interest rate of 6 percent per annum, which is lower than","31, 2021, the deadline for farmers and fisherfolk to apply for the “Agri-Agra” loan with a reduced interest rate of six percent per annum.
The loan program is aimed at providing financial assistance to farmers and fisherfolk to increase their production, improve their market access, and help them recover from the economic impacts of the pandemic.
Eligible beneficiaries are farmers, fisherfolk, and agricultural cooperatives with a minimum loan requirement of P100,000 to a maximum of P3 million. The loan term is five years, with an interest rate of 6 percent per annum, which is lower than","{""do_sample"": true, ""temperature"": 1.0, ""top_p"": 0.95, ""top_k"": 50, ""repetition_penalty"": 1.0, ""max_new_tokens"": 128}"
kgw,2.0,1,1271,37,37,It’s a continuation of a trend they have seen over the last several years. “It’s been almost three years of ,"It’s a continuation of a trend they have seen over the last several years. “It’s been almost three years of 24% (annual increase) in the industry, and I think it’s sustainable. There are a lot of factors that are driving growth, including the rise of e-commerce and the need for faster and more reliable shipping.”. MORE
Tactics in Sales and Marketing
It’s a continuation of a trend they have seen over the last several years. “It’s been almost three years of 24% (annual increase) in the industry, and I think it’s sustainable. There are a lot of factors that are driving growth, including the rise of e-commerce and the need for faster and more reliable shipping.”. MORE
Marketing Sales","24% (annual increase) in the industry, and I think it’s sustainable. There are a lot of factors that are driving growth, including the rise of e-commerce and the need for faster and more reliable shipping.”. MORE
Tactics in Sales and Marketing
It’s a continuation of a trend they have seen over the last several years. “It’s been almost three years of 24% (annual increase) in the industry, and I think it’s sustainable. There are a lot of factors that are driving growth, including the rise of e-commerce and the need for faster and more reliable shipping.”. MORE
Marketing Sales","{""do_sample"": true, ""temperature"": 1.0, ""top_p"": 0.95, ""top_k"": 50, ""repetition_penalty"": 1.0, ""max_new_tokens"": 128}"
kgw,2.0,1,1273,39,39,"Originally Published: September 24, 2018 8 p.m. Soledad O’Brien, 10 to 11:30 a.m., Yavapai College Performing Arts Center, 1100 E ","Originally Published: September 24, 2018 8 p.m. Soledad O’Brien, 10 to 11:30 a.m., Yavapai College Performing Arts Center, 1100 E 3rd St. Prescott. The former CNN journalist explores themes of identity, class and politics in her storytelling. General admission tickets $15-$25; student tickets $10-$20. Tickets available at yavapai.edu or by calling 928-776-2000.
When CNN journalist Soledad O’Brien takes the stage at Yavapai College Performing Arts Center, she won’t be reading from a script. In her one-woman show, she shares her own story, weaving a tapestry of personal and professional experiences that explore identity, class, and politics.
O’Brien, known for her reporting on CNN, HBO","3rd St. Prescott. The former CNN journalist explores themes of identity, class and politics in her storytelling. General admission tickets $15-$25; student tickets $10-$20. Tickets available at yavapai.edu or by calling 928-776-2000.
When CNN journalist Soledad O’Brien takes the stage at Yavapai College Performing Arts Center, she won’t be reading from a script. In her one-woman show, she shares her own story, weaving a tapestry of personal and professional experiences that explore identity, class, and politics.
O’Brien, known for her reporting on CNN, HBO","{""do_sample"": true, ""temperature"": 1.0, ""top_p"": 0.95, ""top_k"": 50, ""repetition_penalty"": 1.0, ""max_new_tokens"": 128}"
kgw,2.0,1,1275,41,41,"Attendees visit the Vodafone Group pavilion at the Mobile World Congress in Barcelona, Spain, March 4, 2015. Vodafone, one of ","Attendees visit the Vodafone Group pavilion at the Mobile World Congress in Barcelona, Spain, March 4, 2015. Vodafone, one of 12 major telecom operators that recently signed up for the European Union’s 5G network standard, will face stiff competition in the 5G race with Chinese rivals Huawei and ZTE, analysts said. — Reuters photo
Vodafone faces stiff competition in the global 5G race, analysts warned, as the British telecom operator faces strong challenges from Chinese rivals Huawei and ZTE, as well as other major European players.
The EU’s 5G network standard is a key factor in the global 5G competition, with a dozen major telecom operators, including Vodafone, signing up to use the standard. However, the dominance of Chinese","12 major telecom operators that recently signed up for the European Union’s 5G network standard, will face stiff competition in the 5G race with Chinese rivals Huawei and ZTE, analysts said. — Reuters photo
Vodafone faces stiff competition in the global 5G race, analysts warned, as the British telecom operator faces strong challenges from Chinese rivals Huawei and ZTE, as well as other major European players.
The EU’s 5G network standard is a key factor in the global 5G competition, with a dozen major telecom operators, including Vodafone, signing up to use the standard. However, the dominance of Chinese","{""do_sample"": true, ""temperature"": 1.0, ""top_p"": 0.95, ""top_k"": 50, ""repetition_penalty"": 1.0, ""max_new_tokens"": 128}"
kgw,2.0,1,1277,43,43,The Congress of South African Trade Unions has noted the latest cabinet reshuffle by President Jacob Zuma. We can confirm ,"The Congress of South African Trade Unions has noted the latest cabinet reshuffle by President Jacob Zuma. We can confirm 3 new ministers, including Mrs. Faith Muthambi, Minister of Public Service and Administration, Dr. Rob Davies, Minister of Trade and Industry and Hon. Collins Chabane, Minister in the Presidency responsible for Performance Monitoring and Evaluation.
The reappointment of Minister Pravin Gordhan and Deputy Minister of Cooperative Governance and Traditional Affairs, Andries Nel, has left us wondering what is the meaning of stability and predictability to this administration. We had expected that this time round, there would be a demonstration of confidence in the leadership and the country's economic development, not this patchwork of new appointees.
It is also noteworthy that there","3 new ministers, including Mrs. Faith Muthambi, Minister of Public Service and Administration, Dr. Rob Davies, Minister of Trade and Industry and Hon. Collins Chabane, Minister in the Presidency responsible for Performance Monitoring and Evaluation.
The reappointment of Minister Pravin Gordhan and Deputy Minister of Cooperative Governance and Traditional Affairs, Andries Nel, has left us wondering what is the meaning of stability and predictability to this administration. We had expected that this time round, there would be a demonstration of confidence in the leadership and the country's economic development, not this patchwork of new appointees.
It is also noteworthy that there","{""do_sample"": true, ""temperature"": 1.0, ""top_p"": 0.95, ""top_k"": 50, ""repetition_penalty"": 1.0, ""max_new_tokens"": 128}"
kgw,2.0,1,1279,45,45,"After much anticipation, Melania Trump has finally given the world a glimpse of her platform. Like those before her, Trump ","After much anticipation, Melania Trump has finally given the world a glimpse of her platform. Like those before her, Trump 85 has announced a list of initiatives she plans to focus on during her presidency, which will reportedly make the United States a happier and more peaceful place.
According to White House officials, Mrs. Trump has been working closely with her staff to identify key areas that require attention. Her platform, which is titled ""Be Best,"" focuses on four main pillars: Be Kind, Be Brave, Be Honest, and Be Yourself.
As part of Be Kind, Trump plans to address issues related to bullying, which she believes has become rampant in American society. This is particularly significant given her husband's divisive and often bullying nature.
In addition, Trump will work","85 has announced a list of initiatives she plans to focus on during her presidency, which will reportedly make the United States a happier and more peaceful place.
According to White House officials, Mrs. Trump has been working closely with her staff to identify key areas that require attention. Her platform, which is titled ""Be Best,"" focuses on four main pillars: Be Kind, Be Brave, Be Honest, and Be Yourself.
As part of Be Kind, Trump plans to address issues related to bullying, which she believes has become rampant in American society. This is particularly significant given her husband's divisive and often bullying nature.
In addition, Trump will work","{""do_sample"": true, ""temperature"": 1.0, ""top_p"": 0.95, ""top_k"": 50, ""repetition_penalty"": 1.0, ""max_new_tokens"": 128}"
kgw,2.0,1,1281,47,47,We build our students up only to encourage them to flee. Why? Combining advertising campaigns handled by pros along with ,"We build our students up only to encourage them to flee. Why? Combining advertising campaigns handled by pros along with 5 to 10 years of practical experience, our company is guaranteed to attract your intended audience. Our approach is a game-changer in the digital marketing landscape. We've partnered with a variety of businesses and created innovative solutions that bring substantial returns. Our objective is straightforward: We want to provide the very best possible customer service to our clients while growing their brand awareness. Our team of professionals understands your industry and what it requires to succeed. Our advertising agency is led by experienced experts who have spent years honing their skills.... Read more We are an advertising agency with a track record of achievement, ensuring that your company gets the exposure it deserves","5 to 10 years of practical experience, our company is guaranteed to attract your intended audience. Our approach is a game-changer in the digital marketing landscape. We've partnered with a variety of businesses and created innovative solutions that bring substantial returns. Our objective is straightforward: We want to provide the very best possible customer service to our clients while growing their brand awareness. Our team of professionals understands your industry and what it requires to succeed. Our advertising agency is led by experienced experts who have spent years honing their skills.... Read more We are an advertising agency with a track record of achievement, ensuring that your company gets the exposure it deserves","{""do_sample"": true, ""temperature"": 1.0, ""top_p"": 0.95, ""top_k"": 50, ""repetition_penalty"": 1.0, ""max_new_tokens"": 128}"
kgw,2.0,1,1283,49,49,Federal Reserve Bank of Minneapolis President Narayana Kocherlakota will step down when his current term ends in February 2016. The ,"Federal Reserve Bank of Minneapolis President Narayana Kocherlakota will step down when his current term ends in February 2016. The 54-year-old economist has served as a Fed governor since 2009, and as president of the Minneapolis Fed since 2009.
Kocherlakota has been a vocal critic of the Fed's monetary policy, voting against the central bank's quantitative easing program. He has called for the Fed to raise interest rates earlier to combat inflation concerns.
""The time is approaching for me to step aside,"" Kocherlakota said in a statement. ""It has been an enormous privilege to serve as president of the Minneapolis Fed, and I am grateful for the support and confidence that the Fed Board and the bank's board of directors have shown in","54-year-old economist has served as a Fed governor since 2009, and as president of the Minneapolis Fed since 2009.
Kocherlakota has been a vocal critic of the Fed's monetary policy, voting against the central bank's quantitative easing program. He has called for the Fed to raise interest rates earlier to combat inflation concerns.
""The time is approaching for me to step aside,"" Kocherlakota said in a statement. ""It has been an enormous privilege to serve as president of the Minneapolis Fed, and I am grateful for the support and confidence that the Fed Board and the bank's board of directors have shown in","{""do_sample"": true, ""temperature"": 1.0, ""top_p"": 0.95, ""top_k"": 50, ""repetition_penalty"": 1.0, ""max_new_tokens"": 128}"
kgw,2.0,1,1285,51,51,Roger Federer of Switzerland and Bill Gates shake hands at the Match For Africa 4 exhibition match at KeyArena on ,"Roger Federer of Switzerland and Bill Gates shake hands at the Match For Africa 4 exhibition match at KeyArena on 7/28/2018 in Seattle, Washington. Getty Images for Match for Africa 4
Roger Federer and Bill Gates shake hands at the Match For Africa 4 exhibition match at KeyArena on July 28, 2018, in Seattle, Washington. Getty Images for Match for Africa 4
Tennis superstar Roger Federer and billionaire philanthropist Bill Gates may not be the most likely duo to collaborate on a project, but they've found a common cause in using tennis to improve lives in Africa.
The two recently teamed up to create a new charity, the Roger Federer Foundation and the Bill and Melinda Gates","7/28/2018 in Seattle, Washington. Getty Images for Match for Africa 4
Roger Federer and Bill Gates shake hands at the Match For Africa 4 exhibition match at KeyArena on July 28, 2018, in Seattle, Washington. Getty Images for Match for Africa 4
Tennis superstar Roger Federer and billionaire philanthropist Bill Gates may not be the most likely duo to collaborate on a project, but they've found a common cause in using tennis to improve lives in Africa.
The two recently teamed up to create a new charity, the Roger Federer Foundation and the Bill and Melinda Gates","{""do_sample"": true, ""temperature"": 1.0, ""top_p"": 0.95, ""top_k"": 50, ""repetition_penalty"": 1.0, ""max_new_tokens"": 128}"
kgw,2.0,1,1287,53,53,"BAGHDAD, Iraq -- Fighting in the Shiite stronghold of Sadr City killed 23 Iraqis yesterday, hospital officials said, and the ","BAGHDAD, Iraq -- Fighting in the Shiite stronghold of Sadr City killed 23 Iraqis yesterday, hospital officials said, and the 10th anniversary of the US-led invasion was marked with a day of violence.
Mortar bombs and rocket-propelled grenades struck several neighborhoods in Sadr City, killing at least 23 people and wounding more than 70, said Dr. Ahmed Faez, a senior doctor at a hospital in the area.
The latest violence in Sadr City, which is controlled by the anti-American cleric Muqtada al-Sadr, adds to the toll from several days of fighting there and brings the total number of deaths to over 150.
In other violence, a suicide bomber killed 10 people at a police station in Baq","10th anniversary of the US-led invasion was marked with a day of violence.
Mortar bombs and rocket-propelled grenades struck several neighborhoods in Sadr City, killing at least 23 people and wounding more than 70, said Dr. Ahmed Faez, a senior doctor at a hospital in the area.
The latest violence in Sadr City, which is controlled by the anti-American cleric Muqtada al-Sadr, adds to the toll from several days of fighting there and brings the total number of deaths to over 150.
In other violence, a suicide bomber killed 10 people at a police station in Baq","{""do_sample"": true, ""temperature"": 1.0, ""top_p"": 0.95, ""top_k"": 50, ""repetition_penalty"": 1.0, ""max_new_tokens"": 128}"
kgw,2.0,1,1289,55,55,"Tulsa race riot survivor: ""Learn how to forgive, but never forget"" SAN FRANCISCO, California (CNN) -- A 100-inch, high definition ","Tulsa race riot survivor: ""Learn how to forgive, but never forget"" SAN FRANCISCO, California (CNN) -- A 100-inch, high definition 3D screen, called the ""Ultimate View Screen,"" has been installed in the stadium for those who have been able to afford it, but most will be disappointed to find that the game is played with 2D screens. That way, when the action happens on the field, you can use your body, your heart, and your senses to tell the story.
But it's not just about the screens and the graphics, it's about...
I am talking about a different world, a world that...
This text is a draft for a speech that describes the experience of being one of the few who were able to view the Super Bowl","3D screen, called the ""Ultimate View Screen,"" has been installed in the stadium for those who have been able to afford it, but most will be disappointed to find that the game is played with 2D screens. That way, when the action happens on the field, you can use your body, your heart, and your senses to tell the story.
But it's not just about the screens and the graphics, it's about...
I am talking about a different world, a world that...
This text is a draft for a speech that describes the experience of being one of the few who were able to view the Super Bowl","{""do_sample"": true, ""temperature"": 1.0, ""top_p"": 0.95, ""top_k"": 50, ""repetition_penalty"": 1.0, ""max_new_tokens"": 128}"
kgw,2.0,1,1291,57,57,When Cait and I found out how easy it is to make ravioli–and with such completely impressive and delicious results!–we ,"When Cait and I found out how easy it is to make ravioli–and with such completely impressive and delicious results!–we  decided to give it a try. After all, homemade ravioli  just seems like the kind of thing that should be reserved for Italian grandmothers or fancy restaurants, right?  Well, it turns out that making your own ravioli isn't all that hard, and now we're hooked!
Here's our version of the recipe, adapted from the wonderful blog  Food in Jars. Cait found it and convinced me to give it a try, and the rest is history!
Ravioli Dough:
1 1/2 cups all-purpose flour
1 large egg
1/4 teaspoon salt
"," decided to give it a try. After all, homemade ravioli  just seems like the kind of thing that should be reserved for Italian grandmothers or fancy restaurants, right?  Well, it turns out that making your own ravioli isn't all that hard, and now we're hooked!
Here's our version of the recipe, adapted from the wonderful blog  Food in Jars. Cait found it and convinced me to give it a try, and the rest is history!
Ravioli Dough:
1 1/2 cups all-purpose flour
1 large egg
1/4 teaspoon salt
","{""do_sample"": true, ""temperature"": 1.0, ""top_p"": 0.95, ""top_k"": 50, ""repetition_penalty"": 1.0, ""max_new_tokens"": 128}"
kgw,2.0,1,1293,59,59,"It may not have been enough to bring out the skis, but Wood River Valley residents woke up with a ","It may not have been enough to bring out the skis, but Wood River Valley residents woke up with a 4-7 inch blanket of new snow on Sunday morning, leaving many giddy and eager to hit the trails.
The snow, which fell during the night, was a welcome respite from the dry and warm weather that had plagued the area for the past week.
In Ketchum, the streets were quiet but festive, with the sound of snowplows clearing roads and the occasional snowboarder or skier making their way to the trails.
""I'm stoked,"" said Seth Taylor, a local who was headed to the Dollarhide trail to ski. ""It's been way too dry and warm lately. This snow is exactly what","4-7 inch blanket of new snow on Sunday morning, leaving many giddy and eager to hit the trails.
The snow, which fell during the night, was a welcome respite from the dry and warm weather that had plagued the area for the past week.
In Ketchum, the streets were quiet but festive, with the sound of snowplows clearing roads and the occasional snowboarder or skier making their way to the trails.
""I'm stoked,"" said Seth Taylor, a local who was headed to the Dollarhide trail to ski. ""It's been way too dry and warm lately. This snow is exactly what","{""do_sample"": true, ""temperature"": 1.0, ""top_p"": 0.95, ""top_k"": 50, ""repetition_penalty"": 1.0, ""max_new_tokens"": 128}"
kgw,2.0,1,1295,61,61,"Are stoners now a target advertising demographic for fast food companies? Ever since Harold and Kumar went to White Castle, ","Are stoners now a target advertising demographic for fast food companies? Ever since Harold and Kumar went to White Castle, 20-something-year-olds with a penchant for weed and junk food have been a subject of interest for marketers. But a recent trend suggests that there's a growing interest in courting the stoner demographic for fast food consumption, especially for breakfast items.
Here are a few recent examples:
Cannabis company Calmmanor has partnered with fast-food chains like Krystal and Checkers to create specialty breakfast items, such as ""high-end, boutique fast food"" options that include cannabis-infused coffee, pancakes, and even egg bites.
A Utah-based startup called Stoner Breakfast has created a menu featuring breakfast items with names that nod to","20-something-year-olds with a penchant for weed and junk food have been a subject of interest for marketers. But a recent trend suggests that there's a growing interest in courting the stoner demographic for fast food consumption, especially for breakfast items.
Here are a few recent examples:
Cannabis company Calmmanor has partnered with fast-food chains like Krystal and Checkers to create specialty breakfast items, such as ""high-end, boutique fast food"" options that include cannabis-infused coffee, pancakes, and even egg bites.
A Utah-based startup called Stoner Breakfast has created a menu featuring breakfast items with names that nod to","{""do_sample"": true, ""temperature"": 1.0, ""top_p"": 0.95, ""top_k"": 50, ""repetition_penalty"": 1.0, ""max_new_tokens"": 128}"
kgw,2.0,1,1297,63,63,"Due to Hurricane Irene, parts of New Jersey were declared a federal disaster area this week. Federal funding is available ","Due to Hurricane Irene, parts of New Jersey were declared a federal disaster area this week. Federal funding is available  to help residents, businesses and communities affected by the storm. In this edition of  New Jersey Today, we take a closer look at the resources available and provide updates on the recovery efforts. We also hear from residents who have been impacted by the storm and the efforts of local first responders who have worked tirelessly to help them.
New Jersey Governor Chris Christie declared a state of emergency on August 28th, following the impact of Hurricane Irene on the state. The storm brought heavy rainfall, strong winds and flooding to many parts of New Jersey, causing significant damage to homes, businesses and infrastructure.
On September 2nd, President Obama declared "," to help residents, businesses and communities affected by the storm. In this edition of  New Jersey Today, we take a closer look at the resources available and provide updates on the recovery efforts. We also hear from residents who have been impacted by the storm and the efforts of local first responders who have worked tirelessly to help them.
New Jersey Governor Chris Christie declared a state of emergency on August 28th, following the impact of Hurricane Irene on the state. The storm brought heavy rainfall, strong winds and flooding to many parts of New Jersey, causing significant damage to homes, businesses and infrastructure.
On September 2nd, President Obama declared ","{""do_sample"": true, ""temperature"": 1.0, ""top_p"": 0.95, ""top_k"": 50, ""repetition_penalty"": 1.0, ""max_new_tokens"": 128}"
kgw,2.0,1,1299,65,65,"As many British visitors to France have learnt to their dismay, if you ask a local, “Parlez-vous anglais?”, the answer ","As many British visitors to France have learnt to their dismay, if you ask a local, “Parlez-vous anglais?”, the answer 75% of the time is: “Non, je ne parle pas anglais.” As if the fact that you’re speaking a foreign language is an insult to their dignity. But the truth is that it’s quite normal for non-native speakers to struggle with foreign languages, and it’s not necessarily the listener’s fault.
Take the case of my 7-year-old niece, who has just started learning Spanish in school. At home, we try to practice with her, asking her simple questions like “¿Cómo estás?” (How are you?) and encouraging her to repeat after us. But despite her efforts, her responses often resemble a","75% of the time is: “Non, je ne parle pas anglais.” As if the fact that you’re speaking a foreign language is an insult to their dignity. But the truth is that it’s quite normal for non-native speakers to struggle with foreign languages, and it’s not necessarily the listener’s fault.
Take the case of my 7-year-old niece, who has just started learning Spanish in school. At home, we try to practice with her, asking her simple questions like “¿Cómo estás?” (How are you?) and encouraging her to repeat after us. But despite her efforts, her responses often resemble a","{""do_sample"": true, ""temperature"": 1.0, ""top_p"": 0.95, ""top_k"": 50, ""repetition_penalty"": 1.0, ""max_new_tokens"": 128}"
kgw,2.0,1,1301,67,67,"For professors, publishing in elite journals is an unavoidable part of university life. The grueling process of subjecting work to ","For professors, publishing in elite journals is an unavoidable part of university life. The grueling process of subjecting work to 3-7 levels of peer review, plus the constant pressure to generate high-quality research, can be a significant time sink and stress generator. However, the academic publishing system plays a crucial role in advancing knowledge and facilitating collaboration within the global academic community.
Despite these benefits, the system has its drawbacks. The proliferation of open-access journals and the increasing dominance of digital publishing platforms have transformed the landscape of academic publishing. The ease of online submission, review, and publication has increased the number of publications overall, but it has also raised concerns about the quality and credibility of published research.
To address these concerns, many universities have adopted various strategies to support","3-7 levels of peer review, plus the constant pressure to generate high-quality research, can be a significant time sink and stress generator. However, the academic publishing system plays a crucial role in advancing knowledge and facilitating collaboration within the global academic community.
Despite these benefits, the system has its drawbacks. The proliferation of open-access journals and the increasing dominance of digital publishing platforms have transformed the landscape of academic publishing. The ease of online submission, review, and publication has increased the number of publications overall, but it has also raised concerns about the quality and credibility of published research.
To address these concerns, many universities have adopted various strategies to support","{""do_sample"": true, ""temperature"": 1.0, ""top_p"": 0.95, ""top_k"": 50, ""repetition_penalty"": 1.0, ""max_new_tokens"": 128}"
kgw,2.0,1,1303,69,69,"After rebranding from beverages to a blockchain company, Long Blockchain says it is refocusing yet again and launching operations related ","After rebranding from beverages to a blockchain company, Long Blockchain says it is refocusing yet again and launching operations related 3D printing technology.
The firm, which was once valued at over $150 million, saw its stock price plummet after it abandoned its beverage business in 2017 to focus on blockchain. Now, the company is shifting its resources to 3D printing technology and is announcing plans to launch an e-commerce platform that will sell 3D printing products and services.
Long Blockchain has rebranded itself as Long Blockchain 3D and is introducing a new CEO, John Ferriola, who previously served as the chairman and CEO of Schnitzer Steel Industries.
The e-commerce platform, which is scheduled to launch in the first half of ","3D printing technology.
The firm, which was once valued at over $150 million, saw its stock price plummet after it abandoned its beverage business in 2017 to focus on blockchain. Now, the company is shifting its resources to 3D printing technology and is announcing plans to launch an e-commerce platform that will sell 3D printing products and services.
Long Blockchain has rebranded itself as Long Blockchain 3D and is introducing a new CEO, John Ferriola, who previously served as the chairman and CEO of Schnitzer Steel Industries.
The e-commerce platform, which is scheduled to launch in the first half of ","{""do_sample"": true, ""temperature"": 1.0, ""top_p"": 0.95, ""top_k"": 50, ""repetition_penalty"": 1.0, ""max_new_tokens"": 128}"
kgw,2.0,1,1305,71,71,"Noel Gallo, an organ builder who designed a new organ at Xewkija parish church and Paolo Oreni, an international organist ","Noel Gallo, an organ builder who designed a new organ at Xewkija parish church and Paolo Oreni, an international organist  Photo by Vincent Grech
Noel Gallo, an organ builder, and Paolo Oreni, an international organist
Noel Gallo, an organ builder, and Paolo Oreni, an international organist
Noel Gallo, an organ builder, and Paolo Oreni, an international organist
Noel Gallo, an organ builder, and Paolo Oreni, an international organist
Noel Gallo, an organ builder, and Paolo Oreni, an international organist
Noel Gallo, an organ builder, and Paolo Oreni, an international organist
Xew"," Photo by Vincent Grech
Noel Gallo, an organ builder, and Paolo Oreni, an international organist
Noel Gallo, an organ builder, and Paolo Oreni, an international organist
Noel Gallo, an organ builder, and Paolo Oreni, an international organist
Noel Gallo, an organ builder, and Paolo Oreni, an international organist
Noel Gallo, an organ builder, and Paolo Oreni, an international organist
Noel Gallo, an organ builder, and Paolo Oreni, an international organist
Xew","{""do_sample"": true, ""temperature"": 1.0, ""top_p"": 0.95, ""top_k"": 50, ""repetition_penalty"": 1.0, ""max_new_tokens"": 128}"
kgw,2.0,1,1307,73,73,"Meet Google's Robot Army. It's Growing. Google can't stop buying robotics companies. In the past two months, eight of the ","Meet Google's Robot Army. It's Growing. Google can't stop buying robotics companies. In the past two months, eight of the 11 companies it has acquired have been in the robotics field, reports The New York Times. The latest acquisition is Boston Dynamics, a robotics company known for its advanced humanoid and animal-like robots. Google has also acquired Schaft Inc., Bot & D, SCHAFT, Botify, Holomind, and Ray Kurzweil's Age of Context among others. The acquisitions may be part of Google's effort to develop a robot army, which could help the search giant automate its services, such as Google Home and Google Play, and develop new products like robotic personal assistants.
Meet Google's Robot Army. It's Growing. Google can","11 companies it has acquired have been in the robotics field, reports The New York Times. The latest acquisition is Boston Dynamics, a robotics company known for its advanced humanoid and animal-like robots. Google has also acquired Schaft Inc., Bot & D, SCHAFT, Botify, Holomind, and Ray Kurzweil's Age of Context among others. The acquisitions may be part of Google's effort to develop a robot army, which could help the search giant automate its services, such as Google Home and Google Play, and develop new products like robotic personal assistants.
Meet Google's Robot Army. It's Growing. Google can","{""do_sample"": true, ""temperature"": 1.0, ""top_p"": 0.95, ""top_k"": 50, ""repetition_penalty"": 1.0, ""max_new_tokens"": 128}"
kgw,2.0,1,1309,75,75,"Michael Schumacher - a seven-time Formula One world champion is ""not bedridden or living on tubes"", it has been reported ","Michael Schumacher - a seven-time Formula One world champion is ""not bedridden or living on tubes"", it has been reported 12 months since a skiing accident, the Ferrari legend is continuing to receive treatment.
His wife, Corinna, and the Schumacher family are said to be working closely with doctors to ensure the former driver is receiving the best care possible for his injuries.
Schumacher, 48, was left critically injured after a skiing accident on December 29, 2013, and has made slow progress in his recovery since then.
However, according to German newspaper Bild am Sonntag, he is not bedridden or reliant on tubes for sustenance, as has been previously reported.
The report claims Schumacher can still move his arms","12 months since a skiing accident, the Ferrari legend is continuing to receive treatment.
His wife, Corinna, and the Schumacher family are said to be working closely with doctors to ensure the former driver is receiving the best care possible for his injuries.
Schumacher, 48, was left critically injured after a skiing accident on December 29, 2013, and has made slow progress in his recovery since then.
However, according to German newspaper Bild am Sonntag, he is not bedridden or reliant on tubes for sustenance, as has been previously reported.
The report claims Schumacher can still move his arms","{""do_sample"": true, ""temperature"": 1.0, ""top_p"": 0.95, ""top_k"": 50, ""repetition_penalty"": 1.0, ""max_new_tokens"": 128}"
kgw,2.0,1,1311,77,77,"On April 4, 1975, Bill Gates and Paul Allen founded Microsoft. The small firm used to develop and sell BASIC ","On April 4, 1975, Bill Gates and Paul Allen founded Microsoft. The small firm used to develop and sell BASIC  interpreter, an early programming language for personal computers. Over the years, the company has evolved significantly, and today, it is one of the world's largest and most successful technology companies.
It's important to note that April 4 is also World Autism Awareness Day, and Gates has been open about his experiences as a parent of a child with autism. His foundation has worked to increase awareness and support for individuals with autism and other developmental disorders.
In addition, April is Autism Acceptance Month, a time for people to come together and celebrate the diversity of the autism spectrum, promote understanding and acceptance, and advocate for the needs of individuals with autism"," interpreter, an early programming language for personal computers. Over the years, the company has evolved significantly, and today, it is one of the world's largest and most successful technology companies.
It's important to note that April 4 is also World Autism Awareness Day, and Gates has been open about his experiences as a parent of a child with autism. His foundation has worked to increase awareness and support for individuals with autism and other developmental disorders.
In addition, April is Autism Acceptance Month, a time for people to come together and celebrate the diversity of the autism spectrum, promote understanding and acceptance, and advocate for the needs of individuals with autism","{""do_sample"": true, ""temperature"": 1.0, ""top_p"": 0.95, ""top_k"": 50, ""repetition_penalty"": 1.0, ""max_new_tokens"": 128}"
kgw,2.0,1,1313,79,79,John Beilein and the Michigan Wolverines are one win away from a national title. On Saturday the Wolverines knocked off ,"John Beilein and the Michigan Wolverines are one win away from a national title. On Saturday the Wolverines knocked off 9-seed Florida 49-47 in the South Regional Final. Michigan held Florida to just 18% shooting from the field in the second half and made a crucial three-point shot with 40 seconds left to take the lead for good.
The Wolverines will face off against the Louisville Cardinals, who are also undefeated, in the National Championship game on Monday night. Michigan is looking to make the first back-to-back title appearances since Duke and Michigan State in 1999 and 2000. Michigan is also trying to win its first national title since 1989. Louisville is seeking to make it back-to-back championships, winning their","9-seed Florida 49-47 in the South Regional Final. Michigan held Florida to just 18% shooting from the field in the second half and made a crucial three-point shot with 40 seconds left to take the lead for good.
The Wolverines will face off against the Louisville Cardinals, who are also undefeated, in the National Championship game on Monday night. Michigan is looking to make the first back-to-back title appearances since Duke and Michigan State in 1999 and 2000. Michigan is also trying to win its first national title since 1989. Louisville is seeking to make it back-to-back championships, winning their","{""do_sample"": true, ""temperature"": 1.0, ""top_p"": 0.95, ""top_k"": 50, ""repetition_penalty"": 1.0, ""max_new_tokens"": 128}"
kgw,2.0,1,1315,81,81,Two Democratic state representatives from South Florida said Thursday that they've gathered with 33 colleagues to file paperwork with the ,"Two Democratic state representatives from South Florida said Thursday that they've gathered with 33 colleagues to file paperwork with the 2022 Primary Election filing deadline for the office of Governor.
The group, which included 14 Democrats, says they'll challenge Republican Gov. Ron DeSantis, who is seeking re-election in 2022.
Representatives Dotie Joseph (D-North Miami) and Robin Bartleman (D-West Park) made the announcement at the Doral headquarters of the state's Democratic Party, which was also attended by several local and state Democratic officials.
DeSantis won the governorship in 2018 with 58% of the vote, while his Democratic challenger, Andrew Gillum, received 41%.
Thursday's filing deadline marked","2022 Primary Election filing deadline for the office of Governor.
The group, which included 14 Democrats, says they'll challenge Republican Gov. Ron DeSantis, who is seeking re-election in 2022.
Representatives Dotie Joseph (D-North Miami) and Robin Bartleman (D-West Park) made the announcement at the Doral headquarters of the state's Democratic Party, which was also attended by several local and state Democratic officials.
DeSantis won the governorship in 2018 with 58% of the vote, while his Democratic challenger, Andrew Gillum, received 41%.
Thursday's filing deadline marked","{""do_sample"": true, ""temperature"": 1.0, ""top_p"": 0.95, ""top_k"": 50, ""repetition_penalty"": 1.0, ""max_new_tokens"": 128}"
kgw,2.0,1,1317,83,83,"Hospitals are seeking ways to reduce readmissions, due to new penalties from Medicare. Demand for qualified professionals in the health ","Hospitals are seeking ways to reduce readmissions, due to new penalties from Medicare. Demand for qualified professionals in the health  care industry is on the rise, and telemedicine is an emerging trend that can help address this issue. Here, we will explore the factors that drive the growth of telemedicine and its potential to reduce readmissions.
1. Increased accessibility: Telemedicine allows patients to access healthcare services from the comfort of their own homes, which can be particularly beneficial for those with mobility issues or chronic conditions. This increased accessibility can lead to better health outcomes and reduced readmissions.
2. Reduced healthcare costs: Telemedicine can help reduce healthcare costs by minimizing the need for hospital readmissions. A study by the Journal of Medical Systems found that telemedicine"," care industry is on the rise, and telemedicine is an emerging trend that can help address this issue. Here, we will explore the factors that drive the growth of telemedicine and its potential to reduce readmissions.
1. Increased accessibility: Telemedicine allows patients to access healthcare services from the comfort of their own homes, which can be particularly beneficial for those with mobility issues or chronic conditions. This increased accessibility can lead to better health outcomes and reduced readmissions.
2. Reduced healthcare costs: Telemedicine can help reduce healthcare costs by minimizing the need for hospital readmissions. A study by the Journal of Medical Systems found that telemedicine","{""do_sample"": true, ""temperature"": 1.0, ""top_p"": 0.95, ""top_k"": 50, ""repetition_penalty"": 1.0, ""max_new_tokens"": 128}"
kgw,2.0,1,1319,85,85,"OK!'s NYC Fashion Week Blog: Gwen Stefani's L.A.M.B. Can’t make it to NYC for Fashion Week? Don’t worry, OK!’s got ","OK!'s NYC Fashion Week Blog: Gwen Stefani's L.A.M.B. Can’t make it to NYC for Fashion Week? Don’t worry, OK!’s got 411! We’re bringing you all the buzz from New York City Fashion Week, from front-row seats to backstage gossip. So, grab a cup of coffee, and let the fashion fiesta begin! We’re live from Lincoln Center, where the fashion elite has gathered for the biggest event in fashion. Stay tuned for exclusive updates on the latest trends, must-see styles, and celebrity sightings!

March 11, 2013 – The Fashion World Celebrates At L.A.M.B.
Gwen Stefani, fashion icon and L.A.M.B. founder, took over the runways at the Park Avenue Armory last night with her","411! We’re bringing you all the buzz from New York City Fashion Week, from front-row seats to backstage gossip. So, grab a cup of coffee, and let the fashion fiesta begin! We’re live from Lincoln Center, where the fashion elite has gathered for the biggest event in fashion. Stay tuned for exclusive updates on the latest trends, must-see styles, and celebrity sightings!

March 11, 2013 – The Fashion World Celebrates At L.A.M.B.
Gwen Stefani, fashion icon and L.A.M.B. founder, took over the runways at the Park Avenue Armory last night with her","{""do_sample"": true, ""temperature"": 1.0, ""top_p"": 0.95, ""top_k"": 50, ""repetition_penalty"": 1.0, ""max_new_tokens"": 128}"
kgw,2.0,1,1321,87,87,"FILE - Guinea security forces, center, face people rioting and burning rubbish and other goods in the streets of Conakry, ","FILE - Guinea security forces, center, face people rioting and burning rubbish and other goods in the streets of Conakry, 24 Oct. 2020. A proposed change to Guinea's constitution could pave the way for military leader Colonel Mamady Doumbouya to become the country's next president, a development that has raised concerns among international partners and opposition groups. (AP Photo, File)
FILE - Guinea security forces, center, face people rioting and burning rubbish and other goods in the streets of Conakry, 24 Oct. 2020. A proposed change to Guinea's constitution could pave the way for military leader Colonel Mamady Doumbouya to become the country's next president, a development that has raised concerns among international partners and","24 Oct. 2020. A proposed change to Guinea's constitution could pave the way for military leader Colonel Mamady Doumbouya to become the country's next president, a development that has raised concerns among international partners and opposition groups. (AP Photo, File)
FILE - Guinea security forces, center, face people rioting and burning rubbish and other goods in the streets of Conakry, 24 Oct. 2020. A proposed change to Guinea's constitution could pave the way for military leader Colonel Mamady Doumbouya to become the country's next president, a development that has raised concerns among international partners and","{""do_sample"": true, ""temperature"": 1.0, ""top_p"": 0.95, ""top_k"": 50, ""repetition_penalty"": 1.0, ""max_new_tokens"": 128}"
kgw,2.0,1,1323,89,89,Sunday's college basketball roundup: No. 8 N.C. State women stay unbeaten with rout at U.Va. Do conference hoops tournaments hinder ,"Sunday's college basketball roundup: No. 8 N.C. State women stay unbeaten with rout at U.Va. Do conference hoops tournaments hinder 2nd-round NIT appearances?
Do conference hoops tournaments hinder 2nd-round NIT appearances?
N.C. State's Elissa Cunane (right) goes up for a shot over Virginia's Davina Delois (left) on Sunday. (Steve Earley/The Virginian-Pilot/AP)
The No. 8 N.C. State women's basketball team stayed unbeaten with a dominating 94-63 win at Virginia on Sunday. Elissa Cunane led the Wolfpack with 22 points, and Jada Boyd added 18.
N.C. State (10-0), which has won its last ","2nd-round NIT appearances?
Do conference hoops tournaments hinder 2nd-round NIT appearances?
N.C. State's Elissa Cunane (right) goes up for a shot over Virginia's Davina Delois (left) on Sunday. (Steve Earley/The Virginian-Pilot/AP)
The No. 8 N.C. State women's basketball team stayed unbeaten with a dominating 94-63 win at Virginia on Sunday. Elissa Cunane led the Wolfpack with 22 points, and Jada Boyd added 18.
N.C. State (10-0), which has won its last ","{""do_sample"": true, ""temperature"": 1.0, ""top_p"": 0.95, ""top_k"": 50, ""repetition_penalty"": 1.0, ""max_new_tokens"": 128}"
kgw,2.0,1,1325,91,91,“All the gold names have been pretty much getting hammered both on the credit side and the equity side for ,"“All the gold names have been pretty much getting hammered both on the credit side and the equity side for 5-6 weeks now,” said John Briggs, senior portfolio manager at Raymond James. “The question is, where is the bottom?”
— Bloomberg, August 13, 2020

The article reports on the significant decline in the value of top-performing stocks, also known as the “FANGs” (Facebook, Amazon, Netflix, and Google) and other highly valued technology stocks, over a period of five to six weeks. These stocks have historically been known for their impressive growth and resilience, but their recent declines have raised concerns about their value and potential bottoms.

In this context, the term “bottom” refers to","5-6 weeks now,” said John Briggs, senior portfolio manager at Raymond James. “The question is, where is the bottom?”
— Bloomberg, August 13, 2020

The article reports on the significant decline in the value of top-performing stocks, also known as the “FANGs” (Facebook, Amazon, Netflix, and Google) and other highly valued technology stocks, over a period of five to six weeks. These stocks have historically been known for their impressive growth and resilience, but their recent declines have raised concerns about their value and potential bottoms.

In this context, the term “bottom” refers to","{""do_sample"": true, ""temperature"": 1.0, ""top_p"": 0.95, ""top_k"": 50, ""repetition_penalty"": 1.0, ""max_new_tokens"": 128}"
kgw,2.0,1,1327,93,93,"Customers line up to purchase lottery tickets, Monday, Oct. 22, 2018, at La Preferida Superdiscount store in Hialeah, Fla. For ","Customers line up to purchase lottery tickets, Monday, Oct. 22, 2018, at La Preferida Superdiscount store in Hialeah, Fla. For 13 days, some Florida residents are finding ways to make the most of the state's massive $450 million jackpot. Others, like store owner Fernando Jimenez, are hoping to catch a break.
MIAMI — For 13 days, some Florida residents are finding ways to make the most of the state's massive $450 million jackpot. Others, like store owner Fernando Jimenez, are hoping to catch a break.
As the numbers were drawn Monday night, Jimenez was already counting his blessing just to have a store that was busy throughout the day. His La Preferida Superdiscount store in Hialeah saw a surge in lottery ticket sales","13 days, some Florida residents are finding ways to make the most of the state's massive $450 million jackpot. Others, like store owner Fernando Jimenez, are hoping to catch a break.
MIAMI — For 13 days, some Florida residents are finding ways to make the most of the state's massive $450 million jackpot. Others, like store owner Fernando Jimenez, are hoping to catch a break.
As the numbers were drawn Monday night, Jimenez was already counting his blessing just to have a store that was busy throughout the day. His La Preferida Superdiscount store in Hialeah saw a surge in lottery ticket sales","{""do_sample"": true, ""temperature"": 1.0, ""top_p"": 0.95, ""top_k"": 50, ""repetition_penalty"": 1.0, ""max_new_tokens"": 128}"
kgw,2.0,1,1329,95,95,There're no feet like happy feet and these Rechargeable Heated Slippers will ensure your feet are always happy. Just slip ,"There're no feet like happy feet and these Rechargeable Heated Slippers will ensure your feet are always happy. Just slip 1.5 hours at a time into a warm bath of soothing heat and relax your feet into bliss. Rechargeable and adjustable heat settings to ensure maximum comfort.
Heated Slippers - Because Happy Feet are Warm Feet!
There's a reason why feet are often referred to as the forgotten extremities - we neglect them! But not today! These Rechargeable Heated Slippers will revolutionize your daily routine by providing you with the ultimate in foot pampering. Made with a warm, soft, and plush material, they are designed to fit comfortably around your feet, cradling them with a sense of luxury and relaxation.
Simply","1.5 hours at a time into a warm bath of soothing heat and relax your feet into bliss. Rechargeable and adjustable heat settings to ensure maximum comfort.
Heated Slippers - Because Happy Feet are Warm Feet!
There's a reason why feet are often referred to as the forgotten extremities - we neglect them! But not today! These Rechargeable Heated Slippers will revolutionize your daily routine by providing you with the ultimate in foot pampering. Made with a warm, soft, and plush material, they are designed to fit comfortably around your feet, cradling them with a sense of luxury and relaxation.
Simply","{""do_sample"": true, ""temperature"": 1.0, ""top_p"": 0.95, ""top_k"": 50, ""repetition_penalty"": 1.0, ""max_new_tokens"": 128}"
kgw,2.0,1,1331,97,97,"When Katherine Gotovsky sees a problem, her response is immediate. The gears in her 17-year-old mind start working away, determined ","When Katherine Gotovsky sees a problem, her response is immediate. The gears in her 17-year-old mind start working away, determined 24-hour-a-day to come up with a creative solution.
That’s what got her involved with the 2019 Future Engineers Challenge, an international competition sponsored by NASA and Lockheed Martin. Gotovsky, a junior at Canyon Crest Academy in San Diego, was tasked with designing and building a habitat for the moon that could sustain astronauts and plants over a prolonged period.

Gotovsky’s teammates, a diverse group of students from across the country and globe, worked tirelessly for weeks to design their habitat, dubbed ""Lunar Nexus."" Their creation featured inflatable modules, hydroponic gardening, and a life support system designed to recycle water and air.

When","24-hour-a-day to come up with a creative solution.
That’s what got her involved with the 2019 Future Engineers Challenge, an international competition sponsored by NASA and Lockheed Martin. Gotovsky, a junior at Canyon Crest Academy in San Diego, was tasked with designing and building a habitat for the moon that could sustain astronauts and plants over a prolonged period.

Gotovsky’s teammates, a diverse group of students from across the country and globe, worked tirelessly for weeks to design their habitat, dubbed ""Lunar Nexus."" Their creation featured inflatable modules, hydroponic gardening, and a life support system designed to recycle water and air.

When","{""do_sample"": true, ""temperature"": 1.0, ""top_p"": 0.95, ""top_k"": 50, ""repetition_penalty"": 1.0, ""max_new_tokens"": 128}"
kgw,2.0,1,1333,99,99,"A rocket attack by ISIS militants in northern Syria caused symptoms of “chemical gas” in 22 Syrian rebels, state media ","A rocket attack by ISIS militants in northern Syria caused symptoms of “chemical gas” in 22 Syrian rebels, state media  reported.
The attack on a rebel-held base in the city of Manbij, which is controlled by the US-backed Syrian Democratic Forces (SDF), occurred late on Monday, the Syrian Arab News Agency (SANA) reported.
According to the SDF, the attack was carried out by the Islamic State group, which is also known as ISIS.
SANA said that rebels who were exposed to the attack began to experience symptoms such as shortness of breath, tightness in the chest, and tearing in the eyes.
The SDF said that the attack caused several injuries and that some of those affected were hospitalized, but there were no"," reported.
The attack on a rebel-held base in the city of Manbij, which is controlled by the US-backed Syrian Democratic Forces (SDF), occurred late on Monday, the Syrian Arab News Agency (SANA) reported.
According to the SDF, the attack was carried out by the Islamic State group, which is also known as ISIS.
SANA said that rebels who were exposed to the attack began to experience symptoms such as shortness of breath, tightness in the chest, and tearing in the eyes.
The SDF said that the attack caused several injuries and that some of those affected were hospitalized, but there were no","{""do_sample"": true, ""temperature"": 1.0, ""top_p"": 0.95, ""top_k"": 50, ""repetition_penalty"": 1.0, ""max_new_tokens"": 128}"
kgw,2.0,1,1335,101,101,And yet the Cardinals are in position to complete a three-game sweep of the Cubs on Sunday night after erasing ,"And yet the Cardinals are in position to complete a three-game sweep of the Cubs on Sunday night after erasing 3-0 and 4-3 deficits with dramatic late-inning rallies in the first two games of the series.
After blowing a two-run lead in the ninth inning in the opener, St. Louis trailed the Cubs 4-3 in the ninth Saturday before Yadier Molina hit a tying, two-out double and Paul Goldschmidt followed with a go-ahead RBI single to win the game.
""That's a big momentum shifter,"" said Cubs manager David Ross. ""You feel like you've got the game won and then it slips away from you. That's tough.""
Goldschmidt's heroics were the culmination of","3-0 and 4-3 deficits with dramatic late-inning rallies in the first two games of the series.
After blowing a two-run lead in the ninth inning in the opener, St. Louis trailed the Cubs 4-3 in the ninth Saturday before Yadier Molina hit a tying, two-out double and Paul Goldschmidt followed with a go-ahead RBI single to win the game.
""That's a big momentum shifter,"" said Cubs manager David Ross. ""You feel like you've got the game won and then it slips away from you. That's tough.""
Goldschmidt's heroics were the culmination of","{""do_sample"": true, ""temperature"": 1.0, ""top_p"": 0.95, ""top_k"": 50, ""repetition_penalty"": 1.0, ""max_new_tokens"": 128}"
kgw,2.0,1,1337,103,103,LUCERNE VALLEY — A motorist on Thursday morning found the body of a bicyclist who had been struck by a ,"LUCERNE VALLEY — A motorist on Thursday morning found the body of a bicyclist who had been struck by a 53-year-old man’s car in Lucerne Valley, authorities said.
The incident occurred at 5:35 a.m. on Highway 18, just north of the Lucerne Valley exit, according to the California Highway Patrol.
The cyclist, whose identity has not been released, was pronounced dead at the scene, said San Bernardino County coroner’s officials.
The driver, who was identified as Lucerne Valley resident George Raymond Kistler, remained at the scene and cooperated with investigators, the CHP reported.
Kistler was not injured in the collision, and no other vehicles were involved.
An investigation into the cause of the fatal","53-year-old man’s car in Lucerne Valley, authorities said.
The incident occurred at 5:35 a.m. on Highway 18, just north of the Lucerne Valley exit, according to the California Highway Patrol.
The cyclist, whose identity has not been released, was pronounced dead at the scene, said San Bernardino County coroner’s officials.
The driver, who was identified as Lucerne Valley resident George Raymond Kistler, remained at the scene and cooperated with investigators, the CHP reported.
Kistler was not injured in the collision, and no other vehicles were involved.
An investigation into the cause of the fatal","{""do_sample"": true, ""temperature"": 1.0, ""top_p"": 0.95, ""top_k"": 50, ""repetition_penalty"": 1.0, ""max_new_tokens"": 128}"
kgw,2.0,1,1339,105,105,"TOPEKA, Kan. (WIBW) -- With a snowstorm (and possible blizzard) moving, many of us will spend Sunday indoors. And, while ","TOPEKA, Kan. (WIBW) -- With a snowstorm (and possible blizzard) moving, many of us will spend Sunday indoors. And, while 13 News meteorologists will continue to watch that storm track and provide updates, we wanted to also share some fun indoor activities you can do with your family and friends.

Now, we know many families love to get creative, so we have some arts and crafts ideas for you:

1. Snowman Building Challenge: Gather some white paper plates, glue, scissors, and markers. Challenge your family or friends to build the most creative snowman on the plate. Who can make the best snowman? You can even display your creations in a window or on a wall.
2. Indoor Obstacle Course: Use household items like couch cushions, chairs","13 News meteorologists will continue to watch that storm track and provide updates, we wanted to also share some fun indoor activities you can do with your family and friends.

Now, we know many families love to get creative, so we have some arts and crafts ideas for you:

1. Snowman Building Challenge: Gather some white paper plates, glue, scissors, and markers. Challenge your family or friends to build the most creative snowman on the plate. Who can make the best snowman? You can even display your creations in a window or on a wall.
2. Indoor Obstacle Course: Use household items like couch cushions, chairs","{""do_sample"": true, ""temperature"": 1.0, ""top_p"": 0.95, ""top_k"": 50, ""repetition_penalty"": 1.0, ""max_new_tokens"": 128}"
kgw,2.0,1,1341,107,107,"Rockland — Maine-based nonprofit WindowDressers coordinates community volunteers to build affordable, re-usable, interior insulating window inserts that tighten up existing ","Rockland — Maine-based nonprofit WindowDressers coordinates community volunteers to build affordable, re-usable, interior insulating window inserts that tighten up existing 1-by-1-foot windows and reduce heat loss during the winter.
Through a partnership with Penquis, a regional social services organization, WindowDressers is launching a new initiative in the Rockland area to provide this cost-effective solution to low-income homeowners and renters.
The initiative will focus on assisting households that are struggling to afford heating costs and will offer the window inserts at a reduced cost or free, depending on income eligibility.
The first phase of the project will focus on 10 households in the Rockland area, with plans to expand the effort to other areas in the near future.
WindowDressers relies on local volunteers to build","1-by-1-foot windows and reduce heat loss during the winter.
Through a partnership with Penquis, a regional social services organization, WindowDressers is launching a new initiative in the Rockland area to provide this cost-effective solution to low-income homeowners and renters.
The initiative will focus on assisting households that are struggling to afford heating costs and will offer the window inserts at a reduced cost or free, depending on income eligibility.
The first phase of the project will focus on 10 households in the Rockland area, with plans to expand the effort to other areas in the near future.
WindowDressers relies on local volunteers to build","{""do_sample"": true, ""temperature"": 1.0, ""top_p"": 0.95, ""top_k"": 50, ""repetition_penalty"": 1.0, ""max_new_tokens"": 128}"
kgw,2.0,1,1343,109,109,"The Volstead Act was repealed on this date in 1933, returning control of alcohol to the states, and it was ","The Volstead Act was repealed on this date in 1933, returning control of alcohol to the states, and it was 15 years before all states had repealed their Prohibition laws. However, the 18th Amendment, which had established Prohibition, was not officially repealed until 1935, when the 21st Amendment went into effect. President Franklin D. Roosevelt signed the repeal legislation in February 1933, and it took effect in December of that same year. The repeal was the result of a long movement by Americans seeking to change the Prohibition laws, and it marked the end of a tumultuous period in American history. The law was repealed in large part because of the widespread disregard of Prohibition and the rise of organized crime that accompanied it","15 years before all states had repealed their Prohibition laws. However, the 18th Amendment, which had established Prohibition, was not officially repealed until 1935, when the 21st Amendment went into effect. President Franklin D. Roosevelt signed the repeal legislation in February 1933, and it took effect in December of that same year. The repeal was the result of a long movement by Americans seeking to change the Prohibition laws, and it marked the end of a tumultuous period in American history. The law was repealed in large part because of the widespread disregard of Prohibition and the rise of organized crime that accompanied it","{""do_sample"": true, ""temperature"": 1.0, ""top_p"": 0.95, ""top_k"": 50, ""repetition_penalty"": 1.0, ""max_new_tokens"": 128}"
kgw,2.0,1,1345,111,111,"Ronny Deila blamed a rutted, ploughed Hampden pitch for his side's failure to inflict League Cup embarrassment upon Rangers. Denying ","Ronny Deila blamed a rutted, ploughed Hampden pitch for his side's failure to inflict League Cup embarrassment upon Rangers. Denying 10-man Thistle a place in the quarter-finals, the Hoops enjoyed 70% of possession but only managed a 1-0 victory thanks to James Forrest's 55th-minute strike.
""We expected to win more comfortably,"" admitted Deila. ""The pitch was a major problem for us. We couldn't get the ball down and play our normal game. It was a struggle. Rangers had a big, physical team and they used that to their advantage.

""I think we deserved to win, but we didn't play our best football. The pitch made it hard for us to maintain possession and create chances. We have to learn","10-man Thistle a place in the quarter-finals, the Hoops enjoyed 70% of possession but only managed a 1-0 victory thanks to James Forrest's 55th-minute strike.
""We expected to win more comfortably,"" admitted Deila. ""The pitch was a major problem for us. We couldn't get the ball down and play our normal game. It was a struggle. Rangers had a big, physical team and they used that to their advantage.

""I think we deserved to win, but we didn't play our best football. The pitch made it hard for us to maintain possession and create chances. We have to learn","{""do_sample"": true, ""temperature"": 1.0, ""top_p"": 0.95, ""top_k"": 50, ""repetition_penalty"": 1.0, ""max_new_tokens"": 128}"
kgw,2.0,1,1347,113,113,Why do CEOs need extravagant perks even when they are firing staff and pleading for taxpayer bailouts? It may just ,"Why do CEOs need extravagant perks even when they are firing staff and pleading for taxpayer bailouts? It may just  be because they think they're worth it. After all, they're ""leaders."" But should we really reward their senseless extravagance? No way. It's time to take a hard look at CEO pay and demand some accountability.
We all know that during a financial crisis, it's the poor and vulnerable who get hit hardest. And it's no surprise that CEOs, who have a long history of gaming the system and exploiting their workers, are now asking for taxpayer handouts to ""save"" their failing companies. But should we reward them for their selfishness and short-sightedness by giving them even more money and perks?
"," be because they think they're worth it. After all, they're ""leaders."" But should we really reward their senseless extravagance? No way. It's time to take a hard look at CEO pay and demand some accountability.
We all know that during a financial crisis, it's the poor and vulnerable who get hit hardest. And it's no surprise that CEOs, who have a long history of gaming the system and exploiting their workers, are now asking for taxpayer handouts to ""save"" their failing companies. But should we reward them for their selfishness and short-sightedness by giving them even more money and perks?
","{""do_sample"": true, ""temperature"": 1.0, ""top_p"": 0.95, ""top_k"": 50, ""repetition_penalty"": 1.0, ""max_new_tokens"": 128}"
kgw,2.0,1,1349,115,115,Northeastern International Airways suspended service on all but one of its routes after an unsuccessful attempt to attract passengers with ,"Northeastern International Airways suspended service on all but one of its routes after an unsuccessful attempt to attract passengers with 1960s-inspired branding and retro-themed plane decorations. The airline, based in Michigan, sought to differentiate itself from bigger competitors like Delta and United by revamping its image to appeal to nostalgic travelers. However, it appears the gamble didn't pay off, as the airline has been forced to dramatically scale back its operations to stay afloat. Northeastern International currently operates just one route, connecting Detroit Metropolitan Wayne County Airport to Chicago O'Hare International Airport. The airline's leadership says it will continue to monitor the situation and may need to make further adjustments if demand for its services remains weak. Northeastern International began its retro-themed branding and decor","1960s-inspired branding and retro-themed plane decorations. The airline, based in Michigan, sought to differentiate itself from bigger competitors like Delta and United by revamping its image to appeal to nostalgic travelers. However, it appears the gamble didn't pay off, as the airline has been forced to dramatically scale back its operations to stay afloat. Northeastern International currently operates just one route, connecting Detroit Metropolitan Wayne County Airport to Chicago O'Hare International Airport. The airline's leadership says it will continue to monitor the situation and may need to make further adjustments if demand for its services remains weak. Northeastern International began its retro-themed branding and decor","{""do_sample"": true, ""temperature"": 1.0, ""top_p"": 0.95, ""top_k"": 50, ""repetition_penalty"": 1.0, ""max_new_tokens"": 128}"
kgw,2.0,1,1351,117,117,"DAVIDSON, N.C., Jan. 10, 2019 /PRNewswire/ -- Rocus Networks, a managed cybersecurity service provider for business, announced today that it ","DAVIDSON, N.C., Jan. 10, 2019 /PRNewswire/ -- Rocus Networks, a managed cybersecurity service provider for business, announced today that it  has been recognized as one of the most innovative companies in North Carolina by the Charlotte Business Journal.
The Charlotte Business Journal's Most Innovative Companies list highlights companies that are pushing boundaries, solving complex problems, and driving growth in their industries. The companies were selected through a nomination and review process by a panel of judges.
""We are thrilled to be recognized as one of the most innovative companies in North Carolina,"" said Bob Anderson, CEO of Rocus Networks. ""Our team has worked tirelessly to develop innovative solutions that help our clients stay ahead of the evolving cybersecurity threats. This recognition is a testament to their hard work and dedication.""
Rocus Networks offers a"," has been recognized as one of the most innovative companies in North Carolina by the Charlotte Business Journal.
The Charlotte Business Journal's Most Innovative Companies list highlights companies that are pushing boundaries, solving complex problems, and driving growth in their industries. The companies were selected through a nomination and review process by a panel of judges.
""We are thrilled to be recognized as one of the most innovative companies in North Carolina,"" said Bob Anderson, CEO of Rocus Networks. ""Our team has worked tirelessly to develop innovative solutions that help our clients stay ahead of the evolving cybersecurity threats. This recognition is a testament to their hard work and dedication.""
Rocus Networks offers a","{""do_sample"": true, ""temperature"": 1.0, ""top_p"": 0.95, ""top_k"": 50, ""repetition_penalty"": 1.0, ""max_new_tokens"": 128}"
kgw,2.0,1,1353,119,119,McDonald’s jumped 5.3 percent after the world’s biggest fast-food chain by revenue topped analysts’ forecasts for profit and sales. Shares ,"McDonald’s jumped 5.3 percent after the world’s biggest fast-food chain by revenue topped analysts’ forecasts for profit and sales. Shares 4.2 percent higher at an all-time high. Goldman Sachs added the stock to its “conviction buy” list, citing strong growth and a promising business strategy.
McDonald’s stock has risen 30 percent in the last 12 months, with investors betting on a sustained resurgence in sales driven by new menu items, technology upgrades, and a revamped brand image.
McDonald’s profit rose 5.9 percent in the latest quarter as customers flocked to the company’s newer menu items, such as the signature Big Mac sandwich and premium salads. Same-restaurant sales rose 3.6 percent, beating analyst estimates.
CEO Chris","4.2 percent higher at an all-time high. Goldman Sachs added the stock to its “conviction buy” list, citing strong growth and a promising business strategy.
McDonald’s stock has risen 30 percent in the last 12 months, with investors betting on a sustained resurgence in sales driven by new menu items, technology upgrades, and a revamped brand image.
McDonald’s profit rose 5.9 percent in the latest quarter as customers flocked to the company’s newer menu items, such as the signature Big Mac sandwich and premium salads. Same-restaurant sales rose 3.6 percent, beating analyst estimates.
CEO Chris","{""do_sample"": true, ""temperature"": 1.0, ""top_p"": 0.95, ""top_k"": 50, ""repetition_penalty"": 1.0, ""max_new_tokens"": 128}"
kgw,2.0,1,1355,121,121,Hull - Where the US goes the UK often follows. This is especially true of negatives. If the US has ,"Hull - Where the US goes the UK often follows. This is especially true of negatives. If the US has 2 million vacant homes, then the UK will have around 200,000 vacant homes. This phenomenon has been observed for many years. So, it seems the UK has been following the US in recent years, and it's now experiencing its own housing bubble, which has led to a significant increase in house prices. (The Guardian, 2019).
Despite government efforts to control the housing market, the UK's house prices continue to soar. According to a report by Rightmove, house prices in the UK have risen by 2% to reach an average of £231,734. This is partly due to a shortage of homes,","2 million vacant homes, then the UK will have around 200,000 vacant homes. This phenomenon has been observed for many years. So, it seems the UK has been following the US in recent years, and it's now experiencing its own housing bubble, which has led to a significant increase in house prices. (The Guardian, 2019).
Despite government efforts to control the housing market, the UK's house prices continue to soar. According to a report by Rightmove, house prices in the UK have risen by 2% to reach an average of £231,734. This is partly due to a shortage of homes,","{""do_sample"": true, ""temperature"": 1.0, ""top_p"": 0.95, ""top_k"": 50, ""repetition_penalty"": 1.0, ""max_new_tokens"": 128}"
kgw,2.0,1,1357,123,123,"GRANT COUNTY, N.M. - ""Everywhere I go, the kids call me the book lady,"" Dolly Parton said. She may be ","GRANT COUNTY, N.M. - ""Everywhere I go, the kids call me the book lady,"" Dolly Parton said. She may be 71 years old, but her love for literacy has not waned.
In fact, the Queen of Country is celebrating a major milestone in her philanthropic endeavor, Imagination Library. This program provides free books to children from birth to age 5 in participating communities. As of January 2018, she reached the 100 million mark of books distributed worldwide.
""That's a lot of books, honey!"" Parton said, beaming with pride.
Imagination Library started back in 1995 in Sevier County, Tennessee, where Parton grew up. Her grandfather used to read to her before bed, sparking her love for reading.","71 years old, but her love for literacy has not waned.
In fact, the Queen of Country is celebrating a major milestone in her philanthropic endeavor, Imagination Library. This program provides free books to children from birth to age 5 in participating communities. As of January 2018, she reached the 100 million mark of books distributed worldwide.
""That's a lot of books, honey!"" Parton said, beaming with pride.
Imagination Library started back in 1995 in Sevier County, Tennessee, where Parton grew up. Her grandfather used to read to her before bed, sparking her love for reading.","{""do_sample"": true, ""temperature"": 1.0, ""top_p"": 0.95, ""top_k"": 50, ""repetition_penalty"": 1.0, ""max_new_tokens"": 128}"
kgw,2.0,1,1359,125,125,"While many restaurants in New York City have close relationships with farmers, and boast unimpeachable farm-to-table ethics, far fewer have ","While many restaurants in New York City have close relationships with farmers, and boast unimpeachable farm-to-table ethics, far fewer have 500 acres of their own farmland, a working apiary, and a commitment to producing a significant portion of their own menu staples from scratch.

That's what sets Blue Hill, in Greenwich Village, apart. Since its founding in 2000 by chef and owner Dan Barber, Blue Hill has been a leading voice in the farm-to-table movement, with a focus on using the freshest, seasonal ingredients and supporting local farmers and purveyors.

But the true innovation at Blue Hill is its ownership and management of its own 500-acre farm, Stone Barns Center for Food and Agriculture, in nearby Sleepy Hollow. The farm is","500 acres of their own farmland, a working apiary, and a commitment to producing a significant portion of their own menu staples from scratch.

That's what sets Blue Hill, in Greenwich Village, apart. Since its founding in 2000 by chef and owner Dan Barber, Blue Hill has been a leading voice in the farm-to-table movement, with a focus on using the freshest, seasonal ingredients and supporting local farmers and purveyors.

But the true innovation at Blue Hill is its ownership and management of its own 500-acre farm, Stone Barns Center for Food and Agriculture, in nearby Sleepy Hollow. The farm is","{""do_sample"": true, ""temperature"": 1.0, ""top_p"": 0.95, ""top_k"": 50, ""repetition_penalty"": 1.0, ""max_new_tokens"": 128}"
kgw,2.0,1,1361,127,127,T-Mobile has just rolled out a service called HotSpot @Homethat allows you to use a WiFi-enabled cell phone to make ,"T-Mobile has just rolled out a service called HotSpot @Homethat allows you to use a WiFi-enabled cell phone to make 3G internet connections at home. This new service is part of T-Mobile's aim to help customers save money by using their cellular network as an alternative to fixed broadband services.
Here's how it works: you'll need a T-Mobile G1 Android phone or a T-Mobile Web 'n' Walk IV phone with WiFi capability. Once you've signed up for the HotSpot @Home service, you can use your phone as a wireless router at home. This means you can connect your laptop, gaming console, or any other WiFi-enabled device to the internet using your phone's 3G connection.
The best part? You won't have","3G internet connections at home. This new service is part of T-Mobile's aim to help customers save money by using their cellular network as an alternative to fixed broadband services.
Here's how it works: you'll need a T-Mobile G1 Android phone or a T-Mobile Web 'n' Walk IV phone with WiFi capability. Once you've signed up for the HotSpot @Home service, you can use your phone as a wireless router at home. This means you can connect your laptop, gaming console, or any other WiFi-enabled device to the internet using your phone's 3G connection.
The best part? You won't have","{""do_sample"": true, ""temperature"": 1.0, ""top_p"": 0.95, ""top_k"": 50, ""repetition_penalty"": 1.0, ""max_new_tokens"": 128}"
kgw,2.0,1,1363,129,129,"""Oh, you are stuck on homework problem number 13? I found a solution on YouTube. That helped a lot. Just ","""Oh, you are stuck on homework problem number 13? I found a solution on YouTube. That helped a lot. Just 15 minutes of my time and I was ready to continue with my essay. I can use the extra time now for something more enjoyable."" This quote from a student illustrates how easily accessible homework solutions and online resources have become. It's a testament to the vast array of educational content available online.
However, there are also downsides to this convenience. Students may spend too much time looking for answers rather than exploring the problem themselves, which can lead to a lack of understanding and retention. Moreover, the abundance of information may be overwhelming and may lead to information overload.
As educators, we have a responsibility to guide students in developing effective learning strategies that","15 minutes of my time and I was ready to continue with my essay. I can use the extra time now for something more enjoyable."" This quote from a student illustrates how easily accessible homework solutions and online resources have become. It's a testament to the vast array of educational content available online.
However, there are also downsides to this convenience. Students may spend too much time looking for answers rather than exploring the problem themselves, which can lead to a lack of understanding and retention. Moreover, the abundance of information may be overwhelming and may lead to information overload.
As educators, we have a responsibility to guide students in developing effective learning strategies that","{""do_sample"": true, ""temperature"": 1.0, ""top_p"": 0.95, ""top_k"": 50, ""repetition_penalty"": 1.0, ""max_new_tokens"": 128}"
kgw,2.0,1,1365,131,131,Up to an inch of snow is likely on the Eastern Shore and up into Sussex County Friday afternoon. Below-freezing ,"Up to an inch of snow is likely on the Eastern Shore and up into Sussex County Friday afternoon. Below-freezing  temperatures are also expected, making roads and sidewalks potentially slick.
The National Weather Service has issued a Winter Weather Advisory from 11 a.m. to 8 p.m. Friday. The advisory covers the coastal regions, including Fenwick Island, Dewey Beach, Rehoboth Beach, Bethany Beach, Fenwick Island, and Dewey Beach, as well as central Delaware and southern Delaware.
“Snowfall accumulations of up to an inch or more are expected,” the National Weather Service warned. “In addition to snow, rain may mix in, leading to sleet and freezing rain, especially in areas near the"," temperatures are also expected, making roads and sidewalks potentially slick.
The National Weather Service has issued a Winter Weather Advisory from 11 a.m. to 8 p.m. Friday. The advisory covers the coastal regions, including Fenwick Island, Dewey Beach, Rehoboth Beach, Bethany Beach, Fenwick Island, and Dewey Beach, as well as central Delaware and southern Delaware.
“Snowfall accumulations of up to an inch or more are expected,” the National Weather Service warned. “In addition to snow, rain may mix in, leading to sleet and freezing rain, especially in areas near the","{""do_sample"": true, ""temperature"": 1.0, ""top_p"": 0.95, ""top_k"": 50, ""repetition_penalty"": 1.0, ""max_new_tokens"": 128}"
kgw,2.0,1,1367,133,133,"It’s dense, interesting, weird and funny, but what it’s all wrapped around is another “Chosen One” story that really feels ","It’s dense, interesting, weird and funny, but what it’s all wrapped around is another “Chosen One” story that really feels 50 years old.
– Christopher Orr (The New Republic) on The Last Son of Krypton
It’s hard to know what to make of The Last Son of Krypton, Christopher Nolan’s epic tale of love, sacrifice and—dare I say it—justice! After all, this is the man who brought us Memento, Insomnia, and The Dark Knight, three films that will forever be etched in the annals of cinematic greatness. So, when I heard that he was tackling a big-screen adaptation of the classic Superman story, I was ecstatic. But now, after watching The Last Son of Krypton, I","50 years old.
– Christopher Orr (The New Republic) on The Last Son of Krypton
It’s hard to know what to make of The Last Son of Krypton, Christopher Nolan’s epic tale of love, sacrifice and—dare I say it—justice! After all, this is the man who brought us Memento, Insomnia, and The Dark Knight, three films that will forever be etched in the annals of cinematic greatness. So, when I heard that he was tackling a big-screen adaptation of the classic Superman story, I was ecstatic. But now, after watching The Last Son of Krypton, I","{""do_sample"": true, ""temperature"": 1.0, ""top_p"": 0.95, ""top_k"": 50, ""repetition_penalty"": 1.0, ""max_new_tokens"": 128}"
kgw,2.0,1,1369,135,135,"Maddie Hinch and her England team-mates should be proud of their Hockey Women’s World Cup exploits, according to their head ","Maddie Hinch and her England team-mates should be proud of their Hockey Women’s World Cup exploits, according to their head  coach.
Mark Hager praised his side’s spirit and determination after they won bronze at the tournament in London.
The team, who were seeking a first-ever Olympic gold medal, bounced back from a disappointing 6-0 defeat to New Zealand in the quarter-finals to take third place.
It marked England’s best-ever finish in the competition, and Hager said: “I think our girls can be extremely proud of what they have achieved.
“I know they came up a little bit short, but to take a bronze medal and to put in a performance like they did in that bronze-medal match against India, is just fantastic.
"," coach.
Mark Hager praised his side’s spirit and determination after they won bronze at the tournament in London.
The team, who were seeking a first-ever Olympic gold medal, bounced back from a disappointing 6-0 defeat to New Zealand in the quarter-finals to take third place.
It marked England’s best-ever finish in the competition, and Hager said: “I think our girls can be extremely proud of what they have achieved.
“I know they came up a little bit short, but to take a bronze medal and to put in a performance like they did in that bronze-medal match against India, is just fantastic.
","{""do_sample"": true, ""temperature"": 1.0, ""top_p"": 0.95, ""top_k"": 50, ""repetition_penalty"": 1.0, ""max_new_tokens"": 128}"
kgw,2.0,1,1371,137,137,"Anna C. Christensen has been a supporter of family planning since high school, when she stuffed envelopes as a volunteer ","Anna C. Christensen has been a supporter of family planning since high school, when she stuffed envelopes as a volunteer 4-H representative with the Planned Parenthood affiliate in her home state of Iowa. After pursuing higher education in journalism and women's studies, Christensen moved to the nation's capital to work with organizations that advocate for reproductive health and rights.

In the early 1990s, Christensen joined the staff at the National Family Planning & Reproductive Health Association (NFPRHA), where she served as the organization's first communications director. At NFPRHA, she worked to educate policymakers, the media and the public about the importance of federal support for family planning services and research. When a government shutdown in 1995 threatened to close down family","4-H representative with the Planned Parenthood affiliate in her home state of Iowa. After pursuing higher education in journalism and women's studies, Christensen moved to the nation's capital to work with organizations that advocate for reproductive health and rights.

In the early 1990s, Christensen joined the staff at the National Family Planning & Reproductive Health Association (NFPRHA), where she served as the organization's first communications director. At NFPRHA, she worked to educate policymakers, the media and the public about the importance of federal support for family planning services and research. When a government shutdown in 1995 threatened to close down family","{""do_sample"": true, ""temperature"": 1.0, ""top_p"": 0.95, ""top_k"": 50, ""repetition_penalty"": 1.0, ""max_new_tokens"": 128}"
kgw,2.0,1,1373,139,139,Jesse Winker will undergo season-ending shoulder surgery. He was batting .299 this year with 7 homers and 43 RBI. Throughout ,"Jesse Winker will undergo season-ending shoulder surgery. He was batting.299 this year with 7 homers and 43 RBI. Throughout 2022, he has been experiencing right shoulder inflammation, and after receiving an MRI scan, the diagnosis was made that he needs arthroscopic surgery. The recovery time is estimated to be around six months, and Winker is expected to be ready for the 2023 season.
Winker has been a solid player for the Reds, providing a consistent bat in their lineup. Losing him for the remainder of the season is a significant blow, but it seems like they are getting ahead of the issue and preparing him for a strong return next year. He will be entering free agency in the offseason, so it will be interesting to see how his","2022, he has been experiencing right shoulder inflammation, and after receiving an MRI scan, the diagnosis was made that he needs arthroscopic surgery. The recovery time is estimated to be around six months, and Winker is expected to be ready for the 2023 season.
Winker has been a solid player for the Reds, providing a consistent bat in their lineup. Losing him for the remainder of the season is a significant blow, but it seems like they are getting ahead of the issue and preparing him for a strong return next year. He will be entering free agency in the offseason, so it will be interesting to see how his","{""do_sample"": true, ""temperature"": 1.0, ""top_p"": 0.95, ""top_k"": 50, ""repetition_penalty"": 1.0, ""max_new_tokens"": 128}"
kgw,2.0,1,1375,141,141,Combined company will make Chevron second-largest petroleum producer in the world. The combined company will remain far behind Exxon Mobil ,"Combined company will make Chevron second-largest petroleum producer in the world. The combined company will remain far behind Exxon Mobil 3rd in the ranking of the top ten largest companies in terms of market capitalization. Chevron's market capitalization was around 250 billion U.S.
dollar. Royal Dutch Shell's market capitalization was around 230 billion U.S. dollar. ExxonMobil, the world's largest oil company and one of the largest oil refining companies in the world, had market capitalization of more than 400 billion U.S. dollar.
In September 2018, ExxonMobil's market capitalization was around 340 billion U.S. dollar. The combined company, which will be called Chevron, will be a leading producer and marketer","3rd in the ranking of the top ten largest companies in terms of market capitalization. Chevron's market capitalization was around 250 billion U.S.
dollar. Royal Dutch Shell's market capitalization was around 230 billion U.S. dollar. ExxonMobil, the world's largest oil company and one of the largest oil refining companies in the world, had market capitalization of more than 400 billion U.S. dollar.
In September 2018, ExxonMobil's market capitalization was around 340 billion U.S. dollar. The combined company, which will be called Chevron, will be a leading producer and marketer","{""do_sample"": true, ""temperature"": 1.0, ""top_p"": 0.95, ""top_k"": 50, ""repetition_penalty"": 1.0, ""max_new_tokens"": 128}"
kgw,2.0,1,1377,143,143,"YOKOHAMA, Japan – Nissan Motor Co. announced it has licensed its Around View Monitor and Moving Object Detection technology, jointly ","YOKOHAMA, Japan – Nissan Motor Co. announced it has licensed its Around View Monitor and Moving Object Detection technology, jointly  developed with its partner, Microvision, Inc. (NASDAQ: MVIS) of California, to other carmakers and suppliers in the industry. The company aims to expand its technology licensing business to generate additional revenue and strengthen its global competitiveness in the automotive industry.
The Around View Monitor technology provides a 360-degree view of the vehicle’s surroundings, allowing for improved visibility and safer parking, while the Moving Object Detection system alerts the driver to potential hazards and obstacles in front and behind the vehicle. The two technologies are already integrated into Nissan's Infiniti Q50 sedan and other model-year 2014 Nissan vehicles.
Nissan plans to license"," developed with its partner, Microvision, Inc. (NASDAQ: MVIS) of California, to other carmakers and suppliers in the industry. The company aims to expand its technology licensing business to generate additional revenue and strengthen its global competitiveness in the automotive industry.
The Around View Monitor technology provides a 360-degree view of the vehicle’s surroundings, allowing for improved visibility and safer parking, while the Moving Object Detection system alerts the driver to potential hazards and obstacles in front and behind the vehicle. The two technologies are already integrated into Nissan's Infiniti Q50 sedan and other model-year 2014 Nissan vehicles.
Nissan plans to license","{""do_sample"": true, ""temperature"": 1.0, ""top_p"": 0.95, ""top_k"": 50, ""repetition_penalty"": 1.0, ""max_new_tokens"": 128}"
kgw,2.0,1,1379,145,145,A concrete slab and 10-foot high block walls with exposed rebar sit behind a chain link fence as an ugly ,"A concrete slab and 10-foot high block walls with exposed rebar sit behind a chain link fence as an ugly 15-acre plot in the middle of Los Angeles. The property, also known as the "" LA River Courts,"" has been abandoned since the 1980s. (Damien Dinning)
This is one of the most depressing places I've ever seen. The story behind this abandoned plot of land is fascinating, but the actual site is just heartbreaking. According to the LA Times, the property was once a thriving sports complex, with tennis courts, baseball fields, and a swimming pool. But after the city of Los Angeles closed the facility in the 1980s, it was left to decay. Today, it's a symbol of neglect","15-acre plot in the middle of Los Angeles. The property, also known as the "" LA River Courts,"" has been abandoned since the 1980s. (Damien Dinning)
This is one of the most depressing places I've ever seen. The story behind this abandoned plot of land is fascinating, but the actual site is just heartbreaking. According to the LA Times, the property was once a thriving sports complex, with tennis courts, baseball fields, and a swimming pool. But after the city of Los Angeles closed the facility in the 1980s, it was left to decay. Today, it's a symbol of neglect","{""do_sample"": true, ""temperature"": 1.0, ""top_p"": 0.95, ""top_k"": 50, ""repetition_penalty"": 1.0, ""max_new_tokens"": 128}"
kgw,2.0,1,1381,147,147,It may be noted that Air India's was the only service that plied between Madurai and Mumbai. Some passengers pointed ,"It may be noted that Air India's was the only service that plied between Madurai and Mumbai. Some passengers pointed outhat it takes a significant amount of time for the aircraft to land, which may cause a delay in the onward journey. … The airline has also asked to reduce its fuel consumption by 20% and reduce carbon emissions by 10% compared to the previous year. Here are some of the reasons why Air India, India's national carrier, can't seem to make it big: 1. The aircraft's air-conditioning system has malfunctioned, making the flight uncomfortable for passengers, an official said. [3] The airline's operations are affected by factors such as crew availability, maintenance and ground handling services, which affect the airline","outhat it takes a significant amount of time for the aircraft to land, which may cause a delay in the onward journey. … The airline has also asked to reduce its fuel consumption by 20% and reduce carbon emissions by 10% compared to the previous year. Here are some of the reasons why Air India, India's national carrier, can't seem to make it big: 1. The aircraft's air-conditioning system has malfunctioned, making the flight uncomfortable for passengers, an official said. [3] The airline's operations are affected by factors such as crew availability, maintenance and ground handling services, which affect the airline","{""do_sample"": true, ""temperature"": 1.0, ""top_p"": 0.95, ""top_k"": 50, ""repetition_penalty"": 1.0, ""max_new_tokens"": 128}"
kgw,2.0,1,1383,149,149,"Initiated by Joint Chiefs of Staff Chairman General Nathan Twining and Chief of Naval Operations Admiral Arleigh Burke, and then ","Initiated by Joint Chiefs of Staff Chairman General Nathan Twining and Chief of Naval Operations Admiral Arleigh Burke, and then 1955, and later by President Dwight D. Eisenhower in 1956.
Although the US government and the Department of Defense had already been conducting secret studies of UFO sightings and reports since the 1940s, the official government investigation and study of the phenomenon began with the establishment of Project Blue Book in March 1952.
Project Blue Book was a systematic study of unidentified flying objects (UFOs) conducted by the United States Air Force. The project, which lasted from 1952 to 1969, collected and analyzed data on over 12,000 reported UFO sightings.
The project was initially led by Captain Edward J.","1955, and later by President Dwight D. Eisenhower in 1956.
Although the US government and the Department of Defense had already been conducting secret studies of UFO sightings and reports since the 1940s, the official government investigation and study of the phenomenon began with the establishment of Project Blue Book in March 1952.
Project Blue Book was a systematic study of unidentified flying objects (UFOs) conducted by the United States Air Force. The project, which lasted from 1952 to 1969, collected and analyzed data on over 12,000 reported UFO sightings.
The project was initially led by Captain Edward J.","{""do_sample"": true, ""temperature"": 1.0, ""top_p"": 0.95, ""top_k"": 50, ""repetition_penalty"": 1.0, ""max_new_tokens"": 128}"
kgw,2.0,1,1385,151,151,"DAVENPORT - Don Skipper, an administrative assistant at Ridge Community High School, was named the school's head boys basketball coach ","DAVENPORT - Don Skipper, an administrative assistant at Ridge Community High School, was named the school's head boys basketball coach 12 years ago.
Since then, he has led the Bolts to three District 12-5A championships and seven FHSAA Regional Tournament appearances. Skipper also has been instrumental in the development of the school's girls basketball program.
As the assistant principal for athletics at Ridge Community, Skipper oversees the school's athletic programs, including basketball, football, soccer, baseball and softball.
Skipper was honored as the Class 5A Coach of the Year in 2011 and was a finalist for the award in 2007 and 2009. He was also named the District 12-5A Coach of the Year multiple","12 years ago.
Since then, he has led the Bolts to three District 12-5A championships and seven FHSAA Regional Tournament appearances. Skipper also has been instrumental in the development of the school's girls basketball program.
As the assistant principal for athletics at Ridge Community, Skipper oversees the school's athletic programs, including basketball, football, soccer, baseball and softball.
Skipper was honored as the Class 5A Coach of the Year in 2011 and was a finalist for the award in 2007 and 2009. He was also named the District 12-5A Coach of the Year multiple","{""do_sample"": true, ""temperature"": 1.0, ""top_p"": 0.95, ""top_k"": 50, ""repetition_penalty"": 1.0, ""max_new_tokens"": 128}"
kgw,2.0,1,1387,153,153,Still image of Lisa Sharon Harper from YouTube. Pastors and lay leaders who represent minority and multiethnic communities and are ,"Still image of Lisa Sharon Harper from YouTube. Pastors and lay leaders who represent minority and multiethnic communities and are 40 years or under are encouraged to apply.
A new fellowship program aimed at empowering younger clergy and lay leaders in the United States to address systemic racism and promote racial reconciliation is now accepting applications.
The Reconciliation and Justice Fellowship is a two-year program launched by the Evangelical Covenant Church (ECC) and the Sentral Foundation, a community organization in Chicago. The fellowship will bring together 10 leaders from the ECC and other denominations to participate in a comprehensive program of leadership development, biblical studies, and practical ministry application.
The fellowship is specifically designed for pastors and lay leaders who represent minority and multiethnic communities and are 40 years or","40 years or under are encouraged to apply.
A new fellowship program aimed at empowering younger clergy and lay leaders in the United States to address systemic racism and promote racial reconciliation is now accepting applications.
The Reconciliation and Justice Fellowship is a two-year program launched by the Evangelical Covenant Church (ECC) and the Sentral Foundation, a community organization in Chicago. The fellowship will bring together 10 leaders from the ECC and other denominations to participate in a comprehensive program of leadership development, biblical studies, and practical ministry application.
The fellowship is specifically designed for pastors and lay leaders who represent minority and multiethnic communities and are 40 years or","{""do_sample"": true, ""temperature"": 1.0, ""top_p"": 0.95, ""top_k"": 50, ""repetition_penalty"": 1.0, ""max_new_tokens"": 128}"
kgw,2.0,1,1389,155,155,"It’s amazing what a difference time can make in the way we perceive certain technologies. A few years ago, the ","It’s amazing what a difference time can make in the way we perceive certain technologies. A few years ago, the 3D printing industry was mostly composed of hobbyists and small-scale makers, experimenting with printers made from DIY kits or early commercial models. Today, we have a vast array of 3D printers that are highly advanced, reliable, and accessible to professionals and consumers alike.

One of the most impressive developments in the 3D printing industry is the rise of affordable, commercial-grade printers that offer exceptional print quality, reliability, and versatility. These printers are now widely used across various industries, from medicine and aerospace to education and consumer products.

However, despite the significant advancements in 3D printing technology, there are still many potential applications and uses","3D printing industry was mostly composed of hobbyists and small-scale makers, experimenting with printers made from DIY kits or early commercial models. Today, we have a vast array of 3D printers that are highly advanced, reliable, and accessible to professionals and consumers alike.

One of the most impressive developments in the 3D printing industry is the rise of affordable, commercial-grade printers that offer exceptional print quality, reliability, and versatility. These printers are now widely used across various industries, from medicine and aerospace to education and consumer products.

However, despite the significant advancements in 3D printing technology, there are still many potential applications and uses","{""do_sample"": true, ""temperature"": 1.0, ""top_p"": 0.95, ""top_k"": 50, ""repetition_penalty"": 1.0, ""max_new_tokens"": 128}"
kgw,2.0,1,1391,157,157,"Boston Marathon Bombing Suspect Enters Not Guilty Pleas In 1st Public Court HearingFor the first plea, Dzhokhar Tsarnaev leaned toward ","Boston Marathon Bombing Suspect Enters Not Guilty Pleas In 1st Public Court HearingFor the first plea, Dzhokhar Tsarnaev leaned toward 27-year-old defense lawyer Judy Clarke.
Boston Marathon Bomber May Face Death Penalty If ConvictedDzhokhar Tsarnaev's attorney, Judy Clarke, has represented several high-profile defendants, including Unabomber Ted Kaczynski and Atlanta Olympics bomber Eric Rudolph.
Dzhokhar Tsarnaev Pleads Not Guilty To Boston Marathon Bombing ChargesAt his federal trial, Dzhokhar Tsarnaev, 20, has pleaded not guilty to all 30 counts of charges in connection with the Boston Marathon bombing and subsequent manhunt.
FBI Transcripts: Boston Marathon Bomber Wanted To Create 'Ch","27-year-old defense lawyer Judy Clarke.
Boston Marathon Bomber May Face Death Penalty If ConvictedDzhokhar Tsarnaev's attorney, Judy Clarke, has represented several high-profile defendants, including Unabomber Ted Kaczynski and Atlanta Olympics bomber Eric Rudolph.
Dzhokhar Tsarnaev Pleads Not Guilty To Boston Marathon Bombing ChargesAt his federal trial, Dzhokhar Tsarnaev, 20, has pleaded not guilty to all 30 counts of charges in connection with the Boston Marathon bombing and subsequent manhunt.
FBI Transcripts: Boston Marathon Bomber Wanted To Create 'Ch","{""do_sample"": true, ""temperature"": 1.0, ""top_p"": 0.95, ""top_k"": 50, ""repetition_penalty"": 1.0, ""max_new_tokens"": 128}"
kgw,2.0,1,1393,159,159,"Chee Wei Wong, professor of electrical and computer engineering in the UCLA Samueli School of Engineering, was named a fellow ","Chee Wei Wong, professor of electrical and computer engineering in the UCLA Samueli School of Engineering, was named a fellow  of the Institute of Electrical and Electronics Engineers (IEEE) for his contributions to the development of high-speed electronic circuits and systems.
The IEEE is a professional association of engineers, scientists and other specialists in the fields of electrical and computer engineering, computer science, and related disciplines. The IEEE Fellow designation is the highest level of membership in the IEEE and is awarded to individuals who have made significant contributions to the profession.

Wong, who is also a professor of bioengineering in the UCLA College of Letters and Science, has been recognized for his work in developing high-speed electronic circuits and systems that have enabled numerous applications in fields such as telecommunications, computing"," of the Institute of Electrical and Electronics Engineers (IEEE) for his contributions to the development of high-speed electronic circuits and systems.
The IEEE is a professional association of engineers, scientists and other specialists in the fields of electrical and computer engineering, computer science, and related disciplines. The IEEE Fellow designation is the highest level of membership in the IEEE and is awarded to individuals who have made significant contributions to the profession.

Wong, who is also a professor of bioengineering in the UCLA College of Letters and Science, has been recognized for his work in developing high-speed electronic circuits and systems that have enabled numerous applications in fields such as telecommunications, computing","{""do_sample"": true, ""temperature"": 1.0, ""top_p"": 0.95, ""top_k"": 50, ""repetition_penalty"": 1.0, ""max_new_tokens"": 128}"
kgw,2.0,1,1395,161,161,Viewers will not want to miss Friday’s episode of General Hospital. Spoilers tease that everybody will see lots of juicy ,"Viewers will not want to miss Friday’s episode of General Hospital. Spoilers tease that everybody will see lots of juicy  action, romance, and intrigue. Here are some of the top  storylines you won’t want to miss:
1. Elizabeth and Kiki: Fans will be treated to an emotional encounter between Elizabeth and Kiki. Expect a heart-to-heart that will bring tears to their eyes. Their bond is one of the strongest and most beloved on the show.
2. Carly’s Confrontation: Carly will confront Nina about the truth about her past and her role in Avery’s adoption. The situation will get tense and explosive, leading to an interesting dynamic between the two characters.
3. Hayden and Nathan: Hayden and Nathan will have"," action, romance, and intrigue. Here are some of the top  storylines you won’t want to miss:
1. Elizabeth and Kiki: Fans will be treated to an emotional encounter between Elizabeth and Kiki. Expect a heart-to-heart that will bring tears to their eyes. Their bond is one of the strongest and most beloved on the show.
2. Carly’s Confrontation: Carly will confront Nina about the truth about her past and her role in Avery’s adoption. The situation will get tense and explosive, leading to an interesting dynamic between the two characters.
3. Hayden and Nathan: Hayden and Nathan will have","{""do_sample"": true, ""temperature"": 1.0, ""top_p"": 0.95, ""top_k"": 50, ""repetition_penalty"": 1.0, ""max_new_tokens"": 128}"
kgw,2.0,1,1397,163,163,"Tue., May 29, 2018, 10:20 a.m. CAGUAS, Puerto Rico – At least 4,645 people died as a result of Hurricane ","Tue., May 29, 2018, 10:20 a.m. CAGUAS, Puerto Rico – At least 4,645 people died as a result of Hurricane  Maria, which ravaged Puerto Rico last year, according to a long-awaited study from George Washington University. The study, commissioned by Puerto Rico’s government, found that more people died as a result of the storm than previously thought. The death toll from Maria, which hit on September 20, 2017, was initially estimated to be around 1,000 to 1,100, but the study found that many more deaths were attributable to the storm and its aftermath. The study, published in the New England Journal of Medicine on Tuesday, attributed 4,645 deaths to Hurricane Maria between September 2017 and February "," Maria, which ravaged Puerto Rico last year, according to a long-awaited study from George Washington University. The study, commissioned by Puerto Rico’s government, found that more people died as a result of the storm than previously thought. The death toll from Maria, which hit on September 20, 2017, was initially estimated to be around 1,000 to 1,100, but the study found that many more deaths were attributable to the storm and its aftermath. The study, published in the New England Journal of Medicine on Tuesday, attributed 4,645 deaths to Hurricane Maria between September 2017 and February ","{""do_sample"": true, ""temperature"": 1.0, ""top_p"": 0.95, ""top_k"": 50, ""repetition_penalty"": 1.0, ""max_new_tokens"": 128}"
kgw,2.0,1,1399,165,165,"Kyle Schwarber may be out for the season, but the home run ball he hit during the Cubs-Cardinals National League ","Kyle Schwarber may be out for the season, but the home run ball he hit during the Cubs-Cardinals National League  wild card game last October still lives on through a charity auction.
The ball, which helped the Cubs secure a 6-4 victory and a spot in the division series, has been autographed by Schwarber and is now up for bid on MLB Auctions.
All proceeds from the auction will benefit the Cubs Charities, which supports various charitable organizations throughout the Chicago area. The auction runs through November 18.
As of Monday afternoon, the bid was at $2,550, but it's likely to continue to climb as fans and collectors around the country get a chance to own a piece of Cubs history.
Bidding on the auction"," wild card game last October still lives on through a charity auction.
The ball, which helped the Cubs secure a 6-4 victory and a spot in the division series, has been autographed by Schwarber and is now up for bid on MLB Auctions.
All proceeds from the auction will benefit the Cubs Charities, which supports various charitable organizations throughout the Chicago area. The auction runs through November 18.
As of Monday afternoon, the bid was at $2,550, but it's likely to continue to climb as fans and collectors around the country get a chance to own a piece of Cubs history.
Bidding on the auction","{""do_sample"": true, ""temperature"": 1.0, ""top_p"": 0.95, ""top_k"": 50, ""repetition_penalty"": 1.0, ""max_new_tokens"": 128}"
kgw,2.0,1,1401,167,167,Only former Israeli President Shimon Peres could pull off something like organizing a friendly football (soccer) match between Israeli and ,"Only former Israeli President Shimon Peres could pull off something like organizing a friendly football (soccer) match between Israeli and 3 Palestinian teams.
Israel's President Reuven Rivlin and Palestinian Authority President Mahmoud Abbas both attended the match, which took place at the Ramat Gan Stadium near Tel Aviv.
Israel's sports minister Miri Regev was also present at the event.
The game was played in a spirit of friendly competition with a mix of senior and junior players from both sides. The match was played in the name of the Shimon Peres Israel Football Federation and the Palestinian Football Federation.
Despite the tensions and conflicts that have plagued the region in recent years, the match was a gesture of peace and goodwill. Both teams wore jerseys with the logo of","3 Palestinian teams.
Israel's President Reuven Rivlin and Palestinian Authority President Mahmoud Abbas both attended the match, which took place at the Ramat Gan Stadium near Tel Aviv.
Israel's sports minister Miri Regev was also present at the event.
The game was played in a spirit of friendly competition with a mix of senior and junior players from both sides. The match was played in the name of the Shimon Peres Israel Football Federation and the Palestinian Football Federation.
Despite the tensions and conflicts that have plagued the region in recent years, the match was a gesture of peace and goodwill. Both teams wore jerseys with the logo of","{""do_sample"": true, ""temperature"": 1.0, ""top_p"": 0.95, ""top_k"": 50, ""repetition_penalty"": 1.0, ""max_new_tokens"": 128}"
kgw,2.0,1,1403,169,169,Katie Price and her new baby return home after holidaying in Europe. Alex Reid has tweeted a message of support ,"Katie Price and her new baby return home after holidaying in Europe. Alex Reid has tweeted a message of support 29/08/2013
Katie Price and her new baby return home after holidaying in Europe. Alex Reid has tweeted a message of support 29/08/2013
Katie Price, 36, has returned home from her European holiday with her new baby, Junior Savva Andreas Andreas - her son with her ex-husband Alex Reid. Alex, 37, has tweeted a message of support for Katie after their split.
Katie Price, 36, has returned home from her European holiday with her new baby, Junior Savva Andreas Andreas - her son with her ex-husband Alex Reid. Alex, ","29/08/2013
Katie Price and her new baby return home after holidaying in Europe. Alex Reid has tweeted a message of support 29/08/2013
Katie Price, 36, has returned home from her European holiday with her new baby, Junior Savva Andreas Andreas - her son with her ex-husband Alex Reid. Alex, 37, has tweeted a message of support for Katie after their split.
Katie Price, 36, has returned home from her European holiday with her new baby, Junior Savva Andreas Andreas - her son with her ex-husband Alex Reid. Alex, ","{""do_sample"": true, ""temperature"": 1.0, ""top_p"": 0.95, ""top_k"": 50, ""repetition_penalty"": 1.0, ""max_new_tokens"": 128}"
kgw,2.0,1,1405,171,171,"Stopping nearsightedness in kids and more. This week, Dr. Sydney Spiesel discusses a way to stop the progression of nearsightedness ","Stopping nearsightedness in kids and more. This week, Dr. Sydney Spiesel discusses a way to stop the progression of nearsightedness  (nearsightedness) in children, as well as how to address common issues that come up during pediatric well visits. If your child’s eyes are starting to get worse, you can talk to your eye doctor about how to slow or stop the progression of nearsightedness.
Here are a few quick facts about myopia, also known as nearsightedness:
Nearsightedness is a condition where close objects appear clearly, but distant objects appear blurry.
According to the American Academy of Ophthalmology, myopia affects approximately 22% of people under the age of 18.
Myopia typically starts in childhood and can"," (nearsightedness) in children, as well as how to address common issues that come up during pediatric well visits. If your child’s eyes are starting to get worse, you can talk to your eye doctor about how to slow or stop the progression of nearsightedness.
Here are a few quick facts about myopia, also known as nearsightedness:
Nearsightedness is a condition where close objects appear clearly, but distant objects appear blurry.
According to the American Academy of Ophthalmology, myopia affects approximately 22% of people under the age of 18.
Myopia typically starts in childhood and can","{""do_sample"": true, ""temperature"": 1.0, ""top_p"": 0.95, ""top_k"": 50, ""repetition_penalty"": 1.0, ""max_new_tokens"": 128}"
kgw,2.0,1,1407,173,173,"In this Sept. 1, 2014 photo released by the U.S. Geological Survey, fluid lava streams from the June 27 lava ","In this Sept. 1, 2014 photo released by the U.S. Geological Survey, fluid lava streams from the June 27 lava 1st flow, which is burning in the landscape, in Volcanoes National Park, Hawaii. Scientists are warning that a large-scale eruption of Kilauea volcano could occur within the next few months, forcing residents and tourists alike to prepare for a potentially catastrophic event.
HONOLULU — Scientists are warning that a large-scale eruption of Kilauea volcano could occur within the next few months, forcing residents and tourists alike to prepare for a potentially catastrophic event.
The U.S. Geological Survey said Monday that magma beneath Kilauea's summit is slowly moving downslope towards the East Rift Zone, which has been erupt","1st flow, which is burning in the landscape, in Volcanoes National Park, Hawaii. Scientists are warning that a large-scale eruption of Kilauea volcano could occur within the next few months, forcing residents and tourists alike to prepare for a potentially catastrophic event.
HONOLULU — Scientists are warning that a large-scale eruption of Kilauea volcano could occur within the next few months, forcing residents and tourists alike to prepare for a potentially catastrophic event.
The U.S. Geological Survey said Monday that magma beneath Kilauea's summit is slowly moving downslope towards the East Rift Zone, which has been erupt","{""do_sample"": true, ""temperature"": 1.0, ""top_p"": 0.95, ""top_k"": 50, ""repetition_penalty"": 1.0, ""max_new_tokens"": 128}"
kgw,2.0,1,1409,175,175,The air ambulance was mobilised following reports that a man had fallen on a tree branch and impaled his neck ,"The air ambulance was mobilised following reports that a man had fallen on a tree branch and impaled his neck 6 inches deep.
Paramedics, police and firefighters responded to the emergency call-out, which took place in the woodland area near the village of Burgh le Marsh, near Skegness, Lincolnshire.
The air ambulance, which was scrambled from the Lincolnshire Air Support base, landed nearby and paramedics treated the injured man on the ground before airlifting him to a hospital in Nottingham.
It is understood that the man is in a stable condition and receiving treatment for his injuries.
The air ambulance, which is a rapid response service, is equipped with highly trained medical staff and advanced equipment, including stretcher and medical bay, to administer life","6 inches deep.
Paramedics, police and firefighters responded to the emergency call-out, which took place in the woodland area near the village of Burgh le Marsh, near Skegness, Lincolnshire.
The air ambulance, which was scrambled from the Lincolnshire Air Support base, landed nearby and paramedics treated the injured man on the ground before airlifting him to a hospital in Nottingham.
It is understood that the man is in a stable condition and receiving treatment for his injuries.
The air ambulance, which is a rapid response service, is equipped with highly trained medical staff and advanced equipment, including stretcher and medical bay, to administer life","{""do_sample"": true, ""temperature"": 1.0, ""top_p"": 0.95, ""top_k"": 50, ""repetition_penalty"": 1.0, ""max_new_tokens"": 128}"
kgw,2.0,1,1411,177,177,The University of Maryland President Wallace Loh. University of Maryland President Wallace Loh stood before reporters Aug. 14 and apologized ,"The University of Maryland President Wallace Loh. University of Maryland President Wallace Loh stood before reporters Aug. 14 and apologized  for his role in the decision to invite former Secretary of Defense Robert Gates to give a speech at the university, despite his comments about African American athletes in college sports. (Photo by Dan Addison/UVA Today)
COLLEGE PARK, Md. — University of Maryland President Wallace Loh on Tuesday apologized for his role in the decision to invite former Secretary of Defense Robert Gates to give a speech at the university, despite his comments about African American athletes in college sports.
Speaking to reporters, Loh acknowledged that his decision to invite Gates was ""a mistake"" and that he should have been more mindful of the potential impact of Gates' comments"," for his role in the decision to invite former Secretary of Defense Robert Gates to give a speech at the university, despite his comments about African American athletes in college sports. (Photo by Dan Addison/UVA Today)
COLLEGE PARK, Md. — University of Maryland President Wallace Loh on Tuesday apologized for his role in the decision to invite former Secretary of Defense Robert Gates to give a speech at the university, despite his comments about African American athletes in college sports.
Speaking to reporters, Loh acknowledged that his decision to invite Gates was ""a mistake"" and that he should have been more mindful of the potential impact of Gates' comments","{""do_sample"": true, ""temperature"": 1.0, ""top_p"": 0.95, ""top_k"": 50, ""repetition_penalty"": 1.0, ""max_new_tokens"": 128}"
kgw,2.0,1,1413,179,179,"in French). Nov. 19 at 3:30: ""Walkabout"" (1971, Nicolas Roeg). Nov. 20 at 1 and Nov. 22 at 4:40: ""Mean ","in French). Nov. 19 at 3:30: ""Walkabout"" (1971, Nicolas Roeg). Nov. 20 at 1 and Nov. 22 at 4:40: ""Mean 15"" (1997, Isaac Julien). Nov. 22 at 7 p.m. and Nov. 23 at 3 p.m.: ""Y Tu Mama Tambien"" (2001, Alfonso Cuarón).
at 3:30: ""E.T."" (1982, Steven Spielberg).
Nov. 22 at 1 and Nov. 23 at 5:30: ""Cinema 16mm: Experimental Films"" (Various).
Nov. 19 at 5:15: ""Vivre Sa Vie"" (1962, Jean-Luc Godard).
Nov. 21 at ","15"" (1997, Isaac Julien). Nov. 22 at 7 p.m. and Nov. 23 at 3 p.m.: ""Y Tu Mama Tambien"" (2001, Alfonso Cuarón).
at 3:30: ""E.T."" (1982, Steven Spielberg).
Nov. 22 at 1 and Nov. 23 at 5:30: ""Cinema 16mm: Experimental Films"" (Various).
Nov. 19 at 5:15: ""Vivre Sa Vie"" (1962, Jean-Luc Godard).
Nov. 21 at ","{""do_sample"": true, ""temperature"": 1.0, ""top_p"": 0.95, ""top_k"": 50, ""repetition_penalty"": 1.0, ""max_new_tokens"": 128}"
kgw,2.0,1,1415,181,181,(Reuters) - U.S. ride services firm Lyft Inc is in talks with an advisor for a targeted March or April ,"(Reuters) - U.S. ride services firm Lyft Inc is in talks with an advisor for a targeted March or April 2023 initial public offering (IPO), Bloomberg reported on Friday, citing people with knowledge of the matter.
Lyft's IPO plans were previously reported to be delayed due to ongoing market volatility and the firm's efforts to improve its financial performance and reduce losses.
Lyft is considering a smaller IPO, known as a ""SPAC transaction"", which involves merging with a special-purpose acquisition company (SPAC) to go public, the report said.
A smaller IPO could provide Lyft with a faster and less expensive way to go public compared to a traditional IPO, Bloomberg reported, citing a person familiar with the plans.
The report added that Lyft's","2023 initial public offering (IPO), Bloomberg reported on Friday, citing people with knowledge of the matter.
Lyft's IPO plans were previously reported to be delayed due to ongoing market volatility and the firm's efforts to improve its financial performance and reduce losses.
Lyft is considering a smaller IPO, known as a ""SPAC transaction"", which involves merging with a special-purpose acquisition company (SPAC) to go public, the report said.
A smaller IPO could provide Lyft with a faster and less expensive way to go public compared to a traditional IPO, Bloomberg reported, citing a person familiar with the plans.
The report added that Lyft's","{""do_sample"": true, ""temperature"": 1.0, ""top_p"": 0.95, ""top_k"": 50, ""repetition_penalty"": 1.0, ""max_new_tokens"": 128}"
kgw,2.0,1,1417,183,183,Advocates for government accountability were alarmed to learn Gov. Jared Polis was undecided on whether to veto a bill to ,"Advocates for government accountability were alarmed to learn Gov. Jared Polis was undecided on whether to veto a bill to 911 calls in Colorado and provide funding for the Colorado National Guard.
Boulder-based Western Wire, a non-profit organization that advocates for transparency and accountability in government, called on Polis to veto the bill, citing concerns that it would undermine the state’s emergency response system and create unnecessary regulatory burdens on first responders.
The bill, HB21-1190, aimed to provide $15 million in state funding for the Colorado National Guard to assist in responding to emergencies and supporting local emergency management agencies.
However, Western Wire argued that the bill would also change the 911 system by allowing the Colorado Office of Emergency Management to override local 911 decisions and","911 calls in Colorado and provide funding for the Colorado National Guard.
Boulder-based Western Wire, a non-profit organization that advocates for transparency and accountability in government, called on Polis to veto the bill, citing concerns that it would undermine the state’s emergency response system and create unnecessary regulatory burdens on first responders.
The bill, HB21-1190, aimed to provide $15 million in state funding for the Colorado National Guard to assist in responding to emergencies and supporting local emergency management agencies.
However, Western Wire argued that the bill would also change the 911 system by allowing the Colorado Office of Emergency Management to override local 911 decisions and","{""do_sample"": true, ""temperature"": 1.0, ""top_p"": 0.95, ""top_k"": 50, ""repetition_penalty"": 1.0, ""max_new_tokens"": 128}"
kgw,2.0,1,1419,185,185,"MADRID: As Cristiano Ronaldo enjoyed his time off at the French Riviera, his Portugal team-mates were busy handing Italy another ","MADRID: As Cristiano Ronaldo enjoyed his time off at the French Riviera, his Portugal team-mates were busy handing Italy another 4-0 thrashing in the Nations League.
A goal apiece from Joao Félix, Diogo Dalot, João Palhinha and Bernardo Silva condemned the Italians to a seventh consecutive defeat.
Italy, who were expected to be one of the top teams in the tournament, have been in a slump since their failure to qualify for the 2018 World Cup.
Their latest defeat was a humiliating one, as they struggled to contain Portugal's attacking prowess.
The win lifted Portugal to the top of Group A3, above Italy, ahead of next month's final group matches.
Ronaldo, who has been on holiday","4-0 thrashing in the Nations League.
A goal apiece from Joao Félix, Diogo Dalot, João Palhinha and Bernardo Silva condemned the Italians to a seventh consecutive defeat.
Italy, who were expected to be one of the top teams in the tournament, have been in a slump since their failure to qualify for the 2018 World Cup.
Their latest defeat was a humiliating one, as they struggled to contain Portugal's attacking prowess.
The win lifted Portugal to the top of Group A3, above Italy, ahead of next month's final group matches.
Ronaldo, who has been on holiday","{""do_sample"": true, ""temperature"": 1.0, ""top_p"": 0.95, ""top_k"": 50, ""repetition_penalty"": 1.0, ""max_new_tokens"": 128}"
kgw,2.0,1,1421,187,187,"Florida Institute of Technology quarterback Brandon Ziarno. MELBOURNE, Fla. - Florida Institute of Technology quarterback Brandon Ziarno was arrested Friday ","Florida Institute of Technology quarterback Brandon Ziarno. MELBOURNE, Fla. - Florida Institute of Technology quarterback Brandon Ziarno was arrested Friday  morning and charged with domestic battery and violation of an injunction.
According to the Melbourne Police Department, Ziarno was taken into custody after a domestic disturbance call was reported at an apartment complex near campus.
Ziarno was booked into the Brevard County Jail and released later that afternoon on a $1,500 bond.
A statement from the university said, ""Florida Tech is aware of the arrest of Brandon Ziarno and is taking it seriously. We will conduct an investigation into the matter and take appropriate action.""
Ziarno was a starter for the Panthers last season and was expected to be a key player for"," morning and charged with domestic battery and violation of an injunction.
According to the Melbourne Police Department, Ziarno was taken into custody after a domestic disturbance call was reported at an apartment complex near campus.
Ziarno was booked into the Brevard County Jail and released later that afternoon on a $1,500 bond.
A statement from the university said, ""Florida Tech is aware of the arrest of Brandon Ziarno and is taking it seriously. We will conduct an investigation into the matter and take appropriate action.""
Ziarno was a starter for the Panthers last season and was expected to be a key player for","{""do_sample"": true, ""temperature"": 1.0, ""top_p"": 0.95, ""top_k"": 50, ""repetition_penalty"": 1.0, ""max_new_tokens"": 128}"
kgw,2.0,1,1423,189,189,Runaway Entertainment is looking for an experienced Associate General Manager to work across all their productions. Runaway Entertainment Ltd is ,"Runaway Entertainment is looking for an experienced Associate General Manager to work across all their productions. Runaway Entertainment Ltd is 2 x BAFTA award winning TV production company based in Bristol, creating content for major networks including BBC, ITV, Channel 4, Netflix and Amazon Prime.
Job Description: The Associate General Manager will be responsible for supporting the General Manager and other Senior Management in the day to day running of the production company. Key responsibilities will include:
Assist with the development and implementation of the company's strategic plans
Support the General Manager with budgeting, forecasting and financial management
Manage and coordinate all production activities and schedules
Support and coordinate logistics for filming and post-production
Maintain and update databases, spreadsheets and other documents as necessary
Coordinate","2 x BAFTA award winning TV production company based in Bristol, creating content for major networks including BBC, ITV, Channel 4, Netflix and Amazon Prime.
Job Description: The Associate General Manager will be responsible for supporting the General Manager and other Senior Management in the day to day running of the production company. Key responsibilities will include:
Assist with the development and implementation of the company's strategic plans
Support the General Manager with budgeting, forecasting and financial management
Manage and coordinate all production activities and schedules
Support and coordinate logistics for filming and post-production
Maintain and update databases, spreadsheets and other documents as necessary
Coordinate","{""do_sample"": true, ""temperature"": 1.0, ""top_p"": 0.95, ""top_k"": 50, ""repetition_penalty"": 1.0, ""max_new_tokens"": 128}"
kgw,2.0,1,1425,191,191,The New York Times on Thursday printed a special section featuring portraits of nearly every member of the record number ,"The New York Times on Thursday printed a special section featuring portraits of nearly every member of the record number 116th Congress, as well as several notable government officials.
The 64-page section, titled ""The People,"" was designed by creative director Eddie Smith and features photography by The New York Times's staff photographers and other contributing artists. It includes portraits of representatives, senators, and high-ranking officials from both parties, as well as those who may be relatively unknown to the general public.
The effort is part of the newspaper's long-running tradition of documenting and featuring the people who make up the U.S. government. The Times has published portraits of Congress members since the early days of the Republic, and the latest edition represents the largest and most comprehensive","116th Congress, as well as several notable government officials.
The 64-page section, titled ""The People,"" was designed by creative director Eddie Smith and features photography by The New York Times's staff photographers and other contributing artists. It includes portraits of representatives, senators, and high-ranking officials from both parties, as well as those who may be relatively unknown to the general public.
The effort is part of the newspaper's long-running tradition of documenting and featuring the people who make up the U.S. government. The Times has published portraits of Congress members since the early days of the Republic, and the latest edition represents the largest and most comprehensive","{""do_sample"": true, ""temperature"": 1.0, ""top_p"": 0.95, ""top_k"": 50, ""repetition_penalty"": 1.0, ""max_new_tokens"": 128}"
kgw,2.0,1,1427,193,193,"Equipped with their own factory, they make different kinds of outstanding fish cake. Fish cake in Busan is the most ","Equipped with their own factory, they make different kinds of outstanding fish cake. Fish cake in Busan is the most 2015.12.13. There are many types of fish cake that are popular in Korea, but the most popular type in Busan is a fish cake called ""eomuk"". Eomuk, also spelled oemuk, is a Korean fishcake made with surimi, starch, and spices. Busan is the city where fish cakes are very popular and you can find them at any market or street food stall. The best place for trying fish cakes in Korea would be Busan, the city where the most popular fish cake, “eomuk”, originated. The most popular fish cakes in Korea are made from sur","2015.12.13. There are many types of fish cake that are popular in Korea, but the most popular type in Busan is a fish cake called ""eomuk"". Eomuk, also spelled oemuk, is a Korean fishcake made with surimi, starch, and spices. Busan is the city where fish cakes are very popular and you can find them at any market or street food stall. The best place for trying fish cakes in Korea would be Busan, the city where the most popular fish cake, “eomuk”, originated. The most popular fish cakes in Korea are made from sur","{""do_sample"": true, ""temperature"": 1.0, ""top_p"": 0.95, ""top_k"": 50, ""repetition_penalty"": 1.0, ""max_new_tokens"": 128}"
kgw,2.0,1,1429,195,195,An Alsip police officer seriously wounded a man in an on-duty shooting early Wednesday after tracking a Cadillac suspected of ,"An Alsip police officer seriously wounded a man in an on-duty shooting early Wednesday after tracking a Cadillac suspected of 16 robberies, authorities said.
The man, identified as 24-year-old Antoine D. Washington of the South Side, was shot in the chest and arm about 2:20 a.m. on the 12200 block of South State Street in Alsip, according to police and Cook County prosecutors.
Alsip Officer Scott C. Johnson, a 6-year veteran of the force, was patrolling with his partner when they spotted the suspect vehicle, authorities said. They chased it to the location where the officer shot Washington.
Washington was in critical condition at Christ Medical Center in Oak Lawn, officials said.
The investigation indicated that Washington","16 robberies, authorities said.
The man, identified as 24-year-old Antoine D. Washington of the South Side, was shot in the chest and arm about 2:20 a.m. on the 12200 block of South State Street in Alsip, according to police and Cook County prosecutors.
Alsip Officer Scott C. Johnson, a 6-year veteran of the force, was patrolling with his partner when they spotted the suspect vehicle, authorities said. They chased it to the location where the officer shot Washington.
Washington was in critical condition at Christ Medical Center in Oak Lawn, officials said.
The investigation indicated that Washington","{""do_sample"": true, ""temperature"": 1.0, ""top_p"": 0.95, ""top_k"": 50, ""repetition_penalty"": 1.0, ""max_new_tokens"": 128}"
kgw,2.0,1,1431,197,197,"If you would like to support the Down Syndrome Association of West Michigan's campaign of kindness, you may visit the ","If you would like to support the Down Syndrome Association of West Michigan's campaign of kindness, you may visit the 16th Street Windows of Hope and make a donation. Your generosity will help support the mission of the Down Syndrome Association of West Michigan.
For more information about the Down Syndrome Association of West Michigan, visit their website: https://www.dsawm.org/
About the Windows of Hope:
The 16th Street Windows of Hope is a campaign of kindness and hope for the community of West Michigan. It is a collaborative effort between local organizations and businesses to support various charitable causes and initiatives throughout the year. The campaign is a series of decorated windows on 16th Street in Grand Rapids that represent various organizations and causes. Each window has a donation","16th Street Windows of Hope and make a donation. Your generosity will help support the mission of the Down Syndrome Association of West Michigan.
For more information about the Down Syndrome Association of West Michigan, visit their website: https://www.dsawm.org/
About the Windows of Hope:
The 16th Street Windows of Hope is a campaign of kindness and hope for the community of West Michigan. It is a collaborative effort between local organizations and businesses to support various charitable causes and initiatives throughout the year. The campaign is a series of decorated windows on 16th Street in Grand Rapids that represent various organizations and causes. Each window has a donation","{""do_sample"": true, ""temperature"": 1.0, ""top_p"": 0.95, ""top_k"": 50, ""repetition_penalty"": 1.0, ""max_new_tokens"": 128}"
kgw,2.0,1,1433,199,199,Jan. 22 will be here before agencies know it. So will Feb. 6. Here’s betting that even April 16 will ,"Jan. 22 will be here before agencies know it. So will Feb. 6. Here’s betting that even April 16 will  come all too quickly.
That’s because these are the next three deadlines for government spending bills in Washington, D.C. – and none of them has been passed yet.
In a normal year, Congress would have already approved spending bills for the current fiscal year. But this is not a normal year.
The current fiscal year, which started Oct. 1, is the first to be governed by the Budget and Accounting Transparency Act, signed into law in 2014. That act requires the federal government to present a budget that prioritizes spending and sets more detailed spending categories.
That means the process has become more complicated – and more"," come all too quickly.
That’s because these are the next three deadlines for government spending bills in Washington, D.C. – and none of them has been passed yet.
In a normal year, Congress would have already approved spending bills for the current fiscal year. But this is not a normal year.
The current fiscal year, which started Oct. 1, is the first to be governed by the Budget and Accounting Transparency Act, signed into law in 2014. That act requires the federal government to present a budget that prioritizes spending and sets more detailed spending categories.
That means the process has become more complicated – and more","{""do_sample"": true, ""temperature"": 1.0, ""top_p"": 0.95, ""top_k"": 50, ""repetition_penalty"": 1.0, ""max_new_tokens"": 128}"
