row_idx,attack_ratio,seed_used,attack_style_used,seed_window_chars,n_bytes,clean_tokens,attacked_tokens,traced_tokens,extra_token_count_in_traced,tail_match_rate_over_traced,green_flip_rate_uid_cleanfp_vs_attackfp,aligned_tokens,aligned_rate_over_traced,uid_match_rate_aligned,token_id_match_rate_aligned,char_ops,char_replace,char_delete,char_insert,segment_char_len,actual_char_edit_rate
0,0.0,0,none,18,3,161,161,128,0,1.0,0.0,128,1.0,1.0,1.0,0,0,0,0,0,0.0
1,0.0,1,none,18,3,163,163,128,0,1.0,0.0,128,1.0,1.0,1.0,0,0,0,0,0,0.0
2,0.0,2,none,18,3,157,157,127,0,1.0,0.0,127,1.0,1.0,1.0,0,0,0,0,0,0.0
3,0.0,3,none,18,3,151,151,128,0,1.0,0.0,128,1.0,1.0,1.0,0,0,0,0,0,0.0
4,0.0,4,none,18,3,157,157,128,0,1.0,0.0,128,1.0,1.0,1.0,0,0,0,0,0,0.0
5,0.0,5,none,18,3,152,152,128,0,1.0,0.0,128,1.0,1.0,1.0,0,0,0,0,0,0.0
6,0.0,6,none,18,3,158,158,128,0,1.0,0.0,128,1.0,1.0,1.0,0,0,0,0,0,0.0
7,0.0,7,none,18,3,155,155,128,0,1.0,0.0,128,1.0,1.0,1.0,0,0,0,0,0,0.0
8,0.0,8,none,18,3,152,152,128,0,1.0,0.0,128,1.0,1.0,1.0,0,0,0,0,0,0.0
9,0.0,9,none,18,3,159,159,128,0,1.0,0.0,128,1.0,1.0,1.0,0,0,0,0,0,0.0
10,0.0,10,none,18,3,152,152,128,0,1.0,0.0,128,1.0,1.0,1.0,0,0,0,0,0,0.0
11,0.0,11,none,18,3,153,153,128,0,1.0,0.0,128,1.0,1.0,1.0,0,0,0,0,0,0.0
12,0.0,12,none,18,3,153,153,128,0,1.0,0.0,128,1.0,1.0,1.0,0,0,0,0,0,0.0
13,0.0,13,none,18,3,155,155,128,0,1.0,0.0,128,1.0,1.0,1.0,0,0,0,0,0,0.0
14,0.0,14,none,18,3,152,152,128,0,1.0,0.0,128,1.0,1.0,1.0,0,0,0,0,0,0.0
15,0.0,15,none,18,3,154,154,128,0,1.0,0.0,128,1.0,1.0,1.0,0,0,0,0,0,0.0
16,0.0,16,none,18,3,155,155,128,0,1.0,0.0,128,1.0,1.0,1.0,0,0,0,0,0,0.0
17,0.0,17,none,18,3,154,154,128,0,1.0,0.0,128,1.0,1.0,1.0,0,0,0,0,0,0.0
18,0.0,18,none,18,3,155,155,128,0,1.0,0.0,128,1.0,1.0,1.0,0,0,0,0,0,0.0
19,0.0,19,none,18,3,154,154,128,0,1.0,0.0,128,1.0,1.0,1.0,0,0,0,0,0,0.0
20,0.0,20,none,18,3,159,159,128,0,1.0,0.0,128,1.0,1.0,1.0,0,0,0,0,0,0.0
21,0.0,21,none,18,3,159,159,128,0,1.0,0.0,128,1.0,1.0,1.0,0,0,0,0,0,0.0
22,0.0,22,none,18,3,163,163,128,0,1.0,0.0,128,1.0,1.0,1.0,0,0,0,0,0,0.0
23,0.0,23,none,18,3,152,152,128,0,1.0,0.0,128,1.0,1.0,1.0,0,0,0,0,0,0.0
24,0.0,24,none,18,3,155,155,128,0,1.0,0.0,128,1.0,1.0,1.0,0,0,0,0,0,0.0
25,0.0,25,none,18,3,152,152,128,0,1.0,0.0,128,1.0,1.0,1.0,0,0,0,0,0,0.0
26,0.0,26,none,18,3,153,153,128,0,1.0,0.0,128,1.0,1.0,1.0,0,0,0,0,0,0.0
27,0.0,27,none,18,3,156,156,128,0,1.0,0.0,128,1.0,1.0,1.0,0,0,0,0,0,0.0
28,0.0,28,none,18,3,151,151,128,0,1.0,0.0,128,1.0,1.0,1.0,0,0,0,0,0,0.0
29,0.0,29,none,18,3,153,153,128,0,1.0,0.0,128,1.0,1.0,1.0,0,0,0,0,0,0.0
30,0.0,30,none,18,3,154,154,128,0,1.0,0.0,128,1.0,1.0,1.0,0,0,0,0,0,0.0
31,0.0,31,none,18,3,152,152,128,0,1.0,0.0,128,1.0,1.0,1.0,0,0,0,0,0,0.0
32,0.0,32,none,18,3,161,161,128,0,1.0,0.0,128,1.0,1.0,1.0,0,0,0,0,0,0.0
33,0.0,33,none,18,3,155,155,128,0,1.0,0.0,128,1.0,1.0,1.0,0,0,0,0,0,0.0
34,0.0,34,none,18,3,158,158,128,0,1.0,0.0,128,1.0,1.0,1.0,0,0,0,0,0,0.0
35,0.0,35,none,18,3,157,157,128,0,1.0,0.0,128,1.0,1.0,1.0,0,0,0,0,0,0.0
36,0.0,36,none,18,3,155,155,128,0,1.0,0.0,128,1.0,1.0,1.0,0,0,0,0,0,0.0
37,0.0,37,none,18,3,154,154,128,0,1.0,0.0,128,1.0,1.0,1.0,0,0,0,0,0,0.0
38,0.0,38,none,18,3,154,154,128,0,1.0,0.0,128,1.0,1.0,1.0,0,0,0,0,0,0.0
39,0.0,39,none,18,3,173,173,127,0,1.0,0.0,127,1.0,1.0,1.0,0,0,0,0,0,0.0
40,0.0,40,none,18,3,158,158,128,0,1.0,0.0,128,1.0,1.0,1.0,0,0,0,0,0,0.0
41,0.0,41,none,18,3,162,162,128,0,1.0,0.0,128,1.0,1.0,1.0,0,0,0,0,0,0.0
42,0.0,42,none,18,3,157,157,128,0,1.0,0.0,128,1.0,1.0,1.0,0,0,0,0,0,0.0
43,0.0,43,none,18,3,154,154,128,0,1.0,0.0,128,1.0,1.0,1.0,0,0,0,0,0,0.0
44,0.0,44,none,18,3,151,151,128,0,1.0,0.0,128,1.0,1.0,1.0,0,0,0,0,0,0.0
45,0.0,45,none,18,3,153,153,128,0,1.0,0.0,128,1.0,1.0,1.0,0,0,0,0,0,0.0
46,0.0,46,none,18,3,157,157,128,0,1.0,0.0,128,1.0,1.0,1.0,0,0,0,0,0,0.0
47,0.0,47,none,18,3,153,153,128,0,1.0,0.0,128,1.0,1.0,1.0,0,0,0,0,0,0.0
48,0.0,48,none,18,3,155,155,128,0,1.0,0.0,128,1.0,1.0,1.0,0,0,0,0,0,0.0
49,0.0,49,none,18,3,158,158,128,0,1.0,0.0,128,1.0,1.0,1.0,0,0,0,0,0,0.0
50,0.0,50,none,18,3,156,156,128,0,1.0,0.0,128,1.0,1.0,1.0,0,0,0,0,0,0.0
51,0.0,51,none,18,3,153,153,128,0,1.0,0.0,128,1.0,1.0,1.0,0,0,0,0,0,0.0
52,0.0,52,none,18,3,158,158,128,0,1.0,0.0,128,1.0,1.0,1.0,0,0,0,0,0,0.0
53,0.0,53,none,18,3,159,159,128,0,1.0,0.0,128,1.0,1.0,1.0,0,0,0,0,0,0.0
54,0.0,54,none,18,3,154,154,128,0,1.0,0.0,128,1.0,1.0,1.0,0,0,0,0,0,0.0
55,0.0,55,none,18,3,164,164,128,0,1.0,0.0,128,1.0,1.0,1.0,0,0,0,0,0,0.0
56,0.0,56,none,18,3,150,150,128,0,1.0,0.0,128,1.0,1.0,1.0,0,0,0,0,0,0.0
57,0.0,57,none,18,3,156,156,128,0,1.0,0.0,128,1.0,1.0,1.0,0,0,0,0,0,0.0
58,0.0,58,none,18,3,155,155,128,0,1.0,0.0,128,1.0,1.0,1.0,0,0,0,0,0,0.0
59,0.0,59,none,18,3,152,152,128,0,1.0,0.0,128,1.0,1.0,1.0,0,0,0,0,0,0.0
60,0.0,60,none,18,3,160,160,128,0,1.0,0.0,128,1.0,1.0,1.0,0,0,0,0,0,0.0
61,0.0,61,none,18,3,154,154,128,0,1.0,0.0,128,1.0,1.0,1.0,0,0,0,0,0,0.0
62,0.0,62,none,18,3,167,167,128,0,1.0,0.0,128,1.0,1.0,1.0,0,0,0,0,0,0.0
63,0.0,63,none,18,3,152,152,128,0,1.0,0.0,128,1.0,1.0,1.0,0,0,0,0,0,0.0
64,0.0,64,none,18,3,154,154,128,0,1.0,0.0,128,1.0,1.0,1.0,0,0,0,0,0,0.0
65,0.0,65,none,18,3,157,157,128,0,1.0,0.0,128,1.0,1.0,1.0,0,0,0,0,0,0.0
66,0.0,66,none,18,3,158,158,128,0,1.0,0.0,128,1.0,1.0,1.0,0,0,0,0,0,0.0
67,0.0,67,none,18,3,154,154,128,0,1.0,0.0,128,1.0,1.0,1.0,0,0,0,0,0,0.0
68,0.0,68,none,18,3,161,161,128,0,1.0,0.0,128,1.0,1.0,1.0,0,0,0,0,0,0.0
69,0.0,69,none,18,3,154,154,128,0,1.0,0.0,128,1.0,1.0,1.0,0,0,0,0,0,0.0
70,0.0,70,none,18,3,151,151,127,0,1.0,0.0,127,1.0,1.0,1.0,0,0,0,0,0,0.0
71,0.0,71,none,18,3,160,160,128,0,1.0,0.0,128,1.0,1.0,1.0,0,0,0,0,0,0.0
72,0.0,72,none,18,3,151,151,128,0,1.0,0.0,128,1.0,1.0,1.0,0,0,0,0,0,0.0
73,0.0,73,none,18,3,157,157,128,0,1.0,0.0,128,1.0,1.0,1.0,0,0,0,0,0,0.0
74,0.0,74,none,18,3,154,154,128,0,1.0,0.0,128,1.0,1.0,1.0,0,0,0,0,0,0.0
75,0.0,75,none,18,3,156,156,128,0,1.0,0.0,128,1.0,1.0,1.0,0,0,0,0,0,0.0
76,0.0,76,none,18,3,152,152,128,0,1.0,0.0,128,1.0,1.0,1.0,0,0,0,0,0,0.0
77,0.0,77,none,18,3,156,156,128,0,1.0,0.0,128,1.0,1.0,1.0,0,0,0,0,0,0.0
78,0.0,78,none,18,3,152,152,128,0,1.0,0.0,128,1.0,1.0,1.0,0,0,0,0,0,0.0
79,0.0,79,none,18,3,155,155,128,0,1.0,0.0,128,1.0,1.0,1.0,0,0,0,0,0,0.0
80,0.0,80,none,18,3,154,154,128,0,1.0,0.0,128,1.0,1.0,1.0,0,0,0,0,0,0.0
81,0.0,81,none,18,3,152,152,128,0,1.0,0.0,128,1.0,1.0,1.0,0,0,0,0,0,0.0
82,0.0,82,none,18,3,153,153,128,0,1.0,0.0,128,1.0,1.0,1.0,0,0,0,0,0,0.0
83,0.0,83,none,18,3,155,155,128,0,1.0,0.0,128,1.0,1.0,0.9921875,0,0,0,0,0,0.0
84,0.0,84,none,18,3,154,154,128,0,1.0,0.0,128,1.0,1.0,1.0,0,0,0,0,0,0.0
85,0.0,85,none,18,3,164,164,127,0,1.0,0.0,127,1.0,1.0,1.0,0,0,0,0,0,0.0
86,0.0,86,none,18,3,152,152,128,0,1.0,0.0,128,1.0,1.0,1.0,0,0,0,0,0,0.0
87,0.0,87,none,18,3,156,156,128,0,1.0,0.0,128,1.0,1.0,1.0,0,0,0,0,0,0.0
88,0.0,88,none,18,3,156,156,128,0,1.0,0.0,128,1.0,1.0,1.0,0,0,0,0,0,0.0
89,0.0,89,none,18,3,160,160,128,0,1.0,0.0,128,1.0,1.0,1.0,0,0,0,0,0,0.0
90,0.0,90,none,18,3,156,156,128,0,1.0,0.0,128,1.0,1.0,1.0,0,0,0,0,0,0.0
91,0.0,91,none,18,3,150,150,128,0,1.0,0.0,128,1.0,1.0,1.0,0,0,0,0,0,0.0
92,0.0,92,none,18,3,155,155,128,0,1.0,0.0,128,1.0,1.0,1.0,0,0,0,0,0,0.0
93,0.0,93,none,18,3,164,164,128,0,1.0,0.0,128,1.0,1.0,1.0,0,0,0,0,0,0.0
94,0.0,94,none,18,3,155,155,128,0,1.0,0.0,128,1.0,1.0,1.0,0,0,0,0,0,0.0
95,0.0,95,none,18,3,156,156,128,0,1.0,0.0,128,1.0,1.0,1.0,0,0,0,0,0,0.0
96,0.0,96,none,18,3,154,154,128,0,1.0,0.0,128,1.0,1.0,1.0,0,0,0,0,0,0.0
97,0.0,97,none,18,3,157,157,128,0,1.0,0.0,128,1.0,1.0,1.0,0,0,0,0,0,0.0
98,0.0,98,none,18,3,153,153,128,0,1.0,0.0,128,1.0,1.0,1.0,0,0,0,0,0,0.0
99,0.0,99,none,18,3,154,154,128,0,1.0,0.0,128,1.0,1.0,1.0,0,0,0,0,0,0.0
100,0.0,100,none,18,3,161,161,128,0,1.0,0.0,128,1.0,1.0,1.0,0,0,0,0,0,0.0
101,0.0,101,none,18,3,152,152,128,0,1.0,0.0,128,1.0,1.0,1.0,0,0,0,0,0,0.0
102,0.0,102,none,18,3,155,155,128,0,1.0,0.0,128,1.0,1.0,1.0,0,0,0,0,0,0.0
103,0.0,103,none,18,3,156,156,128,0,1.0,0.0,128,1.0,1.0,1.0,0,0,0,0,0,0.0
104,0.0,104,none,18,3,159,159,128,0,1.0,0.0,128,1.0,1.0,1.0,0,0,0,0,0,0.0
105,0.0,105,none,18,3,165,165,128,0,1.0,0.0,128,1.0,1.0,1.0,0,0,0,0,0,0.0
106,0.0,106,none,18,3,151,151,128,0,1.0,0.0,128,1.0,1.0,1.0,0,0,0,0,0,0.0
107,0.0,107,none,18,3,160,160,128,0,1.0,0.0,128,1.0,1.0,1.0,0,0,0,0,0,0.0
108,0.0,108,none,18,3,153,153,128,0,1.0,0.0,128,1.0,1.0,1.0,0,0,0,0,0,0.0
109,0.0,109,none,18,3,155,155,128,0,1.0,0.0,128,1.0,1.0,1.0,0,0,0,0,0,0.0
110,0.0,110,none,18,3,156,156,128,0,1.0,0.0,128,1.0,1.0,1.0,0,0,0,0,0,0.0
111,0.0,111,none,18,3,160,160,128,0,1.0,0.0,128,1.0,1.0,1.0,0,0,0,0,0,0.0
112,0.0,112,none,18,3,160,160,128,0,1.0,0.0,128,1.0,1.0,1.0,0,0,0,0,0,0.0
113,0.0,113,none,18,3,152,152,128,0,1.0,0.0,128,1.0,1.0,0.9921875,0,0,0,0,0,0.0
114,0.0,114,none,18,3,160,160,128,0,1.0,0.0,128,1.0,1.0,1.0,0,0,0,0,0,0.0
115,0.0,115,none,18,3,152,152,128,0,1.0,0.0,128,1.0,1.0,1.0,0,0,0,0,0,0.0
116,0.0,116,none,18,3,159,159,127,0,1.0,0.0,127,1.0,1.0,1.0,0,0,0,0,0,0.0
117,0.0,117,none,18,3,167,167,128,0,1.0,0.0,128,1.0,1.0,1.0,0,0,0,0,0,0.0
118,0.0,118,none,18,3,153,153,128,0,1.0,0.0,128,1.0,1.0,1.0,0,0,0,0,0,0.0
119,0.0,119,none,18,3,159,159,128,0,1.0,0.0,128,1.0,1.0,1.0,0,0,0,0,0,0.0
120,0.0,120,none,18,3,155,155,128,0,1.0,0.0,128,1.0,1.0,1.0,0,0,0,0,0,0.0
121,0.0,121,none,18,3,153,153,128,0,1.0,0.0,128,1.0,1.0,1.0,0,0,0,0,0,0.0
122,0.0,122,none,18,3,154,154,128,0,1.0,0.0,128,1.0,1.0,1.0,0,0,0,0,0,0.0
123,0.0,123,none,18,3,161,161,128,0,1.0,0.0,128,1.0,1.0,1.0,0,0,0,0,0,0.0
124,0.0,124,none,18,3,158,158,128,0,1.0,0.0,128,1.0,1.0,1.0,0,0,0,0,0,0.0
125,0.0,125,none,18,3,157,157,128,0,1.0,0.0,128,1.0,1.0,1.0,0,0,0,0,0,0.0
126,0.0,126,none,18,3,155,155,128,0,1.0,0.0,128,1.0,1.0,1.0,0,0,0,0,0,0.0
127,0.0,127,none,18,3,156,156,128,0,1.0,0.0,128,1.0,1.0,1.0,0,0,0,0,0,0.0
128,0.0,128,none,18,3,158,158,128,0,1.0,0.0,128,1.0,1.0,1.0,0,0,0,0,0,0.0
129,0.0,129,none,18,3,155,155,128,0,1.0,0.0,128,1.0,1.0,1.0,0,0,0,0,0,0.0
130,0.0,130,none,18,3,156,156,128,0,1.0,0.0,128,1.0,1.0,1.0,0,0,0,0,0,0.0
131,0.0,131,none,18,3,153,153,128,0,1.0,0.0,128,1.0,1.0,1.0,0,0,0,0,0,0.0
132,0.0,132,none,18,3,158,158,128,0,1.0,0.0,128,1.0,1.0,1.0,0,0,0,0,0,0.0
133,0.0,133,none,18,3,158,158,128,0,1.0,0.0,128,1.0,1.0,1.0,0,0,0,0,0,0.0
134,0.0,134,none,18,3,151,151,128,0,1.0,0.0,128,1.0,1.0,0.9921875,0,0,0,0,0,0.0
135,0.0,135,none,18,3,157,157,128,0,1.0,0.0,128,1.0,1.0,1.0,0,0,0,0,0,0.0
136,0.0,136,none,18,3,157,157,128,0,1.0,0.0,128,1.0,1.0,1.0,0,0,0,0,0,0.0
137,0.0,137,none,18,3,153,153,128,0,1.0,0.0,128,1.0,1.0,1.0,0,0,0,0,0,0.0
138,0.0,138,none,18,3,153,153,128,0,1.0,0.0,128,1.0,1.0,1.0,0,0,0,0,0,0.0
139,0.0,139,none,18,3,158,158,127,0,1.0,0.0,127,1.0,1.0,1.0,0,0,0,0,0,0.0
140,0.0,140,none,18,3,154,154,128,0,1.0,0.0,128,1.0,1.0,1.0,0,0,0,0,0,0.0
141,0.0,141,none,18,3,152,152,128,0,1.0,0.0,128,1.0,1.0,1.0,0,0,0,0,0,0.0
142,0.0,142,none,18,3,157,157,128,0,1.0,0.0,128,1.0,1.0,1.0,0,0,0,0,0,0.0
143,0.0,143,none,18,3,156,156,128,0,1.0,0.0,128,1.0,1.0,1.0,0,0,0,0,0,0.0
144,0.0,144,none,18,3,153,153,128,0,1.0,0.0,128,1.0,1.0,1.0,0,0,0,0,0,0.0
145,0.0,145,none,18,3,153,153,128,0,1.0,0.0,128,1.0,1.0,1.0,0,0,0,0,0,0.0
146,0.0,146,none,18,3,152,152,124,0,1.0,0.0,124,1.0,1.0,1.0,0,0,0,0,0,0.0
147,0.0,147,none,18,3,154,154,128,0,1.0,0.0,128,1.0,1.0,1.0,0,0,0,0,0,0.0
148,0.0,148,none,18,3,153,153,128,0,1.0,0.0,128,1.0,1.0,1.0,0,0,0,0,0,0.0
149,0.0,149,none,18,3,154,154,128,0,1.0,0.0,128,1.0,1.0,1.0,0,0,0,0,0,0.0
150,0.0,150,none,18,3,153,153,128,0,1.0,0.0,128,1.0,1.0,1.0,0,0,0,0,0,0.0
151,0.0,151,none,18,3,156,156,128,0,1.0,0.0,128,1.0,1.0,1.0,0,0,0,0,0,0.0
152,0.0,152,none,18,3,159,159,128,0,1.0,0.0,128,1.0,1.0,1.0,0,0,0,0,0,0.0
153,0.0,153,none,18,3,153,153,128,0,1.0,0.0,128,1.0,1.0,1.0,0,0,0,0,0,0.0
154,0.0,154,none,18,3,154,154,128,0,1.0,0.0,128,1.0,1.0,1.0,0,0,0,0,0,0.0
155,0.0,155,none,18,3,153,153,128,0,1.0,0.0,128,1.0,1.0,1.0,0,0,0,0,0,0.0
156,0.0,156,none,18,3,154,154,128,0,1.0,0.0,128,1.0,1.0,0.9921875,0,0,0,0,0,0.0
157,0.0,157,none,18,3,164,164,128,0,1.0,0.0,128,1.0,1.0,1.0,0,0,0,0,0,0.0
158,0.0,158,none,18,3,162,162,128,0,1.0,0.0,128,1.0,1.0,1.0,0,0,0,0,0,0.0
159,0.0,159,none,18,3,154,154,128,0,1.0,0.0,128,1.0,1.0,1.0,0,0,0,0,0,0.0
160,0.0,160,none,18,3,154,154,128,0,1.0,0.0,128,1.0,1.0,1.0,0,0,0,0,0,0.0
161,0.0,161,none,18,3,154,154,128,0,1.0,0.0,128,1.0,1.0,1.0,0,0,0,0,0,0.0
162,0.0,162,none,18,3,155,155,128,0,1.0,0.0,128,1.0,1.0,1.0,0,0,0,0,0,0.0
163,0.0,163,none,18,3,168,168,128,0,1.0,0.0,128,1.0,1.0,1.0,0,0,0,0,0,0.0
164,0.0,164,none,18,3,155,155,128,0,1.0,0.0,128,1.0,1.0,1.0,0,0,0,0,0,0.0
165,0.0,165,none,18,3,155,155,128,0,1.0,0.0,128,1.0,1.0,1.0,0,0,0,0,0,0.0
166,0.0,166,none,18,3,159,159,128,0,1.0,0.0,128,1.0,1.0,1.0,0,0,0,0,0,0.0
167,0.0,167,none,18,3,155,155,128,0,1.0,0.0,128,1.0,1.0,1.0,0,0,0,0,0,0.0
168,0.0,168,none,18,3,155,155,128,0,1.0,0.0,128,1.0,1.0,1.0,0,0,0,0,0,0.0
169,0.0,169,none,18,3,153,153,128,0,1.0,0.0,128,1.0,1.0,1.0,0,0,0,0,0,0.0
170,0.0,170,none,18,3,152,152,128,0,1.0,0.0,128,1.0,1.0,1.0,0,0,0,0,0,0.0
171,0.0,171,none,18,3,160,160,128,0,1.0,0.0,128,1.0,1.0,1.0,0,0,0,0,0,0.0
172,0.0,172,none,18,3,155,155,128,0,1.0,0.0,128,1.0,1.0,1.0,0,0,0,0,0,0.0
173,0.0,173,none,18,3,159,159,128,0,1.0,0.0,128,1.0,1.0,1.0,0,0,0,0,0,0.0
174,0.0,174,none,18,3,153,153,128,0,1.0,0.0,128,1.0,1.0,1.0,0,0,0,0,0,0.0
175,0.0,175,none,18,3,152,152,128,0,1.0,0.0,128,1.0,1.0,1.0,0,0,0,0,0,0.0
176,0.0,176,none,18,3,152,152,128,0,1.0,0.0,128,1.0,1.0,1.0,0,0,0,0,0,0.0
177,0.0,177,none,18,3,155,155,128,0,1.0,0.0,128,1.0,1.0,1.0,0,0,0,0,0,0.0
178,0.0,178,none,18,3,172,172,128,0,1.0,0.0,128,1.0,1.0,1.0,0,0,0,0,0,0.0
179,0.0,179,none,18,3,175,175,128,0,1.0,0.0,128,1.0,1.0,1.0,0,0,0,0,0,0.0
180,0.0,180,none,18,3,160,160,128,0,1.0,0.0,128,1.0,1.0,1.0,0,0,0,0,0,0.0
181,0.0,181,none,18,3,154,154,128,0,1.0,0.0,128,1.0,1.0,1.0,0,0,0,0,0,0.0
182,0.0,182,none,18,3,158,158,128,0,1.0,0.0,128,1.0,1.0,1.0,0,0,0,0,0,0.0
183,0.0,183,none,18,3,154,154,128,0,1.0,0.0,128,1.0,1.0,1.0,0,0,0,0,0,0.0
184,0.0,184,none,18,3,161,161,128,0,1.0,0.0,128,1.0,1.0,1.0,0,0,0,0,0,0.0
185,0.0,185,none,18,3,157,157,128,0,1.0,0.0,128,1.0,1.0,1.0,0,0,0,0,0,0.0
186,0.0,186,none,18,3,152,152,128,0,1.0,0.0,128,1.0,1.0,1.0,0,0,0,0,0,0.0
187,0.0,187,none,18,3,161,161,128,0,1.0,0.0,128,1.0,1.0,1.0,0,0,0,0,0,0.0
188,0.0,188,none,18,3,155,155,128,0,1.0,0.0,128,1.0,1.0,1.0,0,0,0,0,0,0.0
189,0.0,189,none,18,3,153,153,128,0,1.0,0.0,128,1.0,1.0,1.0,0,0,0,0,0,0.0
190,0.0,190,none,18,3,159,159,128,0,1.0,0.0,128,1.0,1.0,1.0,0,0,0,0,0,0.0
191,0.0,191,none,18,3,150,150,128,0,1.0,0.0,128,1.0,1.0,1.0,0,0,0,0,0,0.0
192,0.0,192,none,18,3,155,155,127,0,1.0,0.0,127,1.0,1.0,1.0,0,0,0,0,0,0.0
193,0.0,193,none,18,3,154,154,128,0,1.0,0.0,128,1.0,1.0,1.0,0,0,0,0,0,0.0
194,0.0,194,none,18,3,158,158,128,0,1.0,0.0,128,1.0,1.0,1.0,0,0,0,0,0,0.0
195,0.0,195,none,18,3,152,152,128,0,1.0,0.0,128,1.0,1.0,1.0,0,0,0,0,0,0.0
196,0.0,196,none,18,3,163,163,128,0,1.0,0.0,128,1.0,1.0,1.0,0,0,0,0,0,0.0
197,0.0,197,none,18,3,152,152,128,0,1.0,0.0,128,1.0,1.0,1.0,0,0,0,0,0,0.0
198,0.0,198,none,18,3,158,158,128,0,1.0,0.0,128,1.0,1.0,1.0,0,0,0,0,0,0.0
199,0.0,199,none,18,3,158,158,128,0,1.0,0.0,128,1.0,1.0,0.9921875,0,0,0,0,0,0.0
0,0.01,10000,x_replace,18,3,161,169,136,8,0.8308823529411765,0.014705882352941176,128,0.9411764705882353,0.9609375,0.9609375,6,6,0,0,550,0.01090909090909091
1,0.01,10001,homo_replace,18,3,163,168,133,6,0.8120300751879699,0.007518796992481203,127,0.9548872180451128,0.9763779527559056,0.968503937007874,5,5,0,0,511,0.009784735812133072
2,0.01,10002,homo_replace,18,3,157,167,137,10,0.781021897810219,0.014598540145985401,127,0.927007299270073,0.968503937007874,0.952755905511811,6,6,0,0,584,0.010273972602739725
3,0.01,10003,homo_replace,18,3,151,161,138,10,0.8333333333333334,0.021739130434782608,128,0.927536231884058,0.9609375,0.9609375,6,6,0,0,601,0.009983361064891847
4,0.01,10004,mixed,18,3,157,168,139,82,0.2949640287769784,0.06474820143884892,57,0.41007194244604317,0.7368421052631579,0.7368421052631579,8,2,3,3,771,0.010376134889753566
5,0.01,10005,homo_replace,18,3,152,159,135,7,0.8222222222222222,0.022222222222222223,128,0.9481481481481482,0.96875,0.953125,6,6,0,0,561,0.0106951871657754
6,0.01,10006,zw_insert,18,3,158,166,136,92,0.17647058823529413,0.09558823529411764,44,0.3235294117647059,0.5,0.5,6,0,0,6,579,0.010362694300518135
7,0.01,10007,zw_insert,18,3,155,172,145,98,0.20689655172413793,0.10344827586206896,47,0.32413793103448274,0.5957446808510638,0.5957446808510638,7,0,0,7,658,0.010638297872340425
8,0.01,10008,zw_insert,18,3,152,160,136,96,0.1323529411764706,0.058823529411764705,40,0.29411764705882354,0.425,0.425,5,0,0,5,514,0.009727626459143969
9,0.01,10009,ascii_replace,18,3,159,163,132,4,0.803030303030303,0.015151515151515152,128,0.9696969696969697,0.96875,0.96875,5,5,0,0,463,0.01079913606911447
10,0.01,10010,zw_insert,18,3,152,165,141,110,0.06382978723404255,0.06382978723404255,31,0.2198581560283688,0.22580645161290322,0.1935483870967742,6,0,0,6,631,0.009508716323296355
11,0.01,10011,zw_insert,18,3,153,166,141,87,0.22695035460992907,0.09219858156028368,54,0.3829787234042553,0.5555555555555556,0.5555555555555556,6,0,0,6,609,0.009852216748768473
12,0.01,10012,x_replace,18,3,153,161,136,8,0.8235294117647058,0.014705882352941176,128,0.9411764705882353,0.953125,0.9453125,7,7,0,0,664,0.010542168674698794
13,0.01,10013,zw_insert,18,3,155,168,141,71,0.3900709219858156,0.0425531914893617,70,0.49645390070921985,0.7571428571428571,0.7571428571428571,6,0,0,6,585,0.010256410256410256
14,0.01,10014,zw_insert,18,3,152,166,142,95,0.24647887323943662,0.07746478873239436,47,0.33098591549295775,0.7021276595744681,0.6808510638297872,6,0,0,6,587,0.010221465076660987
15,0.01,10015,zw_insert,18,3,154,164,138,71,0.427536231884058,0.07246376811594203,67,0.4855072463768116,0.8507462686567164,0.8507462686567164,6,0,0,6,606,0.009900990099009901
16,0.01,10016,x_replace,18,3,155,163,136,8,0.8235294117647058,0.014705882352941176,128,0.9411764705882353,0.96875,0.953125,6,6,0,0,586,0.010238907849829351
17,0.01,10017,homo_replace,18,3,154,162,136,9,0.8529411764705882,0.029411764705882353,127,0.9338235294117647,0.9606299212598425,0.952755905511811,7,7,0,0,660,0.010606060606060607
18,0.01,10018,x_replace,18,3,155,172,145,17,0.7793103448275862,0.034482758620689655,128,0.8827586206896552,0.9765625,0.9453125,7,7,0,0,694,0.010086455331412104
19,0.01,10019,x_replace,18,3,154,164,138,11,0.8043478260869565,0.007246376811594203,127,0.9202898550724637,0.984251968503937,0.952755905511811,7,7,0,0,663,0.010558069381598794
20,0.01,10020,ascii_replace,18,3,159,168,137,9,0.8029197080291971,0.021897810218978103,128,0.9343065693430657,0.9609375,0.953125,6,6,0,0,592,0.010135135135135136
21,0.01,10021,mixed,18,3,159,174,143,111,0.0979020979020979,0.04895104895104895,32,0.22377622377622378,0.40625,0.40625,7,2,1,4,668,0.010479041916167664
22,0.01,10022,mixed,18,3,163,166,131,86,0.26717557251908397,0.061068702290076333,45,0.3435114503816794,0.8,0.7777777777777778,5,3,2,0,538,0.00929368029739777
23,0.01,10023,zw_insert,18,3,152,168,144,98,0.2152777777777778,0.05555555555555555,46,0.3194444444444444,0.6304347826086957,0.6304347826086957,7,0,0,7,669,0.01046337817638266
24,0.01,10024,ascii_replace,18,3,155,160,133,5,0.8270676691729323,0.015037593984962405,128,0.9624060150375939,0.9609375,0.953125,6,6,0,0,645,0.009302325581395349
25,0.01,10025,ascii_replace,18,3,152,157,133,5,0.8345864661654135,0.007518796992481203,128,0.9624060150375939,0.9609375,0.953125,6,6,0,0,641,0.0093603744149766
26,0.01,10026,x_replace,18,3,153,166,141,13,0.7943262411347518,0.014184397163120567,128,0.9078014184397163,0.9765625,0.953125,6,6,0,0,640,0.009375
27,0.01,10027,ascii_replace,18,3,156,166,138,10,0.8043478260869565,0.0,128,0.927536231884058,0.9765625,0.953125,6,6,0,0,613,0.009787928221859706
28,0.01,10028,mixed,18,3,151,159,136,115,0.051470588235294115,0.11029411764705882,21,0.15441176470588236,0.47619047619047616,0.47619047619047616,6,1,0,5,638,0.009404388714733543
29,0.01,10029,homo_replace,18,3,153,161,136,8,0.8308823529411765,0.007352941176470588,128,0.9411764705882353,0.96875,0.953125,6,6,0,0,590,0.010169491525423728
30,0.01,10030,homo_replace,18,3,154,159,133,5,0.8270676691729323,0.015037593984962405,128,0.9624060150375939,0.96875,0.96875,6,6,0,0,582,0.010309278350515464
31,0.01,10031,x_replace,18,3,152,161,137,10,0.7737226277372263,0.029197080291970802,127,0.927007299270073,0.968503937007874,0.9606299212598425,6,6,0,0,589,0.010186757215619695
32,0.01,10032,x_replace,18,3,161,168,135,7,0.8740740740740741,0.0,128,0.9481481481481482,0.9765625,0.96875,4,4,0,0,446,0.008968609865470852
33,0.01,10033,x_replace,18,3,155,162,135,7,0.8148148148148148,0.007407407407407408,128,0.9481481481481482,0.96875,0.9609375,5,5,0,0,521,0.009596928982725527
34,0.01,10034,homo_replace,18,3,158,173,143,15,0.8041958041958042,0.013986013986013986,128,0.8951048951048951,0.9609375,0.953125,7,7,0,0,692,0.010115606936416185
35,0.01,10035,x_replace,18,3,157,168,139,13,0.7841726618705036,0.03597122302158273,126,0.9064748201438849,0.9682539682539683,0.9444444444444444,7,7,0,0,706,0.009915014164305949
36,0.01,10036,homo_replace,18,3,155,167,140,12,0.7928571428571428,0.014285714285714285,128,0.9142857142857143,0.9921875,0.953125,6,6,0,0,641,0.0093603744149766
37,0.01,10037,ascii_replace,18,3,154,160,134,7,0.8208955223880597,0.014925373134328358,127,0.9477611940298507,0.9606299212598425,0.952755905511811,6,6,0,0,619,0.009693053311793215
38,0.01,10038,mixed,18,3,154,163,137,114,0.08029197080291971,0.058394160583941604,23,0.1678832116788321,0.391304347826087,0.391304347826087,6,5,1,0,598,0.010033444816053512
39,0.01,10039,homo_replace,18,3,173,179,133,7,0.8270676691729323,0.022556390977443608,126,0.9473684210526315,0.9841269841269841,0.9682539682539683,4,4,0,0,420,0.009523809523809525
40,0.01,10040,ascii_replace,18,3,158,168,138,11,0.8623188405797102,0.0,127,0.9202898550724637,0.968503937007874,0.952755905511811,6,6,0,0,624,0.009615384615384616
41,0.01,10041,zw_insert,18,3,162,173,139,95,0.09352517985611511,0.12949640287769784,44,0.31654676258992803,0.25,0.22727272727272727,5,0,0,5,507,0.009861932938856016
42,0.01,10042,ascii_replace,18,3,157,171,142,16,0.7676056338028169,0.035211267605633804,126,0.8873239436619719,0.9761904761904762,0.9603174603174603,6,6,0,0,629,0.009538950715421303
43,0.01,10043,homo_replace,18,3,154,164,138,10,0.7971014492753623,0.014492753623188406,128,0.927536231884058,0.9609375,0.9453125,7,7,0,0,709,0.009873060648801129
44,0.01,10044,zw_insert,18,3,151,160,137,87,0.20437956204379562,0.11678832116788321,50,0.36496350364963503,0.54,0.54,6,0,0,6,605,0.009917355371900827
45,0.01,10045,homo_replace,18,3,153,159,134,6,0.8283582089552238,0.022388059701492536,128,0.9552238805970149,0.9609375,0.953125,6,6,0,0,627,0.009569377990430622
46,0.01,10046,mixed,18,3,157,162,133,47,0.5263157894736842,0.03759398496240601,86,0.6466165413533834,0.8372093023255814,0.8372093023255814,5,1,2,2,514,0.009727626459143969
47,0.01,10047,zw_insert,18,3,153,168,143,124,0.027972027972027972,0.1258741258741259,19,0.13286713286713286,0.15789473684210525,0.15789473684210525,7,0,0,7,683,0.010248901903367497
48,0.01,10048,homo_replace,18,3,155,165,138,10,0.7971014492753623,0.014492753623188406,128,0.927536231884058,0.9765625,0.9609375,5,5,0,0,519,0.009633911368015413
49,0.01,10049,homo_replace,18,3,158,168,138,11,0.8188405797101449,0.007246376811594203,127,0.9202898550724637,0.952755905511811,0.9448818897637795,7,7,0,0,651,0.010752688172043012
50,0.01,10050,mixed,18,3,156,159,131,86,0.21374045801526717,0.07633587786259542,45,0.3435114503816794,0.6,0.6,6,0,4,2,576,0.010416666666666666
51,0.01,10051,zw_insert,18,3,153,168,143,86,0.25874125874125875,0.04895104895104895,57,0.3986013986013986,0.6140350877192983,0.6140350877192983,6,0,0,6,622,0.00964630225080386
52,0.01,10052,zw_insert,18,3,158,167,137,109,0.029197080291970802,0.0948905109489051,28,0.20437956204379562,0.07142857142857142,0.07142857142857142,5,0,0,5,525,0.009523809523809525
53,0.01,10053,mixed,18,3,159,166,135,31,0.6666666666666666,0.037037037037037035,104,0.7703703703703704,0.9615384615384616,0.9326923076923077,6,2,2,2,563,0.010657193605683837
54,0.01,10054,ascii_replace,18,3,154,160,134,6,0.8283582089552238,0.014925373134328358,128,0.9552238805970149,0.953125,0.953125,6,6,0,0,639,0.009389671361502348
55,0.01,10055,ascii_replace,18,3,164,171,135,7,0.837037037037037,0.007407407407407408,128,0.9481481481481482,0.96875,0.953125,6,6,0,0,610,0.009836065573770493
56,0.01,10056,x_replace,18,3,150,158,136,10,0.8161764705882353,0.014705882352941176,126,0.9264705882352942,0.9682539682539683,0.9603174603174603,6,6,0,0,598,0.010033444816053512
57,0.01,10057,homo_replace,18,3,156,162,134,7,0.8059701492537313,0.029850746268656716,127,0.9477611940298507,0.968503937007874,0.968503937007874,5,5,0,0,490,0.01020408163265306
58,0.01,10058,x_replace,18,3,155,163,136,8,0.7941176470588235,0.022058823529411766,128,0.9411764705882353,0.9765625,0.9609375,5,5,0,0,529,0.00945179584120983
59,0.01,10059,homo_replace,18,3,152,161,137,9,0.7956204379562044,0.021897810218978103,128,0.9343065693430657,0.9765625,0.953125,6,6,0,0,601,0.009983361064891847
60,0.01,10060,homo_replace,18,3,160,164,132,5,0.7954545454545454,0.022727272727272728,127,0.9621212121212122,0.9606299212598425,0.952755905511811,6,6,0,0,555,0.010810810810810811
61,0.01,10061,mixed,18,3,154,165,139,62,0.4244604316546763,0.04316546762589928,77,0.5539568345323741,0.7662337662337663,0.7662337662337663,6,2,0,4,622,0.00964630225080386
62,0.01,10062,zw_insert,18,3,167,174,135,51,0.45925925925925926,0.05185185185185185,84,0.6222222222222222,0.7261904761904762,0.7142857142857143,4,0,0,4,435,0.009195402298850575
63,0.01,10063,homo_replace,18,3,152,158,134,7,0.8208955223880597,0.0,127,0.9477611940298507,0.9606299212598425,0.952755905511811,7,7,0,0,666,0.010510510510510511
64,0.01,10064,homo_replace,18,3,154,171,145,17,0.8,0.006896551724137931,128,0.8827586206896552,0.984375,0.9453125,7,7,0,0,727,0.009628610729023384
65,0.01,10065,mixed,18,3,157,164,135,41,0.5777777777777777,0.014814814814814815,94,0.6962962962962963,0.9361702127659575,0.9148936170212766,6,2,2,2,649,0.009244992295839754
66,0.01,10066,x_replace,18,3,158,164,134,7,0.8432835820895522,0.0,127,0.9477611940298507,0.9763779527559056,0.9606299212598425,5,5,0,0,537,0.00931098696461825
67,0.01,10067,mixed,18,3,154,160,134,118,0.07462686567164178,0.09701492537313433,16,0.11940298507462686,0.5,0.5,7,3,3,1,693,0.010101010101010102
68,0.01,10068,zw_insert,18,3,161,173,140,96,0.10714285714285714,0.07142857142857142,44,0.3142857142857143,0.29545454545454547,0.29545454545454547,5,0,0,5,513,0.009746588693957114
69,0.01,10069,zw_insert,18,3,154,168,142,106,0.11267605633802817,0.09154929577464789,36,0.2535211267605634,0.3888888888888889,0.3888888888888889,7,0,0,7,679,0.010309278350515464
70,0.01,10070,ascii_replace,18,3,151,161,137,10,0.8175182481751825,0.021897810218978103,127,0.927007299270073,0.952755905511811,0.9448818897637795,8,8,0,0,780,0.010256410256410256
71,0.01,10071,x_replace,18,3,160,171,139,11,0.7697841726618705,0.014388489208633094,128,0.920863309352518,0.9765625,0.953125,6,6,0,0,588,0.01020408163265306
72,0.01,10072,x_replace,18,3,151,159,136,9,0.7941176470588235,0.014705882352941176,127,0.9338235294117647,0.968503937007874,0.9606299212598425,6,6,0,0,578,0.010380622837370242
73,0.01,10073,x_replace,18,3,157,167,138,10,0.8115942028985508,0.014492753623188406,128,0.927536231884058,0.96875,0.9453125,7,7,0,0,661,0.01059001512859304
74,0.01,10074,x_replace,18,3,154,162,136,8,0.8308823529411765,0.014705882352941176,128,0.9411764705882353,0.9609375,0.9609375,5,5,0,0,507,0.009861932938856016
75,0.01,10075,ascii_replace,18,3,156,164,136,8,0.8088235294117647,0.014705882352941176,128,0.9411764705882353,0.9609375,0.953125,6,6,0,0,589,0.010186757215619695
76,0.01,10076,x_replace,18,3,152,160,136,8,0.7867647058823529,0.014705882352941176,128,0.9411764705882353,0.96875,0.953125,6,6,0,0,576,0.010416666666666666
77,0.01,10077,x_replace,18,3,156,170,142,14,0.7887323943661971,0.0,128,0.9014084507042254,0.953125,0.9453125,7,7,0,0,697,0.010043041606886656
78,0.01,10078,homo_replace,18,3,152,162,138,11,0.7681159420289855,0.014492753623188406,127,0.9202898550724637,0.9606299212598425,0.9448818897637795,7,7,0,0,693,0.010101010101010102
79,0.01,10079,x_replace,18,3,155,158,131,5,0.816793893129771,0.0,126,0.9618320610687023,0.9603174603174603,0.9603174603174603,5,5,0,0,523,0.009560229445506692
80,0.01,10080,x_replace,18,3,154,166,140,12,0.7714285714285715,0.03571428571428571,128,0.9142857142857143,0.9765625,0.9453125,7,7,0,0,724,0.009668508287292817
81,0.01,10081,homo_replace,18,3,152,163,139,11,0.8201438848920863,0.0,128,0.920863309352518,0.984375,0.953125,6,6,0,0,636,0.009433962264150943
82,0.01,10082,mixed,18,3,153,159,134,58,0.373134328358209,0.03731343283582089,76,0.5671641791044776,0.868421052631579,0.8421052631578947,6,3,1,2,604,0.009933774834437087
83,0.01,10083,homo_replace,18,3,155,169,142,15,0.7887323943661971,0.007042253521126761,127,0.8943661971830986,0.9763779527559056,0.937007874015748,7,7,0,0,655,0.010687022900763359
84,0.01,10084,mixed,18,3,154,160,134,114,0.029850746268656716,0.1044776119402985,20,0.14925373134328357,0.1,0.1,6,2,4,0,621,0.00966183574879227
85,0.01,10085,ascii_replace,18,3,164,175,138,12,0.8188405797101449,0.028985507246376812,126,0.9130434782608695,0.9841269841269841,0.9523809523809523,6,6,0,0,564,0.010638297872340425
86,0.01,10086,mixed,18,3,152,160,136,36,0.6397058823529411,0.007352941176470588,100,0.7352941176470589,0.96,0.96,7,1,3,3,656,0.010670731707317074
87,0.01,10087,ascii_replace,18,3,156,163,135,8,0.7925925925925926,0.022222222222222223,127,0.9407407407407408,0.9606299212598425,0.952755905511811,6,6,0,0,563,0.010657193605683837
88,0.01,10088,x_replace,18,3,156,166,138,11,0.8043478260869565,0.014492753623188406,127,0.9202898550724637,0.9448818897637795,0.9448818897637795,7,7,0,0,730,0.009589041095890411
89,0.01,10089,zw_insert,18,3,160,170,138,66,0.43478260869565216,0.036231884057971016,72,0.5217391304347826,0.8055555555555556,0.8055555555555556,5,0,0,5,541,0.009242144177449169
90,0.01,10090,zw_insert,18,3,156,168,140,100,0.12857142857142856,0.07857142857142857,40,0.2857142857142857,0.425,0.425,6,0,0,6,568,0.01056338028169014
91,0.01,10091,ascii_replace,18,3,150,160,138,10,0.8333333333333334,0.021739130434782608,128,0.927536231884058,0.96875,0.9609375,6,6,0,0,647,0.00927357032457496
92,0.01,10092,ascii_replace,18,3,155,163,136,8,0.8235294117647058,0.029411764705882353,128,0.9411764705882353,0.96875,0.9609375,5,5,0,0,508,0.00984251968503937
93,0.01,10093,ascii_replace,18,3,164,169,133,5,0.7894736842105263,0.015037593984962405,128,0.9624060150375939,0.953125,0.953125,6,6,0,0,561,0.0106951871657754
94,0.01,10094,zw_insert,18,3,155,171,144,118,0.10416666666666667,0.125,26,0.18055555555555555,0.5,0.5,7,0,0,7,730,0.009589041095890411
95,0.01,10095,zw_insert,18,3,156,163,135,73,0.3111111111111111,0.07407407407407407,62,0.45925925925925926,0.6290322580645161,0.6290322580645161,5,0,0,5,527,0.009487666034155597
96,0.01,10096,x_replace,18,3,154,169,143,16,0.8181818181818182,0.027972027972027972,127,0.8881118881118881,0.968503937007874,0.9448818897637795,7,7,0,0,675,0.01037037037037037
97,0.01,10097,mixed,18,3,157,168,139,92,0.2446043165467626,0.05755395683453238,47,0.3381294964028777,0.7659574468085106,0.723404255319149,7,1,3,3,669,0.01046337817638266
98,0.01,10098,homo_replace,18,3,153,160,135,7,0.8518518518518519,0.007407407407407408,128,0.9481481481481482,0.9609375,0.953125,6,6,0,0,618,0.009708737864077669
99,0.01,10099,homo_replace,18,3,154,164,138,10,0.8260869565217391,0.021739130434782608,128,0.927536231884058,0.96875,0.953125,6,6,0,0,609,0.009852216748768473
100,0.01,10100,ascii_replace,18,3,161,166,133,5,0.8045112781954887,0.015037593984962405,128,0.9624060150375939,0.9609375,0.953125,6,6,0,0,621,0.00966183574879227
101,0.01,10101,mixed,18,3,152,157,133,83,0.24060150375939848,0.07518796992481203,50,0.37593984962406013,0.76,0.76,6,2,2,2,562,0.010676156583629894
102,0.01,10102,homo_replace,18,3,155,160,133,5,0.8120300751879699,0.015037593984962405,128,0.9624060150375939,0.96875,0.9609375,6,6,0,0,574,0.010452961672473868
103,0.01,10103,zw_insert,18,3,156,170,142,94,0.176056338028169,0.11267605633802817,48,0.3380281690140845,0.4791666666666667,0.4583333333333333,6,0,0,6,643,0.00933125972006221
104,0.01,10104,mixed,18,3,159,168,137,116,0.08029197080291971,0.10948905109489052,21,0.15328467153284672,0.42857142857142855,0.42857142857142855,7,1,5,1,654,0.010703363914373088
105,0.01,10105,mixed,18,3,165,172,135,90,0.21481481481481482,0.0962962962962963,45,0.3333333333333333,0.6444444444444445,0.6444444444444445,6,1,2,3,562,0.010676156583629894
106,0.01,10106,ascii_replace,18,3,151,157,134,6,0.8134328358208955,0.014925373134328358,128,0.9552238805970149,0.96875,0.9609375,5,5,0,0,521,0.009596928982725527
107,0.01,10107,zw_insert,18,3,160,175,143,80,0.2867132867132867,0.0979020979020979,63,0.4405594405594406,0.6190476190476191,0.6190476190476191,6,0,0,6,630,0.009523809523809525
108,0.01,10108,zw_insert,18,3,153,168,143,104,0.15384615384615385,0.07692307692307693,39,0.2727272727272727,0.5384615384615384,0.5384615384615384,7,0,0,7,669,0.01046337817638266
109,0.01,10109,ascii_replace,18,3,155,162,135,8,0.762962962962963,0.022222222222222223,127,0.9407407407407408,0.968503937007874,0.952755905511811,6,6,0,0,572,0.01048951048951049
110,0.01,10110,x_replace,18,3,156,166,138,10,0.7681159420289855,0.014492753623188406,128,0.927536231884058,0.96875,0.953125,6,6,0,0,554,0.010830324909747292
111,0.01,10111,zw_insert,18,3,160,172,140,107,0.05714285714285714,0.12142857142857143,33,0.2357142857142857,0.18181818181818182,0.18181818181818182,6,0,0,6,603,0.009950248756218905
112,0.01,10112,zw_insert,18,3,160,170,138,101,0.09420289855072464,0.10869565217391304,37,0.26811594202898553,0.2972972972972973,0.2972972972972973,6,0,0,6,625,0.0096
113,0.01,10113,ascii_replace,18,3,152,165,141,13,0.8156028368794326,0.02127659574468085,128,0.9078014184397163,0.9765625,0.953125,6,6,0,0,623,0.009630818619582664
114,0.01,10114,x_replace,18,3,160,169,137,9,0.8248175182481752,0.0072992700729927005,128,0.9343065693430657,0.9609375,0.953125,6,6,0,0,625,0.0096
115,0.01,10115,homo_replace,18,3,152,162,138,10,0.8043478260869565,0.014492753623188406,128,0.927536231884058,0.96875,0.953125,6,6,0,0,644,0.009316770186335404
116,0.01,10116,mixed,18,3,159,165,133,112,0.05263157894736842,0.12030075187969924,21,0.15789473684210525,0.38095238095238093,0.2857142857142857,6,3,2,1,645,0.009302325581395349
117,0.01,10117,ascii_replace,18,3,167,181,142,14,0.795774647887324,0.014084507042253521,128,0.9014084507042254,0.9765625,0.9453125,7,7,0,0,715,0.009790209790209791
118,0.01,10118,homo_replace,18,3,153,162,137,10,0.8102189781021898,0.021897810218978103,127,0.927007299270073,0.9606299212598425,0.952755905511811,6,6,0,0,572,0.01048951048951049
119,0.01,10119,mixed,18,3,159,165,134,25,0.6044776119402985,0.03731343283582089,109,0.8134328358208955,0.8715596330275229,0.8623853211009175,5,3,1,1,487,0.01026694045174538
120,0.01,10120,zw_insert,18,3,155,165,138,100,0.13768115942028986,0.08695652173913043,38,0.2753623188405797,0.47368421052631576,0.47368421052631576,6,0,0,6,564,0.010638297872340425
121,0.01,10121,mixed,18,3,153,159,134,60,0.40298507462686567,0.04477611940298507,74,0.5522388059701493,0.7162162162162162,0.7027027027027027,6,3,3,0,618,0.009708737864077669
122,0.01,10122,homo_replace,18,3,154,160,134,7,0.8432835820895522,0.007462686567164179,127,0.9477611940298507,0.9763779527559056,0.968503937007874,6,6,0,0,640,0.009375
123,0.01,10123,x_replace,18,3,161,165,132,4,0.8106060606060606,0.015151515151515152,128,0.9696969696969697,0.96875,0.9609375,5,5,0,0,536,0.009328358208955223
124,0.01,10124,homo_replace,18,3,158,169,139,12,0.7985611510791367,0.014388489208633094,127,0.9136690647482014,0.968503937007874,0.952755905511811,6,6,0,0,610,0.009836065573770493
125,0.01,10125,x_replace,18,3,157,169,140,12,0.8,0.014285714285714285,128,0.9142857142857143,0.9765625,0.953125,6,6,0,0,616,0.00974025974025974
126,0.01,10126,homo_replace,18,3,155,165,138,10,0.8405797101449275,0.007246376811594203,128,0.927536231884058,0.96875,0.953125,6,6,0,0,595,0.010084033613445379
127,0.01,10127,ascii_replace,18,3,156,164,136,9,0.8088235294117647,0.007352941176470588,127,0.9338235294117647,0.968503937007874,0.952755905511811,6,6,0,0,578,0.010380622837370242
128,0.01,10128,x_replace,18,3,158,168,138,10,0.8043478260869565,0.014492753623188406,128,0.927536231884058,0.96875,0.9453125,7,7,0,0,676,0.010355029585798817
129,0.01,10129,x_replace,18,3,155,163,136,8,0.8088235294117647,0.022058823529411766,128,0.9411764705882353,0.984375,0.953125,6,6,0,0,554,0.010830324909747292
130,0.01,10130,homo_replace,18,3,156,160,132,5,0.7803030303030303,0.007575757575757576,127,0.9621212121212122,0.984251968503937,0.968503937007874,5,5,0,0,525,0.009523809523809525
131,0.01,10131,zw_insert,18,3,153,168,143,104,0.18181818181818182,0.04895104895104895,39,0.2727272727272727,0.6153846153846154,0.6153846153846154,7,0,0,7,727,0.009628610729023384
132,0.01,10132,ascii_replace,18,3,158,169,139,11,0.8057553956834532,0.014388489208633094,128,0.920863309352518,0.9765625,0.953125,6,6,0,0,566,0.01060070671378092
133,0.01,10133,mixed,18,3,158,166,136,64,0.41911764705882354,0.0661764705882353,72,0.5294117647058824,0.8055555555555556,0.8055555555555556,6,2,3,1,553,0.0108499095840868
134,0.01,10134,ascii_replace,18,3,151,161,138,10,0.7971014492753623,0.028985507246376812,128,0.927536231884058,0.953125,0.9375,7,7,0,0,669,0.01046337817638266
135,0.01,10135,mixed,18,3,157,163,134,8,0.8208955223880597,0.022388059701492536,126,0.9402985074626866,0.9603174603174603,0.9603174603174603,6,4,1,1,572,0.01048951048951049
136,0.01,10136,homo_replace,18,3,157,166,137,9,0.781021897810219,0.029197080291970802,128,0.9343065693430657,0.984375,0.953125,6,6,0,0,584,0.010273972602739725
137,0.01,10137,ascii_replace,18,3,153,167,142,14,0.823943661971831,0.014084507042253521,128,0.9014084507042254,0.9609375,0.9453125,8,8,0,0,754,0.010610079575596816
138,0.01,10138,homo_replace,18,3,153,157,132,5,0.803030303030303,0.015151515151515152,127,0.9621212121212122,0.9606299212598425,0.952755905511811,6,6,0,0,565,0.010619469026548672
139,0.01,10139,ascii_replace,18,3,158,165,132,5,0.8560606060606061,0.03787878787878788,127,0.9621212121212122,0.9606299212598425,0.952755905511811,7,7,0,0,679,0.010309278350515464
140,0.01,10140,mixed,18,3,154,156,130,71,0.36153846153846153,0.046153846153846156,59,0.45384615384615384,0.7966101694915254,0.7966101694915254,5,2,2,1,455,0.01098901098901099
141,0.01,10141,homo_replace,18,3,152,162,138,10,0.8115942028985508,0.021739130434782608,128,0.927536231884058,0.9609375,0.953125,6,6,0,0,593,0.01011804384485666
142,0.01,10142,homo_replace,18,3,157,168,139,11,0.8201438848920863,0.014388489208633094,128,0.920863309352518,0.9765625,0.9609375,5,5,0,0,547,0.009140767824497258
143,0.01,10143,zw_insert,18,3,156,174,146,99,0.17123287671232876,0.17123287671232876,47,0.3219178082191781,0.5106382978723404,0.48936170212765956,8,0,0,8,772,0.010362694300518135
144,0.01,10144,homo_replace,18,3,153,165,140,12,0.7785714285714286,0.007142857142857143,128,0.9142857142857143,0.9609375,0.9453125,7,7,0,0,656,0.010670731707317074
145,0.01,10145,ascii_replace,18,3,153,160,135,7,0.8296296296296296,0.007407407407407408,128,0.9481481481481482,0.96875,0.9609375,5,5,0,0,499,0.01002004008016032
146,0.01,10146,x_replace,18,3,152,160,132,8,0.8181818181818182,0.030303030303030304,124,0.9393939393939394,0.967741935483871,0.9596774193548387,5,5,0,0,535,0.009345794392523364
147,0.01,10147,x_replace,18,3,154,168,142,14,0.795774647887324,0.04225352112676056,128,0.9014084507042254,0.9765625,0.9453125,7,7,0,0,711,0.009845288326300985
148,0.01,10148,ascii_replace,18,3,153,163,138,10,0.8115942028985508,0.036231884057971016,128,0.927536231884058,0.9765625,0.953125,6,6,0,0,583,0.010291595197255575
149,0.01,10149,homo_replace,18,3,154,162,136,9,0.7867647058823529,0.029411764705882353,127,0.9338235294117647,0.9763779527559056,0.952755905511811,6,6,0,0,622,0.00964630225080386
150,0.01,10150,mixed,18,3,153,164,139,68,0.38848920863309355,0.04316546762589928,71,0.5107913669064749,0.8450704225352113,0.8309859154929577,6,2,2,2,594,0.010101010101010102
151,0.01,10151,zw_insert,18,3,156,169,141,106,0.11347517730496454,0.06382978723404255,35,0.24822695035460993,0.4,0.4,6,0,0,6,585,0.010256410256410256
152,0.01,10152,mixed,18,3,159,166,135,111,0.02962962962962963,0.08148148148148149,24,0.17777777777777778,0.20833333333333334,0.20833333333333334,6,1,1,4,591,0.01015228426395939
153,0.01,10153,zw_insert,18,3,153,164,139,97,0.17266187050359713,0.05755395683453238,42,0.302158273381295,0.5476190476190477,0.5238095238095238,6,0,0,6,624,0.009615384615384616
154,0.01,10154,homo_replace,18,3,154,162,136,9,0.8161764705882353,0.0,127,0.9338235294117647,0.968503937007874,0.952755905511811,6,6,0,0,563,0.010657193605683837
155,0.01,10155,homo_replace,18,3,153,166,141,13,0.8297872340425532,0.028368794326241134,128,0.9078014184397163,0.96875,0.9453125,7,7,0,0,677,0.0103397341211226
156,0.01,10156,mixed,18,3,154,158,132,49,0.5606060606060606,0.06060606060606061,83,0.6287878787878788,0.927710843373494,0.9036144578313253,6,1,3,2,649,0.009244992295839754
157,0.01,10157,zw_insert,18,3,164,174,138,97,0.13768115942028986,0.07971014492753623,41,0.2971014492753623,0.43902439024390244,0.4146341463414634,6,0,0,6,579,0.010362694300518135
158,0.01,10158,zw_insert,18,3,162,169,135,105,0.08148148148148149,0.1111111111111111,30,0.2222222222222222,0.36666666666666664,0.3333333333333333,5,0,0,5,536,0.009328358208955223
159,0.01,10159,ascii_replace,18,3,154,166,140,12,0.8142857142857143,0.0,128,0.9142857142857143,0.96875,0.9453125,7,7,0,0,715,0.009790209790209791
160,0.01,10160,homo_replace,18,3,154,167,141,13,0.8156028368794326,0.03546099290780142,128,0.9078014184397163,0.9765625,0.953125,6,6,0,0,609,0.009852216748768473
161,0.01,10161,ascii_replace,18,3,154,164,138,10,0.7681159420289855,0.014492753623188406,128,0.927536231884058,0.96875,0.953125,6,6,0,0,595,0.010084033613445379
162,0.01,10162,x_replace,18,3,155,161,134,7,0.7910447761194029,0.029850746268656716,127,0.9477611940298507,0.9606299212598425,0.9606299212598425,5,5,0,0,477,0.010482180293501049
163,0.01,10163,ascii_replace,18,3,168,177,137,10,0.8102189781021898,0.014598540145985401,127,0.927007299270073,0.9763779527559056,0.952755905511811,6,6,0,0,610,0.009836065573770493
164,0.01,10164,mixed,18,3,155,159,132,32,0.6287878787878788,0.007575757575757576,100,0.7575757575757576,0.94,0.94,5,1,2,2,530,0.009433962264150943
165,0.01,10165,ascii_replace,18,3,155,161,134,8,0.7835820895522388,0.014925373134328358,126,0.9402985074626866,0.9603174603174603,0.9603174603174603,5,5,0,0,508,0.00984251968503937
166,0.01,10166,homo_replace,18,3,159,168,137,9,0.8175182481751825,0.0072992700729927005,128,0.9343065693430657,0.96875,0.953125,6,6,0,0,612,0.00980392156862745
167,0.01,10167,ascii_replace,18,3,155,167,140,12,0.7857142857142857,0.014285714285714285,128,0.9142857142857143,0.953125,0.9453125,7,7,0,0,652,0.010736196319018405
168,0.01,10168,mixed,18,3,155,158,131,86,0.20610687022900764,0.10687022900763359,45,0.3435114503816794,0.6666666666666666,0.6666666666666666,5,2,2,1,545,0.009174311926605505
169,0.01,10169,mixed,18,3,153,160,135,63,0.34074074074074073,0.05185185185185185,72,0.5333333333333333,0.6527777777777778,0.6527777777777778,5,4,0,1,492,0.01016260162601626
170,0.01,10170,mixed,18,3,152,161,137,38,0.583941605839416,0.058394160583941604,99,0.7226277372262774,0.9292929292929293,0.9090909090909091,6,2,2,2,574,0.010452961672473868
171,0.01,10171,zw_insert,18,3,160,174,142,113,0.056338028169014086,0.09859154929577464,29,0.20422535211267606,0.20689655172413793,0.20689655172413793,6,0,0,6,577,0.010398613518197574
172,0.01,10172,zw_insert,18,3,155,166,139,99,0.1366906474820144,0.11510791366906475,40,0.28776978417266186,0.4,0.4,6,0,0,6,607,0.009884678747940691
173,0.01,10173,mixed,18,3,159,162,131,43,0.5190839694656488,0.04580152671755725,88,0.6717557251908397,0.875,0.8636363636363636,4,0,2,2,442,0.00904977375565611
174,0.01,10174,zw_insert,18,3,153,161,136,103,0.03676470588235294,0.10294117647058823,33,0.2426470588235294,0.12121212121212122,0.12121212121212122,5,0,0,5,514,0.009727626459143969
175,0.01,10175,homo_replace,18,3,152,164,140,12,0.7857142857142857,0.007142857142857143,128,0.9142857142857143,0.984375,0.953125,6,6,0,0,596,0.010067114093959731
176,0.01,10176,zw_insert,18,3,152,163,139,102,0.09352517985611511,0.1079136690647482,37,0.26618705035971224,0.32432432432432434,0.32432432432432434,6,0,0,6,642,0.009345794392523364
177,0.01,10177,zw_insert,18,3,155,166,139,83,0.302158273381295,0.07194244604316546,56,0.4028776978417266,0.7321428571428571,0.7142857142857143,6,0,0,6,601,0.009983361064891847
178,0.01,10178,x_replace,18,3,172,178,134,6,0.8432835820895522,0.007462686567164179,128,0.9552238805970149,0.96875,0.96875,4,4,0,0,411,0.009732360097323601
179,0.01,10179,ascii_replace,18,3,175,177,130,2,0.7769230769230769,0.015384615384615385,128,0.9846153846153847,0.96875,0.96875,4,4,0,0,354,0.011299435028248588
180,0.01,10180,ascii_replace,18,3,160,170,138,10,0.8333333333333334,0.0,128,0.927536231884058,0.9609375,0.9453125,7,7,0,0,654,0.010703363914373088
181,0.01,10181,zw_insert,18,3,154,164,138,102,0.043478260869565216,0.08695652173913043,36,0.2608695652173913,0.1388888888888889,0.1111111111111111,6,0,0,6,609,0.009852216748768473
182,0.01,10182,ascii_replace,18,3,158,168,138,10,0.8405797101449275,0.007246376811594203,128,0.927536231884058,0.96875,0.953125,6,6,0,0,574,0.010452961672473868
183,0.01,10183,zw_insert,18,3,154,171,145,122,0.034482758620689655,0.0896551724137931,23,0.15862068965517243,0.13043478260869565,0.13043478260869565,7,0,0,7,714,0.00980392156862745
184,0.01,10184,zw_insert,18,3,161,168,135,110,0.0,0.1037037037037037,25,0.18518518518518517,0.0,0.0,6,0,0,6,570,0.010526315789473684
185,0.01,10185,mixed,18,3,157,164,135,101,0.16296296296296298,0.044444444444444446,34,0.2518518518518518,0.6176470588235294,0.6176470588235294,6,3,1,2,552,0.010869565217391304
186,0.01,10186,x_replace,18,3,152,167,143,15,0.7832167832167832,0.02097902097902098,128,0.8951048951048951,0.96875,0.9453125,7,7,0,0,660,0.010606060606060607
187,0.01,10187,zw_insert,18,3,161,170,137,81,0.27007299270072993,0.051094890510948905,56,0.40875912408759124,0.6428571428571429,0.6428571428571429,6,0,0,6,592,0.010135135135135136
188,0.01,10188,homo_replace,18,3,155,162,135,7,0.8148148148148148,0.02962962962962963,128,0.9481481481481482,0.9609375,0.9609375,6,6,0,0,617,0.009724473257698542
189,0.01,10189,mixed,18,3,153,160,135,74,0.35555555555555557,0.05185185185185185,61,0.45185185185185184,0.7704918032786885,0.7540983606557377,7,1,5,1,664,0.010542168674698794
190,0.01,10190,mixed,18,3,159,169,138,54,0.5289855072463768,0.043478260869565216,84,0.6086956521739131,0.8690476190476191,0.8571428571428571,6,3,1,2,576,0.010416666666666666
191,0.01,10191,homo_replace,18,3,150,159,137,9,0.8029197080291971,0.021897810218978103,128,0.9343065693430657,0.9609375,0.9453125,7,7,0,0,655,0.010687022900763359
192,0.01,10192,mixed,18,3,155,162,134,85,0.26119402985074625,0.029850746268656716,49,0.3656716417910448,0.7142857142857143,0.7142857142857143,6,1,4,1,569,0.01054481546572935
193,0.01,10193,mixed,18,3,154,160,134,104,0.04477611940298507,0.07462686567164178,30,0.22388059701492538,0.16666666666666666,0.16666666666666666,5,1,1,3,509,0.009823182711198428
194,0.01,10194,x_replace,18,3,158,164,134,6,0.835820895522388,0.022388059701492536,128,0.9552238805970149,0.953125,0.953125,6,6,0,0,596,0.010067114093959731
195,0.01,10195,x_replace,18,3,152,163,139,12,0.7913669064748201,0.02158273381294964,127,0.9136690647482014,0.968503937007874,0.952755905511811,6,6,0,0,585,0.010256410256410256
196,0.01,10196,x_replace,18,3,163,173,138,10,0.8260869565217391,0.021739130434782608,128,0.927536231884058,0.9765625,0.953125,6,6,0,0,605,0.009917355371900827
197,0.01,10197,ascii_replace,18,3,152,162,138,10,0.782608695652174,0.021739130434782608,128,0.927536231884058,0.9609375,0.9453125,7,7,0,0,667,0.010494752623688156
198,0.01,10198,homo_replace,18,3,158,170,140,12,0.8071428571428572,0.007142857142857143,128,0.9142857142857143,0.9765625,0.953125,6,6,0,0,579,0.010362694300518135
199,0.01,10199,mixed,18,3,158,167,137,66,0.38686131386861317,0.072992700729927,71,0.5182481751824818,0.8028169014084507,0.7887323943661971,6,3,2,1,584,0.010273972602739725
0,0.02,20000,mixed,18,3,161,179,146,102,0.136986301369863,0.07534246575342465,44,0.3013698630136986,0.4090909090909091,0.4090909090909091,11,3,2,6,550,0.02
1,0.02,20001,homo_replace,18,3,163,176,141,14,0.6312056737588653,0.04964539007092199,127,0.900709219858156,0.937007874015748,0.9212598425196851,10,10,0,0,511,0.019569471624266144
2,0.02,20002,homo_replace,18,3,157,174,144,17,0.6041666666666666,0.034722222222222224,127,0.8819444444444444,0.9291338582677166,0.905511811023622,12,12,0,0,584,0.02054794520547945
3,0.02,20003,x_replace,18,3,151,172,149,21,0.6375838926174496,0.026845637583892617,128,0.8590604026845637,0.9453125,0.9140625,12,12,0,0,601,0.019966722129783693
4,0.02,20004,homo_replace,18,3,157,180,151,24,0.6887417218543046,0.019867549668874173,127,0.8410596026490066,0.9212598425196851,0.889763779527559,15,15,0,0,771,0.019455252918287938
5,0.02,20005,mixed,18,3,152,169,145,89,0.18620689655172415,0.0896551724137931,56,0.38620689655172413,0.6785714285714286,0.6607142857142857,11,4,3,4,561,0.0196078431372549
6,0.02,20006,zw_insert,18,3,158,184,154,108,0.12987012987012986,0.12987012987012986,46,0.2987012987012987,0.391304347826087,0.391304347826087,12,0,0,12,579,0.02072538860103627
7,0.02,20007,homo_replace,18,3,155,178,151,25,0.6423841059602649,0.013245033112582781,126,0.8344370860927153,0.9365079365079365,0.8968253968253969,13,13,0,0,658,0.019756838905775075
8,0.02,20008,homo_replace,18,3,152,163,139,13,0.6618705035971223,0.05755395683453238,126,0.9064748201438849,0.9285714285714286,0.9206349206349206,10,10,0,0,514,0.019455252918287938
9,0.02,20009,mixed,18,3,159,166,135,62,0.3333333333333333,0.022222222222222223,73,0.5407407407407407,0.7671232876712328,0.7534246575342466,9,2,4,3,463,0.019438444924406047
10,0.02,20010,zw_insert,18,3,152,181,157,117,0.1337579617834395,0.10828025477707007,40,0.25477707006369427,0.475,0.475,13,0,0,13,631,0.020602218700475437
11,0.02,20011,mixed,18,3,153,168,143,108,0.08391608391608392,0.055944055944055944,35,0.24475524475524477,0.4,0.4,12,1,6,5,609,0.019704433497536946
12,0.02,20012,homo_replace,18,3,153,178,153,26,0.6405228758169934,0.0457516339869281,127,0.8300653594771242,0.9212598425196851,0.905511811023622,13,13,0,0,664,0.01957831325301205
13,0.02,20013,x_replace,18,3,155,172,145,18,0.6275862068965518,0.027586206896551724,127,0.8758620689655172,0.9212598425196851,0.9133858267716536,12,12,0,0,585,0.020512820512820513
14,0.02,20014,x_replace,18,3,152,165,141,13,0.6382978723404256,0.04964539007092199,128,0.9078014184397163,0.9296875,0.90625,12,12,0,0,587,0.020442930153321975
15,0.02,20015,ascii_replace,18,3,154,173,147,19,0.6598639455782312,0.034013605442176874,128,0.8707482993197279,0.921875,0.90625,12,12,0,0,606,0.019801980198019802
16,0.02,20016,homo_replace,18,3,155,173,146,19,0.636986301369863,0.02054794520547945,127,0.8698630136986302,0.937007874015748,0.9133858267716536,12,12,0,0,586,0.020477815699658702
17,0.02,20017,ascii_replace,18,3,154,174,148,20,0.6756756756756757,0.02027027027027027,128,0.8648648648648649,0.9375,0.90625,13,13,0,0,660,0.019696969696969695
18,0.02,20018,homo_replace,18,3,155,181,154,26,0.5909090909090909,0.045454545454545456,128,0.8311688311688312,0.9296875,0.890625,14,14,0,0,694,0.020172910662824207
19,0.02,20019,zw_insert,18,3,154,179,153,97,0.26143790849673204,0.08496732026143791,56,0.3660130718954248,0.6785714285714286,0.6785714285714286,13,0,0,13,663,0.0196078431372549
20,0.02,20020,zw_insert,18,3,159,179,148,110,0.08783783783783784,0.0945945945945946,38,0.25675675675675674,0.3157894736842105,0.2894736842105263,12,0,0,12,592,0.02027027027027027
21,0.02,20021,homo_replace,18,3,159,183,152,24,0.618421052631579,0.02631578947368421,128,0.8421052631578947,0.921875,0.8984375,13,13,0,0,668,0.019461077844311378
22,0.02,20022,x_replace,18,3,163,175,140,14,0.6285714285714286,0.03571428571428571,126,0.9,0.9365079365079365,0.9206349206349206,11,11,0,0,538,0.020446096654275093
23,0.02,20023,ascii_replace,18,3,152,172,148,20,0.6891891891891891,0.04054054054054054,128,0.8648648648648649,0.9296875,0.8984375,13,13,0,0,669,0.01943198804185351
24,0.02,20024,x_replace,18,3,155,173,146,19,0.6164383561643836,0.0410958904109589,127,0.8698630136986302,0.937007874015748,0.905511811023622,13,13,0,0,645,0.020155038759689922
25,0.02,20025,zw_insert,18,3,152,181,157,116,0.09554140127388536,0.12738853503184713,41,0.2611464968152866,0.3170731707317073,0.3170731707317073,13,0,0,13,641,0.0202808112324493
26,0.02,20026,zw_insert,18,3,153,180,155,139,0.01935483870967742,0.11612903225806452,16,0.1032258064516129,0.125,0.125,13,0,0,13,640,0.0203125
27,0.02,20027,homo_replace,18,3,156,173,145,18,0.6206896551724138,0.04827586206896552,127,0.8758620689655172,0.9133858267716536,0.905511811023622,12,12,0,0,613,0.01957585644371941
28,0.02,20028,ascii_replace,18,3,151,164,141,13,0.6312056737588653,0.0425531914893617,128,0.9078014184397163,0.9140625,0.8984375,13,13,0,0,638,0.02037617554858934
29,0.02,20029,homo_replace,18,3,153,171,146,18,0.6712328767123288,0.0136986301369863,128,0.8767123287671232,0.9296875,0.9140625,12,12,0,0,590,0.020338983050847456
30,0.02,20030,zw_insert,18,3,154,178,152,116,0.02631578947368421,0.09210526315789473,36,0.23684210526315788,0.05555555555555555,0.05555555555555555,12,0,0,12,582,0.020618556701030927
31,0.02,20031,mixed,18,3,152,166,142,98,0.14788732394366197,0.07042253521126761,44,0.30985915492957744,0.6818181818181818,0.6590909090909091,12,6,3,3,589,0.02037351443123939
32,0.02,20032,mixed,18,3,161,173,140,102,0.04285714285714286,0.06428571428571428,38,0.2714285714285714,0.10526315789473684,0.10526315789473684,9,4,4,1,446,0.020179372197309416
33,0.02,20033,zw_insert,18,3,155,173,146,107,0.0410958904109589,0.08904109589041095,39,0.2671232876712329,0.10256410256410256,0.07692307692307693,10,0,0,10,521,0.019193857965451054
34,0.02,20034,zw_insert,18,3,158,187,157,114,0.10191082802547771,0.10828025477707007,43,0.27388535031847133,0.32558139534883723,0.32558139534883723,14,0,0,14,692,0.02023121387283237
35,0.02,20035,homo_replace,18,3,157,182,153,26,0.6666666666666666,0.0784313725490196,127,0.8300653594771242,0.9448818897637795,0.8976377952755905,14,14,0,0,706,0.019830028328611898
36,0.02,20036,ascii_replace,18,3,155,173,146,19,0.684931506849315,0.0273972602739726,127,0.8698630136986302,0.9291338582677166,0.905511811023622,13,13,0,0,641,0.0202808112324493
37,0.02,20037,mixed,18,3,154,167,141,121,0.03546099290780142,0.09929078014184398,20,0.14184397163120568,0.2,0.2,12,3,5,4,619,0.01938610662358643
38,0.02,20038,homo_replace,18,3,154,169,143,15,0.6713286713286714,0.04195804195804196,128,0.8951048951048951,0.9375,0.90625,12,12,0,0,598,0.020066889632107024
39,0.02,20039,mixed,18,3,173,182,136,80,0.051470588235294115,0.08088235294117647,56,0.4117647058823529,0.10714285714285714,0.08928571428571429,8,1,2,5,420,0.01904761904761905
40,0.02,20040,mixed,18,3,158,177,147,63,0.4421768707482993,0.047619047619047616,84,0.5714285714285714,0.8452380952380952,0.8333333333333334,12,4,5,3,624,0.019230769230769232
41,0.02,20041,mixed,18,3,162,173,139,72,0.23741007194244604,0.07194244604316546,67,0.48201438848920863,0.5671641791044776,0.5671641791044776,10,4,3,3,507,0.01972386587771203
42,0.02,20042,x_replace,18,3,157,181,152,24,0.6644736842105263,0.013157894736842105,128,0.8421052631578947,0.921875,0.8984375,13,13,0,0,629,0.02066772655007949
43,0.02,20043,x_replace,18,3,154,180,154,26,0.6753246753246753,0.025974025974025976,128,0.8311688311688312,0.9375,0.890625,14,14,0,0,709,0.019746121297602257
44,0.02,20044,mixed,18,3,151,170,147,102,0.14285714285714285,0.08843537414965986,45,0.30612244897959184,0.5777777777777777,0.5777777777777777,12,2,5,5,605,0.019834710743801654
45,0.02,20045,mixed,18,3,153,166,141,99,0.22695035460992907,0.03546099290780142,42,0.2978723404255319,0.6904761904761905,0.6904761904761905,13,5,6,2,627,0.02073365231259968
46,0.02,20046,homo_replace,18,3,157,173,144,16,0.6875,0.006944444444444444,128,0.8888888888888888,0.9375,0.921875,10,10,0,0,514,0.019455252918287938
47,0.02,20047,zw_insert,18,3,153,187,162,106,0.1728395061728395,0.06790123456790123,56,0.345679012345679,0.4642857142857143,0.44642857142857145,14,0,0,14,683,0.020497803806734993
48,0.02,20048,mixed,18,3,155,171,144,104,0.14583333333333334,0.08333333333333333,40,0.2777777777777778,0.6,0.6,10,5,1,4,519,0.019267822736030827
49,0.02,20049,zw_insert,18,3,158,182,152,106,0.1118421052631579,0.05263157894736842,46,0.3026315789473684,0.32608695652173914,0.32608695652173914,13,0,0,13,651,0.019969278033794162
50,0.02,20050,mixed,18,3,156,169,141,96,0.1702127659574468,0.07801418439716312,45,0.3191489361702128,0.6,0.5777777777777777,12,5,4,3,576,0.020833333333333332
51,0.02,20051,homo_replace,18,3,153,174,149,21,0.7248322147651006,0.026845637583892617,128,0.8590604026845637,0.9453125,0.9296875,12,12,0,0,622,0.01929260450160772
52,0.02,20052,mixed,18,3,158,169,139,49,0.4316546762589928,0.03597122302158273,90,0.6474820143884892,0.8333333333333334,0.8,10,6,2,2,525,0.01904761904761905
53,0.02,20053,x_replace,18,3,159,173,142,17,0.7323943661971831,0.02112676056338028,125,0.8802816901408451,0.944,0.928,11,11,0,0,563,0.019538188277087035
54,0.02,20054,mixed,18,3,154,166,140,98,0.14285714285714285,0.06428571428571428,42,0.3,0.5714285714285714,0.5476190476190477,13,3,7,3,639,0.02034428794992175
55,0.02,20055,homo_replace,18,3,164,182,146,18,0.6506849315068494,0.03424657534246575,128,0.8767123287671232,0.921875,0.921875,12,12,0,0,610,0.019672131147540985
56,0.02,20056,ascii_replace,18,3,150,164,142,14,0.704225352112676,0.028169014084507043,128,0.9014084507042254,0.9296875,0.9140625,12,12,0,0,598,0.020066889632107024
57,0.02,20057,homo_replace,18,3,156,172,144,16,0.6111111111111112,0.05555555555555555,128,0.8888888888888888,0.9296875,0.921875,10,10,0,0,490,0.02040816326530612
58,0.02,20058,zw_insert,18,3,155,173,146,105,0.0684931506849315,0.1095890410958904,41,0.2808219178082192,0.21951219512195122,0.21951219512195122,11,0,0,11,529,0.020793950850661626
59,0.02,20059,x_replace,18,3,152,169,145,17,0.6689655172413793,0.013793103448275862,128,0.8827586206896552,0.9453125,0.921875,12,12,0,0,601,0.019966722129783693
60,0.02,20060,zw_insert,18,3,160,178,146,119,0.00684931506849315,0.08904109589041095,27,0.18493150684931506,0.0,0.0,11,0,0,11,555,0.01981981981981982
61,0.02,20061,x_replace,18,3,154,174,148,21,0.7162162162162162,0.04054054054054054,127,0.8581081081081081,0.937007874015748,0.9133858267716536,12,12,0,0,622,0.01929260450160772
62,0.02,20062,homo_replace,18,3,167,179,140,13,0.6214285714285714,0.014285714285714285,127,0.9071428571428571,0.9291338582677166,0.9291338582677166,9,9,0,0,435,0.020689655172413793
63,0.02,20063,zw_insert,18,3,152,178,154,125,0.01948051948051948,0.11688311688311688,29,0.18831168831168832,0.06896551724137931,0.034482758620689655,13,0,0,13,666,0.01951951951951952
64,0.02,20064,homo_replace,18,3,154,182,156,28,0.6089743589743589,0.02564102564102564,128,0.8205128205128205,0.9140625,0.8828125,15,15,0,0,727,0.02063273727647868
65,0.02,20065,ascii_replace,18,3,157,174,145,18,0.593103448275862,0.020689655172413793,127,0.8758620689655172,0.9212598425196851,0.905511811023622,13,13,0,0,649,0.020030816640986132
66,0.02,20066,ascii_replace,18,3,158,169,139,12,0.6546762589928058,0.014388489208633094,127,0.9136690647482014,0.9606299212598425,0.9212598425196851,11,11,0,0,537,0.020484171322160148
67,0.02,20067,mixed,18,3,154,173,147,107,0.19727891156462585,0.08163265306122448,40,0.272108843537415,0.875,0.825,14,4,4,6,693,0.020202020202020204
68,0.02,20068,x_replace,18,3,161,182,149,21,0.6577181208053692,0.03355704697986577,128,0.8590604026845637,0.9296875,0.921875,10,10,0,0,513,0.01949317738791423
69,0.02,20069,ascii_replace,18,3,154,174,148,21,0.7027027027027027,0.05405405405405406,127,0.8581081081081081,0.9606299212598425,0.905511811023622,14,14,0,0,679,0.020618556701030927
70,0.02,20070,ascii_replace,18,3,151,186,162,35,0.6296296296296297,0.012345679012345678,127,0.7839506172839507,0.9212598425196851,0.8818897637795275,16,16,0,0,780,0.020512820512820513
71,0.02,20071,mixed,18,3,160,176,144,68,0.3611111111111111,0.034722222222222224,76,0.5277777777777778,0.8421052631578947,0.8289473684210527,12,9,2,1,588,0.02040816326530612
72,0.02,20072,x_replace,18,3,151,172,149,21,0.6442953020134228,0.040268456375838924,128,0.8590604026845637,0.9296875,0.90625,12,12,0,0,578,0.020761245674740483
73,0.02,20073,zw_insert,18,3,157,190,161,134,0.043478260869565216,0.09937888198757763,27,0.16770186335403728,0.18518518518518517,0.14814814814814814,13,0,0,13,661,0.019667170953101363
74,0.02,20074,x_replace,18,3,154,168,142,15,0.647887323943662,0.014084507042253521,127,0.8943661971830986,0.9448818897637795,0.9291338582677166,10,10,0,0,507,0.01972386587771203
75,0.02,20075,x_replace,18,3,156,174,146,18,0.6506849315068494,0.03424657534246575,128,0.8767123287671232,0.953125,0.921875,12,12,0,0,589,0.02037351443123939
76,0.02,20076,mixed,18,3,152,165,141,84,0.3262411347517731,0.03546099290780142,57,0.40425531914893614,0.8070175438596491,0.7719298245614035,12,5,5,2,576,0.020833333333333332
77,0.02,20077,ascii_replace,18,3,156,175,147,19,0.673469387755102,0.034013605442176874,128,0.8707482993197279,0.9296875,0.8984375,14,14,0,0,697,0.020086083213773313
78,0.02,20078,mixed,18,3,152,171,147,118,0.08843537414965986,0.047619047619047616,29,0.19727891156462585,0.4827586206896552,0.4482758620689655,14,3,5,6,693,0.020202020202020204
79,0.02,20079,homo_replace,18,3,155,165,138,10,0.6594202898550725,0.021739130434782608,128,0.927536231884058,0.9375,0.921875,10,10,0,0,523,0.019120458891013385
80,0.02,20080,ascii_replace,18,3,154,176,150,23,0.6533333333333333,0.03333333333333333,127,0.8466666666666667,0.9291338582677166,0.889763779527559,14,14,0,0,724,0.019337016574585635
81,0.02,20081,homo_replace,18,3,152,172,148,21,0.5945945945945946,0.0472972972972973,127,0.8581081081081081,0.9212598425196851,0.8976377952755905,13,13,0,0,636,0.020440251572327043
82,0.02,20082,homo_replace,18,3,153,172,147,20,0.6462585034013606,0.061224489795918366,127,0.8639455782312925,0.9291338582677166,0.9133858267716536,12,12,0,0,604,0.019867549668874173
83,0.02,20083,homo_replace,18,3,155,169,142,15,0.6408450704225352,0.04225352112676056,127,0.8943661971830986,0.9212598425196851,0.889763779527559,13,13,0,0,655,0.01984732824427481
84,0.02,20084,x_replace,18,3,154,175,149,22,0.6711409395973155,0.04697986577181208,127,0.8523489932885906,0.9212598425196851,0.905511811023622,12,12,0,0,621,0.01932367149758454
85,0.02,20085,zw_insert,18,3,164,187,150,122,0.06,0.12,28,0.18666666666666668,0.2857142857142857,0.2857142857142857,11,0,0,11,564,0.01950354609929078
86,0.02,20086,ascii_replace,18,3,152,171,147,21,0.673469387755102,0.02040816326530612,126,0.8571428571428571,0.9603174603174603,0.9126984126984127,13,13,0,0,656,0.019817073170731708
87,0.02,20087,ascii_replace,18,3,156,173,145,18,0.6206896551724138,0.041379310344827586,127,0.8758620689655172,0.9606299212598425,0.9212598425196851,11,11,0,0,563,0.019538188277087035
88,0.02,20088,mixed,18,3,156,176,148,74,0.36486486486486486,0.05405405405405406,74,0.5,0.7702702702702703,0.7297297297297297,15,4,8,3,730,0.02054794520547945
89,0.02,20089,mixed,18,3,160,176,144,104,0.1111111111111111,0.05555555555555555,40,0.2777777777777778,0.525,0.525,11,4,3,4,541,0.02033271719038817
90,0.02,20090,x_replace,18,3,156,174,146,18,0.6575342465753424,0.0136986301369863,128,0.8767123287671232,0.9453125,0.9140625,11,11,0,0,568,0.01936619718309859
91,0.02,20091,mixed,18,3,150,165,143,116,0.07692307692307693,0.0979020979020979,27,0.1888111888111888,0.37037037037037035,0.37037037037037035,13,5,3,5,647,0.02009273570324575
92,0.02,20092,homo_replace,18,3,155,166,139,13,0.6330935251798561,0.03597122302158273,126,0.9064748201438849,0.9444444444444444,0.9285714285714286,10,10,0,0,508,0.01968503937007874
93,0.02,20093,ascii_replace,18,3,164,182,146,18,0.6027397260273972,0.0410958904109589,128,0.8767123287671232,0.9296875,0.9140625,11,11,0,0,561,0.0196078431372549
94,0.02,20094,homo_replace,18,3,155,184,157,31,0.6624203821656051,0.03821656050955414,126,0.802547770700637,0.9444444444444444,0.9126984126984127,15,15,0,0,730,0.02054794520547945
95,0.02,20095,mixed,18,3,156,169,141,84,0.23404255319148937,0.07092198581560284,57,0.40425531914893614,0.6140350877192983,0.6140350877192983,11,1,5,5,527,0.020872865275142316
96,0.02,20096,zw_insert,18,3,154,182,156,104,0.1987179487179487,0.10897435897435898,52,0.3333333333333333,0.5769230769230769,0.5769230769230769,14,0,0,14,675,0.02074074074074074
97,0.02,20097,x_replace,18,3,157,178,149,21,0.6912751677852349,0.03355704697986577,128,0.8590604026845637,0.921875,0.90625,13,13,0,0,669,0.01943198804185351
98,0.02,20098,zw_insert,18,3,153,173,148,109,0.06756756756756757,0.14864864864864866,39,0.2635135135135135,0.23076923076923078,0.23076923076923078,12,0,0,12,618,0.019417475728155338
99,0.02,20099,mixed,18,3,154,166,140,117,0.02142857142857143,0.1,23,0.16428571428571428,0.13043478260869565,0.08695652173913043,12,3,6,3,609,0.019704433497536946
100,0.02,20100,zw_insert,18,3,161,183,150,117,0.07333333333333333,0.11333333333333333,33,0.22,0.30303030303030304,0.30303030303030304,12,0,0,12,621,0.01932367149758454
101,0.02,20101,ascii_replace,18,3,152,167,143,16,0.7272727272727273,0.027972027972027972,127,0.8881118881118881,0.937007874015748,0.9212598425196851,11,11,0,0,562,0.019572953736654804
102,0.02,20102,zw_insert,18,3,155,177,150,119,0.03333333333333333,0.1,31,0.20666666666666667,0.0967741935483871,0.06451612903225806,11,0,0,11,574,0.01916376306620209
103,0.02,20103,x_replace,18,3,156,178,150,23,0.66,0.03333333333333333,127,0.8466666666666667,0.937007874015748,0.905511811023622,13,13,0,0,643,0.02021772939346812
104,0.02,20104,mixed,18,3,159,173,142,115,0.09859154929577464,0.07746478873239436,27,0.19014084507042253,0.5185185185185185,0.4444444444444444,13,6,2,5,654,0.019877675840978593
105,0.02,20105,homo_replace,18,3,165,181,144,16,0.6944444444444444,0.027777777777777776,128,0.8888888888888888,0.921875,0.9140625,11,11,0,0,562,0.019572953736654804
106,0.02,20106,zw_insert,18,3,151,171,148,109,0.08783783783783784,0.08108108108108109,39,0.2635135135135135,0.28205128205128205,0.28205128205128205,10,0,0,10,521,0.019193857965451054
107,0.02,20107,x_replace,18,3,160,183,151,23,0.6026490066225165,0.052980132450331126,128,0.847682119205298,0.9375,0.9140625,13,13,0,0,630,0.020634920634920634
108,0.02,20108,mixed,18,3,153,170,145,114,0.12413793103448276,0.11724137931034483,31,0.21379310344827587,0.5483870967741935,0.5161290322580645,13,5,5,3,669,0.01943198804185351
109,0.02,20109,homo_replace,18,3,155,171,144,17,0.6597222222222222,0.027777777777777776,127,0.8819444444444444,0.952755905511811,0.9133858267716536,11,11,0,0,572,0.019230769230769232
110,0.02,20110,ascii_replace,18,3,156,169,141,15,0.6382978723404256,0.05673758865248227,126,0.8936170212765957,0.9523809523809523,0.9126984126984127,11,11,0,0,554,0.019855595667870037
111,0.02,20111,x_replace,18,3,160,176,144,16,0.6458333333333334,0.027777777777777776,128,0.8888888888888888,0.921875,0.90625,12,12,0,0,603,0.01990049751243781
112,0.02,20112,mixed,18,3,160,174,142,99,0.1267605633802817,0.08450704225352113,43,0.3028169014084507,0.46511627906976744,0.4418604651162791,12,4,4,4,625,0.0192
113,0.02,20113,x_replace,18,3,152,178,154,26,0.6233766233766234,0.03896103896103896,128,0.8311688311688312,0.9453125,0.8984375,12,12,0,0,623,0.019261637239165328
114,0.02,20114,mixed,18,3,160,173,141,102,0.10638297872340426,0.05673758865248227,39,0.2765957446808511,0.358974358974359,0.3333333333333333,12,5,5,2,625,0.0192
115,0.02,20115,ascii_replace,18,3,152,171,147,19,0.673469387755102,0.047619047619047616,128,0.8707482993197279,0.9375,0.90625,13,13,0,0,644,0.020186335403726708
116,0.02,20116,ascii_replace,18,3,159,180,148,21,0.6959459459459459,0.033783783783783786,127,0.8581081081081081,0.9448818897637795,0.905511811023622,13,13,0,0,645,0.020155038759689922
117,0.02,20117,ascii_replace,18,3,167,185,146,19,0.5958904109589042,0.0410958904109589,127,0.8698630136986302,0.9291338582677166,0.905511811023622,14,14,0,0,715,0.019580419580419582
118,0.02,20118,x_replace,18,3,153,175,150,23,0.68,0.02,127,0.8466666666666667,0.9212598425196851,0.9133858267716536,11,11,0,0,572,0.019230769230769232
119,0.02,20119,ascii_replace,18,3,159,174,143,15,0.6293706293706294,0.055944055944055944,128,0.8951048951048951,0.9453125,0.9296875,10,10,0,0,487,0.02053388090349076
120,0.02,20120,homo_replace,18,3,155,169,142,15,0.6549295774647887,0.028169014084507043,127,0.8943661971830986,0.9212598425196851,0.9133858267716536,11,11,0,0,564,0.01950354609929078
121,0.02,20121,homo_replace,18,3,153,172,147,19,0.6802721088435374,0.05442176870748299,128,0.8707482993197279,0.9140625,0.9140625,12,12,0,0,618,0.019417475728155338
122,0.02,20122,zw_insert,18,3,154,180,154,119,0.025974025974025976,0.1038961038961039,35,0.22727272727272727,0.08571428571428572,0.08571428571428572,13,0,0,13,640,0.0203125
123,0.02,20123,homo_replace,18,3,161,172,139,11,0.6690647482014388,0.02877697841726619,128,0.920863309352518,0.921875,0.9140625,11,11,0,0,536,0.020522388059701493
124,0.02,20124,zw_insert,18,3,158,179,149,118,0.013422818791946308,0.12080536912751678,31,0.2080536912751678,0.03225806451612903,0.03225806451612903,12,0,0,12,610,0.019672131147540985
125,0.02,20125,homo_replace,18,3,157,174,145,18,0.6344827586206897,0.020689655172413793,127,0.8758620689655172,0.9291338582677166,0.905511811023622,12,12,0,0,616,0.01948051948051948
126,0.02,20126,homo_replace,18,3,155,178,151,23,0.7019867549668874,0.039735099337748346,128,0.847682119205298,0.9296875,0.9140625,12,12,0,0,595,0.020168067226890758
127,0.02,20127,mixed,18,3,156,168,140,105,0.16428571428571428,0.12142857142857143,35,0.25,0.6857142857142857,0.6571428571428571,12,4,4,4,578,0.020761245674740483
128,0.02,20128,ascii_replace,18,3,158,183,153,26,0.6078431372549019,0.032679738562091505,127,0.8300653594771242,0.905511811023622,0.8976377952755905,14,14,0,0,676,0.020710059171597635
129,0.02,20129,x_replace,18,3,155,175,148,20,0.6621621621621622,0.0472972972972973,128,0.8648648648648649,0.9296875,0.921875,11,11,0,0,554,0.019855595667870037
130,0.02,20130,zw_insert,18,3,156,176,148,113,0.013513513513513514,0.10135135135135136,35,0.23648648648648649,0.0,0.0,10,0,0,10,525,0.01904761904761905
131,0.02,20131,mixed,18,3,153,173,148,113,0.17567567567567569,0.060810810810810814,35,0.23648648648648649,0.8,0.7714285714285715,15,4,5,6,727,0.02063273727647868
132,0.02,20132,x_replace,18,3,158,175,145,18,0.6551724137931034,0.006896551724137931,127,0.8758620689655172,0.9448818897637795,0.9133858267716536,11,11,0,0,566,0.019434628975265017
133,0.02,20133,zw_insert,18,3,158,181,151,106,0.07947019867549669,0.07947019867549669,45,0.2980132450331126,0.24444444444444444,0.24444444444444444,11,0,0,11,553,0.019891500904159132
134,0.02,20134,x_replace,18,3,151,168,145,17,0.6758620689655173,0.034482758620689655,128,0.8827586206896552,0.921875,0.8984375,13,13,0,0,669,0.01943198804185351
135,0.02,20135,ascii_replace,18,3,157,171,142,14,0.7183098591549296,0.014084507042253521,128,0.9014084507042254,0.9375,0.9296875,11,11,0,0,572,0.019230769230769232
136,0.02,20136,mixed,18,3,157,167,138,104,0.028985507246376812,0.10869565217391304,34,0.2463768115942029,0.20588235294117646,0.17647058823529413,12,3,5,4,584,0.02054794520547945
137,0.02,20137,homo_replace,18,3,153,179,154,26,0.5909090909090909,0.025974025974025976,128,0.8311688311688312,0.90625,0.890625,15,15,0,0,754,0.01989389920424403
138,0.02,20138,homo_replace,18,3,153,166,141,15,0.6950354609929078,0.0070921985815602835,126,0.8936170212765957,0.9444444444444444,0.9206349206349206,11,11,0,0,565,0.019469026548672566
139,0.02,20139,mixed,18,3,158,177,143,101,0.09090909090909091,0.1048951048951049,42,0.2937062937062937,0.5952380952380952,0.5952380952380952,14,2,5,7,679,0.020618556701030927
140,0.02,20140,mixed,18,3,154,160,134,72,0.35074626865671643,0.03731343283582089,62,0.4626865671641791,0.7419354838709677,0.7419354838709677,9,2,5,2,455,0.01978021978021978
141,0.02,20141,mixed,18,3,152,169,145,96,0.16551724137931034,0.04827586206896552,49,0.33793103448275863,0.5918367346938775,0.5714285714285714,12,3,4,5,593,0.02023608768971332
142,0.02,20142,zw_insert,18,3,157,173,144,112,0.013888888888888888,0.18055555555555555,32,0.2222222222222222,0.03125,0.03125,11,0,0,11,547,0.02010968921389397
143,0.02,20143,mixed,18,3,156,174,146,106,0.2054794520547945,0.0547945205479452,40,0.273972602739726,0.825,0.825,15,4,9,2,772,0.019430051813471502
144,0.02,20144,x_replace,18,3,153,177,152,24,0.618421052631579,0.03289473684210526,128,0.8421052631578947,0.9296875,0.8984375,13,13,0,0,656,0.019817073170731708
145,0.02,20145,mixed,18,3,153,163,138,77,0.21014492753623187,0.10869565217391304,61,0.4420289855072464,0.6557377049180327,0.639344262295082,10,6,1,3,499,0.02004008016032064
146,0.02,20146,x_replace,18,3,152,169,141,18,0.6453900709219859,0.0425531914893617,123,0.8723404255319149,0.943089430894309,0.9105691056910569,11,11,0,0,535,0.020560747663551402
147,0.02,20147,ascii_replace,18,3,154,183,157,29,0.6751592356687898,0.01910828025477707,128,0.8152866242038217,0.9296875,0.890625,14,14,0,0,711,0.01969057665260197
148,0.02,20148,zw_insert,18,3,153,173,148,106,0.033783783783783786,0.0945945945945946,42,0.28378378378378377,0.07142857142857142,0.07142857142857142,12,0,0,12,583,0.02058319039451115
149,0.02,20149,zw_insert,18,3,154,182,156,120,0.038461538461538464,0.1282051282051282,36,0.23076923076923078,0.1111111111111111,0.1111111111111111,12,0,0,12,622,0.01929260450160772
150,0.02,20150,zw_insert,18,3,153,174,149,117,0.020134228187919462,0.14093959731543623,32,0.21476510067114093,0.03125,0.03125,12,0,0,12,594,0.020202020202020204
151,0.02,20151,zw_insert,18,3,156,184,156,120,0.057692307692307696,0.07692307692307693,36,0.23076923076923078,0.19444444444444445,0.19444444444444445,12,0,0,12,585,0.020512820512820513
152,0.02,20152,ascii_replace,18,3,159,175,144,16,0.6875,0.006944444444444444,128,0.8888888888888888,0.9296875,0.90625,12,12,0,0,591,0.02030456852791878
153,0.02,20153,ascii_replace,18,3,153,172,147,20,0.6530612244897959,0.013605442176870748,127,0.8639455782312925,0.9212598425196851,0.905511811023622,12,12,0,0,624,0.019230769230769232
154,0.02,20154,zw_insert,18,3,154,177,151,123,0.013245033112582781,0.12582781456953643,28,0.18543046357615894,0.0,0.0,11,0,0,11,563,0.019538188277087035
155,0.02,20155,ascii_replace,18,3,153,172,147,21,0.673469387755102,0.013605442176870748,126,0.8571428571428571,0.9285714285714286,0.9047619047619048,14,14,0,0,677,0.0206794682422452
156,0.02,20156,mixed,18,3,154,172,146,97,0.18493150684931506,0.0547945205479452,49,0.3356164383561644,0.5306122448979592,0.5102040816326531,13,7,1,5,649,0.020030816640986132
157,0.02,20157,ascii_replace,18,3,164,177,141,13,0.6595744680851063,0.028368794326241134,128,0.9078014184397163,0.921875,0.9140625,12,12,0,0,579,0.02072538860103627
158,0.02,20158,homo_replace,18,3,162,175,141,16,0.6312056737588653,0.0425531914893617,125,0.8865248226950354,0.92,0.912,11,11,0,0,536,0.020522388059701493
159,0.02,20159,mixed,18,3,154,175,149,76,0.38926174496644295,0.03355704697986577,73,0.4899328859060403,0.863013698630137,0.8493150684931506,14,7,3,4,715,0.019580419580419582
160,0.02,20160,mixed,18,3,154,167,141,78,0.2907801418439716,0.06382978723404255,63,0.44680851063829785,0.6984126984126984,0.6666666666666666,12,3,4,5,609,0.019704433497536946
161,0.02,20161,homo_replace,18,3,154,172,146,20,0.6232876712328768,0.02054794520547945,126,0.863013698630137,0.9206349206349206,0.9047619047619048,12,12,0,0,595,0.020168067226890758
162,0.02,20162,homo_replace,18,3,155,172,145,17,0.696551724137931,0.034482758620689655,128,0.8827586206896552,0.953125,0.9296875,10,10,0,0,477,0.020964360587002098
163,0.02,20163,homo_replace,18,3,168,186,146,19,0.6164383561643836,0.03424657534246575,127,0.8698630136986302,0.9448818897637795,0.9212598425196851,12,12,0,0,610,0.019672131147540985
164,0.02,20164,homo_replace,18,3,155,166,139,12,0.6762589928057554,0.04316546762589928,127,0.9136690647482014,0.9291338582677166,0.9133858267716536,11,11,0,0,530,0.020754716981132074
165,0.02,20165,mixed,18,3,155,164,137,86,0.12408759124087591,0.08759124087591241,51,0.3722627737226277,0.45098039215686275,0.45098039215686275,10,5,4,1,508,0.01968503937007874
166,0.02,20166,zw_insert,18,3,159,183,152,129,0.03289473684210526,0.09210526315789473,23,0.1513157894736842,0.17391304347826086,0.17391304347826086,12,0,0,12,612,0.0196078431372549
167,0.02,20167,homo_replace,18,3,155,173,146,18,0.6575342465753424,0.02054794520547945,128,0.8767123287671232,0.9375,0.90625,13,13,0,0,652,0.019938650306748466
168,0.02,20168,x_replace,18,3,155,174,147,19,0.6258503401360545,0.034013605442176874,128,0.8707482993197279,0.9375,0.9140625,11,11,0,0,545,0.02018348623853211
169,0.02,20169,x_replace,18,3,153,167,142,14,0.6971830985915493,0.04225352112676056,128,0.9014084507042254,0.9453125,0.921875,10,10,0,0,492,0.02032520325203252
170,0.02,20170,mixed,18,3,152,166,142,111,0.09859154929577464,0.1056338028169014,31,0.21830985915492956,0.3870967741935484,0.3548387096774194,11,4,3,4,574,0.01916376306620209
171,0.02,20171,mixed,18,3,160,173,141,95,0.1773049645390071,0.09929078014184398,46,0.3262411347517731,0.6739130434782609,0.6304347826086957,12,3,5,4,577,0.02079722703639515
172,0.02,20172,mixed,18,3,155,169,142,107,0.1056338028169014,0.1056338028169014,35,0.24647887323943662,0.4857142857142857,0.45714285714285713,12,7,1,4,607,0.019769357495881382
173,0.02,20173,mixed,18,3,159,166,135,32,0.5481481481481482,0.02962962962962963,103,0.762962962962963,0.8446601941747572,0.8349514563106796,9,1,4,4,442,0.020361990950226245
174,0.02,20174,mixed,18,3,153,164,139,54,0.4460431654676259,0.05755395683453238,85,0.6115107913669064,0.8470588235294118,0.8352941176470589,10,2,3,5,514,0.019455252918287938
175,0.02,20175,ascii_replace,18,3,152,165,141,13,0.6453900709219859,0.02127659574468085,128,0.9078014184397163,0.953125,0.9140625,12,12,0,0,596,0.020134228187919462
176,0.02,20176,homo_replace,18,3,152,171,147,19,0.6462585034013606,0.034013605442176874,128,0.8707482993197279,0.9296875,0.8984375,13,13,0,0,642,0.020249221183800622
177,0.02,20177,zw_insert,18,3,155,174,147,104,0.034013605442176874,0.1564625850340136,43,0.2925170068027211,0.09302325581395349,0.09302325581395349,12,0,0,12,601,0.019966722129783693
178,0.02,20178,ascii_replace,18,3,172,177,133,7,0.6616541353383458,0.022556390977443608,126,0.9473684210526315,0.9444444444444444,0.9365079365079365,8,8,0,0,411,0.019464720194647202
179,0.02,20179,zw_insert,18,3,175,184,137,72,0.1678832116788321,0.072992700729927,65,0.4744525547445255,0.35384615384615387,0.35384615384615387,7,0,0,7,354,0.01977401129943503
180,0.02,20180,ascii_replace,18,3,160,181,149,21,0.6778523489932886,0.053691275167785234,128,0.8590604026845637,0.9375,0.8984375,13,13,0,0,654,0.019877675840978593
181,0.02,20181,ascii_replace,18,3,154,173,147,19,0.673469387755102,0.02040816326530612,128,0.8707482993197279,0.9375,0.9140625,12,12,0,0,609,0.019704433497536946
182,0.02,20182,ascii_replace,18,3,158,173,143,15,0.7132867132867133,0.027972027972027972,128,0.8951048951048951,0.9453125,0.9296875,11,11,0,0,574,0.01916376306620209
183,0.02,20183,homo_replace,18,3,154,173,147,22,0.6666666666666666,0.02040816326530612,125,0.8503401360544217,0.952,0.896,14,14,0,0,714,0.0196078431372549
184,0.02,20184,homo_replace,18,3,161,174,141,14,0.7021276595744681,0.02127659574468085,127,0.900709219858156,0.952755905511811,0.9212598425196851,11,11,0,0,570,0.01929824561403509
185,0.02,20185,x_replace,18,3,157,173,144,17,0.6527777777777778,0.006944444444444444,127,0.8819444444444444,0.9291338582677166,0.9133858267716536,11,11,0,0,552,0.019927536231884056
186,0.02,20186,homo_replace,18,3,152,172,148,20,0.6283783783783784,0.05405405405405406,128,0.8648648648648649,0.9296875,0.8984375,13,13,0,0,660,0.019696969696969695
187,0.02,20187,homo_replace,18,3,161,176,143,16,0.6993006993006993,0.04195804195804196,127,0.8881118881118881,0.9291338582677166,0.9212598425196851,12,12,0,0,592,0.02027027027027027
188,0.02,20188,homo_replace,18,3,155,178,151,23,0.6490066225165563,0.039735099337748346,128,0.847682119205298,0.9375,0.9140625,12,12,0,0,617,0.019448946515397084
189,0.02,20189,homo_replace,18,3,153,175,150,23,0.68,0.04,127,0.8466666666666667,0.9448818897637795,0.9212598425196851,13,13,0,0,664,0.01957831325301205
190,0.02,20190,mixed,18,3,159,176,145,96,0.15172413793103448,0.0896551724137931,49,0.33793103448275863,0.673469387755102,0.6530612244897959,12,4,4,4,576,0.020833333333333332
191,0.02,20191,homo_replace,18,3,150,175,153,25,0.6470588235294118,0.0457516339869281,128,0.8366013071895425,0.9296875,0.9140625,13,13,0,0,655,0.01984732824427481
192,0.02,20192,mixed,18,3,155,169,141,78,0.3191489361702128,0.04964539007092199,63,0.44680851063829785,0.8253968253968254,0.7936507936507936,11,5,4,2,569,0.019332161687170474
193,0.02,20193,homo_replace,18,3,154,170,144,16,0.625,0.034722222222222224,128,0.8888888888888888,0.9375,0.9296875,10,10,0,0,509,0.019646365422396856
194,0.02,20194,x_replace,18,3,158,179,149,21,0.6442953020134228,0.020134228187919462,128,0.8590604026845637,0.9375,0.9140625,12,12,0,0,596,0.020134228187919462
195,0.02,20195,mixed,18,3,152,166,142,96,0.1619718309859155,0.07042253521126761,46,0.323943661971831,0.5,0.4782608695652174,12,5,4,3,585,0.020512820512820513
196,0.02,20196,ascii_replace,18,3,163,184,149,23,0.6577181208053692,0.053691275167785234,126,0.8456375838926175,0.9365079365079365,0.9126984126984127,12,12,0,0,605,0.019834710743801654
197,0.02,20197,homo_replace,18,3,152,173,149,21,0.6241610738255033,0.053691275167785234,128,0.8590604026845637,0.9453125,0.90625,13,13,0,0,667,0.019490254872563718
198,0.02,20198,homo_replace,18,3,158,173,143,16,0.6363636363636364,0.027972027972027972,127,0.8881118881118881,0.9212598425196851,0.905511811023622,12,12,0,0,579,0.02072538860103627
199,0.02,20199,x_replace,18,3,158,178,148,20,0.6418918918918919,0.0472972972972973,128,0.8648648648648649,0.921875,0.8984375,12,12,0,0,584,0.02054794520547945
0,0.05,50000,mixed,18,3,161,186,153,110,0.08496732026143791,0.12418300653594772,43,0.28104575163398693,0.27906976744186046,0.2558139534883721,28,8,14,6,550,0.05090909090909091
1,0.05,50001,ascii_replace,18,3,163,191,156,33,0.2948717948717949,0.07051282051282051,123,0.7884615384615384,0.8536585365853658,0.8130081300813008,26,26,0,0,511,0.050880626223091974
2,0.05,50002,homo_replace,18,3,157,199,169,44,0.3727810650887574,0.0650887573964497,125,0.7396449704142012,0.864,0.8,29,29,0,0,584,0.04965753424657534
3,0.05,50003,x_replace,18,3,151,200,177,49,0.3672316384180791,0.05084745762711865,128,0.7231638418079096,0.8046875,0.7890625,30,30,0,0,601,0.04991680532445923
4,0.05,50004,homo_replace,18,3,157,228,199,72,0.3015075376884422,0.06030150753768844,127,0.6381909547738693,0.8110236220472441,0.7401574803149606,39,39,0,0,771,0.05058365758754864
5,0.05,50005,mixed,18,3,152,177,153,117,0.026143790849673203,0.13071895424836602,36,0.23529411764705882,0.08333333333333333,0.05555555555555555,28,6,12,10,561,0.049910873440285206
6,0.05,50006,ascii_replace,18,3,158,193,163,37,0.3067484662576687,0.04294478527607362,126,0.7730061349693251,0.8333333333333334,0.7936507936507936,29,29,0,0,579,0.05008635578583765
7,0.05,50007,ascii_replace,18,3,155,197,170,44,0.37058823529411766,0.058823529411764705,126,0.7411764705882353,0.8412698412698413,0.7857142857142857,33,33,0,0,658,0.05015197568389058
8,0.05,50008,ascii_replace,18,3,152,180,156,31,0.4358974358974359,0.07051282051282051,125,0.8012820512820513,0.864,0.84,26,26,0,0,514,0.05058365758754864
9,0.05,50009,mixed,18,3,159,182,151,124,0.013245033112582781,0.11920529801324503,27,0.17880794701986755,0.037037037037037035,0.0,23,4,11,8,463,0.04967602591792657
10,0.05,50010,mixed,18,3,152,176,152,106,0.06578947368421052,0.03289473684210526,46,0.3026315789473684,0.391304347826087,0.32608695652173914,32,9,13,10,631,0.05071315372424723
11,0.05,50011,homo_replace,18,3,153,200,175,49,0.3657142857142857,0.11428571428571428,126,0.72,0.8492063492063492,0.7857142857142857,30,30,0,0,609,0.04926108374384237
12,0.05,50012,homo_replace,18,3,153,199,174,47,0.3735632183908046,0.06321839080459771,127,0.7298850574712644,0.8346456692913385,0.7952755905511811,33,33,0,0,664,0.04969879518072289
13,0.05,50013,mixed,18,3,155,196,169,135,0.03550295857988166,0.11242603550295859,34,0.20118343195266272,0.17647058823529413,0.17647058823529413,29,10,9,10,585,0.04957264957264957
14,0.05,50014,homo_replace,18,3,152,197,173,47,0.37572254335260113,0.06936416184971098,126,0.7283236994219653,0.8650793650793651,0.8095238095238095,29,29,0,0,587,0.049403747870528106
15,0.05,50015,ascii_replace,18,3,154,192,166,41,0.3192771084337349,0.06626506024096386,125,0.7530120481927711,0.824,0.792,30,30,0,0,606,0.04950495049504951
16,0.05,50016,homo_replace,18,3,155,196,169,42,0.3668639053254438,0.07100591715976332,127,0.7514792899408284,0.8346456692913385,0.8031496062992126,29,29,0,0,586,0.04948805460750853
17,0.05,50017,x_replace,18,3,154,208,182,56,0.3956043956043956,0.054945054945054944,126,0.6923076923076923,0.8809523809523809,0.7857142857142857,33,33,0,0,660,0.05
18,0.05,50018,mixed,18,3,155,191,164,127,0.03048780487804878,0.10365853658536585,37,0.22560975609756098,0.2972972972972973,0.24324324324324326,35,15,12,8,694,0.05043227665706052
19,0.05,50019,ascii_replace,18,3,154,205,179,51,0.35195530726256985,0.07262569832402235,128,0.7150837988826816,0.8203125,0.78125,33,33,0,0,663,0.049773755656108594
20,0.05,50020,homo_replace,18,3,159,204,173,45,0.3179190751445087,0.04046242774566474,128,0.7398843930635838,0.859375,0.7734375,30,30,0,0,592,0.05067567567567568
21,0.05,50021,zw_insert,18,3,159,223,192,152,0.020833333333333332,0.109375,40,0.20833333333333334,0.05,0.05,33,0,0,33,668,0.04940119760479042
22,0.05,50022,zw_insert,18,3,163,202,167,126,0.029940119760479042,0.1437125748502994,41,0.24550898203592814,0.07317073170731707,0.07317073170731707,27,0,0,27,538,0.05018587360594796
23,0.05,50023,ascii_replace,18,3,152,191,167,42,0.3592814371257485,0.059880239520958084,125,0.7485029940119761,0.848,0.792,33,33,0,0,669,0.04932735426008968
24,0.05,50024,homo_replace,18,3,155,203,176,50,0.3409090909090909,0.06818181818181818,126,0.7159090909090909,0.8015873015873016,0.7777777777777778,32,32,0,0,645,0.04961240310077519
25,0.05,50025,homo_replace,18,3,152,198,174,49,0.3850574712643678,0.04597701149425287,125,0.7183908045977011,0.824,0.808,32,32,0,0,641,0.0499219968798752
26,0.05,50026,mixed,18,3,153,192,167,120,0.09580838323353294,0.059880239520958084,47,0.281437125748503,0.5319148936170213,0.46808510638297873,32,9,10,13,640,0.05
27,0.05,50027,zw_insert,18,3,156,218,190,150,0.021052631578947368,0.11578947368421053,40,0.21052631578947367,0.05,0.05,31,0,0,31,613,0.05057096247960848
28,0.05,50028,x_replace,18,3,151,208,185,58,0.3891891891891892,0.03783783783783784,127,0.6864864864864865,0.8503937007874016,0.7795275590551181,32,32,0,0,638,0.050156739811912224
29,0.05,50029,ascii_replace,18,3,153,191,166,39,0.28313253012048195,0.06626506024096386,127,0.7650602409638554,0.8188976377952756,0.7716535433070866,30,30,0,0,590,0.05084745762711865
30,0.05,50030,ascii_replace,18,3,154,195,169,44,0.38461538461538464,0.03550295857988166,125,0.7396449704142012,0.848,0.792,29,29,0,0,582,0.04982817869415808
31,0.05,50031,homo_replace,18,3,152,190,166,40,0.41566265060240964,0.060240963855421686,126,0.7590361445783133,0.8333333333333334,0.8015873015873016,29,29,0,0,589,0.04923599320882852
32,0.05,50032,zw_insert,18,3,161,199,166,115,0.024096385542168676,0.0963855421686747,51,0.3072289156626506,0.0392156862745098,0.0392156862745098,22,0,0,22,446,0.04932735426008968
33,0.05,50033,ascii_replace,18,3,155,188,161,33,0.4161490683229814,0.031055900621118012,128,0.7950310559006211,0.8671875,0.8203125,26,26,0,0,521,0.04990403071017274
34,0.05,50034,mixed,18,3,158,196,166,134,0.04216867469879518,0.08433734939759036,32,0.1927710843373494,0.40625,0.34375,35,10,12,13,692,0.05057803468208093
35,0.05,50035,x_replace,18,3,157,218,189,62,0.2962962962962963,0.08994708994708994,127,0.671957671957672,0.7952755905511811,0.7322834645669292,35,35,0,0,706,0.049575070821529746
36,0.05,50036,ascii_replace,18,3,155,197,170,43,0.38235294117647056,0.058823529411764705,127,0.7470588235294118,0.84251968503937,0.7874015748031497,32,32,0,0,641,0.0499219968798752
37,0.05,50037,zw_insert,18,3,154,211,185,137,0.10810810810810811,0.12432432432432433,48,0.2594594594594595,0.4166666666666667,0.3958333333333333,31,0,0,31,619,0.050080775444264945
38,0.05,50038,homo_replace,18,3,154,197,171,46,0.3508771929824561,0.06432748538011696,125,0.7309941520467836,0.84,0.784,30,30,0,0,598,0.05016722408026756
39,0.05,50039,zw_insert,18,3,173,212,166,114,0.030120481927710843,0.12048192771084337,52,0.3132530120481928,0.07692307692307693,0.07692307692307693,21,0,0,21,420,0.05
40,0.05,50040,homo_replace,18,3,158,198,168,41,0.3869047619047619,0.047619047619047616,127,0.7559523809523809,0.8346456692913385,0.7795275590551181,31,31,0,0,624,0.049679487179487176
41,0.05,50041,homo_replace,18,3,162,201,167,39,0.32934131736526945,0.0658682634730539,128,0.7664670658682635,0.875,0.8359375,25,25,0,0,507,0.04930966469428008
42,0.05,50042,homo_replace,18,3,157,199,170,43,0.38823529411764707,0.052941176470588235,127,0.7470588235294118,0.8661417322834646,0.8031496062992126,31,31,0,0,629,0.0492845786963434
43,0.05,50043,zw_insert,18,3,154,221,195,151,0.07692307692307693,0.10256410256410256,44,0.22564102564102564,0.3181818181818182,0.29545454545454547,35,0,0,35,709,0.04936530324400564
44,0.05,50044,ascii_replace,18,3,151,202,179,53,0.3687150837988827,0.0670391061452514,126,0.7039106145251397,0.8412698412698413,0.8015873015873016,30,30,0,0,605,0.049586776859504134
45,0.05,50045,zw_insert,18,3,153,213,188,133,0.0851063829787234,0.09042553191489362,55,0.2925531914893617,0.2727272727272727,0.2545454545454545,31,0,0,31,627,0.049441786283891544
46,0.05,50046,ascii_replace,18,3,157,195,166,43,0.43373493975903615,0.06626506024096386,123,0.7409638554216867,0.8455284552845529,0.8130081300813008,26,26,0,0,514,0.05058365758754864
47,0.05,50047,mixed,18,3,153,210,185,133,0.10270270270270271,0.0918918918918919,52,0.2810810810810811,0.5384615384615384,0.4807692307692308,34,19,5,10,683,0.04978038067349927
48,0.05,50048,ascii_replace,18,3,155,193,166,39,0.4036144578313253,0.05421686746987952,127,0.7650602409638554,0.8740157480314961,0.8188976377952756,26,26,0,0,519,0.05009633911368015
49,0.05,50049,homo_replace,18,3,158,211,181,55,0.3314917127071823,0.04419889502762431,126,0.6961325966850829,0.8174603174603174,0.7619047619047619,33,33,0,0,651,0.05069124423963134
50,0.05,50050,mixed,18,3,156,200,172,123,0.05232558139534884,0.09302325581395349,49,0.28488372093023256,0.30612244897959184,0.2857142857142857,29,11,9,9,576,0.050347222222222224
51,0.05,50051,ascii_replace,18,3,153,198,173,47,0.2947976878612717,0.028901734104046242,126,0.7283236994219653,0.8571428571428571,0.7698412698412699,31,31,0,0,622,0.04983922829581994
52,0.05,50052,x_replace,18,3,158,196,166,40,0.3253012048192771,0.07228915662650602,126,0.7590361445783133,0.8253968253968254,0.8095238095238095,26,26,0,0,525,0.049523809523809526
53,0.05,50053,x_replace,18,3,159,196,165,40,0.2787878787878788,0.04242424242424243,125,0.7575757575757576,0.848,0.808,28,28,0,0,563,0.0497335701598579
54,0.05,50054,x_replace,18,3,154,208,182,54,0.3131868131868132,0.06043956043956044,128,0.7032967032967034,0.8203125,0.78125,32,32,0,0,639,0.050078247261345854
55,0.05,50055,mixed,18,3,164,195,159,118,0.06918238993710692,0.031446540880503145,41,0.2578616352201258,0.4878048780487805,0.4634146341463415,30,7,10,13,610,0.04918032786885246
56,0.05,50056,mixed,18,3,150,188,166,133,0.05421686746987952,0.1144578313253012,33,0.19879518072289157,0.24242424242424243,0.24242424242424243,30,7,9,14,598,0.05016722408026756
57,0.05,50057,ascii_replace,18,3,156,183,155,31,0.3096774193548387,0.07096774193548387,124,0.8,0.8467741935483871,0.8145161290322581,24,24,0,0,490,0.04897959183673469
58,0.05,50058,x_replace,18,3,155,189,162,37,0.3148148148148148,0.06172839506172839,125,0.7716049382716049,0.848,0.808,26,26,0,0,529,0.04914933837429111
59,0.05,50059,mixed,18,3,152,193,169,127,0.047337278106508875,0.11834319526627218,42,0.2485207100591716,0.21428571428571427,0.21428571428571427,30,12,6,12,601,0.04991680532445923
60,0.05,50060,x_replace,18,3,160,207,175,49,0.4,0.09142857142857143,126,0.72,0.873015873015873,0.8253968253968254,28,28,0,0,555,0.05045045045045045
61,0.05,50061,x_replace,18,3,154,198,172,46,0.4011627906976744,0.06976744186046512,126,0.7325581395348837,0.8492063492063492,0.7936507936507936,31,31,0,0,622,0.04983922829581994
62,0.05,50062,mixed,18,3,167,182,143,85,0.1258741258741259,0.11188811188811189,58,0.40559440559440557,0.3793103448275862,0.3620689655172414,22,8,8,6,435,0.05057471264367816
63,0.05,50063,ascii_replace,18,3,152,198,174,48,0.3735632183908046,0.07471264367816093,126,0.7241379310344828,0.8333333333333334,0.7698412698412699,33,33,0,0,666,0.04954954954954955
64,0.05,50064,homo_replace,18,3,154,218,192,65,0.3958333333333333,0.020833333333333332,127,0.6614583333333334,0.8346456692913385,0.7795275590551181,36,36,0,0,727,0.04951856946354883
65,0.05,50065,mixed,18,3,157,192,163,130,0.018404907975460124,0.09202453987730061,33,0.20245398773006135,0.09090909090909091,0.09090909090909091,32,9,13,10,649,0.04930662557781202
66,0.05,50066,homo_replace,18,3,158,201,171,44,0.3508771929824561,0.04093567251461988,127,0.7426900584795322,0.8346456692913385,0.7952755905511811,27,27,0,0,537,0.05027932960893855
67,0.05,50067,ascii_replace,18,3,154,202,176,50,0.3352272727272727,0.05113636363636364,126,0.7159090909090909,0.8333333333333334,0.7380952380952381,35,35,0,0,693,0.050505050505050504
68,0.05,50068,zw_insert,18,3,161,207,174,133,0.034482758620689655,0.10919540229885058,41,0.23563218390804597,0.0975609756097561,0.0975609756097561,26,0,0,26,513,0.050682261208576995
69,0.05,50069,ascii_replace,18,3,154,200,174,46,0.3505747126436782,0.05747126436781609,128,0.735632183908046,0.84375,0.78125,34,34,0,0,679,0.050073637702503684
70,0.05,50070,mixed,18,3,151,197,173,144,0.011560693641618497,0.07514450867052024,29,0.1676300578034682,0.10344827586206896,0.06896551724137931,39,17,13,9,780,0.05
71,0.05,50071,x_replace,18,3,160,197,165,40,0.37575757575757573,0.048484848484848485,125,0.7575757575757576,0.84,0.816,29,29,0,0,588,0.04931972789115646
72,0.05,50072,ascii_replace,18,3,151,198,175,49,0.37142857142857144,0.04,126,0.72,0.873015873015873,0.7936507936507936,29,29,0,0,578,0.050173010380622836
73,0.05,50073,ascii_replace,18,3,157,198,169,43,0.40236686390532544,0.07100591715976332,126,0.7455621301775148,0.8174603174603174,0.8015873015873016,33,33,0,0,661,0.049924357034795766
74,0.05,50074,zw_insert,18,3,154,196,170,125,0.01764705882352941,0.08823529411764706,45,0.2647058823529412,0.044444444444444446,0.044444444444444446,25,0,0,25,507,0.04930966469428008
75,0.05,50075,zw_insert,18,3,156,212,184,146,0.043478260869565216,0.08695652173913043,38,0.20652173913043478,0.15789473684210525,0.15789473684210525,29,0,0,29,589,0.04923599320882852
76,0.05,50076,ascii_replace,18,3,152,197,173,47,0.3988439306358382,0.06358381502890173,126,0.7283236994219653,0.8412698412698413,0.7857142857142857,29,29,0,0,576,0.050347222222222224
77,0.05,50077,mixed,18,3,156,210,182,142,0.08791208791208792,0.09340659340659341,40,0.21978021978021978,0.475,0.475,35,13,11,11,697,0.05021520803443329
78,0.05,50078,zw_insert,18,3,152,225,200,157,0.07,0.105,43,0.215,0.3023255813953488,0.3023255813953488,35,0,0,35,693,0.050505050505050504
79,0.05,50079,ascii_replace,18,3,155,191,164,38,0.3719512195121951,0.06707317073170732,126,0.7682926829268293,0.873015873015873,0.8174603174603174,26,26,0,0,523,0.0497131931166348
80,0.05,50080,x_replace,18,3,154,221,195,68,0.3230769230769231,0.09230769230769231,127,0.6512820512820513,0.84251968503937,0.7480314960629921,36,36,0,0,724,0.049723756906077346
81,0.05,50081,homo_replace,18,3,152,194,170,43,0.34705882352941175,0.08235294117647059,127,0.7470588235294118,0.84251968503937,0.7952755905511811,32,32,0,0,636,0.050314465408805034
82,0.05,50082,x_replace,18,3,153,200,175,49,0.3142857142857143,0.045714285714285714,126,0.72,0.8333333333333334,0.7698412698412699,30,30,0,0,604,0.04966887417218543
83,0.05,50083,ascii_replace,18,3,155,201,174,50,0.2988505747126437,0.06321839080459771,124,0.7126436781609196,0.8306451612903226,0.7580645161290323,33,33,0,0,655,0.050381679389312976
84,0.05,50084,x_replace,18,3,154,197,171,46,0.4093567251461988,0.05847953216374269,125,0.7309941520467836,0.864,0.808,31,31,0,0,621,0.0499194847020934
85,0.05,50085,ascii_replace,18,3,164,189,152,32,0.3881578947368421,0.06578947368421052,120,0.7894736842105263,0.85,0.8083333333333333,28,28,0,0,564,0.04964539007092199
86,0.05,50086,zw_insert,18,3,152,211,187,141,0.016042780748663103,0.1443850267379679,46,0.24598930481283424,0.043478260869565216,0.043478260869565216,33,0,0,33,656,0.05030487804878049
87,0.05,50087,homo_replace,18,3,156,188,160,37,0.33125,0.0375,123,0.76875,0.8699186991869918,0.7967479674796748,28,28,0,0,563,0.0497335701598579
88,0.05,50088,homo_replace,18,3,156,216,188,60,0.42021276595744683,0.05319148936170213,128,0.6808510638297872,0.84375,0.78125,36,36,0,0,730,0.049315068493150684
89,0.05,50089,zw_insert,18,3,160,212,180,142,0.027777777777777776,0.1388888888888889,38,0.2111111111111111,0.07894736842105263,0.07894736842105263,27,0,0,27,541,0.04990757855822551
90,0.05,50090,x_replace,18,3,156,201,173,48,0.3179190751445087,0.057803468208092484,125,0.7225433526011561,0.864,0.792,28,28,0,0,568,0.04929577464788732
91,0.05,50091,homo_replace,18,3,150,198,176,48,0.38636363636363635,0.045454545454545456,128,0.7272727272727273,0.84375,0.78125,32,32,0,0,647,0.04945904173106646
92,0.05,50092,x_replace,18,3,155,183,156,33,0.3525641025641026,0.038461538461538464,123,0.7884615384615384,0.8617886178861789,0.8292682926829268,25,25,0,0,508,0.04921259842519685
93,0.05,50093,ascii_replace,18,3,164,195,159,34,0.36477987421383645,0.05660377358490566,125,0.7861635220125787,0.824,0.792,28,28,0,0,561,0.049910873440285206
94,0.05,50094,homo_replace,18,3,155,214,187,60,0.34759358288770054,0.0748663101604278,127,0.679144385026738,0.84251968503937,0.7559055118110236,36,36,0,0,730,0.049315068493150684
95,0.05,50095,x_replace,18,3,156,196,168,41,0.31547619047619047,0.05357142857142857,127,0.7559523809523809,0.8267716535433071,0.8110236220472441,26,26,0,0,527,0.04933586337760911
96,0.05,50096,zw_insert,18,3,154,222,196,147,0.07142857142857142,0.14795918367346939,49,0.25,0.2857142857142857,0.2857142857142857,34,0,0,34,675,0.05037037037037037
97,0.05,50097,zw_insert,18,3,157,220,191,158,0.02617801047120419,0.15706806282722513,33,0.17277486910994763,0.12121212121212122,0.12121212121212122,33,0,0,33,669,0.04932735426008968
98,0.05,50098,x_replace,18,3,153,196,171,44,0.4152046783625731,0.07017543859649122,127,0.7426900584795322,0.8661417322834646,0.8110236220472441,31,31,0,0,618,0.05016181229773463
99,0.05,50099,ascii_replace,18,3,154,192,166,39,0.3674698795180723,0.0783132530120482,127,0.7650602409638554,0.8582677165354331,0.8031496062992126,30,30,0,0,609,0.04926108374384237
100,0.05,50100,mixed,18,3,161,204,171,126,0.1111111111111111,0.1286549707602339,45,0.2631578947368421,0.5555555555555556,0.5333333333333333,31,11,6,14,621,0.0499194847020934
101,0.05,50101,ascii_replace,18,3,152,186,162,34,0.3395061728395062,0.09259259259259259,128,0.7901234567901234,0.8515625,0.796875,28,28,0,0,562,0.0498220640569395
102,0.05,50102,ascii_replace,18,3,155,196,169,43,0.27218934911242604,0.07692307692307693,126,0.7455621301775148,0.8015873015873016,0.7857142857142857,29,29,0,0,574,0.050522648083623695
103,0.05,50103,x_replace,18,3,156,199,171,46,0.32748538011695905,0.08187134502923976,125,0.7309941520467836,0.832,0.784,32,32,0,0,643,0.049766718506998445
104,0.05,50104,zw_insert,18,3,159,224,193,159,0.025906735751295335,0.17098445595854922,34,0.17616580310880828,0.08823529411764706,0.08823529411764706,33,0,0,33,654,0.05045871559633028
105,0.05,50105,ascii_replace,18,3,165,199,162,35,0.29012345679012347,0.06172839506172839,127,0.7839506172839507,0.84251968503937,0.7874015748031497,28,28,0,0,562,0.0498220640569395
106,0.05,50106,x_replace,18,3,151,183,160,34,0.35,0.0625,126,0.7875,0.8412698412698413,0.8095238095238095,26,26,0,0,521,0.04990403071017274
107,0.05,50107,homo_replace,18,3,160,209,177,51,0.3615819209039548,0.0847457627118644,126,0.711864406779661,0.873015873015873,0.8015873015873016,32,32,0,0,630,0.050793650793650794
108,0.05,50108,ascii_replace,18,3,153,195,170,44,0.3235294117647059,0.1,126,0.7411764705882353,0.8253968253968254,0.7777777777777778,33,33,0,0,669,0.04932735426008968
109,0.05,50109,homo_replace,18,3,155,199,172,45,0.4127906976744186,0.05232558139534884,127,0.7383720930232558,0.8740157480314961,0.8110236220472441,29,29,0,0,572,0.050699300699300696
110,0.05,50110,homo_replace,18,3,156,197,169,43,0.2958579881656805,0.07100591715976332,126,0.7455621301775148,0.8412698412698413,0.7936507936507936,28,28,0,0,554,0.05054151624548736
111,0.05,50111,homo_replace,18,3,160,201,169,43,0.3727810650887574,0.047337278106508875,126,0.7455621301775148,0.8571428571428571,0.7936507936507936,30,30,0,0,603,0.04975124378109453
112,0.05,50112,zw_insert,18,3,160,224,192,156,0.026041666666666668,0.14583333333333334,36,0.1875,0.08333333333333333,0.05555555555555555,31,0,0,31,625,0.0496
113,0.05,50113,ascii_replace,18,3,152,190,166,39,0.37349397590361444,0.07228915662650602,127,0.7650602409638554,0.8188976377952756,0.7952755905511811,31,31,0,0,623,0.04975922953451043
114,0.05,50114,homo_replace,18,3,160,203,171,44,0.34502923976608185,0.07602339181286549,127,0.7426900584795322,0.8503937007874016,0.7795275590551181,31,31,0,0,625,0.0496
115,0.05,50115,x_replace,18,3,152,203,179,53,0.3743016759776536,0.07262569832402235,126,0.7039106145251397,0.8809523809523809,0.8015873015873016,32,32,0,0,644,0.049689440993788817
116,0.05,50116,zw_insert,18,3,159,225,193,158,0.03626943005181347,0.14507772020725387,35,0.18134715025906736,0.17142857142857143,0.17142857142857143,32,0,0,32,645,0.04961240310077519
117,0.05,50117,ascii_replace,18,3,167,221,182,55,0.3021978021978022,0.07692307692307693,127,0.6978021978021978,0.8346456692913385,0.7637795275590551,36,36,0,0,715,0.05034965034965035
118,0.05,50118,x_replace,18,3,153,205,180,54,0.35555555555555557,0.05555555555555555,126,0.7,0.8253968253968254,0.7936507936507936,29,29,0,0,572,0.050699300699300696
119,0.05,50119,zw_insert,18,3,159,203,172,130,0.023255813953488372,0.1744186046511628,42,0.2441860465116279,0.047619047619047616,0.047619047619047616,24,0,0,24,487,0.049281314168377825
120,0.05,50120,ascii_replace,18,3,155,193,166,39,0.37349397590361444,0.05421686746987952,127,0.7650602409638554,0.8346456692913385,0.7952755905511811,28,28,0,0,564,0.04964539007092199
121,0.05,50121,zw_insert,18,3,153,212,187,146,0.0427807486631016,0.06417112299465241,41,0.2192513368983957,0.12195121951219512,0.12195121951219512,31,0,0,31,618,0.05016181229773463
122,0.05,50122,ascii_replace,18,3,154,200,174,47,0.39655172413793105,0.034482758620689655,127,0.7298850574712644,0.8188976377952756,0.7874015748031497,32,32,0,0,640,0.05
123,0.05,50123,x_replace,18,3,161,194,161,34,0.2795031055900621,0.06832298136645963,127,0.7888198757763976,0.8267716535433071,0.8031496062992126,27,27,0,0,536,0.05037313432835821
124,0.05,50124,x_replace,18,3,158,199,169,44,0.4319526627218935,0.05917159763313609,125,0.7396449704142012,0.872,0.808,30,30,0,0,610,0.04918032786885246
125,0.05,50125,homo_replace,18,3,157,197,168,44,0.35119047619047616,0.07142857142857142,124,0.7380952380952381,0.8306451612903226,0.782258064516129,31,31,0,0,616,0.05032467532467533
126,0.05,50126,zw_insert,18,3,155,210,183,139,0.02185792349726776,0.17486338797814208,44,0.24043715846994534,0.06818181818181818,0.045454545454545456,30,0,0,30,595,0.05042016806722689
127,0.05,50127,zw_insert,18,3,156,207,179,142,0.0223463687150838,0.1452513966480447,37,0.20670391061452514,0.08108108108108109,0.08108108108108109,29,0,0,29,578,0.050173010380622836
128,0.05,50128,x_replace,18,3,158,214,184,58,0.3641304347826087,0.059782608695652176,126,0.6847826086956522,0.8492063492063492,0.7619047619047619,34,34,0,0,676,0.05029585798816568
129,0.05,50129,x_replace,18,3,155,193,166,38,0.39759036144578314,0.060240963855421686,128,0.7710843373493976,0.828125,0.8203125,28,28,0,0,554,0.05054151624548736
130,0.05,50130,x_replace,18,3,156,191,163,37,0.3987730061349693,0.06748466257668712,126,0.7730061349693251,0.8571428571428571,0.8174603174603174,26,26,0,0,525,0.049523809523809526
131,0.05,50131,ascii_replace,18,3,153,216,191,64,0.4397905759162304,0.031413612565445025,127,0.6649214659685864,0.84251968503937,0.7795275590551181,36,36,0,0,727,0.04951856946354883
132,0.05,50132,mixed,18,3,158,194,164,121,0.03048780487804878,0.04878048780487805,43,0.2621951219512195,0.06976744186046512,0.06976744186046512,28,7,9,12,566,0.04946996466431095
133,0.05,50133,homo_replace,18,3,158,192,162,37,0.35185185185185186,0.024691358024691357,125,0.7716049382716049,0.848,0.792,28,28,0,0,553,0.05063291139240506
134,0.05,50134,mixed,18,3,151,188,165,113,0.13333333333333333,0.07272727272727272,52,0.3151515151515151,0.6923076923076923,0.6153846153846154,33,10,12,11,669,0.04932735426008968
135,0.05,50135,homo_replace,18,3,157,203,174,47,0.3275862068965517,0.04597701149425287,127,0.7298850574712644,0.8346456692913385,0.7874015748031497,29,29,0,0,572,0.050699300699300696
136,0.05,50136,homo_replace,18,3,157,202,173,46,0.4046242774566474,0.06936416184971098,127,0.7341040462427746,0.8661417322834646,0.8267716535433071,29,29,0,0,584,0.04965753424657534
137,0.05,50137,homo_replace,18,3,153,208,183,58,0.3442622950819672,0.03825136612021858,125,0.6830601092896175,0.864,0.76,38,38,0,0,754,0.050397877984084884
138,0.05,50138,ascii_replace,18,3,153,191,166,39,0.29518072289156627,0.0783132530120482,127,0.7650602409638554,0.84251968503937,0.7874015748031497,28,28,0,0,565,0.049557522123893805
139,0.05,50139,zw_insert,18,3,158,222,184,145,0.0,0.16304347826086957,39,0.21195652173913043,0.0,0.0,34,0,0,34,679,0.050073637702503684
140,0.05,50140,zw_insert,18,3,154,197,171,115,0.03508771929824561,0.14035087719298245,56,0.32748538011695905,0.07142857142857142,0.07142857142857142,23,0,0,23,455,0.05054945054945055
141,0.05,50141,ascii_replace,18,3,152,186,162,35,0.36419753086419754,0.05555555555555555,127,0.7839506172839507,0.8188976377952756,0.7952755905511811,30,30,0,0,593,0.050590219224283306
142,0.05,50142,x_replace,18,3,157,188,159,33,0.3836477987421384,0.08176100628930817,126,0.7924528301886793,0.8650793650793651,0.8412698412698413,27,27,0,0,547,0.04936014625228519
143,0.05,50143,ascii_replace,18,3,156,220,192,66,0.3333333333333333,0.057291666666666664,126,0.65625,0.7777777777777778,0.7142857142857143,39,39,0,0,772,0.050518134715025906
144,0.05,50144,zw_insert,18,3,153,209,184,147,0.059782608695652176,0.09239130434782608,37,0.20108695652173914,0.24324324324324326,0.24324324324324326,33,0,0,33,656,0.05030487804878049
145,0.05,50145,zw_insert,18,3,153,193,168,132,0.0,0.1130952380952381,36,0.21428571428571427,0.0,0.0,25,0,0,25,499,0.050100200400801605
146,0.05,50146,zw_insert,18,3,152,207,179,134,0.0670391061452514,0.1005586592178771,45,0.25139664804469275,0.24444444444444444,0.24444444444444444,27,0,0,27,535,0.05046728971962617
147,0.05,50147,homo_replace,18,3,154,208,182,55,0.3076923076923077,0.06593406593406594,127,0.6978021978021978,0.8031496062992126,0.7322834645669292,36,36,0,0,711,0.05063291139240506
148,0.05,50148,zw_insert,18,3,153,200,175,137,0.0,0.18857142857142858,38,0.21714285714285714,0.02631578947368421,0.0,29,0,0,29,583,0.04974271012006861
149,0.05,50149,x_replace,18,3,154,195,169,43,0.378698224852071,0.0650887573964497,126,0.7455621301775148,0.8412698412698413,0.7698412698412699,31,31,0,0,622,0.04983922829581994
150,0.05,50150,x_replace,18,3,153,209,184,58,0.3423913043478261,0.059782608695652176,126,0.6847826086956522,0.8492063492063492,0.7857142857142857,30,30,0,0,594,0.050505050505050504
151,0.05,50151,zw_insert,18,3,156,214,186,159,0.03225806451612903,0.11827956989247312,27,0.14516129032258066,0.18518518518518517,0.18518518518518517,29,0,0,29,585,0.04957264957264957
152,0.05,50152,homo_replace,18,3,159,201,170,43,0.3352941176470588,0.03529411764705882,127,0.7470588235294118,0.8267716535433071,0.7874015748031497,30,30,0,0,591,0.050761421319796954
153,0.05,50153,x_replace,18,3,153,202,177,49,0.4180790960451977,0.07344632768361582,128,0.7231638418079096,0.8359375,0.78125,31,31,0,0,624,0.049679487179487176
154,0.05,50154,x_replace,18,3,154,195,169,42,0.378698224852071,0.07100591715976332,127,0.7514792899408284,0.8503937007874016,0.8110236220472441,28,28,0,0,563,0.0497335701598579
155,0.05,50155,x_replace,18,3,153,209,184,58,0.3858695652173913,0.043478260869565216,126,0.6847826086956522,0.8650793650793651,0.7777777777777778,34,34,0,0,677,0.050221565731166914
156,0.05,50156,zw_insert,18,3,154,221,195,150,0.015384615384615385,0.2,45,0.23076923076923078,0.044444444444444446,0.022222222222222223,32,0,0,32,649,0.04930662557781202
157,0.05,50157,ascii_replace,18,3,164,210,174,46,0.367816091954023,0.06321839080459771,128,0.735632183908046,0.84375,0.78125,29,29,0,0,579,0.05008635578583765
158,0.05,50158,x_replace,18,3,162,191,157,31,0.34394904458598724,0.07643312101910828,126,0.802547770700637,0.8174603174603174,0.7936507936507936,27,27,0,0,536,0.05037313432835821
159,0.05,50159,homo_replace,18,3,154,206,180,56,0.37777777777777777,0.027777777777777776,124,0.6888888888888889,0.8306451612903226,0.782258064516129,36,36,0,0,715,0.05034965034965035
160,0.05,50160,x_replace,18,3,154,202,176,48,0.36363636363636365,0.03409090909090909,128,0.7272727272727273,0.84375,0.796875,30,30,0,0,609,0.04926108374384237
161,0.05,50161,homo_replace,18,3,154,203,177,50,0.3389830508474576,0.03954802259887006,127,0.7175141242937854,0.8346456692913385,0.8031496062992126,30,30,0,0,595,0.05042016806722689
162,0.05,50162,mixed,18,3,155,189,162,115,0.06172839506172839,0.10493827160493827,47,0.29012345679012347,0.19148936170212766,0.19148936170212766,24,6,7,11,477,0.050314465408805034
163,0.05,50163,x_replace,18,3,168,215,175,47,0.3485714285714286,0.04,128,0.7314285714285714,0.828125,0.7734375,30,30,0,0,610,0.04918032786885246
164,0.05,50164,ascii_replace,18,3,155,183,156,30,0.3525641025641026,0.05128205128205128,126,0.8076923076923077,0.8809523809523809,0.8412698412698413,26,26,0,0,530,0.04905660377358491
165,0.05,50165,mixed,18,3,155,181,154,102,0.09740259740259741,0.09740259740259741,52,0.33766233766233766,0.5,0.4807692307692308,25,10,6,9,508,0.04921259842519685
166,0.05,50166,x_replace,18,3,159,203,172,46,0.313953488372093,0.05232558139534884,126,0.7325581395348837,0.8333333333333334,0.8015873015873016,31,31,0,0,612,0.05065359477124183
167,0.05,50167,homo_replace,18,3,155,206,179,56,0.33519553072625696,0.05027932960893855,123,0.6871508379888268,0.7886178861788617,0.7642276422764228,33,33,0,0,652,0.05061349693251534
168,0.05,50168,homo_replace,18,3,155,182,155,28,0.3161290322580645,0.06451612903225806,127,0.8193548387096774,0.8582677165354331,0.8188976377952756,27,27,0,0,545,0.04954128440366973
169,0.05,50169,homo_replace,18,3,153,185,160,33,0.3,0.03125,127,0.79375,0.8503937007874016,0.8188976377952756,25,25,0,0,492,0.0508130081300813
170,0.05,50170,x_replace,18,3,152,196,172,46,0.37209302325581395,0.06395348837209303,126,0.7325581395348837,0.8412698412698413,0.8015873015873016,29,29,0,0,574,0.050522648083623695
171,0.05,50171,zw_insert,18,3,160,214,182,139,0.038461538461538464,0.13186813186813187,43,0.23626373626373626,0.13953488372093023,0.09302325581395349,29,0,0,29,577,0.05025996533795494
172,0.05,50172,x_replace,18,3,155,195,168,42,0.3273809523809524,0.047619047619047616,126,0.75,0.8253968253968254,0.7777777777777778,30,30,0,0,607,0.04942339373970346
173,0.05,50173,x_replace,18,3,159,190,159,31,0.36477987421383645,0.06918238993710692,128,0.8050314465408805,0.8671875,0.8359375,22,22,0,0,442,0.049773755656108594
174,0.05,50174,ascii_replace,18,3,153,186,161,33,0.30434782608695654,0.037267080745341616,128,0.7950310559006211,0.84375,0.8203125,26,26,0,0,514,0.05058365758754864
175,0.05,50175,zw_insert,18,3,152,206,182,152,0.03296703296703297,0.09340659340659341,30,0.16483516483516483,0.13333333333333333,0.13333333333333333,30,0,0,30,596,0.050335570469798654
176,0.05,50176,x_replace,18,3,152,202,178,51,0.28651685393258425,0.07303370786516854,127,0.7134831460674157,0.8582677165354331,0.7795275590551181,32,32,0,0,642,0.04984423676012461
177,0.05,50177,zw_insert,18,3,155,215,188,152,0.010638297872340425,0.1595744680851064,36,0.19148936170212766,0.027777777777777776,0.027777777777777776,30,0,0,30,601,0.04991680532445923
178,0.05,50178,zw_insert,18,3,172,201,157,109,0.025477707006369428,0.10828025477707007,48,0.3057324840764331,0.10416666666666667,0.10416666666666667,21,0,0,21,411,0.051094890510948905
179,0.05,50179,mixed,18,3,175,193,146,79,0.14383561643835616,0.0547945205479452,67,0.4589041095890411,0.5373134328358209,0.5223880597014925,18,9,3,6,354,0.05084745762711865
180,0.05,50180,homo_replace,18,3,160,202,170,43,0.3058823529411765,0.06470588235294118,127,0.7470588235294118,0.8346456692913385,0.7559055118110236,33,33,0,0,654,0.05045871559633028
181,0.05,50181,homo_replace,18,3,154,201,175,48,0.29714285714285715,0.045714285714285714,127,0.7257142857142858,0.84251968503937,0.7874015748031497,30,30,0,0,609,0.04926108374384237
182,0.05,50182,ascii_replace,18,3,158,192,162,36,0.3765432098765432,0.043209876543209874,126,0.7777777777777778,0.8253968253968254,0.8095238095238095,29,29,0,0,574,0.050522648083623695
183,0.05,50183,ascii_replace,18,3,154,209,183,56,0.33879781420765026,0.060109289617486336,127,0.6939890710382514,0.8346456692913385,0.7637795275590551,36,36,0,0,714,0.05042016806722689
184,0.05,50184,mixed,18,3,161,192,159,126,0.10062893081761007,0.06289308176100629,33,0.20754716981132076,0.48484848484848486,0.48484848484848486,28,5,10,13,570,0.04912280701754386
185,0.05,50185,x_replace,18,3,157,195,166,40,0.43373493975903615,0.030120481927710843,126,0.7590361445783133,0.8809523809523809,0.8333333333333334,28,28,0,0,552,0.050724637681159424
186,0.05,50186,zw_insert,18,3,152,210,186,143,0.03225806451612903,0.16666666666666666,43,0.23118279569892472,0.11627906976744186,0.11627906976744186,33,0,0,33,660,0.05
187,0.05,50187,x_replace,18,3,161,202,169,48,0.27218934911242604,0.05917159763313609,121,0.7159763313609467,0.8264462809917356,0.7851239669421488,30,30,0,0,592,0.05067567567567568
188,0.05,50188,x_replace,18,3,155,203,176,48,0.29545454545454547,0.045454545454545456,128,0.7272727272727273,0.828125,0.7890625,31,31,0,0,617,0.050243111831442464
189,0.05,50189,zw_insert,18,3,153,231,200,156,0.06,0.15,44,0.22,0.22727272727272727,0.22727272727272727,33,0,0,33,664,0.04969879518072289
190,0.05,50190,ascii_replace,18,3,159,197,166,39,0.37349397590361444,0.04216867469879518,127,0.7650602409638554,0.8503937007874016,0.7952755905511811,29,29,0,0,576,0.050347222222222224
191,0.05,50191,x_replace,18,3,150,205,183,55,0.3224043715846995,0.09836065573770492,128,0.6994535519125683,0.8125,0.765625,33,33,0,0,655,0.050381679389312976
192,0.05,50192,ascii_replace,18,3,155,190,162,35,0.41975308641975306,0.05555555555555555,127,0.7839506172839507,0.8582677165354331,0.8267716535433071,28,28,0,0,569,0.0492091388400703
193,0.05,50193,zw_insert,18,3,154,197,171,129,0.029239766081871343,0.1111111111111111,42,0.24561403508771928,0.09523809523809523,0.09523809523809523,25,0,0,25,509,0.04911591355599214
194,0.05,50194,mixed,18,3,158,193,163,123,0.024539877300613498,0.147239263803681,40,0.24539877300613497,0.175,0.15,30,12,11,7,596,0.050335570469798654
195,0.05,50195,homo_replace,18,3,152,188,164,38,0.39634146341463417,0.042682926829268296,126,0.7682926829268293,0.8492063492063492,0.8174603174603174,29,29,0,0,585,0.04957264957264957
196,0.05,50196,zw_insert,18,3,163,215,180,146,0.011111111111111112,0.15555555555555556,34,0.18888888888888888,0.029411764705882353,0.029411764705882353,30,0,0,30,605,0.049586776859504134
197,0.05,50197,mixed,18,3,152,192,168,142,0.047619047619047616,0.09523809523809523,26,0.15476190476190477,0.34615384615384615,0.3076923076923077,33,13,9,11,667,0.049475262368815595
198,0.05,50198,zw_insert,18,3,158,210,180,140,0.044444444444444446,0.12222222222222222,40,0.2222222222222222,0.2,0.175,29,0,0,29,579,0.05008635578583765
199,0.05,50199,x_replace,18,3,158,198,168,42,0.3630952380952381,0.10714285714285714,126,0.75,0.8492063492063492,0.7777777777777778,29,29,0,0,584,0.04965753424657534
0,0.1,100000,homo_replace,18,3,161,220,187,66,0.13903743315508021,0.09090909090909091,121,0.6470588235294118,0.7024793388429752,0.6611570247933884,55,55,0,0,550,0.1
1,0.1,100001,x_replace,18,3,163,229,194,70,0.1958762886597938,0.05670103092783505,124,0.6391752577319587,0.75,0.6935483870967742,51,51,0,0,511,0.09980430528375733
2,0.1,100002,ascii_replace,18,3,157,234,200,79,0.195,0.075,121,0.605,0.7355371900826446,0.6859504132231405,58,58,0,0,584,0.09931506849315068
3,0.1,100003,zw_insert,18,3,151,261,200,162,0.015,0.14,38,0.19,0.05263157894736842,0.02631578947368421,60,0,0,60,601,0.09983361064891846
4,0.1,100004,homo_replace,18,3,157,280,200,97,0.13,0.07,103,0.515,0.6893203883495146,0.5533980582524272,77,77,0,0,771,0.09987029831387809
5,0.1,100005,zw_insert,18,3,152,251,200,157,0.005,0.08,43,0.215,0.0,0.0,56,0,0,56,561,0.09982174688057041
6,0.1,100006,x_replace,18,3,158,238,200,78,0.145,0.085,122,0.61,0.6967213114754098,0.6475409836065574,58,58,0,0,579,0.1001727115716753
7,0.1,100007,ascii_replace,18,3,155,248,200,89,0.08,0.055,111,0.555,0.7117117117117117,0.5945945945945946,66,66,0,0,658,0.10030395136778116
8,0.1,100008,mixed,18,3,152,206,182,138,0.005494505494505495,0.15934065934065933,44,0.24175824175824176,0.13636363636363635,0.11363636363636363,51,19,11,21,514,0.09922178988326848
9,0.1,100009,zw_insert,18,3,159,234,200,147,0.01,0.14,53,0.265,0.03773584905660377,0.03773584905660377,46,0,0,46,463,0.09935205183585313
10,0.1,100010,x_replace,18,3,152,249,200,86,0.14,0.1,114,0.57,0.6842105263157895,0.631578947368421,63,63,0,0,631,0.09984152139461172
11,0.1,100011,mixed,18,3,153,224,199,139,0.01507537688442211,0.09045226130653267,60,0.3015075376884422,0.4166666666666667,0.3,61,23,20,18,609,0.10016420361247948
12,0.1,100012,homo_replace,18,3,153,249,200,89,0.145,0.095,111,0.555,0.6756756756756757,0.5765765765765766,66,66,0,0,664,0.09939759036144578
13,0.1,100013,zw_insert,18,3,155,257,200,153,0.035,0.085,47,0.235,0.1276595744680851,0.1276595744680851,58,0,0,58,585,0.09914529914529914
14,0.1,100014,x_replace,18,3,152,230,200,76,0.135,0.095,124,0.62,0.7096774193548387,0.6209677419354839,59,59,0,0,587,0.10051107325383304
15,0.1,100015,x_replace,18,3,154,242,200,82,0.085,0.07,118,0.59,0.7372881355932204,0.6186440677966102,61,61,0,0,606,0.10066006600660066
16,0.1,100016,x_replace,18,3,155,228,200,76,0.08,0.095,124,0.62,0.6935483870967742,0.6290322580645161,59,59,0,0,586,0.10068259385665529
17,0.1,100017,homo_replace,18,3,154,249,200,85,0.1,0.06,115,0.575,0.7478260869565218,0.6173913043478261,66,66,0,0,660,0.1
18,0.1,100018,homo_replace,18,3,155,253,200,93,0.095,0.12,107,0.535,0.6728971962616822,0.5700934579439252,69,69,0,0,694,0.0994236311239193
19,0.1,100019,mixed,18,3,154,229,200,164,0.015,0.125,36,0.18,0.1111111111111111,0.08333333333333333,66,22,23,21,663,0.09954751131221719
20,0.1,100020,homo_replace,18,3,159,240,200,83,0.12,0.08,117,0.585,0.6666666666666666,0.5982905982905983,59,59,0,0,592,0.09966216216216216
21,0.1,100021,mixed,18,3,159,248,200,159,0.035,0.1,41,0.205,0.14634146341463414,0.14634146341463414,67,30,13,24,668,0.10029940119760479
22,0.1,100022,homo_replace,18,3,163,230,195,73,0.1282051282051282,0.09743589743589744,122,0.6256410256410256,0.7213114754098361,0.6721311475409836,54,54,0,0,538,0.10037174721189591
23,0.1,100023,ascii_replace,18,3,152,230,200,79,0.115,0.1,121,0.605,0.6694214876033058,0.5702479338842975,67,67,0,0,669,0.10014947683109118
24,0.1,100024,ascii_replace,18,3,155,232,200,77,0.115,0.09,123,0.615,0.6829268292682927,0.6097560975609756,64,64,0,0,645,0.09922480620155039
25,0.1,100025,homo_replace,18,3,152,240,200,90,0.045,0.07,110,0.55,0.6545454545454545,0.5454545454545454,64,64,0,0,641,0.0998439937597504
26,0.1,100026,ascii_replace,18,3,153,233,200,81,0.15,0.065,119,0.595,0.7142857142857143,0.6218487394957983,64,64,0,0,640,0.1
27,0.1,100027,x_replace,18,3,156,232,200,79,0.14,0.095,121,0.605,0.6776859504132231,0.628099173553719,61,61,0,0,613,0.09951060358890701
28,0.1,100028,x_replace,18,3,151,242,200,83,0.145,0.095,117,0.585,0.7350427350427351,0.6153846153846154,64,64,0,0,638,0.10031347962382445
29,0.1,100029,homo_replace,18,3,153,236,200,81,0.105,0.08,119,0.595,0.6890756302521008,0.6554621848739496,59,59,0,0,590,0.1
30,0.1,100030,mixed,18,3,154,209,183,150,0.01092896174863388,0.09289617486338798,33,0.18032786885245902,0.030303030303030304,0.030303030303030304,58,19,22,17,582,0.09965635738831616
31,0.1,100031,mixed,18,3,152,210,186,128,0.06989247311827956,0.11290322580645161,58,0.3118279569892473,0.5,0.46551724137931033,59,22,19,18,589,0.100169779286927
32,0.1,100032,mixed,18,3,161,209,176,118,0.03977272727272727,0.07954545454545454,58,0.32954545454545453,0.20689655172413793,0.1896551724137931,45,16,13,16,446,0.10089686098654709
33,0.1,100033,homo_replace,18,3,155,207,180,58,0.1388888888888889,0.07777777777777778,122,0.6777777777777778,0.680327868852459,0.6475409836065574,52,52,0,0,521,0.09980806142034548
34,0.1,100034,zw_insert,18,3,158,289,200,150,0.02,0.21,50,0.25,0.04,0.04,69,0,0,69,692,0.09971098265895954
35,0.1,100035,x_replace,18,3,157,247,200,90,0.175,0.095,110,0.55,0.6818181818181818,0.6272727272727273,71,71,0,0,706,0.10056657223796034
36,0.1,100036,mixed,18,3,155,235,200,162,0.045,0.085,38,0.19,0.34210526315789475,0.2631578947368421,64,21,22,21,641,0.0998439937597504
37,0.1,100037,homo_replace,18,3,154,240,200,84,0.11,0.09,116,0.58,0.7068965517241379,0.6379310344827587,62,62,0,0,619,0.10016155088852989
38,0.1,100038,x_replace,18,3,154,242,200,81,0.13,0.085,119,0.595,0.773109243697479,0.680672268907563,60,60,0,0,598,0.10033444816053512
39,0.1,100039,x_replace,18,3,173,214,168,49,0.15476190476190477,0.08333333333333333,119,0.7083333333333334,0.7899159663865546,0.7394957983193278,42,42,0,0,420,0.1
40,0.1,100040,homo_replace,18,3,158,247,200,79,0.125,0.065,121,0.605,0.7024793388429752,0.6446280991735537,62,62,0,0,624,0.09935897435897435
41,0.1,100041,mixed,18,3,162,221,187,122,0.0855614973262032,0.06951871657754011,65,0.34759358288770054,0.4153846153846154,0.4,51,20,14,17,507,0.10059171597633136
42,0.1,100042,homo_replace,18,3,157,249,200,87,0.135,0.095,113,0.565,0.7610619469026548,0.6460176991150443,63,63,0,0,629,0.10015898251192369
43,0.1,100043,zw_insert,18,3,154,297,200,159,0.015,0.11,41,0.205,0.024390243902439025,0.024390243902439025,71,0,0,71,709,0.1001410437235543
44,0.1,100044,x_replace,18,3,151,227,200,75,0.165,0.075,125,0.625,0.76,0.664,60,60,0,0,605,0.09917355371900827
45,0.1,100045,mixed,18,3,153,224,199,145,0.04020100502512563,0.07537688442211055,54,0.271356783919598,0.37037037037037035,0.3333333333333333,63,18,21,24,627,0.10047846889952153
46,0.1,100046,mixed,18,3,157,203,174,129,0.022988505747126436,0.08045977011494253,45,0.25862068965517243,0.15555555555555556,0.13333333333333333,51,17,19,15,514,0.09922178988326848
47,0.1,100047,zw_insert,18,3,153,281,200,164,0.015,0.16,36,0.18,0.05555555555555555,0.05555555555555555,68,0,0,68,683,0.09956076134699854
48,0.1,100048,mixed,18,3,155,205,178,139,0.016853932584269662,0.07865168539325842,39,0.21910112359550563,0.05128205128205128,0.05128205128205128,52,19,16,17,519,0.1001926782273603
49,0.1,100049,x_replace,18,3,158,258,200,91,0.125,0.08,109,0.545,0.7247706422018348,0.6330275229357798,65,65,0,0,651,0.09984639016897082
50,0.1,100050,homo_replace,18,3,156,226,198,75,0.15656565656565657,0.08080808080808081,123,0.6212121212121212,0.7398373983739838,0.6585365853658537,58,58,0,0,576,0.10069444444444445
51,0.1,100051,x_replace,18,3,153,242,200,86,0.155,0.11,114,0.57,0.7017543859649122,0.6491228070175439,62,62,0,0,622,0.09967845659163987
52,0.1,100052,homo_replace,18,3,158,227,197,73,0.08121827411167512,0.116751269035533,124,0.6294416243654822,0.717741935483871,0.6370967741935484,52,52,0,0,525,0.09904761904761905
53,0.1,100053,mixed,18,3,159,223,192,128,0.09375,0.09895833333333333,64,0.3333333333333333,0.515625,0.453125,56,13,20,23,563,0.0994671403197158
54,0.1,100054,homo_replace,18,3,154,248,200,87,0.05,0.1,113,0.565,0.6814159292035398,0.6017699115044248,64,64,0,0,639,0.10015649452269171
55,0.1,100055,mixed,18,3,164,242,200,166,0.005,0.09,34,0.17,0.08823529411764706,0.08823529411764706,61,23,17,21,610,0.1
56,0.1,100056,mixed,18,3,150,217,195,155,0.015384615384615385,0.14871794871794872,40,0.20512820512820512,0.025,0.025,60,23,17,20,598,0.10033444816053512
57,0.1,100057,homo_replace,18,3,156,216,188,64,0.11702127659574468,0.09042553191489362,124,0.6595744680851063,0.717741935483871,0.6693548387096774,49,49,0,0,490,0.1
58,0.1,100058,x_replace,18,3,155,217,190,68,0.10526315789473684,0.1,122,0.6421052631578947,0.7213114754098361,0.680327868852459,53,53,0,0,529,0.1001890359168242
59,0.1,100059,zw_insert,18,3,152,261,200,152,0.01,0.075,48,0.24,0.020833333333333332,0.020833333333333332,60,0,0,60,601,0.09983361064891846
60,0.1,100060,homo_replace,18,3,160,236,200,79,0.125,0.085,121,0.605,0.743801652892562,0.6859504132231405,56,56,0,0,555,0.1009009009009009
61,0.1,100061,ascii_replace,18,3,154,234,200,80,0.09,0.09,120,0.6,0.6583333333333333,0.5666666666666667,62,62,0,0,622,0.09967845659163987
62,0.1,100062,x_replace,18,3,167,215,176,52,0.10227272727272728,0.08522727272727272,124,0.7045454545454546,0.7580645161290323,0.7096774193548387,44,44,0,0,435,0.10114942528735632
63,0.1,100063,mixed,18,3,152,244,200,161,0.02,0.08,39,0.195,0.07692307692307693,0.05128205128205128,67,19,19,29,666,0.1006006006006006
64,0.1,100064,homo_replace,18,3,154,265,200,92,0.085,0.11,108,0.54,0.6481481481481481,0.5555555555555556,73,73,0,0,727,0.10041265474552957
65,0.1,100065,ascii_replace,18,3,157,240,200,78,0.185,0.135,122,0.61,0.7213114754098361,0.6557377049180327,65,65,0,0,649,0.10015408320493066
66,0.1,100066,homo_replace,18,3,158,221,191,67,0.16753926701570682,0.08900523560209424,124,0.6492146596858639,0.7419354838709677,0.6532258064516129,54,54,0,0,537,0.1005586592178771
67,0.1,100067,x_replace,18,3,154,254,200,89,0.13,0.065,111,0.555,0.6396396396396397,0.5765765765765766,69,69,0,0,693,0.09956709956709957
68,0.1,100068,x_replace,18,3,161,221,188,63,0.14893617021276595,0.06382978723404255,125,0.6648936170212766,0.744,0.672,51,51,0,0,513,0.09941520467836257
69,0.1,100069,ascii_replace,18,3,154,246,200,86,0.1,0.055,114,0.57,0.6754385964912281,0.5789473684210527,68,68,0,0,679,0.10014727540500737
70,0.1,100070,zw_insert,18,3,151,296,200,163,0.005,0.125,37,0.185,0.0,0.0,78,0,0,78,780,0.1
71,0.1,100071,mixed,18,3,160,230,198,145,0.03535353535353535,0.1111111111111111,53,0.2676767676767677,0.4339622641509434,0.33962264150943394,59,15,25,19,588,0.10034013605442177
72,0.1,100072,mixed,18,3,151,216,193,150,0.015544041450777202,0.09844559585492228,43,0.22279792746113988,0.09302325581395349,0.09302325581395349,58,25,15,18,578,0.10034602076124567
73,0.1,100073,homo_replace,18,3,157,250,200,89,0.15,0.045,111,0.555,0.6846846846846847,0.6216216216216216,66,66,0,0,661,0.09984871406959153
74,0.1,100074,ascii_replace,18,3,154,210,184,61,0.10326086956521739,0.1358695652173913,123,0.6684782608695652,0.7317073170731707,0.6666666666666666,51,51,0,0,507,0.10059171597633136
75,0.1,100075,x_replace,18,3,156,243,200,84,0.13,0.11,116,0.58,0.7068965517241379,0.603448275862069,59,59,0,0,589,0.100169779286927
76,0.1,100076,zw_insert,18,3,152,255,200,154,0.005,0.11,46,0.23,0.0,0.0,58,0,0,58,576,0.10069444444444445
77,0.1,100077,mixed,18,3,156,247,200,160,0.005,0.115,40,0.2,0.0,0.0,70,28,23,19,697,0.10043041606886657
78,0.1,100078,zw_insert,18,3,152,284,200,159,0.01,0.16,41,0.205,0.024390243902439025,0.024390243902439025,69,0,0,69,693,0.09956709956709957
79,0.1,100079,x_replace,18,3,155,212,185,63,0.13513513513513514,0.12972972972972974,122,0.6594594594594595,0.7131147540983607,0.6557377049180327,52,52,0,0,523,0.0994263862332696
80,0.1,100080,x_replace,18,3,154,263,200,88,0.16,0.09,112,0.56,0.7321428571428571,0.6339285714285714,72,72,0,0,724,0.09944751381215469
81,0.1,100081,ascii_replace,18,3,152,231,200,81,0.11,0.06,119,0.595,0.7478991596638656,0.6134453781512605,64,64,0,0,636,0.10062893081761007
82,0.1,100082,ascii_replace,18,3,153,225,200,75,0.24,0.055,125,0.625,0.704,0.656,60,60,0,0,604,0.09933774834437085
83,0.1,100083,x_replace,18,3,155,257,200,91,0.115,0.09,109,0.545,0.6697247706422018,0.5688073394495413,66,66,0,0,655,0.10076335877862595
84,0.1,100084,ascii_replace,18,3,154,226,200,76,0.145,0.095,124,0.62,0.7096774193548387,0.6048387096774194,62,62,0,0,621,0.0998389694041868
85,0.1,100085,ascii_replace,18,3,164,235,198,73,0.11616161616161616,0.0707070707070707,125,0.6313131313131313,0.712,0.68,56,56,0,0,564,0.09929078014184398
86,0.1,100086,zw_insert,18,3,152,276,200,159,0.01,0.135,41,0.205,0.024390243902439025,0.024390243902439025,66,0,0,66,656,0.10060975609756098
87,0.1,100087,ascii_replace,18,3,156,226,198,81,0.10606060606060606,0.08080808080808081,117,0.5909090909090909,0.6923076923076923,0.6068376068376068,56,56,0,0,563,0.0994671403197158
88,0.1,100088,x_replace,18,3,156,278,200,99,0.085,0.09,101,0.505,0.6336633663366337,0.5742574257425742,73,73,0,0,730,0.1
89,0.1,100089,zw_insert,18,3,160,257,200,156,0.02,0.15,44,0.22,0.045454545454545456,0.045454545454545456,54,0,0,54,541,0.09981515711645102
90,0.1,100090,zw_insert,18,3,156,264,200,151,0.025,0.115,49,0.245,0.10204081632653061,0.08163265306122448,57,0,0,57,568,0.10035211267605634
91,0.1,100091,mixed,18,3,150,223,200,147,0.03,0.105,53,0.265,0.20754716981132076,0.1509433962264151,65,19,22,24,647,0.10046367851622875
92,0.1,100092,zw_insert,18,3,155,247,200,139,0.055,0.12,61,0.305,0.16393442622950818,0.14754098360655737,51,0,0,51,508,0.10039370078740158
93,0.1,100093,homo_replace,18,3,164,234,198,74,0.16161616161616163,0.1414141414141414,124,0.6262626262626263,0.7419354838709677,0.6854838709677419,56,56,0,0,561,0.09982174688057041
94,0.1,100094,ascii_replace,18,3,155,248,200,85,0.17,0.07,115,0.575,0.7043478260869566,0.5826086956521739,73,73,0,0,730,0.1
95,0.1,100095,homo_replace,18,3,156,209,181,60,0.17679558011049723,0.10497237569060773,121,0.6685082872928176,0.71900826446281,0.6528925619834711,53,53,0,0,527,0.10056925996204934
96,0.1,100096,zw_insert,18,3,154,277,200,165,0.005,0.16,35,0.175,0.0,0.0,68,0,0,68,675,0.10074074074074074
97,0.1,100097,homo_replace,18,3,157,254,200,90,0.15,0.055,110,0.55,0.7454545454545455,0.6363636363636364,67,67,0,0,669,0.10014947683109118
98,0.1,100098,mixed,18,3,153,222,197,165,0.015228426395939087,0.12690355329949238,32,0.16243654822335024,0.0625,0.0625,62,22,24,16,618,0.10032362459546926
99,0.1,100099,mixed,18,3,154,224,198,137,0.03535353535353535,0.09595959595959595,61,0.30808080808080807,0.5081967213114754,0.4918032786885246,61,21,22,18,609,0.10016420361247948
100,0.1,100100,mixed,18,3,161,227,194,151,0.02577319587628866,0.1134020618556701,43,0.22164948453608246,0.18604651162790697,0.13953488372093023,62,23,23,16,621,0.0998389694041868
101,0.1,100101,mixed,18,3,152,202,178,135,0.03932584269662921,0.08426966292134831,43,0.24157303370786518,0.2558139534883721,0.2558139534883721,56,21,18,17,562,0.099644128113879
102,0.1,100102,ascii_replace,18,3,155,222,195,70,0.11282051282051282,0.09230769230769231,125,0.6410256410256411,0.68,0.632,57,57,0,0,574,0.09930313588850175
103,0.1,100103,homo_replace,18,3,156,255,200,87,0.09,0.085,113,0.565,0.7522123893805309,0.6371681415929203,64,64,0,0,643,0.09953343701399689
104,0.1,100104,homo_replace,18,3,159,247,200,81,0.145,0.085,119,0.595,0.6638655462184874,0.6218487394957983,65,65,0,0,654,0.09938837920489296
105,0.1,100105,mixed,18,3,165,220,183,138,0.01639344262295082,0.08743169398907104,45,0.2459016393442623,0.2,0.15555555555555556,56,20,21,15,562,0.099644128113879
106,0.1,100106,homo_replace,18,3,151,213,190,64,0.1736842105263158,0.08947368421052632,126,0.6631578947368421,0.746031746031746,0.6984126984126984,52,52,0,0,521,0.09980806142034548
107,0.1,100107,mixed,18,3,160,230,198,163,0.010101010101010102,0.12626262626262627,35,0.17676767676767677,0.02857142857142857,0.02857142857142857,63,18,20,25,630,0.1
108,0.1,100108,ascii_replace,18,3,153,240,200,79,0.135,0.07,121,0.605,0.7107438016528925,0.6198347107438017,67,67,0,0,669,0.10014947683109118
109,0.1,100109,ascii_replace,18,3,155,222,195,72,0.13846153846153847,0.07179487179487179,123,0.6307692307692307,0.7154471544715447,0.6260162601626016,57,57,0,0,572,0.09965034965034965
110,0.1,100110,homo_replace,18,3,156,221,193,69,0.09326424870466321,0.06735751295336788,124,0.6424870466321243,0.7258064516129032,0.6612903225806451,55,55,0,0,554,0.09927797833935018
111,0.1,100111,x_replace,18,3,160,249,200,87,0.07,0.12,113,0.565,0.6460176991150443,0.584070796460177,60,60,0,0,603,0.09950248756218906
112,0.1,100112,ascii_replace,18,3,160,239,200,83,0.12,0.075,117,0.585,0.6837606837606838,0.6153846153846154,62,62,0,0,625,0.0992
113,0.1,100113,zw_insert,18,3,152,272,200,145,0.035,0.145,55,0.275,0.10909090909090909,0.07272727272727272,62,0,0,62,623,0.09951845906902086
114,0.1,100114,homo_replace,18,3,160,240,200,80,0.14,0.07,120,0.6,0.675,0.5916666666666667,62,62,0,0,625,0.0992
115,0.1,100115,mixed,18,3,152,233,200,147,0.04,0.095,53,0.265,0.4528301886792453,0.3584905660377358,64,27,19,18,644,0.09937888198757763
116,0.1,100116,homo_replace,18,3,159,247,200,91,0.08,0.07,109,0.545,0.6330275229357798,0.5412844036697247,64,64,0,0,645,0.09922480620155039
117,0.1,100117,x_replace,18,3,167,274,200,91,0.135,0.045,109,0.545,0.7247706422018348,0.5963302752293578,72,72,0,0,715,0.1006993006993007
118,0.1,100118,ascii_replace,18,3,153,220,195,75,0.11794871794871795,0.07692307692307693,120,0.6153846153846154,0.6666666666666666,0.6083333333333333,57,57,0,0,572,0.09965034965034965
119,0.1,100119,x_replace,18,3,159,216,185,64,0.14054054054054055,0.07027027027027027,121,0.654054054054054,0.71900826446281,0.6446280991735537,49,49,0,0,487,0.10061601642710473
120,0.1,100120,x_replace,18,3,155,233,200,78,0.085,0.075,122,0.61,0.7295081967213115,0.6639344262295082,56,56,0,0,564,0.09929078014184398
121,0.1,100121,homo_replace,18,3,153,249,200,85,0.13,0.09,115,0.575,0.6695652173913044,0.6173913043478261,62,62,0,0,618,0.10032362459546926
122,0.1,100122,ascii_replace,18,3,154,230,200,76,0.165,0.1,124,0.62,0.6935483870967742,0.6290322580645161,64,64,0,0,640,0.1
123,0.1,100123,mixed,18,3,161,207,174,136,0.017241379310344827,0.08620689655172414,38,0.21839080459770116,0.13157894736842105,0.10526315789473684,54,24,18,12,536,0.10074626865671642
124,0.1,100124,zw_insert,18,3,158,271,200,148,0.005,0.105,52,0.26,0.0,0.0,61,0,0,61,610,0.1
125,0.1,100125,mixed,18,3,157,219,190,139,0.04736842105263158,0.15263157894736842,51,0.26842105263157895,0.19607843137254902,0.17647058823529413,62,26,15,21,616,0.10064935064935066
126,0.1,100126,ascii_replace,18,3,155,220,193,68,0.11917098445595854,0.09326424870466321,125,0.6476683937823834,0.712,0.624,60,60,0,0,595,0.10084033613445378
127,0.1,100127,mixed,18,3,156,224,196,149,0.04591836734693878,0.12244897959183673,47,0.23979591836734693,0.23404255319148937,0.23404255319148937,58,20,18,20,578,0.10034602076124567
128,0.1,100128,mixed,18,3,158,227,197,144,0.07614213197969544,0.08121827411167512,53,0.26903553299492383,0.5094339622641509,0.4339622641509434,68,17,29,22,676,0.10059171597633136
129,0.1,100129,x_replace,18,3,155,220,193,69,0.14507772020725387,0.09844559585492228,124,0.6424870466321243,0.7419354838709677,0.6854838709677419,55,55,0,0,554,0.09927797833935018
130,0.1,100130,ascii_replace,18,3,156,215,187,59,0.16042780748663102,0.06417112299465241,128,0.6844919786096256,0.6953125,0.6640625,52,52,0,0,525,0.09904761904761905
131,0.1,100131,ascii_replace,18,3,153,251,200,88,0.13,0.07,112,0.56,0.6785714285714286,0.5535714285714286,73,73,0,0,727,0.10041265474552957
132,0.1,100132,mixed,18,3,158,229,199,149,0.04522613065326633,0.10552763819095477,50,0.25125628140703515,0.24,0.2,57,15,12,30,566,0.10070671378091872
133,0.1,100133,mixed,18,3,158,221,191,152,0.020942408376963352,0.13089005235602094,39,0.20418848167539266,0.10256410256410256,0.07692307692307693,55,22,13,20,553,0.09945750452079566
134,0.1,100134,zw_insert,18,3,151,271,200,162,0.0,0.15,38,0.19,0.0,0.0,67,0,0,67,669,0.10014947683109118
135,0.1,100135,zw_insert,18,3,157,259,200,150,0.02,0.1,50,0.25,0.04,0.04,57,0,0,57,572,0.09965034965034965
136,0.1,100136,x_replace,18,3,157,232,200,78,0.15,0.095,122,0.61,0.7295081967213115,0.6639344262295082,58,58,0,0,584,0.09931506849315068
137,0.1,100137,ascii_replace,18,3,153,248,200,93,0.14,0.085,107,0.535,0.6822429906542056,0.5327102803738317,75,75,0,0,754,0.09946949602122016
138,0.1,100138,zw_insert,18,3,153,247,200,157,0.025,0.15,43,0.215,0.06976744186046512,0.06976744186046512,56,0,0,56,565,0.09911504424778761
139,0.1,100139,homo_replace,18,3,158,243,200,77,0.18,0.06,123,0.615,0.6991869918699187,0.6504065040650406,68,68,0,0,679,0.10014727540500737
140,0.1,100140,x_replace,18,3,154,197,171,46,0.15204678362573099,0.09941520467836257,125,0.7309941520467836,0.792,0.728,46,46,0,0,455,0.1010989010989011
141,0.1,100141,zw_insert,18,3,152,268,200,151,0.02,0.14,49,0.245,0.02040816326530612,0.02040816326530612,59,0,0,59,593,0.09949409780775717
142,0.1,100142,mixed,18,3,157,214,185,121,0.06486486486486487,0.12432432432432433,64,0.34594594594594597,0.5,0.4375,55,19,17,19,547,0.10054844606946983
143,0.1,100143,ascii_replace,18,3,156,278,200,103,0.15,0.085,97,0.485,0.6288659793814433,0.5360824742268041,77,77,0,0,772,0.09974093264248704
144,0.1,100144,zw_insert,18,3,153,294,200,158,0.0,0.15,42,0.21,0.023809523809523808,0.023809523809523808,66,0,0,66,656,0.10060975609756098
145,0.1,100145,x_replace,18,3,153,223,198,75,0.09090909090909091,0.09090909090909091,123,0.6212121212121212,0.7154471544715447,0.6666666666666666,50,50,0,0,499,0.10020040080160321
146,0.1,100146,mixed,18,3,152,211,183,134,0.07650273224043716,0.12568306010928962,49,0.2677595628415301,0.30612244897959184,0.30612244897959184,54,21,15,18,535,0.10093457943925234
147,0.1,100147,mixed,18,3,154,226,200,149,0.04,0.115,51,0.255,0.45098039215686275,0.39215686274509803,71,24,32,15,711,0.09985935302390998
148,0.1,100148,mixed,18,3,153,217,192,125,0.11458333333333333,0.14583333333333334,67,0.3489583333333333,0.5522388059701493,0.44776119402985076,58,14,21,23,583,0.09948542024013722
149,0.1,100149,x_replace,18,3,154,241,200,82,0.185,0.1,118,0.59,0.7288135593220338,0.652542372881356,62,62,0,0,622,0.09967845659163987
150,0.1,100150,x_replace,18,3,153,226,200,77,0.125,0.095,123,0.615,0.7235772357723578,0.6341463414634146,59,59,0,0,594,0.09932659932659933
151,0.1,100151,ascii_replace,18,3,156,225,197,72,0.15228426395939088,0.1065989847715736,125,0.6345177664974619,0.696,0.656,58,58,0,0,585,0.09914529914529914
152,0.1,100152,zw_insert,18,3,159,274,200,157,0.025,0.125,43,0.215,0.06976744186046512,0.06976744186046512,59,0,0,59,591,0.09983079526226735
153,0.1,100153,zw_insert,18,3,153,263,200,153,0.025,0.155,47,0.235,0.06382978723404255,0.06382978723404255,62,0,0,62,624,0.09935897435897435
154,0.1,100154,x_replace,18,3,154,229,200,75,0.13,0.1,125,0.625,0.712,0.632,56,56,0,0,563,0.0994671403197158
155,0.1,100155,zw_insert,18,3,153,275,200,158,0.03,0.145,42,0.21,0.11904761904761904,0.11904761904761904,68,0,0,68,677,0.10044313146233383
156,0.1,100156,zw_insert,18,3,154,282,200,157,0.045,0.15,43,0.215,0.16279069767441862,0.11627906976744186,65,0,0,65,649,0.10015408320493066
157,0.1,100157,zw_insert,18,3,164,262,200,157,0.01,0.11,43,0.215,0.023255813953488372,0.023255813953488372,58,0,0,58,579,0.1001727115716753
158,0.1,100158,ascii_replace,18,3,162,224,190,67,0.11052631578947368,0.06315789473684211,123,0.6473684210526316,0.6747967479674797,0.6178861788617886,54,54,0,0,536,0.10074626865671642
159,0.1,100159,ascii_replace,18,3,154,245,200,91,0.095,0.115,109,0.545,0.6788990825688074,0.5504587155963303,72,72,0,0,715,0.1006993006993007
160,0.1,100160,homo_replace,18,3,154,236,200,80,0.085,0.09,120,0.6,0.6916666666666667,0.6416666666666667,61,61,0,0,609,0.10016420361247948
161,0.1,100161,ascii_replace,18,3,154,226,200,74,0.13,0.07,126,0.63,0.6666666666666666,0.6190476190476191,60,60,0,0,595,0.10084033613445378
162,0.1,100162,ascii_replace,18,3,155,198,171,47,0.11695906432748537,0.0935672514619883,124,0.7251461988304093,0.7016129032258065,0.6532258064516129,48,48,0,0,477,0.10062893081761007
163,0.1,100163,mixed,18,3,168,240,200,152,0.065,0.075,48,0.24,0.3958333333333333,0.3333333333333333,61,24,20,17,610,0.1
164,0.1,100164,homo_replace,18,3,155,216,189,66,0.10052910052910052,0.12169312169312169,123,0.6507936507936508,0.7317073170731707,0.6422764227642277,53,53,0,0,530,0.1
165,0.1,100165,zw_insert,18,3,155,241,200,148,0.02,0.16,52,0.26,0.057692307692307696,0.057692307692307696,51,0,0,51,508,0.10039370078740158
166,0.1,100166,homo_replace,18,3,159,244,200,85,0.135,0.085,115,0.575,0.6956521739130435,0.6260869565217392,61,61,0,0,612,0.09967320261437909
167,0.1,100167,homo_replace,18,3,155,259,200,97,0.105,0.09,103,0.515,0.7378640776699029,0.6213592233009708,65,65,0,0,652,0.09969325153374232
168,0.1,100168,mixed,18,3,155,199,172,110,0.12209302325581395,0.09883720930232558,62,0.36046511627906974,0.43548387096774194,0.41935483870967744,54,16,17,21,545,0.09908256880733946
169,0.1,100169,zw_insert,18,3,153,237,200,147,0.07,0.15,53,0.265,0.24528301886792453,0.24528301886792453,49,0,0,49,492,0.09959349593495935
170,0.1,100170,mixed,18,3,152,218,194,140,0.015463917525773196,0.13917525773195877,54,0.27835051546391754,0.12962962962962962,0.1111111111111111,57,23,13,21,574,0.09930313588850175
171,0.1,100171,x_replace,18,3,160,234,200,79,0.08,0.13,121,0.605,0.71900826446281,0.6363636363636364,58,58,0,0,577,0.10051993067590988
172,0.1,100172,ascii_replace,18,3,155,225,198,74,0.13636363636363635,0.13636363636363635,124,0.6262626262626263,0.6854838709677419,0.6048387096774194,61,61,0,0,607,0.10049423393739704
173,0.1,100173,zw_insert,18,3,159,239,200,145,0.01,0.13,55,0.275,0.03636363636363636,0.01818181818181818,44,0,0,44,442,0.09954751131221719
174,0.1,100174,x_replace,18,3,153,221,196,72,0.12244897959183673,0.09183673469387756,124,0.6326530612244898,0.7096774193548387,0.6693548387096774,51,51,0,0,514,0.09922178988326848
175,0.1,100175,ascii_replace,18,3,152,223,199,71,0.1407035175879397,0.05527638190954774,128,0.6432160804020101,0.703125,0.6484375,60,60,0,0,596,0.10067114093959731
176,0.1,100176,homo_replace,18,3,152,243,200,88,0.105,0.1,112,0.56,0.6964285714285714,0.6071428571428571,64,64,0,0,642,0.09968847352024922
177,0.1,100177,x_replace,18,3,155,238,200,79,0.115,0.1,121,0.605,0.7024793388429752,0.6446280991735537,60,60,0,0,601,0.09983361064891846
178,0.1,100178,homo_replace,18,3,172,216,172,46,0.13953488372093023,0.0755813953488372,126,0.7325581395348837,0.7698412698412699,0.7380952380952381,41,41,0,0,411,0.09975669099756691
179,0.1,100179,homo_replace,18,3,175,202,155,33,0.11612903225806452,0.11612903225806452,122,0.7870967741935484,0.7950819672131147,0.7786885245901639,35,35,0,0,354,0.09887005649717515
180,0.1,100180,ascii_replace,18,3,160,241,200,77,0.15,0.095,123,0.615,0.7398373983739838,0.6341463414634146,65,65,0,0,654,0.09938837920489296
181,0.1,100181,ascii_replace,18,3,154,227,200,74,0.175,0.12,126,0.63,0.7222222222222222,0.6587301587301587,61,61,0,0,609,0.10016420361247948
182,0.1,100182,mixed,18,3,158,218,188,131,0.047872340425531915,0.13297872340425532,57,0.30319148936170215,0.2982456140350877,0.2807017543859649,57,18,20,19,574,0.09930313588850175
183,0.1,100183,homo_replace,18,3,154,258,200,91,0.105,0.085,109,0.545,0.6697247706422018,0.5596330275229358,71,71,0,0,714,0.09943977591036414
184,0.1,100184,homo_replace,18,3,161,227,194,71,0.17010309278350516,0.08762886597938144,123,0.634020618556701,0.7804878048780488,0.6910569105691057,57,57,0,0,570,0.1
185,0.1,100185,zw_insert,18,3,157,255,200,149,0.03,0.1,51,0.255,0.0784313725490196,0.0784313725490196,55,0,0,55,552,0.09963768115942029
186,0.1,100186,zw_insert,18,3,152,277,200,161,0.025,0.15,39,0.195,0.07692307692307693,0.05128205128205128,66,0,0,66,660,0.1
187,0.1,100187,mixed,18,3,161,223,190,138,0.06842105263157895,0.09473684210526316,52,0.2736842105263158,0.4230769230769231,0.3269230769230769,59,25,18,16,592,0.09966216216216216
188,0.1,100188,zw_insert,18,3,155,272,200,151,0.015,0.135,49,0.245,0.02040816326530612,0.02040816326530612,62,0,0,62,617,0.10048622366288493
189,0.1,100189,zw_insert,18,3,153,274,200,163,0.025,0.14,37,0.185,0.10810810810810811,0.10810810810810811,66,0,0,66,664,0.09939759036144578
190,0.1,100190,zw_insert,18,3,159,268,200,154,0.03,0.1,46,0.23,0.10869565217391304,0.10869565217391304,58,0,0,58,576,0.10069444444444445
191,0.1,100191,x_replace,18,3,150,247,200,88,0.11,0.11,112,0.56,0.7232142857142857,0.6071428571428571,66,66,0,0,655,0.10076335877862595
192,0.1,100192,homo_replace,18,3,155,227,199,74,0.1457286432160804,0.08040201005025126,125,0.628140703517588,0.696,0.64,57,57,0,0,569,0.10017574692442882
193,0.1,100193,ascii_replace,18,3,154,209,183,57,0.11475409836065574,0.12021857923497267,126,0.6885245901639344,0.7142857142857143,0.6825396825396826,51,51,0,0,509,0.10019646365422397
194,0.1,100194,homo_replace,18,3,158,235,200,77,0.125,0.105,123,0.615,0.6829268292682927,0.6260162601626016,60,60,0,0,596,0.10067114093959731
195,0.1,100195,zw_insert,18,3,152,252,200,158,0.0,0.14,42,0.21,0.0,0.0,58,0,0,58,585,0.09914529914529914
196,0.1,100196,x_replace,18,3,163,246,200,89,0.165,0.07,111,0.555,0.7387387387387387,0.6486486486486487,60,60,0,0,605,0.09917355371900827
197,0.1,100197,mixed,18,3,152,241,200,163,0.015,0.09,37,0.185,0.05405405405405406,0.05405405405405406,67,22,19,26,667,0.10044977511244378
198,0.1,100198,x_replace,18,3,158,241,200,81,0.14,0.09,119,0.595,0.7058823529411765,0.6470588235294118,58,58,0,0,579,0.1001727115716753
199,0.1,100199,zw_insert,18,3,158,273,200,152,0.04,0.14,48,0.24,0.125,0.08333333333333333,58,0,0,58,584,0.09931506849315068
